SSH ingress for 208.70.53.9/32 already present on sg-0218f407ed652d62f (ok)
[21:09:22] fanning out 13 boxes (one per gateway): agentgateway aisix apisix bifrost busbar gomodel helicone kong litellm-python litellm-rust one-api portkey tensorzero
[21:09:24] [agentgateway] launched i-0de9d4f098e9ac94e
[21:09:27] [aisix] launched i-02d2d00a25396c6ce
[21:09:30] [apisix] launched i-000f81962637737ae
[21:09:33] [bifrost] launched i-00cadd887be0447af
[21:09:36] [busbar] launched i-08864fb293b758cac
[21:09:39] [gomodel] launched i-07c800461a3715b4e
[21:09:40] [agentgateway] ip=100.30.180.132 - waiting for ssh
[21:09:42] [helicone] launched i-01b405dc4031604c7
[21:09:42] [agentgateway] installing deps (bare base: docker + psutil; the rig is a prebuilt download, and each
[21:09:42] [agentgateway] gateway installs its OWN prereqs via gw_prereqs - no blanket build toolchain on every box)
Warning: Permanently added '100.30.180.132' (ED25519) to the list of known hosts.
Hit:1 http://us-east-1.ec2.ports.ubuntu.com/ubuntu-ports noble InRelease
Get:2 http://us-east-1.ec2.ports.ubuntu.com/ubuntu-ports noble-updates InRelease [126 kB]
Get:3 http://us-east-1.ec2.ports.ubuntu.com/ubuntu-ports noble-backports InRelease [126 kB]
Get:4 http://us-east-1.ec2.ports.ubuntu.com/ubuntu-ports noble/universe arm64 Packages [15.3 MB]
Get:5 http://us-east-1.ec2.ports.ubuntu.com/ubuntu-ports noble/universe Translation-en [5982 kB]
Get:6 http://ports.ubuntu.com/ubuntu-ports noble-security InRelease [126 kB]
Get:7 http://us-east-1.ec2.ports.ubuntu.com/ubuntu-ports noble/universe arm64 Components [3573 kB]
Get:8 http://us-east-1.ec2.ports.ubuntu.com/ubuntu-ports noble/universe arm64 c-n-f Metadata [295 kB]
Get:9 http://us-east-1.ec2.ports.ubuntu.com/ubuntu-ports noble/multiverse arm64 Packages [223 kB]
Get:10 http://us-east-1.ec2.ports.ubuntu.com/ubuntu-ports noble/multiverse Translation-en [118 kB]
Get:11 http://us-east-1.ec2.ports.ubuntu.com/ubuntu-ports noble/multiverse arm64 Components [31.6 kB]
Get:12 http://us-east-1.ec2.ports.ubuntu.com/ubuntu-ports noble/multiverse arm64 c-n-f Metadata [7152 B]
Get:13 http://us-east-1.ec2.ports.ubuntu.com/ubuntu-ports noble-updates/main arm64 Packages [1190 kB]
Get:14 http://us-east-1.ec2.ports.ubuntu.com/ubuntu-ports noble-updates/main Translation-en [278 kB]
Get:15 http://us-east-1.ec2.ports.ubuntu.com/ubuntu-ports noble-updates/main arm64 Components [178 kB]
Get:16 http://us-east-1.ec2.ports.ubuntu.com/ubuntu-ports noble-updates/universe arm64 Packages [1704 kB]
Get:17 http://us-east-1.ec2.ports.ubuntu.com/ubuntu-ports noble-updates/universe Translation-en [334 kB]
Get:18 http://us-east-1.ec2.ports.ubuntu.com/ubuntu-ports noble-updates/universe arm64 Components [387 kB]
Get:19 http://us-east-1.ec2.ports.ubuntu.com/ubuntu-ports noble-updates/universe arm64 c-n-f Metadata [33.5 kB]
Get:20 http://us-east-1.ec2.ports.ubuntu.com/ubuntu-ports noble-updates/restricted arm64 Packages [2036 kB]
Get:21 http://us-east-1.ec2.ports.ubuntu.com/ubuntu-ports noble-updates/restricted Translation-en [308 kB]
Get:22 http://us-east-1.ec2.ports.ubuntu.com/ubuntu-ports noble-updates/multiverse arm64 Packages [72.7 kB]
Get:23 http://us-east-1.ec2.ports.ubuntu.com/ubuntu-ports noble-updates/multiverse Translation-en [12.3 kB]
Get:24 http://us-east-1.ec2.ports.ubuntu.com/ubuntu-ports noble-updates/multiverse arm64 Components [212 B]
Get:25 http://us-east-1.ec2.ports.ubuntu.com/ubuntu-ports noble-updates/multiverse arm64 c-n-f Metadata [472 B]
Get:26 http://us-east-1.ec2.ports.ubuntu.com/ubuntu-ports noble-backports/main arm64 Packages [40.6 kB]
Get:27 http://us-east-1.ec2.ports.ubuntu.com/ubuntu-ports noble-backports/main Translation-en [9172 B]
Get:28 http://us-east-1.ec2.ports.ubuntu.com/ubuntu-ports noble-backports/main arm64 Components [3572 B]
[21:09:43] [aisix] ip=34.229.235.123 - waiting for ssh
Get:29 http://us-east-1.ec2.ports.ubuntu.com/ubuntu-ports noble-backports/main arm64 c-n-f Metadata [372 B]
Get:30 http://us-east-1.ec2.ports.ubuntu.com/ubuntu-ports noble-backports/universe arm64 Packages [32.7 kB]
Get:31 http://us-east-1.ec2.ports.ubuntu.com/ubuntu-ports noble-backports/universe Translation-en [18.6 kB]
Get:32 http://us-east-1.ec2.ports.ubuntu.com/ubuntu-ports noble-backports/universe arm64 Components [12.6 kB]
Get:33 http://us-east-1.ec2.ports.ubuntu.com/ubuntu-ports noble-backports/universe arm64 c-n-f Metadata [1592 B]
Get:34 http://us-east-1.ec2.ports.ubuntu.com/ubuntu-ports noble-backports/restricted arm64 Components [212 B]
Get:35 http://us-east-1.ec2.ports.ubuntu.com/ubuntu-ports noble-backports/restricted arm64 c-n-f Metadata [116 B]
Get:36 http://us-east-1.ec2.ports.ubuntu.com/ubuntu-ports noble-backports/multiverse arm64 Packages [748 B]
Get:37 http://us-east-1.ec2.ports.ubuntu.com/ubuntu-ports noble-backports/multiverse Translation-en [340 B]
Get:38 http://us-east-1.ec2.ports.ubuntu.com/ubuntu-ports noble-backports/multiverse arm64 Components [212 B]
Get:39 http://us-east-1.ec2.ports.ubuntu.com/ubuntu-ports noble-backports/multiverse arm64 c-n-f Metadata [116 B]
Get:40 http://ports.ubuntu.com/ubuntu-ports noble-security/main arm64 Packages [940 kB]
Get:41 http://ports.ubuntu.com/ubuntu-ports noble-security/main Translation-en [198 kB]
Get:42 http://ports.ubuntu.com/ubuntu-ports noble-security/main arm64 Components [43.3 kB]
Get:43 http://ports.ubuntu.com/ubuntu-ports noble-security/main arm64 c-n-f Metadata [11.6 kB]
Get:44 http://ports.ubuntu.com/ubuntu-ports noble-security/universe arm64 Packages [1259 kB]
Get:45 http://ports.ubuntu.com/ubuntu-ports noble-security/universe Translation-en [239 kB]
Get:46 http://ports.ubuntu.com/ubuntu-ports noble-security/universe arm64 Components [76.3 kB]
Get:47 http://ports.ubuntu.com/ubuntu-ports noble-security/universe arm64 c-n-f Metadata [23.7 kB]
Get:48 http://ports.ubuntu.com/ubuntu-ports noble-security/restricted arm64 Packages [1930 kB]
Get:49 http://ports.ubuntu.com/ubuntu-ports noble-security/restricted Translation-en [290 kB]
Get:50 http://ports.ubuntu.com/ubuntu-ports noble-security/restricted arm64 Components [212 B]
Get:51 http://ports.ubuntu.com/ubuntu-ports noble-security/restricted arm64 c-n-f Metadata [388 B]
Get:52 http://ports.ubuntu.com/ubuntu-ports noble-security/multiverse arm64 Packages [68.7 kB]
Get:53 http://ports.ubuntu.com/ubuntu-ports noble-security/multiverse Translation-en [10.6 kB]
Get:54 http://ports.ubuntu.com/ubuntu-ports noble-security/multiverse arm64 Components [208 B]
Get:55 http://ports.ubuntu.com/ubuntu-ports noble-security/multiverse arm64 c-n-f Metadata [456 B]
[21:09:45] [kong] launched i-061c5111eb6574b46
[21:09:45] [aisix] installing deps (bare base: docker + psutil; the rig is a prebuilt download, and each
[21:09:45] [aisix] gateway installs its OWN prereqs via gw_prereqs - no blanket build toolchain on every box)
Warning: Permanently added '34.229.235.123' (ED25519) to the list of known hosts.
Hit:1 http://us-east-1.ec2.ports.ubuntu.com/ubuntu-ports noble InRelease
Get:2 http://us-east-1.ec2.ports.ubuntu.com/ubuntu-ports noble-updates InRelease [126 kB]
Get:3 http://us-east-1.ec2.ports.ubuntu.com/ubuntu-ports noble-backports InRelease [126 kB]
[21:09:46] [apisix] ip=54.225.48.254 - waiting for ssh
Get:4 http://us-east-1.ec2.ports.ubuntu.com/ubuntu-ports noble/universe arm64 Packages [15.3 MB]
Get:5 http://ports.ubuntu.com/ubuntu-ports noble-security InRelease [126 kB]
Get:6 http://us-east-1.ec2.ports.ubuntu.com/ubuntu-ports noble/universe Translation-en [5982 kB]
Get:7 http://us-east-1.ec2.ports.ubuntu.com/ubuntu-ports noble/universe arm64 Components [3573 kB]
Get:8 http://us-east-1.ec2.ports.ubuntu.com/ubuntu-ports noble/universe arm64 c-n-f Metadata [295 kB]
Get:9 http://us-east-1.ec2.ports.ubuntu.com/ubuntu-ports noble/multiverse arm64 Packages [223 kB]
Get:10 http://us-east-1.ec2.ports.ubuntu.com/ubuntu-ports noble/multiverse Translation-en [118 kB]
Get:11 http://us-east-1.ec2.ports.ubuntu.com/ubuntu-ports noble/multiverse arm64 Components [31.6 kB]
Get:12 http://us-east-1.ec2.ports.ubuntu.com/ubuntu-ports noble/multiverse arm64 c-n-f Metadata [7152 B]
Get:13 http://us-east-1.ec2.ports.ubuntu.com/ubuntu-ports noble-updates/main arm64 Packages [1190 kB]
Get:14 http://us-east-1.ec2.ports.ubuntu.com/ubuntu-ports noble-updates/main Translation-en [278 kB]
Get:15 http://us-east-1.ec2.ports.ubuntu.com/ubuntu-ports noble-updates/main arm64 Components [178 kB]
Get:16 http://us-east-1.ec2.ports.ubuntu.com/ubuntu-ports noble-updates/universe arm64 Packages [1704 kB]
Get:17 http://us-east-1.ec2.ports.ubuntu.com/ubuntu-ports noble-updates/universe Translation-en [334 kB]
Get:18 http://us-east-1.ec2.ports.ubuntu.com/ubuntu-ports noble-updates/universe arm64 Components [387 kB]
Get:19 http://us-east-1.ec2.ports.ubuntu.com/ubuntu-ports noble-updates/universe arm64 c-n-f Metadata [33.5 kB]
Get:20 http://us-east-1.ec2.ports.ubuntu.com/ubuntu-ports noble-updates/restricted arm64 Packages [2036 kB]
Get:21 http://us-east-1.ec2.ports.ubuntu.com/ubuntu-ports noble-updates/restricted Translation-en [308 kB]
Get:22 http://us-east-1.ec2.ports.ubuntu.com/ubuntu-ports noble-updates/multiverse arm64 Packages [72.7 kB]
Get:23 http://us-east-1.ec2.ports.ubuntu.com/ubuntu-ports noble-updates/multiverse Translation-en [12.3 kB]
Get:24 http://us-east-1.ec2.ports.ubuntu.com/ubuntu-ports noble-updates/multiverse arm64 Components [212 B]
Get:25 http://us-east-1.ec2.ports.ubuntu.com/ubuntu-ports noble-updates/multiverse arm64 c-n-f Metadata [472 B]
Get:26 http://us-east-1.ec2.ports.ubuntu.com/ubuntu-ports noble-backports/main arm64 Packages [40.6 kB]
Get:27 http://us-east-1.ec2.ports.ubuntu.com/ubuntu-ports noble-backports/main Translation-en [9172 B]
Get:28 http://us-east-1.ec2.ports.ubuntu.com/ubuntu-ports noble-backports/main arm64 Components [3572 B]
Get:29 http://us-east-1.ec2.ports.ubuntu.com/ubuntu-ports noble-backports/main arm64 c-n-f Metadata [372 B]
Get:30 http://us-east-1.ec2.ports.ubuntu.com/ubuntu-ports noble-backports/universe arm64 Packages [32.7 kB]
Get:31 http://us-east-1.ec2.ports.ubuntu.com/ubuntu-ports noble-backports/universe Translation-en [18.6 kB]
Get:32 http://us-east-1.ec2.ports.ubuntu.com/ubuntu-ports noble-backports/universe arm64 Components [12.6 kB]
Get:33 http://us-east-1.ec2.ports.ubuntu.com/ubuntu-ports noble-backports/universe arm64 c-n-f Metadata [1592 B]
Get:34 http://us-east-1.ec2.ports.ubuntu.com/ubuntu-ports noble-backports/restricted arm64 Components [212 B]
Get:35 http://us-east-1.ec2.ports.ubuntu.com/ubuntu-ports noble-backports/restricted arm64 c-n-f Metadata [116 B]
Get:36 http://us-east-1.ec2.ports.ubuntu.com/ubuntu-ports noble-backports/multiverse arm64 Packages [748 B]
Get:37 http://us-east-1.ec2.ports.ubuntu.com/ubuntu-ports noble-backports/multiverse Translation-en [340 B]
Get:38 http://us-east-1.ec2.ports.ubuntu.com/ubuntu-ports noble-backports/multiverse arm64 Components [212 B]
Get:39 http://us-east-1.ec2.ports.ubuntu.com/ubuntu-ports noble-backports/multiverse arm64 c-n-f Metadata [116 B]
Get:40 http://ports.ubuntu.com/ubuntu-ports noble-security/main arm64 Packages [940 kB]
Get:41 http://ports.ubuntu.com/ubuntu-ports noble-security/main Translation-en [198 kB]
Get:42 http://ports.ubuntu.com/ubuntu-ports noble-security/main arm64 Components [43.3 kB]
Get:43 http://ports.ubuntu.com/ubuntu-ports noble-security/main arm64 c-n-f Metadata [11.6 kB]
Get:44 http://ports.ubuntu.com/ubuntu-ports noble-security/universe arm64 Packages [1259 kB]
[21:09:48] [litellm-python] launched i-06bbca768028b26d6
Get:45 http://ports.ubuntu.com/ubuntu-ports noble-security/universe Translation-en [239 kB]
Get:46 http://ports.ubuntu.com/ubuntu-ports noble-security/universe arm64 Components [76.3 kB]
Get:47 http://ports.ubuntu.com/ubuntu-ports noble-security/universe arm64 c-n-f Metadata [23.7 kB]
Get:48 http://ports.ubuntu.com/ubuntu-ports noble-security/restricted arm64 Packages [1930 kB]
[21:09:48] [apisix] installing deps (bare base: docker + psutil; the rig is a prebuilt download, and each
[21:09:48] [apisix] gateway installs its OWN prereqs via gw_prereqs - no blanket build toolchain on every box)
Get:49 http://ports.ubuntu.com/ubuntu-ports noble-security/restricted Translation-en [290 kB]
Get:50 http://ports.ubuntu.com/ubuntu-ports noble-security/restricted arm64 Components [212 B]
Get:51 http://ports.ubuntu.com/ubuntu-ports noble-security/restricted arm64 c-n-f Metadata [388 B]
Get:52 http://ports.ubuntu.com/ubuntu-ports noble-security/multiverse arm64 Packages [68.7 kB]
Get:53 http://ports.ubuntu.com/ubuntu-ports noble-security/multiverse Translation-en [10.6 kB]
Get:54 http://ports.ubuntu.com/ubuntu-ports noble-security/multiverse arm64 Components [208 B]
Get:55 http://ports.ubuntu.com/ubuntu-ports noble-security/multiverse arm64 c-n-f Metadata [456 B]
Warning: Permanently added '54.225.48.254' (ED25519) to the list of known hosts.
Hit:1 http://us-east-1.ec2.ports.ubuntu.com/ubuntu-ports noble InRelease
Get:2 http://us-east-1.ec2.ports.ubuntu.com/ubuntu-ports noble-updates InRelease [126 kB]
Get:3 http://us-east-1.ec2.ports.ubuntu.com/ubuntu-ports noble-backports InRelease [126 kB]
Get:4 http://ports.ubuntu.com/ubuntu-ports noble-security InRelease [126 kB]
Get:5 http://us-east-1.ec2.ports.ubuntu.com/ubuntu-ports noble/universe arm64 Packages [15.3 MB]
Get:6 http://us-east-1.ec2.ports.ubuntu.com/ubuntu-ports noble/universe Translation-en [5982 kB]
Get:7 http://ports.ubuntu.com/ubuntu-ports noble-security/main arm64 Packages [940 kB]
Get:8 http://us-east-1.ec2.ports.ubuntu.com/ubuntu-ports noble/universe arm64 Components [3573 kB]
Get:9 http://us-east-1.ec2.ports.ubuntu.com/ubuntu-ports noble/universe arm64 c-n-f Metadata [295 kB]
Get:10 http://us-east-1.ec2.ports.ubuntu.com/ubuntu-ports noble/multiverse arm64 Packages [223 kB]
Get:11 http://us-east-1.ec2.ports.ubuntu.com/ubuntu-ports noble/multiverse Translation-en [118 kB]
Get:12 http://us-east-1.ec2.ports.ubuntu.com/ubuntu-ports noble/multiverse arm64 Components [31.6 kB]
Get:13 http://us-east-1.ec2.ports.ubuntu.com/ubuntu-ports noble/multiverse arm64 c-n-f Metadata [7152 B]
Get:14 http://us-east-1.ec2.ports.ubuntu.com/ubuntu-ports noble-updates/main arm64 Packages [1190 kB]
Get:15 http://us-east-1.ec2.ports.ubuntu.com/ubuntu-ports noble-updates/main Translation-en [278 kB]
Get:16 http://us-east-1.ec2.ports.ubuntu.com/ubuntu-ports noble-updates/main arm64 Components [178 kB]
Get:17 http://us-east-1.ec2.ports.ubuntu.com/ubuntu-ports noble-updates/universe arm64 Packages [1704 kB]
Get:18 http://us-east-1.ec2.ports.ubuntu.com/ubuntu-ports noble-updates/universe Translation-en [334 kB]
Get:19 http://us-east-1.ec2.ports.ubuntu.com/ubuntu-ports noble-updates/universe arm64 Components [387 kB]
Get:20 http://us-east-1.ec2.ports.ubuntu.com/ubuntu-ports noble-updates/universe arm64 c-n-f Metadata [33.5 kB]
Get:21 http://us-east-1.ec2.ports.ubuntu.com/ubuntu-ports noble-updates/restricted arm64 Packages [2036 kB]
Get:22 http://us-east-1.ec2.ports.ubuntu.com/ubuntu-ports noble-updates/restricted Translation-en [308 kB]
Get:23 http://us-east-1.ec2.ports.ubuntu.com/ubuntu-ports noble-updates/multiverse arm64 Packages [72.7 kB]
Get:24 http://us-east-1.ec2.ports.ubuntu.com/ubuntu-ports noble-updates/multiverse Translation-en [12.3 kB]
Get:25 http://us-east-1.ec2.ports.ubuntu.com/ubuntu-ports noble-updates/multiverse arm64 Components [212 B]
Get:26 http://us-east-1.ec2.ports.ubuntu.com/ubuntu-ports noble-updates/multiverse arm64 c-n-f Metadata [472 B]
Get:27 http://us-east-1.ec2.ports.ubuntu.com/ubuntu-ports noble-backports/main arm64 Packages [40.6 kB]
Get:28 http://us-east-1.ec2.ports.ubuntu.com/ubuntu-ports noble-backports/main Translation-en [9172 B]
Get:29 http://us-east-1.ec2.ports.ubuntu.com/ubuntu-ports noble-backports/main arm64 Components [3572 B]
Get:30 http://us-east-1.ec2.ports.ubuntu.com/ubuntu-ports noble-backports/main arm64 c-n-f Metadata [372 B]
Get:31 http://us-east-1.ec2.ports.ubuntu.com/ubuntu-ports noble-backports/universe arm64 Packages [32.7 kB]
Get:32 http://us-east-1.ec2.ports.ubuntu.com/ubuntu-ports noble-backports/universe Translation-en [18.6 kB]
Get:33 http://us-east-1.ec2.ports.ubuntu.com/ubuntu-ports noble-backports/universe arm64 Components [12.6 kB]
Get:34 http://us-east-1.ec2.ports.ubuntu.com/ubuntu-ports noble-backports/universe arm64 c-n-f Metadata [1592 B]
Get:35 http://us-east-1.ec2.ports.ubuntu.com/ubuntu-ports noble-backports/restricted arm64 Components [212 B]
Get:36 http://us-east-1.ec2.ports.ubuntu.com/ubuntu-ports noble-backports/restricted arm64 c-n-f Metadata [116 B]
Get:37 http://us-east-1.ec2.ports.ubuntu.com/ubuntu-ports noble-backports/multiverse arm64 Packages [748 B]
Get:38 http://us-east-1.ec2.ports.ubuntu.com/ubuntu-ports noble-backports/multiverse Translation-en [340 B]
Get:39 http://us-east-1.ec2.ports.ubuntu.com/ubuntu-ports noble-backports/multiverse arm64 Components [212 B]
Get:40 http://us-east-1.ec2.ports.ubuntu.com/ubuntu-ports noble-backports/multiverse arm64 c-n-f Metadata [116 B]
Get:41 http://ports.ubuntu.com/ubuntu-ports noble-security/main Translation-en [198 kB]
Get:42 http://ports.ubuntu.com/ubuntu-ports noble-security/main arm64 Components [43.3 kB]
Get:43 http://ports.ubuntu.com/ubuntu-ports noble-security/main arm64 c-n-f Metadata [11.6 kB]
Get:44 http://ports.ubuntu.com/ubuntu-ports noble-security/universe arm64 Packages [1259 kB]
Get:45 http://ports.ubuntu.com/ubuntu-ports noble-security/universe Translation-en [239 kB]
Get:46 http://ports.ubuntu.com/ubuntu-ports noble-security/universe arm64 Components [76.3 kB]
Get:47 http://ports.ubuntu.com/ubuntu-ports noble-security/universe arm64 c-n-f Metadata [23.7 kB]
Get:48 http://ports.ubuntu.com/ubuntu-ports noble-security/restricted arm64 Packages [1930 kB]
Get:49 http://ports.ubuntu.com/ubuntu-ports noble-security/restricted Translation-en [290 kB]
Get:50 http://ports.ubuntu.com/ubuntu-ports noble-security/restricted arm64 Components [212 B]
Get:51 http://ports.ubuntu.com/ubuntu-ports noble-security/restricted arm64 c-n-f Metadata [388 B]
Get:52 http://ports.ubuntu.com/ubuntu-ports noble-security/multiverse arm64 Packages [68.7 kB]
Get:53 http://ports.ubuntu.com/ubuntu-ports noble-security/multiverse Translation-en [10.6 kB]
Get:54 http://ports.ubuntu.com/ubuntu-ports noble-security/multiverse arm64 Components [208 B]
Get:55 http://ports.ubuntu.com/ubuntu-ports noble-security/multiverse arm64 c-n-f Metadata [456 B]
Connection to 100.30.180.132 closed by remote host.
Connection to 34.229.235.123 closed by remote host.
Connection to 54.225.48.254 closed by remote host.
[21:09:53] [litellm-rust] launched i-06b0c14f28c876274
[21:09:56] [one-api] launched i-03bce2a17f26f1c9c
[21:09:59] [portkey] launched i-09b4fc087f4645e15
[21:10:02] [tensorzero] launched i-051130e441a0af839
[21:10:10] [litellm-rust] ip=54.224.150.67 - waiting for ssh
[21:10:11] [litellm-rust] installing deps (bare base: docker + psutil; the rig is a prebuilt download, and each
[21:10:11] [litellm-rust] gateway installs its OWN prereqs via gw_prereqs - no blanket build toolchain on every box)
Warning: Permanently added '54.224.150.67' (ED25519) to the list of known hosts.
[21:10:12] [one-api] ip=13.221.194.70 - waiting for ssh
Hit:1 http://us-east-1.ec2.ports.ubuntu.com/ubuntu-ports noble InRelease
Get:2 http://us-east-1.ec2.ports.ubuntu.com/ubuntu-ports noble-updates InRelease [126 kB]
Get:3 http://us-east-1.ec2.ports.ubuntu.com/ubuntu-ports noble-backports InRelease [126 kB]
Get:4 http://us-east-1.ec2.ports.ubuntu.com/ubuntu-ports noble/universe arm64 Packages [15.3 MB]
Get:5 http://us-east-1.ec2.ports.ubuntu.com/ubuntu-ports noble/universe Translation-en [5982 kB]
Get:6 http://us-east-1.ec2.ports.ubuntu.com/ubuntu-ports noble/universe arm64 Components [3573 kB]
Get:7 http://us-east-1.ec2.ports.ubuntu.com/ubuntu-ports noble/universe arm64 c-n-f Metadata [295 kB]
Get:8 http://us-east-1.ec2.ports.ubuntu.com/ubuntu-ports noble/multiverse arm64 Packages [223 kB]
Get:9 http://us-east-1.ec2.ports.ubuntu.com/ubuntu-ports noble/multiverse Translation-en [118 kB]
Get:10 http://us-east-1.ec2.ports.ubuntu.com/ubuntu-ports noble/multiverse arm64 Components [31.6 kB]
Get:11 http://us-east-1.ec2.ports.ubuntu.com/ubuntu-ports noble/multiverse arm64 c-n-f Metadata [7152 B]
Get:12 http://us-east-1.ec2.ports.ubuntu.com/ubuntu-ports noble-updates/main arm64 Packages [1190 kB]
Get:13 http://us-east-1.ec2.ports.ubuntu.com/ubuntu-ports noble-updates/main Translation-en [278 kB]
Get:14 http://ports.ubuntu.com/ubuntu-ports noble-security InRelease [126 kB]
Get:15 http://us-east-1.ec2.ports.ubuntu.com/ubuntu-ports noble-updates/main arm64 Components [178 kB]
Get:16 http://us-east-1.ec2.ports.ubuntu.com/ubuntu-ports noble-updates/universe arm64 Packages [1704 kB]
Get:17 http://us-east-1.ec2.ports.ubuntu.com/ubuntu-ports noble-updates/universe Translation-en [334 kB]
Get:18 http://us-east-1.ec2.ports.ubuntu.com/ubuntu-ports noble-updates/universe arm64 Components [387 kB]
Get:19 http://us-east-1.ec2.ports.ubuntu.com/ubuntu-ports noble-updates/universe arm64 c-n-f Metadata [33.5 kB]
Get:20 http://us-east-1.ec2.ports.ubuntu.com/ubuntu-ports noble-updates/restricted arm64 Packages [2036 kB]
Get:21 http://us-east-1.ec2.ports.ubuntu.com/ubuntu-ports noble-updates/restricted Translation-en [308 kB]
Get:22 http://us-east-1.ec2.ports.ubuntu.com/ubuntu-ports noble-updates/multiverse arm64 Packages [72.7 kB]
Get:23 http://us-east-1.ec2.ports.ubuntu.com/ubuntu-ports noble-updates/multiverse Translation-en [12.3 kB]
Get:24 http://us-east-1.ec2.ports.ubuntu.com/ubuntu-ports noble-updates/multiverse arm64 Components [212 B]
Get:25 http://us-east-1.ec2.ports.ubuntu.com/ubuntu-ports noble-updates/multiverse arm64 c-n-f Metadata [472 B]
Get:26 http://us-east-1.ec2.ports.ubuntu.com/ubuntu-ports noble-backports/main arm64 Packages [40.6 kB]
Get:27 http://us-east-1.ec2.ports.ubuntu.com/ubuntu-ports noble-backports/main Translation-en [9172 B]
Get:28 http://us-east-1.ec2.ports.ubuntu.com/ubuntu-ports noble-backports/main arm64 Components [3572 B]
Get:29 http://us-east-1.ec2.ports.ubuntu.com/ubuntu-ports noble-backports/main arm64 c-n-f Metadata [372 B]
Get:30 http://us-east-1.ec2.ports.ubuntu.com/ubuntu-ports noble-backports/universe arm64 Packages [32.7 kB]
Get:31 http://us-east-1.ec2.ports.ubuntu.com/ubuntu-ports noble-backports/universe Translation-en [18.6 kB]
Get:32 http://us-east-1.ec2.ports.ubuntu.com/ubuntu-ports noble-backports/universe arm64 Components [12.6 kB]
Get:33 http://us-east-1.ec2.ports.ubuntu.com/ubuntu-ports noble-backports/universe arm64 c-n-f Metadata [1592 B]
Get:34 http://us-east-1.ec2.ports.ubuntu.com/ubuntu-ports noble-backports/restricted arm64 Components [212 B]
Get:35 http://us-east-1.ec2.ports.ubuntu.com/ubuntu-ports noble-backports/restricted arm64 c-n-f Metadata [116 B]
Get:36 http://us-east-1.ec2.ports.ubuntu.com/ubuntu-ports noble-backports/multiverse arm64 Packages [748 B]
Get:37 http://us-east-1.ec2.ports.ubuntu.com/ubuntu-ports noble-backports/multiverse Translation-en [340 B]
Get:38 http://us-east-1.ec2.ports.ubuntu.com/ubuntu-ports noble-backports/multiverse arm64 Components [212 B]
Get:39 http://us-east-1.ec2.ports.ubuntu.com/ubuntu-ports noble-backports/multiverse arm64 c-n-f Metadata [116 B]
Get:40 http://ports.ubuntu.com/ubuntu-ports noble-security/main arm64 Packages [940 kB]
Get:41 http://ports.ubuntu.com/ubuntu-ports noble-security/main Translation-en [198 kB]
Get:42 http://ports.ubuntu.com/ubuntu-ports noble-security/main arm64 Components [43.3 kB]
Get:43 http://ports.ubuntu.com/ubuntu-ports noble-security/main arm64 c-n-f Metadata [11.6 kB]
Get:44 http://ports.ubuntu.com/ubuntu-ports noble-security/universe arm64 Packages [1259 kB]
Get:45 http://ports.ubuntu.com/ubuntu-ports noble-security/universe Translation-en [239 kB]
Get:46 http://ports.ubuntu.com/ubuntu-ports noble-security/universe arm64 Components [76.3 kB]
Get:47 http://ports.ubuntu.com/ubuntu-ports noble-security/universe arm64 c-n-f Metadata [23.7 kB]
Get:48 http://ports.ubuntu.com/ubuntu-ports noble-security/restricted arm64 Packages [1930 kB]
Get:49 http://ports.ubuntu.com/ubuntu-ports noble-security/restricted Translation-en [290 kB]
Get:50 http://ports.ubuntu.com/ubuntu-ports noble-security/restricted arm64 Components [212 B]
Get:51 http://ports.ubuntu.com/ubuntu-ports noble-security/restricted arm64 c-n-f Metadata [388 B]
Get:52 http://ports.ubuntu.com/ubuntu-ports noble-security/multiverse arm64 Packages [68.7 kB]
Get:53 http://ports.ubuntu.com/ubuntu-ports noble-security/multiverse Translation-en [10.6 kB]
Get:54 http://ports.ubuntu.com/ubuntu-ports noble-security/multiverse arm64 Components [208 B]
Get:55 http://ports.ubuntu.com/ubuntu-ports noble-security/multiverse arm64 c-n-f Metadata [456 B]
[21:10:14] [one-api] installing deps (bare base: docker + psutil; the rig is a prebuilt download, and each
[21:10:14] [one-api] gateway installs its OWN prereqs via gw_prereqs - no blanket build toolchain on every box)
Warning: Permanently added '13.221.194.70' (ED25519) to the list of known hosts.
Hit:1 http://us-east-1.ec2.ports.ubuntu.com/ubuntu-ports noble InRelease
Get:2 http://us-east-1.ec2.ports.ubuntu.com/ubuntu-ports noble-updates InRelease [126 kB]
Get:3 http://us-east-1.ec2.ports.ubuntu.com/ubuntu-ports noble-backports InRelease [126 kB]
[21:10:15] [portkey] ip=34.207.177.75 - waiting for ssh
Get:4 http://us-east-1.ec2.ports.ubuntu.com/ubuntu-ports noble/universe arm64 Packages [15.3 MB]
Get:5 http://ports.ubuntu.com/ubuntu-ports noble-security InRelease [126 kB]
Get:6 http://us-east-1.ec2.ports.ubuntu.com/ubuntu-ports noble/universe Translation-en [5982 kB]
Get:7 http://us-east-1.ec2.ports.ubuntu.com/ubuntu-ports noble/universe arm64 Components [3573 kB]
Get:8 http://us-east-1.ec2.ports.ubuntu.com/ubuntu-ports noble/universe arm64 c-n-f Metadata [295 kB]
Get:9 http://us-east-1.ec2.ports.ubuntu.com/ubuntu-ports noble/multiverse arm64 Packages [223 kB]
Get:10 http://us-east-1.ec2.ports.ubuntu.com/ubuntu-ports noble/multiverse Translation-en [118 kB]
Get:11 http://us-east-1.ec2.ports.ubuntu.com/ubuntu-ports noble/multiverse arm64 Components [31.6 kB]
Get:12 http://us-east-1.ec2.ports.ubuntu.com/ubuntu-ports noble/multiverse arm64 c-n-f Metadata [7152 B]
Get:13 http://us-east-1.ec2.ports.ubuntu.com/ubuntu-ports noble-updates/main arm64 Packages [1190 kB]
Get:14 http://us-east-1.ec2.ports.ubuntu.com/ubuntu-ports noble-updates/main Translation-en [278 kB]
Get:15 http://us-east-1.ec2.ports.ubuntu.com/ubuntu-ports noble-updates/main arm64 Components [178 kB]
Get:16 http://us-east-1.ec2.ports.ubuntu.com/ubuntu-ports noble-updates/universe arm64 Packages [1704 kB]
Get:17 http://us-east-1.ec2.ports.ubuntu.com/ubuntu-ports noble-updates/universe Translation-en [334 kB]
Get:18 http://us-east-1.ec2.ports.ubuntu.com/ubuntu-ports noble-updates/universe arm64 Components [387 kB]
Get:19 http://us-east-1.ec2.ports.ubuntu.com/ubuntu-ports noble-updates/universe arm64 c-n-f Metadata [33.5 kB]
Get:20 http://us-east-1.ec2.ports.ubuntu.com/ubuntu-ports noble-updates/restricted arm64 Packages [2036 kB]
Get:21 http://us-east-1.ec2.ports.ubuntu.com/ubuntu-ports noble-updates/restricted Translation-en [308 kB]
Get:22 http://us-east-1.ec2.ports.ubuntu.com/ubuntu-ports noble-updates/multiverse arm64 Packages [72.7 kB]
Get:23 http://us-east-1.ec2.ports.ubuntu.com/ubuntu-ports noble-updates/multiverse Translation-en [12.3 kB]
Get:24 http://us-east-1.ec2.ports.ubuntu.com/ubuntu-ports noble-updates/multiverse arm64 Components [212 B]
Get:25 http://us-east-1.ec2.ports.ubuntu.com/ubuntu-ports noble-updates/multiverse arm64 c-n-f Metadata [472 B]
Get:26 http://us-east-1.ec2.ports.ubuntu.com/ubuntu-ports noble-backports/main arm64 Packages [40.6 kB]
Get:27 http://us-east-1.ec2.ports.ubuntu.com/ubuntu-ports noble-backports/main Translation-en [9172 B]
Get:28 http://us-east-1.ec2.ports.ubuntu.com/ubuntu-ports noble-backports/main arm64 Components [3572 B]
Get:29 http://us-east-1.ec2.ports.ubuntu.com/ubuntu-ports noble-backports/main arm64 c-n-f Metadata [372 B]
Get:30 http://us-east-1.ec2.ports.ubuntu.com/ubuntu-ports noble-backports/universe arm64 Packages [32.7 kB]
Get:31 http://us-east-1.ec2.ports.ubuntu.com/ubuntu-ports noble-backports/universe Translation-en [18.6 kB]
Get:32 http://us-east-1.ec2.ports.ubuntu.com/ubuntu-ports noble-backports/universe arm64 Components [12.6 kB]
Get:33 http://us-east-1.ec2.ports.ubuntu.com/ubuntu-ports noble-backports/universe arm64 c-n-f Metadata [1592 B]
Get:34 http://us-east-1.ec2.ports.ubuntu.com/ubuntu-ports noble-backports/restricted arm64 Components [212 B]
Get:35 http://us-east-1.ec2.ports.ubuntu.com/ubuntu-ports noble-backports/restricted arm64 c-n-f Metadata [116 B]
Get:36 http://us-east-1.ec2.ports.ubuntu.com/ubuntu-ports noble-backports/multiverse arm64 Packages [748 B]
Get:37 http://us-east-1.ec2.ports.ubuntu.com/ubuntu-ports noble-backports/multiverse Translation-en [340 B]
Get:38 http://us-east-1.ec2.ports.ubuntu.com/ubuntu-ports noble-backports/multiverse arm64 Components [212 B]
Get:39 http://us-east-1.ec2.ports.ubuntu.com/ubuntu-ports noble-backports/multiverse arm64 c-n-f Metadata [116 B]
Get:40 http://ports.ubuntu.com/ubuntu-ports noble-security/main arm64 Packages [940 kB]
Get:41 http://ports.ubuntu.com/ubuntu-ports noble-security/main Translation-en [198 kB]
Get:42 http://ports.ubuntu.com/ubuntu-ports noble-security/main arm64 Components [43.3 kB]
Get:43 http://ports.ubuntu.com/ubuntu-ports noble-security/main arm64 c-n-f Metadata [11.6 kB]
Get:44 http://ports.ubuntu.com/ubuntu-ports noble-security/universe arm64 Packages [1259 kB]
Get:45 http://ports.ubuntu.com/ubuntu-ports noble-security/universe Translation-en [239 kB]
[21:10:17] [portkey] installing deps (bare base: docker + psutil; the rig is a prebuilt download, and each
Get:46 http://ports.ubuntu.com/ubuntu-ports noble-security/universe arm64 Components [76.3 kB]
Get:47 http://ports.ubuntu.com/ubuntu-ports noble-security/universe arm64 c-n-f Metadata [23.7 kB]
Get:48 http://ports.ubuntu.com/ubuntu-ports noble-security/restricted arm64 Packages [1930 kB]
[21:10:17] [portkey] gateway installs its OWN prereqs via gw_prereqs - no blanket build toolchain on every box)
Get:49 http://ports.ubuntu.com/ubuntu-ports noble-security/restricted Translation-en [290 kB]
Get:50 http://ports.ubuntu.com/ubuntu-ports noble-security/restricted arm64 Components [212 B]
Get:51 http://ports.ubuntu.com/ubuntu-ports noble-security/restricted arm64 c-n-f Metadata [388 B]
Get:52 http://ports.ubuntu.com/ubuntu-ports noble-security/multiverse arm64 Packages [68.7 kB]
Get:53 http://ports.ubuntu.com/ubuntu-ports noble-security/multiverse Translation-en [10.6 kB]
Get:54 http://ports.ubuntu.com/ubuntu-ports noble-security/multiverse arm64 Components [208 B]
Get:55 http://ports.ubuntu.com/ubuntu-ports noble-security/multiverse arm64 c-n-f Metadata [456 B]
Warning: Permanently added '34.207.177.75' (ED25519) to the list of known hosts.
Hit:1 http://us-east-1.ec2.ports.ubuntu.com/ubuntu-ports noble InRelease
Get:2 http://us-east-1.ec2.ports.ubuntu.com/ubuntu-ports noble-updates InRelease [126 kB]
Get:3 http://us-east-1.ec2.ports.ubuntu.com/ubuntu-ports noble-backports InRelease [126 kB]
Get:4 http://ports.ubuntu.com/ubuntu-ports noble-security InRelease [126 kB]
Get:5 http://us-east-1.ec2.ports.ubuntu.com/ubuntu-ports noble/universe arm64 Packages [15.3 MB]
Get:6 http://us-east-1.ec2.ports.ubuntu.com/ubuntu-ports noble/universe Translation-en [5982 kB]
Get:7 http://ports.ubuntu.com/ubuntu-ports noble-security/main arm64 Packages [940 kB]
Get:8 http://us-east-1.ec2.ports.ubuntu.com/ubuntu-ports noble/universe arm64 Components [3573 kB]
Get:9 http://us-east-1.ec2.ports.ubuntu.com/ubuntu-ports noble/universe arm64 c-n-f Metadata [295 kB]
Get:10 http://us-east-1.ec2.ports.ubuntu.com/ubuntu-ports noble/multiverse arm64 Packages [223 kB]
Get:11 http://us-east-1.ec2.ports.ubuntu.com/ubuntu-ports noble/multiverse Translation-en [118 kB]
Get:12 http://us-east-1.ec2.ports.ubuntu.com/ubuntu-ports noble/multiverse arm64 Components [31.6 kB]
Get:13 http://us-east-1.ec2.ports.ubuntu.com/ubuntu-ports noble/multiverse arm64 c-n-f Metadata [7152 B]
Get:14 http://us-east-1.ec2.ports.ubuntu.com/ubuntu-ports noble-updates/main arm64 Packages [1190 kB]
Get:15 http://us-east-1.ec2.ports.ubuntu.com/ubuntu-ports noble-updates/main Translation-en [278 kB]
Get:16 http://us-east-1.ec2.ports.ubuntu.com/ubuntu-ports noble-updates/main arm64 Components [178 kB]
Get:17 http://us-east-1.ec2.ports.ubuntu.com/ubuntu-ports noble-updates/universe arm64 Packages [1704 kB]
Get:18 http://us-east-1.ec2.ports.ubuntu.com/ubuntu-ports noble-updates/universe Translation-en [334 kB]
Get:19 http://us-east-1.ec2.ports.ubuntu.com/ubuntu-ports noble-updates/universe arm64 Components [387 kB]
Get:20 http://us-east-1.ec2.ports.ubuntu.com/ubuntu-ports noble-updates/universe arm64 c-n-f Metadata [33.5 kB]
Get:21 http://us-east-1.ec2.ports.ubuntu.com/ubuntu-ports noble-updates/restricted arm64 Packages [2036 kB]
Get:22 http://us-east-1.ec2.ports.ubuntu.com/ubuntu-ports noble-updates/restricted Translation-en [308 kB]
Get:23 http://us-east-1.ec2.ports.ubuntu.com/ubuntu-ports noble-updates/multiverse arm64 Packages [72.7 kB]
Get:24 http://us-east-1.ec2.ports.ubuntu.com/ubuntu-ports noble-updates/multiverse Translation-en [12.3 kB]
Get:25 http://us-east-1.ec2.ports.ubuntu.com/ubuntu-ports noble-updates/multiverse arm64 Components [212 B]
Get:26 http://us-east-1.ec2.ports.ubuntu.com/ubuntu-ports noble-updates/multiverse arm64 c-n-f Metadata [472 B]
Get:27 http://us-east-1.ec2.ports.ubuntu.com/ubuntu-ports noble-backports/main arm64 Packages [40.6 kB]
Get:28 http://us-east-1.ec2.ports.ubuntu.com/ubuntu-ports noble-backports/main Translation-en [9172 B]
Get:29 http://us-east-1.ec2.ports.ubuntu.com/ubuntu-ports noble-backports/main arm64 Components [3572 B]
Get:30 http://us-east-1.ec2.ports.ubuntu.com/ubuntu-ports noble-backports/main arm64 c-n-f Metadata [372 B]
Get:31 http://us-east-1.ec2.ports.ubuntu.com/ubuntu-ports noble-backports/universe arm64 Packages [32.7 kB]
Get:32 http://us-east-1.ec2.ports.ubuntu.com/ubuntu-ports noble-backports/universe Translation-en [18.6 kB]
Get:33 http://us-east-1.ec2.ports.ubuntu.com/ubuntu-ports noble-backports/universe arm64 Components [12.6 kB]
Get:34 http://us-east-1.ec2.ports.ubuntu.com/ubuntu-ports noble-backports/universe arm64 c-n-f Metadata [1592 B]
Get:35 http://us-east-1.ec2.ports.ubuntu.com/ubuntu-ports noble-backports/restricted arm64 Components [212 B]
Get:36 http://us-east-1.ec2.ports.ubuntu.com/ubuntu-ports noble-backports/restricted arm64 c-n-f Metadata [116 B]
Get:37 http://us-east-1.ec2.ports.ubuntu.com/ubuntu-ports noble-backports/multiverse arm64 Packages [748 B]
Get:38 http://us-east-1.ec2.ports.ubuntu.com/ubuntu-ports noble-backports/multiverse Translation-en [340 B]
Get:39 http://us-east-1.ec2.ports.ubuntu.com/ubuntu-ports noble-backports/multiverse arm64 Components [212 B]
Get:40 http://us-east-1.ec2.ports.ubuntu.com/ubuntu-ports noble-backports/multiverse arm64 c-n-f Metadata [116 B]
[21:10:18] [tensorzero] ip=3.92.146.223 - waiting for ssh
Get:41 http://ports.ubuntu.com/ubuntu-ports noble-security/main Translation-en [198 kB]
Get:42 http://ports.ubuntu.com/ubuntu-ports noble-security/main arm64 Components [43.3 kB]
Get:43 http://ports.ubuntu.com/ubuntu-ports noble-security/main arm64 c-n-f Metadata [11.6 kB]
Get:44 http://ports.ubuntu.com/ubuntu-ports noble-security/universe arm64 Packages [1259 kB]
Get:45 http://ports.ubuntu.com/ubuntu-ports noble-security/universe Translation-en [239 kB]
Get:46 http://ports.ubuntu.com/ubuntu-ports noble-security/universe arm64 Components [76.3 kB]
Get:47 http://ports.ubuntu.com/ubuntu-ports noble-security/universe arm64 c-n-f Metadata [23.7 kB]
Get:48 http://ports.ubuntu.com/ubuntu-ports noble-security/restricted arm64 Packages [1930 kB]
Get:49 http://ports.ubuntu.com/ubuntu-ports noble-security/restricted Translation-en [290 kB]
Get:50 http://ports.ubuntu.com/ubuntu-ports noble-security/restricted arm64 Components [212 B]
Get:51 http://ports.ubuntu.com/ubuntu-ports noble-security/restricted arm64 c-n-f Metadata [388 B]
Get:52 http://ports.ubuntu.com/ubuntu-ports noble-security/multiverse arm64 Packages [68.7 kB]
Get:53 http://ports.ubuntu.com/ubuntu-ports noble-security/multiverse Translation-en [10.6 kB]
Get:54 http://ports.ubuntu.com/ubuntu-ports noble-security/multiverse arm64 Components [208 B]
Get:55 http://ports.ubuntu.com/ubuntu-ports noble-security/multiverse arm64 c-n-f Metadata [456 B]
[21:10:20] [tensorzero] installing deps (bare base: docker + psutil; the rig is a prebuilt download, and each
[21:10:20] [tensorzero] gateway installs its OWN prereqs via gw_prereqs - no blanket build toolchain on every box)
Warning: Permanently added '3.92.146.223' (ED25519) to the list of known hosts.
Hit:1 http://us-east-1.ec2.ports.ubuntu.com/ubuntu-ports noble InRelease
Get:2 http://us-east-1.ec2.ports.ubuntu.com/ubuntu-ports noble-updates InRelease [126 kB]
Get:3 http://us-east-1.ec2.ports.ubuntu.com/ubuntu-ports noble-backports InRelease [126 kB]
Get:4 http://us-east-1.ec2.ports.ubuntu.com/ubuntu-ports noble/universe arm64 Packages [15.3 MB]
Get:5 http://ports.ubuntu.com/ubuntu-ports noble-security InRelease [126 kB]
Get:6 http://us-east-1.ec2.ports.ubuntu.com/ubuntu-ports noble/universe Translation-en [5982 kB]
Get:7 http://us-east-1.ec2.ports.ubuntu.com/ubuntu-ports noble/universe arm64 Components [3573 kB]
Get:8 http://us-east-1.ec2.ports.ubuntu.com/ubuntu-ports noble/universe arm64 c-n-f Metadata [295 kB]
Get:9 http://us-east-1.ec2.ports.ubuntu.com/ubuntu-ports noble/multiverse arm64 Packages [223 kB]
Get:10 http://us-east-1.ec2.ports.ubuntu.com/ubuntu-ports noble/multiverse Translation-en [118 kB]
Get:11 http://us-east-1.ec2.ports.ubuntu.com/ubuntu-ports noble/multiverse arm64 Components [31.6 kB]
Get:12 http://us-east-1.ec2.ports.ubuntu.com/ubuntu-ports noble/multiverse arm64 c-n-f Metadata [7152 B]
Get:13 http://us-east-1.ec2.ports.ubuntu.com/ubuntu-ports noble-updates/main arm64 Packages [1190 kB]
Get:14 http://us-east-1.ec2.ports.ubuntu.com/ubuntu-ports noble-updates/main Translation-en [278 kB]
Get:15 http://us-east-1.ec2.ports.ubuntu.com/ubuntu-ports noble-updates/main arm64 Components [178 kB]
Get:16 http://us-east-1.ec2.ports.ubuntu.com/ubuntu-ports noble-updates/universe arm64 Packages [1704 kB]
Get:17 http://us-east-1.ec2.ports.ubuntu.com/ubuntu-ports noble-updates/universe Translation-en [334 kB]
Get:18 http://us-east-1.ec2.ports.ubuntu.com/ubuntu-ports noble-updates/universe arm64 Components [387 kB]
Get:19 http://us-east-1.ec2.ports.ubuntu.com/ubuntu-ports noble-updates/universe arm64 c-n-f Metadata [33.5 kB]
Get:20 http://us-east-1.ec2.ports.ubuntu.com/ubuntu-ports noble-updates/restricted arm64 Packages [2036 kB]
Get:21 http://us-east-1.ec2.ports.ubuntu.com/ubuntu-ports noble-updates/restricted Translation-en [308 kB]
Get:22 http://us-east-1.ec2.ports.ubuntu.com/ubuntu-ports noble-updates/multiverse arm64 Packages [72.7 kB]
Get:23 http://us-east-1.ec2.ports.ubuntu.com/ubuntu-ports noble-updates/multiverse Translation-en [12.3 kB]
Get:24 http://us-east-1.ec2.ports.ubuntu.com/ubuntu-ports noble-updates/multiverse arm64 Components [212 B]
Get:25 http://us-east-1.ec2.ports.ubuntu.com/ubuntu-ports noble-updates/multiverse arm64 c-n-f Metadata [472 B]
Get:26 http://us-east-1.ec2.ports.ubuntu.com/ubuntu-ports noble-backports/main arm64 Packages [40.6 kB]
Get:27 http://us-east-1.ec2.ports.ubuntu.com/ubuntu-ports noble-backports/main Translation-en [9172 B]
Get:28 http://us-east-1.ec2.ports.ubuntu.com/ubuntu-ports noble-backports/main arm64 Components [3572 B]
Get:29 http://us-east-1.ec2.ports.ubuntu.com/ubuntu-ports noble-backports/main arm64 c-n-f Metadata [372 B]
Get:30 http://us-east-1.ec2.ports.ubuntu.com/ubuntu-ports noble-backports/universe arm64 Packages [32.7 kB]
Get:31 http://us-east-1.ec2.ports.ubuntu.com/ubuntu-ports noble-backports/universe Translation-en [18.6 kB]
Get:32 http://us-east-1.ec2.ports.ubuntu.com/ubuntu-ports noble-backports/universe arm64 Components [12.6 kB]
Get:33 http://us-east-1.ec2.ports.ubuntu.com/ubuntu-ports noble-backports/universe arm64 c-n-f Metadata [1592 B]
Get:34 http://us-east-1.ec2.ports.ubuntu.com/ubuntu-ports noble-backports/restricted arm64 Components [212 B]
Get:35 http://us-east-1.ec2.ports.ubuntu.com/ubuntu-ports noble-backports/restricted arm64 c-n-f Metadata [116 B]
Get:36 http://us-east-1.ec2.ports.ubuntu.com/ubuntu-ports noble-backports/multiverse arm64 Packages [748 B]
Get:37 http://us-east-1.ec2.ports.ubuntu.com/ubuntu-ports noble-backports/multiverse Translation-en [340 B]
Get:38 http://us-east-1.ec2.ports.ubuntu.com/ubuntu-ports noble-backports/multiverse arm64 Components [212 B]
Get:39 http://us-east-1.ec2.ports.ubuntu.com/ubuntu-ports noble-backports/multiverse arm64 c-n-f Metadata [116 B]
Get:40 http://ports.ubuntu.com/ubuntu-ports noble-security/main arm64 Packages [940 kB]
Get:41 http://ports.ubuntu.com/ubuntu-ports noble-security/main Translation-en [198 kB]
Get:42 http://ports.ubuntu.com/ubuntu-ports noble-security/main arm64 Components [43.3 kB]
Get:43 http://ports.ubuntu.com/ubuntu-ports noble-security/main arm64 c-n-f Metadata [11.6 kB]
Get:44 http://ports.ubuntu.com/ubuntu-ports noble-security/universe arm64 Packages [1259 kB]
Get:45 http://ports.ubuntu.com/ubuntu-ports noble-security/universe Translation-en [239 kB]
Get:46 http://ports.ubuntu.com/ubuntu-ports noble-security/universe arm64 Components [76.3 kB]
Get:47 http://ports.ubuntu.com/ubuntu-ports noble-security/universe arm64 c-n-f Metadata [23.7 kB]
Get:48 http://ports.ubuntu.com/ubuntu-ports noble-security/restricted arm64 Packages [1930 kB]
Get:49 http://ports.ubuntu.com/ubuntu-ports noble-security/restricted Translation-en [290 kB]
Get:50 http://ports.ubuntu.com/ubuntu-ports noble-security/restricted arm64 Components [212 B]
Get:51 http://ports.ubuntu.com/ubuntu-ports noble-security/restricted arm64 c-n-f Metadata [388 B]
Get:52 http://ports.ubuntu.com/ubuntu-ports noble-security/multiverse arm64 Packages [68.7 kB]
Get:53 http://ports.ubuntu.com/ubuntu-ports noble-security/multiverse Translation-en [10.6 kB]
Get:54 http://ports.ubuntu.com/ubuntu-ports noble-security/multiverse arm64 Components [208 B]
Get:55 http://ports.ubuntu.com/ubuntu-ports noble-security/multiverse arm64 c-n-f Metadata [456 B]
Fetched 37.7 MB in 4s (9246 kB/s)
Reading package lists...
Reading package lists...
Building dependency tree...
Reading state information...
curl is already the newest version (8.5.0-2ubuntu10.11).
curl set to manually installed.
ca-certificates is already the newest version (20260601~24.04.1).
ca-certificates set to manually installed.
jq is already the newest version (1.7.1-3ubuntu0.24.04.2).
jq set to manually installed.
git is already the newest version (1:2.43.0-1ubuntu7.3).
git set to manually installed.
The following additional packages will be installed:
  binutils binutils-aarch64-linux-gnu binutils-common bridge-utils bzip2
  containerd cpp cpp-13 cpp-13-aarch64-linux-gnu cpp-aarch64-linux-gnu
  dns-root-data dnsmasq-base dpkg-dev fakeroot fontconfig-config
  fonts-dejavu-core fonts-dejavu-mono g++ g++-13 g++-13-aarch64-linux-gnu
  g++-aarch64-linux-gnu gcc gcc-13 gcc-13-aarch64-linux-gnu gcc-13-base
  gcc-aarch64-linux-gnu javascript-common libalgorithm-diff-perl
  libalgorithm-diff-xs-perl libalgorithm-merge-perl libaom3 libasan8
  libatomic1 libbinutils libc-bin libc-dev-bin libc-devtools libc6 libc6-dev
  libcc1-0 libcrypt-dev libctf-nobfd0 libctf0 libdeflate0 libdpkg-perl
  libexpat1-dev libfakeroot libfile-fcntllock-perl libfontconfig1
  libgcc-13-dev libgd3 libgomp1 libgprofng0 libheif-plugin-aomdec
  libheif-plugin-aomenc libheif1 libhwasan0 libisl23 libitm1 libjbig0
  libjpeg-turbo8 libjpeg8 libjs-jquery libjs-sphinxdoc libjs-underscore
  liblerc4 liblsan0 libmpc3 libpython3-dev libpython3.12-dev libsframe1
  libsharpyuv0 libstdc++-13-dev libtiff6 libtsan2 libubsan1 libwebp7 libxpm4
  linux-libc-dev linux-tools-common locales lto-disabled-list make
  manpages-dev pigz python3-dev python3-wheel python3.12-dev rpcsvc-proto runc
  ubuntu-fan zlib1g-dev
Suggested packages:
  binutils-doc gprofng-gui ifupdown bzip2-doc cpp-doc gcc-13-locales
  cpp-13-doc aufs-tools cgroupfs-mount | cgroup-lite debootstrap docker-buildx
  docker-compose-v2 docker-doc rinse zfs-fuse | zfsutils debian-keyring
  gcc-13-doc gcc-multilib autoconf automake libtool flex bison gdb gcc-doc
  gdb-aarch64-linux-gnu apache2 | lighttpd | httpd glibc-doc libnss-nis
  libnss-nisplus bzr libgd-tools libheif-plugin-libde265 libheif-plugin-x265
  libheif-plugin-ffmpegdec libheif-plugin-jpegdec libheif-plugin-jpegenc
  libheif-plugin-j2kdec libheif-plugin-j2kenc libheif-plugin-rav1e
  libheif-plugin-svtenc libstdc++-13-doc make-doc
The following NEW packages will be installed:
  binutils binutils-aarch64-linux-gnu binutils-common bridge-utils
  build-essential bzip2 containerd cpp cpp-13 cpp-13-aarch64-linux-gnu
  cpp-aarch64-linux-gnu dns-root-data dnsmasq-base docker.io dpkg-dev fakeroot
  fontconfig-config fonts-dejavu-core fonts-dejavu-mono g++ g++-13
  g++-13-aarch64-linux-gnu g++-aarch64-linux-gnu gcc gcc-13
  gcc-13-aarch64-linux-gnu gcc-13-base gcc-aarch64-linux-gnu javascript-common
  libalgorithm-diff-perl libalgorithm-diff-xs-perl libalgorithm-merge-perl
  libaom3 libasan8 libatomic1 libbinutils libc-dev-bin libc-devtools libc6-dev
  libcc1-0 libcrypt-dev libctf-nobfd0 libctf0 libdeflate0 libdpkg-perl
  libexpat1-dev libfakeroot libfile-fcntllock-perl libfontconfig1
  libgcc-13-dev libgd3 libgomp1 libgprofng0 libheif-plugin-aomdec
  libheif-plugin-aomenc libheif1 libhwasan0 libisl23 libitm1 libjbig0
  libjpeg-turbo8 libjpeg8 libjs-jquery libjs-sphinxdoc libjs-underscore
  liblerc4 liblsan0 libmpc3 libpython3-dev libpython3.12-dev libsframe1
  libsharpyuv0 libstdc++-13-dev libtiff6 libtsan2 libubsan1 libwebp7 libxpm4
  linux-libc-dev lto-disabled-list make manpages-dev pigz python3-dev
  python3-pip python3-wheel python3.12-dev rpcsvc-proto runc ubuntu-fan
  zlib1g-dev
The following packages will be upgraded:
  libc-bin libc6 linux-tools-common locales
4 upgraded, 91 newly installed, 0 to remove and 30 not upgraded.
Need to get 155 MB of archives.
After this operation, 558 MB of additional disk space will be used.
Get:1 http://us-east-1.ec2.ports.ubuntu.com/ubuntu-ports noble-updates/main arm64 libc6 arm64 2.39-0ubuntu8.8 [2775 kB]
Get:2 http://us-east-1.ec2.ports.ubuntu.com/ubuntu-ports noble-updates/main arm64 libc-bin arm64 2.39-0ubuntu8.8 [591 kB]
Get:3 http://us-east-1.ec2.ports.ubuntu.com/ubuntu-ports noble/universe arm64 pigz arm64 2.8-1 [60.7 kB]
Get:4 http://us-east-1.ec2.ports.ubuntu.com/ubuntu-ports noble-updates/main arm64 locales all 2.39-0ubuntu8.8 [4231 kB]
Get:5 http://us-east-1.ec2.ports.ubuntu.com/ubuntu-ports noble-updates/main arm64 binutils-common arm64 2.42-4ubuntu2.10 [240 kB]
Get:6 http://us-east-1.ec2.ports.ubuntu.com/ubuntu-ports noble-updates/main arm64 libsframe1 arm64 2.42-4ubuntu2.10 [15.4 kB]
Get:7 http://us-east-1.ec2.ports.ubuntu.com/ubuntu-ports noble-updates/main arm64 libbinutils arm64 2.42-4ubuntu2.10 [766 kB]
Get:8 http://us-east-1.ec2.ports.ubuntu.com/ubuntu-ports noble-updates/main arm64 libctf-nobfd0 arm64 2.42-4ubuntu2.10 [101 kB]
Get:9 http://us-east-1.ec2.ports.ubuntu.com/ubuntu-ports noble-updates/main arm64 libctf0 arm64 2.42-4ubuntu2.10 [95.7 kB]
Get:10 http://us-east-1.ec2.ports.ubuntu.com/ubuntu-ports noble-updates/main arm64 libgprofng0 arm64 2.42-4ubuntu2.10 [776 kB]
Get:11 http://us-east-1.ec2.ports.ubuntu.com/ubuntu-ports noble-updates/main arm64 binutils-aarch64-linux-gnu arm64 2.42-4ubuntu2.10 [3304 kB]
Get:12 http://us-east-1.ec2.ports.ubuntu.com/ubuntu-ports noble-updates/main arm64 binutils arm64 2.42-4ubuntu2.10 [18.1 kB]
Get:13 http://us-east-1.ec2.ports.ubuntu.com/ubuntu-ports noble/main arm64 bridge-utils arm64 1.7.1-1ubuntu2 [34.2 kB]
Get:14 http://us-east-1.ec2.ports.ubuntu.com/ubuntu-ports noble-updates/main arm64 libc-dev-bin arm64 2.39-0ubuntu8.8 [19.7 kB]
Fetched 37.7 MB in 4s (9709 kB/s)
Reading package lists...
Reading package lists...
Building dependency tree...
Reading state information...
curl is already the newest version (8.5.0-2ubuntu10.11).
curl set to manually installed.
ca-certificates is already the newest version (20260601~24.04.1).
ca-certificates set to manually installed.
jq is already the newest version (1.7.1-3ubuntu0.24.04.2).
jq set to manually installed.
git is already the newest version (1:2.43.0-1ubuntu7.3).
git set to manually installed.
The following additional packages will be installed:
  binutils binutils-aarch64-linux-gnu binutils-common bridge-utils bzip2
  containerd cpp cpp-13 cpp-13-aarch64-linux-gnu cpp-aarch64-linux-gnu
  dns-root-data dnsmasq-base dpkg-dev fakeroot fontconfig-config
  fonts-dejavu-core fonts-dejavu-mono g++ g++-13 g++-13-aarch64-linux-gnu
  g++-aarch64-linux-gnu gcc gcc-13 gcc-13-aarch64-linux-gnu gcc-13-base
  gcc-aarch64-linux-gnu javascript-common libalgorithm-diff-perl
  libalgorithm-diff-xs-perl libalgorithm-merge-perl libaom3 libasan8
  libatomic1 libbinutils libc-bin libc-dev-bin libc-devtools libc6 libc6-dev
  libcc1-0 libcrypt-dev libctf-nobfd0 libctf0 libdeflate0 libdpkg-perl
  libexpat1-dev libfakeroot libfile-fcntllock-perl libfontconfig1
  libgcc-13-dev libgd3 libgomp1 libgprofng0 libheif-plugin-aomdec
  libheif-plugin-aomenc libheif1 libhwasan0 libisl23 libitm1 libjbig0
  libjpeg-turbo8 libjpeg8 libjs-jquery libjs-sphinxdoc libjs-underscore
  liblerc4 liblsan0 libmpc3 libpython3-dev libpython3.12-dev libsframe1
  libsharpyuv0 libstdc++-13-dev libtiff6 libtsan2 libubsan1 libwebp7 libxpm4
  linux-libc-dev linux-tools-common locales lto-disabled-list make
  manpages-dev pigz python3-dev python3-wheel python3.12-dev rpcsvc-proto runc
  ubuntu-fan zlib1g-dev
Suggested packages:
  binutils-doc gprofng-gui ifupdown bzip2-doc cpp-doc gcc-13-locales
  cpp-13-doc aufs-tools cgroupfs-mount | cgroup-lite debootstrap docker-buildx
  docker-compose-v2 docker-doc rinse zfs-fuse | zfsutils debian-keyring
  gcc-13-doc gcc-multilib autoconf automake libtool flex bison gdb gcc-doc
  gdb-aarch64-linux-gnu apache2 | lighttpd | httpd glibc-doc libnss-nis
  libnss-nisplus bzr libgd-tools libheif-plugin-libde265 libheif-plugin-x265
  libheif-plugin-ffmpegdec libheif-plugin-jpegdec libheif-plugin-jpegenc
  libheif-plugin-j2kdec libheif-plugin-j2kenc libheif-plugin-rav1e
  libheif-plugin-svtenc libstdc++-13-doc make-doc
The following NEW packages will be installed:
  binutils binutils-aarch64-linux-gnu binutils-common bridge-utils
  build-essential bzip2 containerd cpp cpp-13 cpp-13-aarch64-linux-gnu
  cpp-aarch64-linux-gnu dns-root-data dnsmasq-base docker.io dpkg-dev fakeroot
  fontconfig-config fonts-dejavu-core fonts-dejavu-mono g++ g++-13
  g++-13-aarch64-linux-gnu g++-aarch64-linux-gnu gcc gcc-13
  gcc-13-aarch64-linux-gnu gcc-13-base gcc-aarch64-linux-gnu javascript-common
  libalgorithm-diff-perl libalgorithm-diff-xs-perl libalgorithm-merge-perl
  libaom3 libasan8 libatomic1 libbinutils libc-dev-bin libc-devtools libc6-dev
  libcc1-0 libcrypt-dev libctf-nobfd0 libctf0 libdeflate0 libdpkg-perl
  libexpat1-dev libfakeroot libfile-fcntllock-perl libfontconfig1
  libgcc-13-dev libgd3 libgomp1 libgprofng0 libheif-plugin-aomdec
  libheif-plugin-aomenc libheif1 libhwasan0 libisl23 libitm1 libjbig0
  libjpeg-turbo8 libjpeg8 libjs-jquery libjs-sphinxdoc libjs-underscore
  liblerc4 liblsan0 libmpc3 libpython3-dev libpython3.12-dev libsframe1
  libsharpyuv0 libstdc++-13-dev libtiff6 libtsan2 libubsan1 libwebp7 libxpm4
  linux-libc-dev lto-disabled-list make manpages-dev pigz python3-dev
  python3-pip python3-wheel python3.12-dev rpcsvc-proto runc ubuntu-fan
  zlib1g-dev
The following packages will be upgraded:
  libc-bin libc6 linux-tools-common locales
4 upgraded, 91 newly installed, 0 to remove and 30 not upgraded.
Need to get 155 MB of archives.
After this operation, 558 MB of additional disk space will be used.
Get:1 http://us-east-1.ec2.ports.ubuntu.com/ubuntu-ports noble-updates/main arm64 libc6 arm64 2.39-0ubuntu8.8 [2775 kB]
Get:2 http://us-east-1.ec2.ports.ubuntu.com/ubuntu-ports noble-updates/main arm64 libc-bin arm64 2.39-0ubuntu8.8 [591 kB]
Get:3 http://us-east-1.ec2.ports.ubuntu.com/ubuntu-ports noble/universe arm64 pigz arm64 2.8-1 [60.7 kB]
Get:4 http://us-east-1.ec2.ports.ubuntu.com/ubuntu-ports noble-updates/main arm64 locales all 2.39-0ubuntu8.8 [4231 kB]
Get:5 http://us-east-1.ec2.ports.ubuntu.com/ubuntu-ports noble-updates/main arm64 binutils-common arm64 2.42-4ubuntu2.10 [240 kB]
Get:6 http://us-east-1.ec2.ports.ubuntu.com/ubuntu-ports noble-updates/main arm64 libsframe1 arm64 2.42-4ubuntu2.10 [15.4 kB]
Get:7 http://us-east-1.ec2.ports.ubuntu.com/ubuntu-ports noble-updates/main arm64 libbinutils arm64 2.42-4ubuntu2.10 [766 kB]
Get:8 http://us-east-1.ec2.ports.ubuntu.com/ubuntu-ports noble-updates/main arm64 libctf-nobfd0 arm64 2.42-4ubuntu2.10 [101 kB]
Get:9 http://us-east-1.ec2.ports.ubuntu.com/ubuntu-ports noble-updates/main arm64 libctf0 arm64 2.42-4ubuntu2.10 [95.7 kB]
Get:10 http://us-east-1.ec2.ports.ubuntu.com/ubuntu-ports noble-updates/main arm64 libgprofng0 arm64 2.42-4ubuntu2.10 [776 kB]
Get:11 http://us-east-1.ec2.ports.ubuntu.com/ubuntu-ports noble-updates/main arm64 binutils-aarch64-linux-gnu arm64 2.42-4ubuntu2.10 [3304 kB]
Get:12 http://us-east-1.ec2.ports.ubuntu.com/ubuntu-ports noble-updates/main arm64 binutils arm64 2.42-4ubuntu2.10 [18.1 kB]
Get:13 http://us-east-1.ec2.ports.ubuntu.com/ubuntu-ports noble/main arm64 bridge-utils arm64 1.7.1-1ubuntu2 [34.2 kB]
Get:14 http://us-east-1.ec2.ports.ubuntu.com/ubuntu-ports noble-updates/main arm64 libc-dev-bin arm64 2.39-0ubuntu8.8 [19.7 kB]
Get:15 http://us-east-1.ec2.ports.ubuntu.com/ubuntu-ports noble-updates/main arm64 linux-libc-dev arm64 6.8.0-136.136 [1550 kB]
Get:16 http://us-east-1.ec2.ports.ubuntu.com/ubuntu-ports noble/main arm64 libcrypt-dev arm64 1:4.4.36-4build1 [118 kB]
Get:17 http://us-east-1.ec2.ports.ubuntu.com/ubuntu-ports noble/main arm64 rpcsvc-proto arm64 1.4.2-0ubuntu7 [64.8 kB]
Get:18 http://us-east-1.ec2.ports.ubuntu.com/ubuntu-ports noble-updates/main arm64 libc6-dev arm64 2.39-0ubuntu8.8 [1596 kB]
Get:19 http://us-east-1.ec2.ports.ubuntu.com/ubuntu-ports noble-updates/main arm64 gcc-13-base arm64 13.3.0-6ubuntu2~24.04.1 [51.6 kB]
Get:20 http://us-east-1.ec2.ports.ubuntu.com/ubuntu-ports noble-updates/main arm64 libisl23 arm64 0.26-3build1.1 [669 kB]
Get:21 http://us-east-1.ec2.ports.ubuntu.com/ubuntu-ports noble-updates/main arm64 libmpc3 arm64 1.3.1-1build1.1 [56.4 kB]
Get:22 http://us-east-1.ec2.ports.ubuntu.com/ubuntu-ports noble-updates/main arm64 cpp-13-aarch64-linux-gnu arm64 13.3.0-6ubuntu2~24.04.1 [9560 kB]
Get:23 http://us-east-1.ec2.ports.ubuntu.com/ubuntu-ports noble-updates/main arm64 cpp-13 arm64 13.3.0-6ubuntu2~24.04.1 [1038 B]
Get:24 http://us-east-1.ec2.ports.ubuntu.com/ubuntu-ports noble/main arm64 cpp-aarch64-linux-gnu arm64 4:13.2.0-7ubuntu1 [5316 B]
Get:25 http://us-east-1.ec2.ports.ubuntu.com/ubuntu-ports noble/main arm64 cpp arm64 4:13.2.0-7ubuntu1 [22.4 kB]
Get:26 http://us-east-1.ec2.ports.ubuntu.com/ubuntu-ports noble-updates/main arm64 libcc1-0 arm64 14.2.0-4ubuntu2~24.04.1 [49.7 kB]
Get:27 http://us-east-1.ec2.ports.ubuntu.com/ubuntu-ports noble-updates/main arm64 libgomp1 arm64 14.2.0-4ubuntu2~24.04.1 [145 kB]
Get:28 http://us-east-1.ec2.ports.ubuntu.com/ubuntu-ports noble-updates/main arm64 libitm1 arm64 14.2.0-4ubuntu2~24.04.1 [28.2 kB]
Get:29 http://us-east-1.ec2.ports.ubuntu.com/ubuntu-ports noble-updates/main arm64 libatomic1 arm64 14.2.0-4ubuntu2~24.04.1 [11.6 kB]
Get:30 http://us-east-1.ec2.ports.ubuntu.com/ubuntu-ports noble-updates/main arm64 libasan8 arm64 14.2.0-4ubuntu2~24.04.1 [2928 kB]
Get:31 http://us-east-1.ec2.ports.ubuntu.com/ubuntu-ports noble-updates/main arm64 liblsan0 arm64 14.2.0-4ubuntu2~24.04.1 [1289 kB]
Get:32 http://us-east-1.ec2.ports.ubuntu.com/ubuntu-ports noble-updates/main arm64 libtsan2 arm64 14.2.0-4ubuntu2~24.04.1 [2697 kB]
Get:33 http://us-east-1.ec2.ports.ubuntu.com/ubuntu-ports noble-updates/main arm64 libubsan1 arm64 14.2.0-4ubuntu2~24.04.1 [1157 kB]
Get:34 http://us-east-1.ec2.ports.ubuntu.com/ubuntu-ports noble-updates/main arm64 libhwasan0 arm64 14.2.0-4ubuntu2~24.04.1 [1605 kB]
Get:35 http://us-east-1.ec2.ports.ubuntu.com/ubuntu-ports noble-updates/main arm64 libgcc-13-dev arm64 13.3.0-6ubuntu2~24.04.1 [2473 kB]
Fetched 37.7 MB in 4s (10.7 MB/s)
Reading package lists...Get:36 http://us-east-1.ec2.ports.ubuntu.com/ubuntu-ports noble-updates/main arm64 gcc-13-aarch64-linux-gnu arm64 13.3.0-6ubuntu2~24.04.1 [18.7 MB]

Reading package lists...
Building dependency tree...Get:37 http://us-east-1.ec2.ports.ubuntu.com/ubuntu-ports noble-updates/main arm64 gcc-13 arm64 13.3.0-6ubuntu2~24.04.1 [484 kB]
Get:38 http://us-east-1.ec2.ports.ubuntu.com/ubuntu-ports noble/main arm64 gcc-aarch64-linux-gnu arm64 4:13.2.0-7ubuntu1 [1198 B]
Get:39 http://us-east-1.ec2.ports.ubuntu.com/ubuntu-ports noble/main arm64 gcc arm64 4:13.2.0-7ubuntu1 [5018 B]
Get:40 http://us-east-1.ec2.ports.ubuntu.com/ubuntu-ports noble-updates/main arm64 libstdc++-13-dev arm64 13.3.0-6ubuntu2~24.04.1 [2397 kB]
Get:41 http://us-east-1.ec2.ports.ubuntu.com/ubuntu-ports noble-updates/main arm64 g++-13-aarch64-linux-gnu arm64 13.3.0-6ubuntu2~24.04.1 [10.9 MB]

Reading state information...
curl is already the newest version (8.5.0-2ubuntu10.11).
curl set to manually installed.
ca-certificates is already the newest version (20260601~24.04.1).
ca-certificates set to manually installed.
jq is already the newest version (1.7.1-3ubuntu0.24.04.2).
jq set to manually installed.
git is already the newest version (1:2.43.0-1ubuntu7.3).
git set to manually installed.
The following additional packages will be installed:
  binutils binutils-aarch64-linux-gnu binutils-common bridge-utils bzip2
  containerd cpp cpp-13 cpp-13-aarch64-linux-gnu cpp-aarch64-linux-gnu
  dns-root-data dnsmasq-base dpkg-dev fakeroot fontconfig-config
  fonts-dejavu-core fonts-dejavu-mono g++ g++-13 g++-13-aarch64-linux-gnu
  g++-aarch64-linux-gnu gcc gcc-13 gcc-13-aarch64-linux-gnu gcc-13-base
  gcc-aarch64-linux-gnu javascript-common libalgorithm-diff-perl
  libalgorithm-diff-xs-perl libalgorithm-merge-perl libaom3 libasan8
  libatomic1 libbinutils libc-bin libc-dev-bin libc-devtools libc6 libc6-dev
  libcc1-0 libcrypt-dev libctf-nobfd0 libctf0 libdeflate0 libdpkg-perl
  libexpat1-dev libfakeroot libfile-fcntllock-perl libfontconfig1
  libgcc-13-dev libgd3 libgomp1 libgprofng0 libheif-plugin-aomdec
  libheif-plugin-aomenc libheif1 libhwasan0 libisl23 libitm1 libjbig0
  libjpeg-turbo8 libjpeg8 libjs-jquery libjs-sphinxdoc libjs-underscore
  liblerc4 liblsan0 libmpc3 libpython3-dev libpython3.12-dev libsframe1
  libsharpyuv0 libstdc++-13-dev libtiff6 libtsan2 libubsan1 libwebp7 libxpm4
  linux-libc-dev linux-tools-common locales lto-disabled-list make
  manpages-dev pigz python3-dev python3-wheel python3.12-dev rpcsvc-proto runc
  ubuntu-fan zlib1g-dev
Suggested packages:
  binutils-doc gprofng-gui ifupdown bzip2-doc cpp-doc gcc-13-locales
  cpp-13-doc aufs-tools cgroupfs-mount | cgroup-lite debootstrap docker-buildx
  docker-compose-v2 docker-doc rinse zfs-fuse | zfsutils debian-keyring
  gcc-13-doc gcc-multilib autoconf automake libtool flex bison gdb gcc-doc
  gdb-aarch64-linux-gnu apache2 | lighttpd | httpd glibc-doc libnss-nis
  libnss-nisplus bzr libgd-tools libheif-plugin-libde265 libheif-plugin-x265
  libheif-plugin-ffmpegdec libheif-plugin-jpegdec libheif-plugin-jpegenc
  libheif-plugin-j2kdec libheif-plugin-j2kenc libheif-plugin-rav1e
  libheif-plugin-svtenc libstdc++-13-doc make-doc
The following NEW packages will be installed:
  binutils binutils-aarch64-linux-gnu binutils-common bridge-utils
  build-essential bzip2 containerd cpp cpp-13 cpp-13-aarch64-linux-gnu
  cpp-aarch64-linux-gnu dns-root-data dnsmasq-base docker.io dpkg-dev fakeroot
  fontconfig-config fonts-dejavu-core fonts-dejavu-mono g++ g++-13
  g++-13-aarch64-linux-gnu g++-aarch64-linux-gnu gcc gcc-13
  gcc-13-aarch64-linux-gnu gcc-13-base gcc-aarch64-linux-gnu javascript-common
  libalgorithm-diff-perl libalgorithm-diff-xs-perl libalgorithm-merge-perl
  libaom3 libasan8 libatomic1 libbinutils libc-dev-bin libc-devtools libc6-dev
  libcc1-0 libcrypt-dev libctf-nobfd0 libctf0 libdeflate0 libdpkg-perl
  libexpat1-dev libfakeroot libfile-fcntllock-perl libfontconfig1
  libgcc-13-dev libgd3 libgomp1 libgprofng0 libheif-plugin-aomdec
  libheif-plugin-aomenc libheif1 libhwasan0 libisl23 libitm1 libjbig0
  libjpeg-turbo8 libjpeg8 libjs-jquery libjs-sphinxdoc libjs-underscore
  liblerc4 liblsan0 libmpc3 libpython3-dev libpython3.12-dev libsframe1
  libsharpyuv0 libstdc++-13-dev libtiff6 libtsan2 libubsan1 libwebp7 libxpm4
  linux-libc-dev lto-disabled-list make manpages-dev pigz python3-dev
  python3-pip python3-wheel python3.12-dev rpcsvc-proto runc ubuntu-fan
  zlib1g-dev
The following packages will be upgraded:
  libc-bin libc6 linux-tools-common locales
4 upgraded, 91 newly installed, 0 to remove and 30 not upgraded.
Need to get 155 MB of archives.
After this operation, 558 MB of additional disk space will be used.
Get:1 http://us-east-1.ec2.ports.ubuntu.com/ubuntu-ports noble-updates/main arm64 libc6 arm64 2.39-0ubuntu8.8 [2775 kB]
Get:42 http://us-east-1.ec2.ports.ubuntu.com/ubuntu-ports noble-updates/main arm64 g++-13 arm64 13.3.0-6ubuntu2~24.04.1 [16.0 kB]
Get:43 http://us-east-1.ec2.ports.ubuntu.com/ubuntu-ports noble/main arm64 g++-aarch64-linux-gnu arm64 4:13.2.0-7ubuntu1 [962 B]
Get:44 http://us-east-1.ec2.ports.ubuntu.com/ubuntu-ports noble/main arm64 g++ arm64 4:13.2.0-7ubuntu1 [1082 B]
Get:45 http://us-east-1.ec2.ports.ubuntu.com/ubuntu-ports noble/main arm64 make arm64 4.3-4.1build2 [178 kB]
Get:46 http://us-east-1.ec2.ports.ubuntu.com/ubuntu-ports noble-updates/main arm64 libdpkg-perl all 1.22.6ubuntu6.6 [268 kB]
Get:47 http://us-east-1.ec2.ports.ubuntu.com/ubuntu-ports noble-updates/main arm64 bzip2 arm64 1.0.8-5.1build0.1 [34.0 kB]
Get:48 http://us-east-1.ec2.ports.ubuntu.com/ubuntu-ports noble/main arm64 lto-disabled-list all 47 [12.4 kB]
Get:49 http://us-east-1.ec2.ports.ubuntu.com/ubuntu-ports noble-updates/main arm64 dpkg-dev all 1.22.6ubuntu6.6 [1074 kB]
Get:2 http://us-east-1.ec2.ports.ubuntu.com/ubuntu-ports noble-updates/main arm64 libc-bin arm64 2.39-0ubuntu8.8 [591 kB]
Get:50 http://us-east-1.ec2.ports.ubuntu.com/ubuntu-ports noble/main arm64 build-essential arm64 12.10ubuntu1 [4932 B]
Get:51 http://us-east-1.ec2.ports.ubuntu.com/ubuntu-ports noble-updates/main arm64 runc arm64 1.3.4-0ubuntu1~24.04.1 [8578 kB]
Get:3 http://us-east-1.ec2.ports.ubuntu.com/ubuntu-ports noble/universe arm64 pigz arm64 2.8-1 [60.7 kB]
Get:4 http://us-east-1.ec2.ports.ubuntu.com/ubuntu-ports noble-updates/main arm64 locales all 2.39-0ubuntu8.8 [4231 kB]
Get:5 http://us-east-1.ec2.ports.ubuntu.com/ubuntu-ports noble-updates/main arm64 binutils-common arm64 2.42-4ubuntu2.10 [240 kB]
Get:6 http://us-east-1.ec2.ports.ubuntu.com/ubuntu-ports noble-updates/main arm64 libsframe1 arm64 2.42-4ubuntu2.10 [15.4 kB]
Get:7 http://us-east-1.ec2.ports.ubuntu.com/ubuntu-ports noble-updates/main arm64 libbinutils arm64 2.42-4ubuntu2.10 [766 kB]
Get:8 http://us-east-1.ec2.ports.ubuntu.com/ubuntu-ports noble-updates/main arm64 libctf-nobfd0 arm64 2.42-4ubuntu2.10 [101 kB]
Get:9 http://us-east-1.ec2.ports.ubuntu.com/ubuntu-ports noble-updates/main arm64 libctf0 arm64 2.42-4ubuntu2.10 [95.7 kB]
Get:10 http://us-east-1.ec2.ports.ubuntu.com/ubuntu-ports noble-updates/main arm64 libgprofng0 arm64 2.42-4ubuntu2.10 [776 kB]
Get:11 http://us-east-1.ec2.ports.ubuntu.com/ubuntu-ports noble-updates/main arm64 binutils-aarch64-linux-gnu arm64 2.42-4ubuntu2.10 [3304 kB]
Get:12 http://us-east-1.ec2.ports.ubuntu.com/ubuntu-ports noble-updates/main arm64 binutils arm64 2.42-4ubuntu2.10 [18.1 kB]
Get:13 http://us-east-1.ec2.ports.ubuntu.com/ubuntu-ports noble/main arm64 bridge-utils arm64 1.7.1-1ubuntu2 [34.2 kB]
Get:14 http://us-east-1.ec2.ports.ubuntu.com/ubuntu-ports noble-updates/main arm64 libc-dev-bin arm64 2.39-0ubuntu8.8 [19.7 kB]
Get:15 http://us-east-1.ec2.ports.ubuntu.com/ubuntu-ports noble-updates/main arm64 linux-libc-dev arm64 6.8.0-136.136 [1550 kB]
Get:16 http://us-east-1.ec2.ports.ubuntu.com/ubuntu-ports noble/main arm64 libcrypt-dev arm64 1:4.4.36-4build1 [118 kB]
Get:17 http://us-east-1.ec2.ports.ubuntu.com/ubuntu-ports noble/main arm64 rpcsvc-proto arm64 1.4.2-0ubuntu7 [64.8 kB]
Get:18 http://us-east-1.ec2.ports.ubuntu.com/ubuntu-ports noble-updates/main arm64 libc6-dev arm64 2.39-0ubuntu8.8 [1596 kB]
Get:19 http://us-east-1.ec2.ports.ubuntu.com/ubuntu-ports noble-updates/main arm64 gcc-13-base arm64 13.3.0-6ubuntu2~24.04.1 [51.6 kB]
Get:20 http://us-east-1.ec2.ports.ubuntu.com/ubuntu-ports noble-updates/main arm64 libisl23 arm64 0.26-3build1.1 [669 kB]
Get:21 http://us-east-1.ec2.ports.ubuntu.com/ubuntu-ports noble-updates/main arm64 libmpc3 arm64 1.3.1-1build1.1 [56.4 kB]
Get:22 http://us-east-1.ec2.ports.ubuntu.com/ubuntu-ports noble-updates/main arm64 cpp-13-aarch64-linux-gnu arm64 13.3.0-6ubuntu2~24.04.1 [9560 kB]
Get:23 http://us-east-1.ec2.ports.ubuntu.com/ubuntu-ports noble-updates/main arm64 cpp-13 arm64 13.3.0-6ubuntu2~24.04.1 [1038 B]
Get:24 http://us-east-1.ec2.ports.ubuntu.com/ubuntu-ports noble/main arm64 cpp-aarch64-linux-gnu arm64 4:13.2.0-7ubuntu1 [5316 B]
Get:25 http://us-east-1.ec2.ports.ubuntu.com/ubuntu-ports noble/main arm64 cpp arm64 4:13.2.0-7ubuntu1 [22.4 kB]
Get:26 http://us-east-1.ec2.ports.ubuntu.com/ubuntu-ports noble-updates/main arm64 libcc1-0 arm64 14.2.0-4ubuntu2~24.04.1 [49.7 kB]
Get:27 http://us-east-1.ec2.ports.ubuntu.com/ubuntu-ports noble-updates/main arm64 libgomp1 arm64 14.2.0-4ubuntu2~24.04.1 [145 kB]
Get:28 http://us-east-1.ec2.ports.ubuntu.com/ubuntu-ports noble-updates/main arm64 libitm1 arm64 14.2.0-4ubuntu2~24.04.1 [28.2 kB]
Get:29 http://us-east-1.ec2.ports.ubuntu.com/ubuntu-ports noble-updates/main arm64 libatomic1 arm64 14.2.0-4ubuntu2~24.04.1 [11.6 kB]
Get:30 http://us-east-1.ec2.ports.ubuntu.com/ubuntu-ports noble-updates/main arm64 libasan8 arm64 14.2.0-4ubuntu2~24.04.1 [2928 kB]
Get:31 http://us-east-1.ec2.ports.ubuntu.com/ubuntu-ports noble-updates/main arm64 liblsan0 arm64 14.2.0-4ubuntu2~24.04.1 [1289 kB]
Get:32 http://us-east-1.ec2.ports.ubuntu.com/ubuntu-ports noble-updates/main arm64 libtsan2 arm64 14.2.0-4ubuntu2~24.04.1 [2697 kB]
Get:33 http://us-east-1.ec2.ports.ubuntu.com/ubuntu-ports noble-updates/main arm64 libubsan1 arm64 14.2.0-4ubuntu2~24.04.1 [1157 kB]
Get:34 http://us-east-1.ec2.ports.ubuntu.com/ubuntu-ports noble-updates/main arm64 libhwasan0 arm64 14.2.0-4ubuntu2~24.04.1 [1605 kB]
Get:35 http://us-east-1.ec2.ports.ubuntu.com/ubuntu-ports noble-updates/main arm64 libgcc-13-dev arm64 13.3.0-6ubuntu2~24.04.1 [2473 kB]
Get:36 http://us-east-1.ec2.ports.ubuntu.com/ubuntu-ports noble-updates/main arm64 gcc-13-aarch64-linux-gnu arm64 13.3.0-6ubuntu2~24.04.1 [18.7 MB]
Get:52 http://us-east-1.ec2.ports.ubuntu.com/ubuntu-ports noble-updates/main arm64 containerd arm64 2.2.1-0ubuntu1~24.04.3 [25.2 MB]
Get:53 http://us-east-1.ec2.ports.ubuntu.com/ubuntu-ports noble-updates/main arm64 dns-root-data all 2024071801~ubuntu0.24.04.1 [5918 B]
Get:54 http://us-east-1.ec2.ports.ubuntu.com/ubuntu-ports noble-updates/main arm64 dnsmasq-base arm64 2.90-2ubuntu0.4 [367 kB]
Get:55 http://us-east-1.ec2.ports.ubuntu.com/ubuntu-ports noble-updates/universe arm64 docker.io arm64 29.1.3-0ubuntu3~24.04.2 [32.0 MB]
Get:37 http://us-east-1.ec2.ports.ubuntu.com/ubuntu-ports noble-updates/main arm64 gcc-13 arm64 13.3.0-6ubuntu2~24.04.1 [484 kB]
Get:38 http://us-east-1.ec2.ports.ubuntu.com/ubuntu-ports noble/main arm64 gcc-aarch64-linux-gnu arm64 4:13.2.0-7ubuntu1 [1198 B]
Get:39 http://us-east-1.ec2.ports.ubuntu.com/ubuntu-ports noble/main arm64 gcc arm64 4:13.2.0-7ubuntu1 [5018 B]
Get:40 http://us-east-1.ec2.ports.ubuntu.com/ubuntu-ports noble-updates/main arm64 libstdc++-13-dev arm64 13.3.0-6ubuntu2~24.04.1 [2397 kB]
Fetched 37.7 MB in 4s (9771 kB/s)
Reading package lists...Get:41 http://us-east-1.ec2.ports.ubuntu.com/ubuntu-ports noble-updates/main arm64 g++-13-aarch64-linux-gnu arm64 13.3.0-6ubuntu2~24.04.1 [10.9 MB]
Get:56 http://us-east-1.ec2.ports.ubuntu.com/ubuntu-ports noble/main arm64 libfakeroot arm64 1.33-1 [32.5 kB]
Get:57 http://us-east-1.ec2.ports.ubuntu.com/ubuntu-ports noble/main arm64 fakeroot arm64 1.33-1 [66.9 kB]
Get:58 http://us-east-1.ec2.ports.ubuntu.com/ubuntu-ports noble/main arm64 fonts-dejavu-mono all 2.37-8 [502 kB]
Get:59 http://us-east-1.ec2.ports.ubuntu.com/ubuntu-ports noble/main arm64 fonts-dejavu-core all 2.37-8 [835 kB]
Get:60 http://us-east-1.ec2.ports.ubuntu.com/ubuntu-ports noble/main arm64 fontconfig-config arm64 2.15.0-1.1ubuntu2 [37.4 kB]
Get:61 http://us-east-1.ec2.ports.ubuntu.com/ubuntu-ports noble/main arm64 javascript-common all 11+nmu1 [5936 B]
Get:62 http://us-east-1.ec2.ports.ubuntu.com/ubuntu-ports noble/main arm64 libalgorithm-diff-perl all 1.201-1 [41.8 kB]
Get:63 http://us-east-1.ec2.ports.ubuntu.com/ubuntu-ports noble/main arm64 libalgorithm-diff-xs-perl arm64 0.04-8build3 [10.9 kB]
Get:64 http://us-east-1.ec2.ports.ubuntu.com/ubuntu-ports noble/main arm64 libalgorithm-merge-perl all 0.08-5 [11.4 kB]
Get:65 http://us-east-1.ec2.ports.ubuntu.com/ubuntu-ports noble-updates/main arm64 libaom3 arm64 3.8.2-2ubuntu0.1 [1617 kB]
Get:66 http://us-east-1.ec2.ports.ubuntu.com/ubuntu-ports noble/main arm64 libfontconfig1 arm64 2.15.0-1.1ubuntu2 [142 kB]
Get:67 http://us-east-1.ec2.ports.ubuntu.com/ubuntu-ports noble/main arm64 libsharpyuv0 arm64 1.3.2-0.4build3 [14.5 kB]
Get:68 http://us-east-1.ec2.ports.ubuntu.com/ubuntu-ports noble-updates/main arm64 libheif-plugin-aomdec arm64 1.17.6-1ubuntu4.6 [11.1 kB]
Get:69 http://us-east-1.ec2.ports.ubuntu.com/ubuntu-ports noble-updates/main arm64 libheif1 arm64 1.17.6-1ubuntu4.6 [260 kB]
Get:70 http://us-east-1.ec2.ports.ubuntu.com/ubuntu-ports noble/main arm64 libjpeg-turbo8 arm64 2.1.5-2ubuntu2 [163 kB]
Get:71 http://us-east-1.ec2.ports.ubuntu.com/ubuntu-ports noble/main arm64 libjpeg8 arm64 8c-2ubuntu11 [2148 B]
Get:72 http://us-east-1.ec2.ports.ubuntu.com/ubuntu-ports noble-updates/main arm64 libdeflate0 arm64 1.19-1build1.1 [43.5 kB]
Get:73 http://us-east-1.ec2.ports.ubuntu.com/ubuntu-ports noble/main arm64 libjbig0 arm64 2.1-6.1ubuntu2 [29.3 kB]
Get:74 http://us-east-1.ec2.ports.ubuntu.com/ubuntu-ports noble/main arm64 liblerc4 arm64 4.0.0+ds-4ubuntu2 [154 kB]
Get:75 http://us-east-1.ec2.ports.ubuntu.com/ubuntu-ports noble/main arm64 libwebp7 arm64 1.3.2-0.4build3 [191 kB]
Get:76 http://us-east-1.ec2.ports.ubuntu.com/ubuntu-ports noble-updates/main arm64 libtiff6 arm64 4.5.1+git230720-4ubuntu2.5 [192 kB]
Get:77 http://us-east-1.ec2.ports.ubuntu.com/ubuntu-ports noble-updates/main arm64 libxpm4 arm64 1:3.5.17-1ubuntu0.24.04.1 [35.3 kB]
Get:78 http://us-east-1.ec2.ports.ubuntu.com/ubuntu-ports noble/main arm64 libgd3 arm64 2.3.3-9ubuntu5 [122 kB]
Get:79 http://us-east-1.ec2.ports.ubuntu.com/ubuntu-ports noble-updates/main arm64 libc-devtools arm64 2.39-0ubuntu8.8 [27.8 kB]
Get:80 http://us-east-1.ec2.ports.ubuntu.com/ubuntu-ports noble-updates/main arm64 libexpat1-dev arm64 2.6.1-2ubuntu0.4 [128 kB]
Get:81 http://us-east-1.ec2.ports.ubuntu.com/ubuntu-ports noble/main arm64 libfile-fcntllock-perl arm64 0.22-4ubuntu5 [30.6 kB]
Get:82 http://us-east-1.ec2.ports.ubuntu.com/ubuntu-ports noble-updates/main arm64 libheif-plugin-aomenc arm64 1.17.6-1ubuntu4.6 [13.7 kB]
Get:83 http://us-east-1.ec2.ports.ubuntu.com/ubuntu-ports noble/main arm64 libjs-jquery all 3.6.1+dfsg+~3.5.14-1 [328 kB]
Get:84 http://us-east-1.ec2.ports.ubuntu.com/ubuntu-ports noble/main arm64 libjs-underscore all 1.13.4~dfsg+~1.11.4-3 [118 kB]
Get:85 http://us-east-1.ec2.ports.ubuntu.com/ubuntu-ports noble/main arm64 libjs-sphinxdoc all 7.2.6-6 [149 kB]
Get:86 http://us-east-1.ec2.ports.ubuntu.com/ubuntu-ports noble-updates/main arm64 zlib1g-dev arm64 1:1.3.dfsg-3.1ubuntu2.1 [894 kB]
Get:87 http://us-east-1.ec2.ports.ubuntu.com/ubuntu-ports noble-updates/main arm64 libpython3.12-dev arm64 3.12.3-1ubuntu0.15 [5538 kB]
Get:42 http://us-east-1.ec2.ports.ubuntu.com/ubuntu-ports noble-updates/main arm64 g++-13 arm64 13.3.0-6ubuntu2~24.04.1 [16.0 kB]
Get:43 http://us-east-1.ec2.ports.ubuntu.com/ubuntu-ports noble/main arm64 g++-aarch64-linux-gnu arm64 4:13.2.0-7ubuntu1 [962 B]
Get:44 http://us-east-1.ec2.ports.ubuntu.com/ubuntu-ports noble/main arm64 g++ arm64 4:13.2.0-7ubuntu1 [1082 B]
Get:45 http://us-east-1.ec2.ports.ubuntu.com/ubuntu-ports noble/main arm64 make arm64 4.3-4.1build2 [178 kB]
Get:46 http://us-east-1.ec2.ports.ubuntu.com/ubuntu-ports noble-updates/main arm64 libdpkg-perl all 1.22.6ubuntu6.6 [268 kB]
Get:47 http://us-east-1.ec2.ports.ubuntu.com/ubuntu-ports noble-updates/main arm64 bzip2 arm64 1.0.8-5.1build0.1 [34.0 kB]
Get:48 http://us-east-1.ec2.ports.ubuntu.com/ubuntu-ports noble/main arm64 lto-disabled-list all 47 [12.4 kB]
Get:49 http://us-east-1.ec2.ports.ubuntu.com/ubuntu-ports noble-updates/main arm64 dpkg-dev all 1.22.6ubuntu6.6 [1074 kB]
Get:50 http://us-east-1.ec2.ports.ubuntu.com/ubuntu-ports noble/main arm64 build-essential arm64 12.10ubuntu1 [4932 B]
Get:51 http://us-east-1.ec2.ports.ubuntu.com/ubuntu-ports noble-updates/main arm64 runc arm64 1.3.4-0ubuntu1~24.04.1 [8578 kB]

Get:88 http://us-east-1.ec2.ports.ubuntu.com/ubuntu-ports noble-updates/main arm64 libpython3-dev arm64 3.12.3-0ubuntu2.1 [10.4 kB]
Get:89 http://us-east-1.ec2.ports.ubuntu.com/ubuntu-ports noble-updates/main arm64 linux-tools-common all 6.8.0-136.136 [416 kB]
Reading package lists...Get:90 http://us-east-1.ec2.ports.ubuntu.com/ubuntu-ports noble/main arm64 manpages-dev all 6.7-2 [2013 kB]

Building dependency tree...Get:91 http://us-east-1.ec2.ports.ubuntu.com/ubuntu-ports noble-updates/main arm64 python3.12-dev arm64 3.12.3-1ubuntu0.15 [498 kB]
Get:92 http://us-east-1.ec2.ports.ubuntu.com/ubuntu-ports noble-updates/main arm64 python3-dev arm64 3.12.3-0ubuntu2.1 [26.7 kB]
Get:93 http://us-east-1.ec2.ports.ubuntu.com/ubuntu-ports noble/universe arm64 python3-wheel all 0.42.0-2 [53.1 kB]
Get:94 http://us-east-1.ec2.ports.ubuntu.com/ubuntu-ports noble-updates/universe arm64 python3-pip all 24.0+dfsg-1ubuntu1.3 [1320 kB]
Get:95 http://us-east-1.ec2.ports.ubuntu.com/ubuntu-ports noble-updates/universe arm64 ubuntu-fan all 0.12.16+24.04.1 [34.2 kB]
Get:52 http://us-east-1.ec2.ports.ubuntu.com/ubuntu-ports noble-updates/main arm64 containerd arm64 2.2.1-0ubuntu1~24.04.3 [25.2 MB]

Reading state information...
curl is already the newest version (8.5.0-2ubuntu10.11).
curl set to manually installed.
ca-certificates is already the newest version (20260601~24.04.1).
ca-certificates set to manually installed.
jq is already the newest version (1.7.1-3ubuntu0.24.04.2).
jq set to manually installed.
git is already the newest version (1:2.43.0-1ubuntu7.3).
git set to manually installed.
The following additional packages will be installed:
  binutils binutils-aarch64-linux-gnu binutils-common bridge-utils bzip2
  containerd cpp cpp-13 cpp-13-aarch64-linux-gnu cpp-aarch64-linux-gnu
  dns-root-data dnsmasq-base dpkg-dev fakeroot fontconfig-config
  fonts-dejavu-core fonts-dejavu-mono g++ g++-13 g++-13-aarch64-linux-gnu
  g++-aarch64-linux-gnu gcc gcc-13 gcc-13-aarch64-linux-gnu gcc-13-base
  gcc-aarch64-linux-gnu javascript-common libalgorithm-diff-perl
  libalgorithm-diff-xs-perl libalgorithm-merge-perl libaom3 libasan8
  libatomic1 libbinutils libc-bin libc-dev-bin libc-devtools libc6 libc6-dev
  libcc1-0 libcrypt-dev libctf-nobfd0 libctf0 libdeflate0 libdpkg-perl
  libexpat1-dev libfakeroot libfile-fcntllock-perl libfontconfig1
Preconfiguring packages ...
  libgcc-13-dev libgd3 libgomp1 libgprofng0 libheif-plugin-aomdec
  libheif-plugin-aomenc libheif1 libhwasan0 libisl23 libitm1 libjbig0
  libjpeg-turbo8 libjpeg8 libjs-jquery libjs-sphinxdoc libjs-underscore
  liblerc4 liblsan0 libmpc3 libpython3-dev libpython3.12-dev libsframe1
  libsharpyuv0 libstdc++-13-dev libtiff6 libtsan2 libubsan1 libwebp7 libxpm4
  linux-libc-dev linux-tools-common locales lto-disabled-list make
  manpages-dev pigz python3-dev python3-wheel python3.12-dev rpcsvc-proto runc
  ubuntu-fan zlib1g-dev
Suggested packages:
  binutils-doc gprofng-gui ifupdown bzip2-doc cpp-doc gcc-13-locales
  cpp-13-doc aufs-tools cgroupfs-mount | cgroup-lite debootstrap docker-buildx
  docker-compose-v2 docker-doc rinse zfs-fuse | zfsutils debian-keyring
  gcc-13-doc gcc-multilib autoconf automake libtool flex bison gdb gcc-doc
  gdb-aarch64-linux-gnu apache2 | lighttpd | httpd glibc-doc libnss-nis
  libnss-nisplus bzr libgd-tools libheif-plugin-libde265 libheif-plugin-x265
  libheif-plugin-ffmpegdec libheif-plugin-jpegdec libheif-plugin-jpegenc
  libheif-plugin-j2kdec libheif-plugin-j2kenc libheif-plugin-rav1e
  libheif-plugin-svtenc libstdc++-13-doc make-doc
The following NEW packages will be installed:
  binutils binutils-aarch64-linux-gnu binutils-common bridge-utils
  build-essential bzip2 containerd cpp cpp-13 cpp-13-aarch64-linux-gnu
  cpp-aarch64-linux-gnu dns-root-data dnsmasq-base docker.io dpkg-dev fakeroot
  fontconfig-config fonts-dejavu-core fonts-dejavu-mono g++ g++-13
  g++-13-aarch64-linux-gnu g++-aarch64-linux-gnu gcc gcc-13
  gcc-13-aarch64-linux-gnu gcc-13-base gcc-aarch64-linux-gnu javascript-common
  libalgorithm-diff-perl libalgorithm-diff-xs-perl libalgorithm-merge-perl
  libaom3 libasan8 libatomic1 libbinutils libc-dev-bin libc-devtools libc6-dev
  libcc1-0 libcrypt-dev libctf-nobfd0 libctf0 libdeflate0 libdpkg-perl
  libexpat1-dev libfakeroot libfile-fcntllock-perl libfontconfig1
  libgcc-13-dev libgd3 libgomp1 libgprofng0 libheif-plugin-aomdec
  libheif-plugin-aomenc libheif1 libhwasan0 libisl23 libitm1 libjbig0
  libjpeg-turbo8 libjpeg8 libjs-jquery libjs-sphinxdoc libjs-underscore
  liblerc4 liblsan0 libmpc3 libpython3-dev libpython3.12-dev libsframe1
  libsharpyuv0 libstdc++-13-dev libtiff6 libtsan2 libubsan1 libwebp7 libxpm4
  linux-libc-dev lto-disabled-list make manpages-dev pigz python3-dev
  python3-pip python3-wheel python3.12-dev rpcsvc-proto runc ubuntu-fan
  zlib1g-dev
The following packages will be upgraded:
  libc-bin libc6 linux-tools-common locales
4 upgraded, 91 newly installed, 0 to remove and 30 not upgraded.
Need to get 155 MB of archives.
After this operation, 558 MB of additional disk space will be used.
Get:1 http://us-east-1.ec2.ports.ubuntu.com/ubuntu-ports noble-updates/main arm64 libc6 arm64 2.39-0ubuntu8.8 [2775 kB]
Fetched 155 MB in 7s (23.5 MB/s)
Get:2 http://us-east-1.ec2.ports.ubuntu.com/ubuntu-ports noble-updates/main arm64 libc-bin arm64 2.39-0ubuntu8.8 [591 kB]
(Reading database ... Get:3 http://us-east-1.ec2.ports.ubuntu.com/ubuntu-ports noble/universe arm64 pigz arm64 2.8-1 [60.7 kB]
Get:4 http://us-east-1.ec2.ports.ubuntu.com/ubuntu-ports noble-updates/main arm64 locales all 2.39-0ubuntu8.8 [4231 kB]
(Reading database ... 5%(Reading database ... 10%(Reading database ... 15%(Reading database ... 20%(Reading database ... 25%(Reading database ... 30%Get:5 http://us-east-1.ec2.ports.ubuntu.com/ubuntu-ports noble-updates/main arm64 binutils-common arm64 2.42-4ubuntu2.10 [240 kB]
Get:6 http://us-east-1.ec2.ports.ubuntu.com/ubuntu-ports noble-updates/main arm64 libsframe1 arm64 2.42-4ubuntu2.10 [15.4 kB]
Get:7 http://us-east-1.ec2.ports.ubuntu.com/ubuntu-ports noble-updates/main arm64 libbinutils arm64 2.42-4ubuntu2.10 [766 kB]
Get:8 http://us-east-1.ec2.ports.ubuntu.com/ubuntu-ports noble-updates/main arm64 libctf-nobfd0 arm64 2.42-4ubuntu2.10 [101 kB]
Get:9 http://us-east-1.ec2.ports.ubuntu.com/ubuntu-ports noble-updates/main arm64 libctf0 arm64 2.42-4ubuntu2.10 [95.7 kB]
Get:10 http://us-east-1.ec2.ports.ubuntu.com/ubuntu-ports noble-updates/main arm64 libgprofng0 arm64 2.42-4ubuntu2.10 [776 kB]
Get:11 http://us-east-1.ec2.ports.ubuntu.com/ubuntu-ports noble-updates/main arm64 binutils-aarch64-linux-gnu arm64 2.42-4ubuntu2.10 [3304 kB]
Get:53 http://us-east-1.ec2.ports.ubuntu.com/ubuntu-ports noble-updates/main arm64 dns-root-data all 2024071801~ubuntu0.24.04.1 [5918 B]
Get:54 http://us-east-1.ec2.ports.ubuntu.com/ubuntu-ports noble-updates/main arm64 dnsmasq-base arm64 2.90-2ubuntu0.4 [367 kB]
Get:55 http://us-east-1.ec2.ports.ubuntu.com/ubuntu-ports noble-updates/universe arm64 docker.io arm64 29.1.3-0ubuntu3~24.04.2 [32.0 MB]
(Reading database ... 35%(Reading database ... 40%(Reading database ... 45%(Reading database ... 50%(Reading database ... 55%(Reading database ... 60%Get:12 http://us-east-1.ec2.ports.ubuntu.com/ubuntu-ports noble-updates/main arm64 binutils arm64 2.42-4ubuntu2.10 [18.1 kB]
Get:13 http://us-east-1.ec2.ports.ubuntu.com/ubuntu-ports noble/main arm64 bridge-utils arm64 1.7.1-1ubuntu2 [34.2 kB]
Get:14 http://us-east-1.ec2.ports.ubuntu.com/ubuntu-ports noble-updates/main arm64 libc-dev-bin arm64 2.39-0ubuntu8.8 [19.7 kB]
Get:15 http://us-east-1.ec2.ports.ubuntu.com/ubuntu-ports noble-updates/main arm64 linux-libc-dev arm64 6.8.0-136.136 [1550 kB]
(Reading database ... 65%Get:16 http://us-east-1.ec2.ports.ubuntu.com/ubuntu-ports noble/main arm64 libcrypt-dev arm64 1:4.4.36-4build1 [118 kB]
Get:17 http://us-east-1.ec2.ports.ubuntu.com/ubuntu-ports noble/main arm64 rpcsvc-proto arm64 1.4.2-0ubuntu7 [64.8 kB]
Get:18 http://us-east-1.ec2.ports.ubuntu.com/ubuntu-ports noble-updates/main arm64 libc6-dev arm64 2.39-0ubuntu8.8 [1596 kB]
Get:19 http://us-east-1.ec2.ports.ubuntu.com/ubuntu-ports noble-updates/main arm64 gcc-13-base arm64 13.3.0-6ubuntu2~24.04.1 [51.6 kB]
Get:20 http://us-east-1.ec2.ports.ubuntu.com/ubuntu-ports noble-updates/main arm64 libisl23 arm64 0.26-3build1.1 [669 kB]
Get:21 http://us-east-1.ec2.ports.ubuntu.com/ubuntu-ports noble-updates/main arm64 libmpc3 arm64 1.3.1-1build1.1 [56.4 kB]
Get:22 http://us-east-1.ec2.ports.ubuntu.com/ubuntu-ports noble-updates/main arm64 cpp-13-aarch64-linux-gnu arm64 13.3.0-6ubuntu2~24.04.1 [9560 kB]
(Reading database ... 70%Get:23 http://us-east-1.ec2.ports.ubuntu.com/ubuntu-ports noble-updates/main arm64 cpp-13 arm64 13.3.0-6ubuntu2~24.04.1 [1038 B]
Get:24 http://us-east-1.ec2.ports.ubuntu.com/ubuntu-ports noble/main arm64 cpp-aarch64-linux-gnu arm64 4:13.2.0-7ubuntu1 [5316 B]
Get:25 http://us-east-1.ec2.ports.ubuntu.com/ubuntu-ports noble/main arm64 cpp arm64 4:13.2.0-7ubuntu1 [22.4 kB]
Get:26 http://us-east-1.ec2.ports.ubuntu.com/ubuntu-ports noble-updates/main arm64 libcc1-0 arm64 14.2.0-4ubuntu2~24.04.1 [49.7 kB]
Get:27 http://us-east-1.ec2.ports.ubuntu.com/ubuntu-ports noble-updates/main arm64 libgomp1 arm64 14.2.0-4ubuntu2~24.04.1 [145 kB]
Get:28 http://us-east-1.ec2.ports.ubuntu.com/ubuntu-ports noble-updates/main arm64 libitm1 arm64 14.2.0-4ubuntu2~24.04.1 [28.2 kB]
Get:29 http://us-east-1.ec2.ports.ubuntu.com/ubuntu-ports noble-updates/main arm64 libatomic1 arm64 14.2.0-4ubuntu2~24.04.1 [11.6 kB]
Get:30 http://us-east-1.ec2.ports.ubuntu.com/ubuntu-ports noble-updates/main arm64 libasan8 arm64 14.2.0-4ubuntu2~24.04.1 [2928 kB]
(Reading database ... 75%(Reading database ... 80%Get:31 http://us-east-1.ec2.ports.ubuntu.com/ubuntu-ports noble-updates/main arm64 liblsan0 arm64 14.2.0-4ubuntu2~24.04.1 [1289 kB]
(Reading database ... 85%Get:32 http://us-east-1.ec2.ports.ubuntu.com/ubuntu-ports noble-updates/main arm64 libtsan2 arm64 14.2.0-4ubuntu2~24.04.1 [2697 kB]
(Reading database ... 90%Get:33 http://us-east-1.ec2.ports.ubuntu.com/ubuntu-ports noble-updates/main arm64 libubsan1 arm64 14.2.0-4ubuntu2~24.04.1 [1157 kB]
Get:34 http://us-east-1.ec2.ports.ubuntu.com/ubuntu-ports noble-updates/main arm64 libhwasan0 arm64 14.2.0-4ubuntu2~24.04.1 [1605 kB]
(Reading database ... 95%Get:35 http://us-east-1.ec2.ports.ubuntu.com/ubuntu-ports noble-updates/main arm64 libgcc-13-dev arm64 13.3.0-6ubuntu2~24.04.1 [2473 kB]
(Reading database ... 100%(Reading database ... 74109 files and directories currently installed.)
Preparing to unpack .../libc6_2.39-0ubuntu8.8_arm64.deb ...
Get:36 http://us-east-1.ec2.ports.ubuntu.com/ubuntu-ports noble-updates/main arm64 gcc-13-aarch64-linux-gnu arm64 13.3.0-6ubuntu2~24.04.1 [18.7 MB]
Get:56 http://us-east-1.ec2.ports.ubuntu.com/ubuntu-ports noble/main arm64 libfakeroot arm64 1.33-1 [32.5 kB]
Get:57 http://us-east-1.ec2.ports.ubuntu.com/ubuntu-ports noble/main arm64 fakeroot arm64 1.33-1 [66.9 kB]
Get:58 http://us-east-1.ec2.ports.ubuntu.com/ubuntu-ports noble/main arm64 fonts-dejavu-mono all 2.37-8 [502 kB]
Get:59 http://us-east-1.ec2.ports.ubuntu.com/ubuntu-ports noble/main arm64 fonts-dejavu-core all 2.37-8 [835 kB]
Get:60 http://us-east-1.ec2.ports.ubuntu.com/ubuntu-ports noble/main arm64 fontconfig-config arm64 2.15.0-1.1ubuntu2 [37.4 kB]
Get:61 http://us-east-1.ec2.ports.ubuntu.com/ubuntu-ports noble/main arm64 javascript-common all 11+nmu1 [5936 B]
Get:62 http://us-east-1.ec2.ports.ubuntu.com/ubuntu-ports noble/main arm64 libalgorithm-diff-perl all 1.201-1 [41.8 kB]
Get:63 http://us-east-1.ec2.ports.ubuntu.com/ubuntu-ports noble/main arm64 libalgorithm-diff-xs-perl arm64 0.04-8build3 [10.9 kB]
Get:64 http://us-east-1.ec2.ports.ubuntu.com/ubuntu-ports noble/main arm64 libalgorithm-merge-perl all 0.08-5 [11.4 kB]
Get:65 http://us-east-1.ec2.ports.ubuntu.com/ubuntu-ports noble-updates/main arm64 libaom3 arm64 3.8.2-2ubuntu0.1 [1617 kB]
Unpacking libc6:arm64 (2.39-0ubuntu8.8) over (2.39-0ubuntu8.7) ...
Get:66 http://us-east-1.ec2.ports.ubuntu.com/ubuntu-ports noble/main arm64 libfontconfig1 arm64 2.15.0-1.1ubuntu2 [142 kB]
Get:67 http://us-east-1.ec2.ports.ubuntu.com/ubuntu-ports noble/main arm64 libsharpyuv0 arm64 1.3.2-0.4build3 [14.5 kB]
Get:68 http://us-east-1.ec2.ports.ubuntu.com/ubuntu-ports noble-updates/main arm64 libheif-plugin-aomdec arm64 1.17.6-1ubuntu4.6 [11.1 kB]
Get:69 http://us-east-1.ec2.ports.ubuntu.com/ubuntu-ports noble-updates/main arm64 libheif1 arm64 1.17.6-1ubuntu4.6 [260 kB]
Get:70 http://us-east-1.ec2.ports.ubuntu.com/ubuntu-ports noble/main arm64 libjpeg-turbo8 arm64 2.1.5-2ubuntu2 [163 kB]
Get:71 http://us-east-1.ec2.ports.ubuntu.com/ubuntu-ports noble/main arm64 libjpeg8 arm64 8c-2ubuntu11 [2148 B]
Get:72 http://us-east-1.ec2.ports.ubuntu.com/ubuntu-ports noble-updates/main arm64 libdeflate0 arm64 1.19-1build1.1 [43.5 kB]
Get:73 http://us-east-1.ec2.ports.ubuntu.com/ubuntu-ports noble/main arm64 libjbig0 arm64 2.1-6.1ubuntu2 [29.3 kB]
Get:74 http://us-east-1.ec2.ports.ubuntu.com/ubuntu-ports noble/main arm64 liblerc4 arm64 4.0.0+ds-4ubuntu2 [154 kB]
Get:75 http://us-east-1.ec2.ports.ubuntu.com/ubuntu-ports noble/main arm64 libwebp7 arm64 1.3.2-0.4build3 [191 kB]
Get:76 http://us-east-1.ec2.ports.ubuntu.com/ubuntu-ports noble-updates/main arm64 libtiff6 arm64 4.5.1+git230720-4ubuntu2.5 [192 kB]
Get:77 http://us-east-1.ec2.ports.ubuntu.com/ubuntu-ports noble-updates/main arm64 libxpm4 arm64 1:3.5.17-1ubuntu0.24.04.1 [35.3 kB]
Get:78 http://us-east-1.ec2.ports.ubuntu.com/ubuntu-ports noble/main arm64 libgd3 arm64 2.3.3-9ubuntu5 [122 kB]
Get:79 http://us-east-1.ec2.ports.ubuntu.com/ubuntu-ports noble-updates/main arm64 libc-devtools arm64 2.39-0ubuntu8.8 [27.8 kB]
Get:80 http://us-east-1.ec2.ports.ubuntu.com/ubuntu-ports noble-updates/main arm64 libexpat1-dev arm64 2.6.1-2ubuntu0.4 [128 kB]
Get:81 http://us-east-1.ec2.ports.ubuntu.com/ubuntu-ports noble/main arm64 libfile-fcntllock-perl arm64 0.22-4ubuntu5 [30.6 kB]
Get:82 http://us-east-1.ec2.ports.ubuntu.com/ubuntu-ports noble-updates/main arm64 libheif-plugin-aomenc arm64 1.17.6-1ubuntu4.6 [13.7 kB]
Get:83 http://us-east-1.ec2.ports.ubuntu.com/ubuntu-ports noble/main arm64 libjs-jquery all 3.6.1+dfsg+~3.5.14-1 [328 kB]
Get:84 http://us-east-1.ec2.ports.ubuntu.com/ubuntu-ports noble/main arm64 libjs-underscore all 1.13.4~dfsg+~1.11.4-3 [118 kB]
Get:85 http://us-east-1.ec2.ports.ubuntu.com/ubuntu-ports noble/main arm64 libjs-sphinxdoc all 7.2.6-6 [149 kB]
Get:86 http://us-east-1.ec2.ports.ubuntu.com/ubuntu-ports noble-updates/main arm64 zlib1g-dev arm64 1:1.3.dfsg-3.1ubuntu2.1 [894 kB]
Get:87 http://us-east-1.ec2.ports.ubuntu.com/ubuntu-ports noble-updates/main arm64 libpython3.12-dev arm64 3.12.3-1ubuntu0.15 [5538 kB]
Setting up libc6:arm64 (2.39-0ubuntu8.8) ...
Get:88 http://us-east-1.ec2.ports.ubuntu.com/ubuntu-ports noble-updates/main arm64 libpython3-dev arm64 3.12.3-0ubuntu2.1 [10.4 kB]
Get:89 http://us-east-1.ec2.ports.ubuntu.com/ubuntu-ports noble-updates/main arm64 linux-tools-common all 6.8.0-136.136 [416 kB]
Get:90 http://us-east-1.ec2.ports.ubuntu.com/ubuntu-ports noble/main arm64 manpages-dev all 6.7-2 [2013 kB]
Get:91 http://us-east-1.ec2.ports.ubuntu.com/ubuntu-ports noble-updates/main arm64 python3.12-dev arm64 3.12.3-1ubuntu0.15 [498 kB]
Get:92 http://us-east-1.ec2.ports.ubuntu.com/ubuntu-ports noble-updates/main arm64 python3-dev arm64 3.12.3-0ubuntu2.1 [26.7 kB]
Get:93 http://us-east-1.ec2.ports.ubuntu.com/ubuntu-ports noble/universe arm64 python3-wheel all 0.42.0-2 [53.1 kB]
Get:94 http://us-east-1.ec2.ports.ubuntu.com/ubuntu-ports noble-updates/universe arm64 python3-pip all 24.0+dfsg-1ubuntu1.3 [1320 kB]
Get:95 http://us-east-1.ec2.ports.ubuntu.com/ubuntu-ports noble-updates/universe arm64 ubuntu-fan all 0.12.16+24.04.1 [34.2 kB]
(Reading database ... (Reading database ... 5%(Reading database ... 10%(Reading database ... 15%(Reading database ... 20%(Reading database ... 25%(Reading database ... 30%(Reading database ... 35%(Reading database ... 40%(Reading database ... 45%(Reading database ... 50%(Reading database ... 55%Get:37 http://us-east-1.ec2.ports.ubuntu.com/ubuntu-ports noble-updates/main arm64 gcc-13 arm64 13.3.0-6ubuntu2~24.04.1 [484 kB]
Get:38 http://us-east-1.ec2.ports.ubuntu.com/ubuntu-ports noble/main arm64 gcc-aarch64-linux-gnu arm64 4:13.2.0-7ubuntu1 [1198 B]
Get:39 http://us-east-1.ec2.ports.ubuntu.com/ubuntu-ports noble/main arm64 gcc arm64 4:13.2.0-7ubuntu1 [5018 B]
Get:40 http://us-east-1.ec2.ports.ubuntu.com/ubuntu-ports noble-updates/main arm64 libstdc++-13-dev arm64 13.3.0-6ubuntu2~24.04.1 [2397 kB]
(Reading database ... 60%(Reading database ... 65%(Reading database ... 70%(Reading database ... 75%(Reading database ... 80%(Reading database ... 85%(Reading database ... 90%(Reading database ... 95%(Reading database ... 100%(Reading database ... 74109 files and directories currently installed.)
Preparing to unpack .../libc-bin_2.39-0ubuntu8.8_arm64.deb ...
Unpacking libc-bin (2.39-0ubuntu8.8) over (2.39-0ubuntu8.7) ...
Setting up libc-bin (2.39-0ubuntu8.8) ...
Selecting previously unselected package pigz.
(Reading database ... (Reading database ... 5%(Reading database ... 10%(Reading database ... 15%(Reading database ... 20%(Reading database ... 25%(Reading database ... 30%(Reading database ... 35%(Reading database ... 40%(Reading database ... 45%(Reading database ... 50%(Reading database ... 55%(Reading database ... 60%(Reading database ... 65%(Reading database ... 70%(Reading database ... 75%(Reading database ... 80%Get:41 http://us-east-1.ec2.ports.ubuntu.com/ubuntu-ports noble-updates/main arm64 g++-13-aarch64-linux-gnu arm64 13.3.0-6ubuntu2~24.04.1 [10.9 MB]
(Reading database ... 85%(Reading database ... 90%(Reading database ... 95%(Reading database ... 100%(Reading database ... 74109 files and directories currently installed.)
Preparing to unpack .../00-pigz_2.8-1_arm64.deb ...
Unpacking pigz (2.8-1) ...
Preparing to unpack .../01-locales_2.39-0ubuntu8.8_all.deb ...
Unpacking locales (2.39-0ubuntu8.8) over (2.39-0ubuntu8.7) ...
Preconfiguring packages ...
Fetched 155 MB in 7s (23.8 MB/s)
Selecting previously unselected package binutils-common:arm64.
Preparing to unpack .../02-binutils-common_2.42-4ubuntu2.10_arm64.deb ...
Unpacking binutils-common:arm64 (2.42-4ubuntu2.10) ...
(Reading database ... Selecting previously unselected package libsframe1:arm64.
Preparing to unpack .../03-libsframe1_2.42-4ubuntu2.10_arm64.deb ...
(Reading database ... 5%(Reading database ... 10%(Reading database ... 15%(Reading database ... 20%(Reading database ... 25%(Reading database ... 30%(Reading database ... 35%(Reading database ... 40%(Reading database ... 45%(Reading database ... 50%(Reading database ... 55%Unpacking libsframe1:arm64 (2.42-4ubuntu2.10) ...
Get:42 http://us-east-1.ec2.ports.ubuntu.com/ubuntu-ports noble-updates/main arm64 g++-13 arm64 13.3.0-6ubuntu2~24.04.1 [16.0 kB]
Get:43 http://us-east-1.ec2.ports.ubuntu.com/ubuntu-ports noble/main arm64 g++-aarch64-linux-gnu arm64 4:13.2.0-7ubuntu1 [962 B]
Get:44 http://us-east-1.ec2.ports.ubuntu.com/ubuntu-ports noble/main arm64 g++ arm64 4:13.2.0-7ubuntu1 [1082 B]
Get:45 http://us-east-1.ec2.ports.ubuntu.com/ubuntu-ports noble/main arm64 make arm64 4.3-4.1build2 [178 kB]
Get:46 http://us-east-1.ec2.ports.ubuntu.com/ubuntu-ports noble-updates/main arm64 libdpkg-perl all 1.22.6ubuntu6.6 [268 kB]
Get:47 http://us-east-1.ec2.ports.ubuntu.com/ubuntu-ports noble-updates/main arm64 bzip2 arm64 1.0.8-5.1build0.1 [34.0 kB]
Get:48 http://us-east-1.ec2.ports.ubuntu.com/ubuntu-ports noble/main arm64 lto-disabled-list all 47 [12.4 kB]
Get:49 http://us-east-1.ec2.ports.ubuntu.com/ubuntu-ports noble-updates/main arm64 dpkg-dev all 1.22.6ubuntu6.6 [1074 kB]
Get:50 http://us-east-1.ec2.ports.ubuntu.com/ubuntu-ports noble/main arm64 build-essential arm64 12.10ubuntu1 [4932 B]
Get:51 http://us-east-1.ec2.ports.ubuntu.com/ubuntu-ports noble-updates/main arm64 runc arm64 1.3.4-0ubuntu1~24.04.1 [8578 kB]
Selecting previously unselected package libbinutils:arm64.
Preparing to unpack .../04-libbinutils_2.42-4ubuntu2.10_arm64.deb ...
Unpacking libbinutils:arm64 (2.42-4ubuntu2.10) ...
Selecting previously unselected package libctf-nobfd0:arm64.
Preparing to unpack .../05-libctf-nobfd0_2.42-4ubuntu2.10_arm64.deb ...
Unpacking libctf-nobfd0:arm64 (2.42-4ubuntu2.10) ...
(Reading database ... 60%Selecting previously unselected package libctf0:arm64.
Preparing to unpack .../06-libctf0_2.42-4ubuntu2.10_arm64.deb ...
Unpacking libctf0:arm64 (2.42-4ubuntu2.10) ...
(Reading database ... 65%Selecting previously unselected package libgprofng0:arm64.
Preparing to unpack .../07-libgprofng0_2.42-4ubuntu2.10_arm64.deb ...
Unpacking libgprofng0:arm64 (2.42-4ubuntu2.10) ...
(Reading database ... 70%Get:52 http://us-east-1.ec2.ports.ubuntu.com/ubuntu-ports noble-updates/main arm64 containerd arm64 2.2.1-0ubuntu1~24.04.3 [25.2 MB]
Selecting previously unselected package binutils-aarch64-linux-gnu.
Preparing to unpack .../08-binutils-aarch64-linux-gnu_2.42-4ubuntu2.10_arm64.deb ...
Unpacking binutils-aarch64-linux-gnu (2.42-4ubuntu2.10) ...
(Reading database ... 75%(Reading database ... 80%(Reading database ... 85%Selecting previously unselected package binutils.
Preparing to unpack .../09-binutils_2.42-4ubuntu2.10_arm64.deb ...
Unpacking binutils (2.42-4ubuntu2.10) ...
(Reading database ... 90%Selecting previously unselected package bridge-utils.
Preparing to unpack .../10-bridge-utils_1.7.1-1ubuntu2_arm64.deb ...
Unpacking bridge-utils (1.7.1-1ubuntu2) ...
Selecting previously unselected package libc-dev-bin.
Preparing to unpack .../11-libc-dev-bin_2.39-0ubuntu8.8_arm64.deb ...
Unpacking libc-dev-bin (2.39-0ubuntu8.8) ...
(Reading database ... 95%Selecting previously unselected package linux-libc-dev:arm64.
Preparing to unpack .../12-linux-libc-dev_6.8.0-136.136_arm64.deb ...
Unpacking linux-libc-dev:arm64 (6.8.0-136.136) ...
(Reading database ... 100%(Reading database ... 74109 files and directories currently installed.)
Preparing to unpack .../libc6_2.39-0ubuntu8.8_arm64.deb ...
Selecting previously unselected package libcrypt-dev:arm64.
Preparing to unpack .../13-libcrypt-dev_1%3a4.4.36-4build1_arm64.deb ...
Unpacking libcrypt-dev:arm64 (1:4.4.36-4build1) ...
Unpacking libc6:arm64 (2.39-0ubuntu8.8) over (2.39-0ubuntu8.7) ...
Selecting previously unselected package rpcsvc-proto.
Preparing to unpack .../14-rpcsvc-proto_1.4.2-0ubuntu7_arm64.deb ...
Unpacking rpcsvc-proto (1.4.2-0ubuntu7) ...
Selecting previously unselected package libc6-dev:arm64.
Preparing to unpack .../15-libc6-dev_2.39-0ubuntu8.8_arm64.deb ...
Unpacking libc6-dev:arm64 (2.39-0ubuntu8.8) ...
Setting up libc6:arm64 (2.39-0ubuntu8.8) ...
Selecting previously unselected package gcc-13-base:arm64.
Preparing to unpack .../16-gcc-13-base_13.3.0-6ubuntu2~24.04.1_arm64.deb ...
Unpacking gcc-13-base:arm64 (13.3.0-6ubuntu2~24.04.1) ...
Selecting previously unselected package libisl23:arm64.
Preparing to unpack .../17-libisl23_0.26-3build1.1_arm64.deb ...
Unpacking libisl23:arm64 (0.26-3build1.1) ...
Get:53 http://us-east-1.ec2.ports.ubuntu.com/ubuntu-ports noble-updates/main arm64 dns-root-data all 2024071801~ubuntu0.24.04.1 [5918 B]
Get:54 http://us-east-1.ec2.ports.ubuntu.com/ubuntu-ports noble-updates/main arm64 dnsmasq-base arm64 2.90-2ubuntu0.4 [367 kB]
Get:55 http://us-east-1.ec2.ports.ubuntu.com/ubuntu-ports noble-updates/universe arm64 docker.io arm64 29.1.3-0ubuntu3~24.04.2 [32.0 MB]
Selecting previously unselected package libmpc3:arm64.
Preparing to unpack .../18-libmpc3_1.3.1-1build1.1_arm64.deb ...
Unpacking libmpc3:arm64 (1.3.1-1build1.1) ...
Selecting previously unselected package cpp-13-aarch64-linux-gnu.
Preparing to unpack .../19-cpp-13-aarch64-linux-gnu_13.3.0-6ubuntu2~24.04.1_arm64.deb ...
Unpacking cpp-13-aarch64-linux-gnu (13.3.0-6ubuntu2~24.04.1) ...
(Reading database ... (Reading database ... 5%(Reading database ... 10%(Reading database ... 15%(Reading database ... 20%(Reading database ... 25%(Reading database ... 30%(Reading database ... 35%(Reading database ... 40%(Reading database ... 45%(Reading database ... 50%(Reading database ... 55%(Reading database ... 60%(Reading database ... 65%(Reading database ... 70%(Reading database ... 75%(Reading database ... 80%(Reading database ... 85%(Reading database ... 90%(Reading database ... 95%(Reading database ... 100%(Reading database ... 74109 files and directories currently installed.)
Preparing to unpack .../libc-bin_2.39-0ubuntu8.8_arm64.deb ...
Unpacking libc-bin (2.39-0ubuntu8.8) over (2.39-0ubuntu8.7) ...
Setting up libc-bin (2.39-0ubuntu8.8) ...
Selecting previously unselected package cpp-13.
Preparing to unpack .../20-cpp-13_13.3.0-6ubuntu2~24.04.1_arm64.deb ...
Unpacking cpp-13 (13.3.0-6ubuntu2~24.04.1) ...
Selecting previously unselected package pigz.
(Reading database ... (Reading database ... 5%(Reading database ... 10%(Reading database ... 15%(Reading database ... 20%(Reading database ... 25%(Reading database ... 30%(Reading database ... 35%(Reading database ... 40%(Reading database ... 45%(Reading database ... 50%(Reading database ... 55%(Reading database ... 60%(Reading database ... 65%(Reading database ... 70%(Reading database ... 75%(Reading database ... 80%(Reading database ... 85%Selecting previously unselected package cpp-aarch64-linux-gnu.
(Reading database ... 90%(Reading database ... 95%(Reading database ... 100%(Reading database ... 74109 files and directories currently installed.)
Preparing to unpack .../00-pigz_2.8-1_arm64.deb ...
Preparing to unpack .../21-cpp-aarch64-linux-gnu_4%3a13.2.0-7ubuntu1_arm64.deb ...
Unpacking pigz (2.8-1) ...
Unpacking cpp-aarch64-linux-gnu (4:13.2.0-7ubuntu1) ...
Preparing to unpack .../01-locales_2.39-0ubuntu8.8_all.deb ...
Selecting previously unselected package cpp.
Preparing to unpack .../22-cpp_4%3a13.2.0-7ubuntu1_arm64.deb ...
Unpacking locales (2.39-0ubuntu8.8) over (2.39-0ubuntu8.7) ...
Unpacking cpp (4:13.2.0-7ubuntu1) ...
Selecting previously unselected package libcc1-0:arm64.
Preparing to unpack .../23-libcc1-0_14.2.0-4ubuntu2~24.04.1_arm64.deb ...
Unpacking libcc1-0:arm64 (14.2.0-4ubuntu2~24.04.1) ...
Selecting previously unselected package libgomp1:arm64.
Preparing to unpack .../24-libgomp1_14.2.0-4ubuntu2~24.04.1_arm64.deb ...
Unpacking libgomp1:arm64 (14.2.0-4ubuntu2~24.04.1) ...
Selecting previously unselected package libitm1:arm64.
Preparing to unpack .../25-libitm1_14.2.0-4ubuntu2~24.04.1_arm64.deb ...
Unpacking libitm1:arm64 (14.2.0-4ubuntu2~24.04.1) ...
Selecting previously unselected package libatomic1:arm64.
Preparing to unpack .../26-libatomic1_14.2.0-4ubuntu2~24.04.1_arm64.deb ...
Unpacking libatomic1:arm64 (14.2.0-4ubuntu2~24.04.1) ...
Selecting previously unselected package binutils-common:arm64.
Preparing to unpack .../02-binutils-common_2.42-4ubuntu2.10_arm64.deb ...
Unpacking binutils-common:arm64 (2.42-4ubuntu2.10) ...
Selecting previously unselected package libsframe1:arm64.
Preparing to unpack .../03-libsframe1_2.42-4ubuntu2.10_arm64.deb ...
Selecting previously unselected package libasan8:arm64.
Preparing to unpack .../27-libasan8_14.2.0-4ubuntu2~24.04.1_arm64.deb ...
Unpacking libsframe1:arm64 (2.42-4ubuntu2.10) ...
Unpacking libasan8:arm64 (14.2.0-4ubuntu2~24.04.1) ...
Selecting previously unselected package libbinutils:arm64.
Preparing to unpack .../04-libbinutils_2.42-4ubuntu2.10_arm64.deb ...
Unpacking libbinutils:arm64 (2.42-4ubuntu2.10) ...
Selecting previously unselected package libctf-nobfd0:arm64.
Preparing to unpack .../05-libctf-nobfd0_2.42-4ubuntu2.10_arm64.deb ...
Unpacking libctf-nobfd0:arm64 (2.42-4ubuntu2.10) ...
Selecting previously unselected package libctf0:arm64.
Preparing to unpack .../06-libctf0_2.42-4ubuntu2.10_arm64.deb ...
Unpacking libctf0:arm64 (2.42-4ubuntu2.10) ...
Selecting previously unselected package liblsan0:arm64.
Preparing to unpack .../28-liblsan0_14.2.0-4ubuntu2~24.04.1_arm64.deb ...
Unpacking liblsan0:arm64 (14.2.0-4ubuntu2~24.04.1) ...
Selecting previously unselected package libgprofng0:arm64.
Preparing to unpack .../07-libgprofng0_2.42-4ubuntu2.10_arm64.deb ...
Unpacking libgprofng0:arm64 (2.42-4ubuntu2.10) ...
Selecting previously unselected package binutils-aarch64-linux-gnu.
Preparing to unpack .../08-binutils-aarch64-linux-gnu_2.42-4ubuntu2.10_arm64.deb ...
Unpacking binutils-aarch64-linux-gnu (2.42-4ubuntu2.10) ...
Selecting previously unselected package libtsan2:arm64.
Preparing to unpack .../29-libtsan2_14.2.0-4ubuntu2~24.04.1_arm64.deb ...
Unpacking libtsan2:arm64 (14.2.0-4ubuntu2~24.04.1) ...
Selecting previously unselected package binutils.
Preparing to unpack .../09-binutils_2.42-4ubuntu2.10_arm64.deb ...
Unpacking binutils (2.42-4ubuntu2.10) ...
Selecting previously unselected package libubsan1:arm64.
Preparing to unpack .../30-libubsan1_14.2.0-4ubuntu2~24.04.1_arm64.deb ...
Unpacking libubsan1:arm64 (14.2.0-4ubuntu2~24.04.1) ...
Selecting previously unselected package bridge-utils.
Preparing to unpack .../10-bridge-utils_1.7.1-1ubuntu2_arm64.deb ...
Unpacking bridge-utils (1.7.1-1ubuntu2) ...
Selecting previously unselected package libc-dev-bin.
Preparing to unpack .../11-libc-dev-bin_2.39-0ubuntu8.8_arm64.deb ...
Unpacking libc-dev-bin (2.39-0ubuntu8.8) ...
Selecting previously unselected package libhwasan0:arm64.
Preparing to unpack .../31-libhwasan0_14.2.0-4ubuntu2~24.04.1_arm64.deb ...
Unpacking libhwasan0:arm64 (14.2.0-4ubuntu2~24.04.1) ...
Selecting previously unselected package linux-libc-dev:arm64.
Preparing to unpack .../12-linux-libc-dev_6.8.0-136.136_arm64.deb ...
Unpacking linux-libc-dev:arm64 (6.8.0-136.136) ...
Selecting previously unselected package libgcc-13-dev:arm64.
Preparing to unpack .../32-libgcc-13-dev_13.3.0-6ubuntu2~24.04.1_arm64.deb ...
Unpacking libgcc-13-dev:arm64 (13.3.0-6ubuntu2~24.04.1) ...
Get:56 http://us-east-1.ec2.ports.ubuntu.com/ubuntu-ports noble/main arm64 libfakeroot arm64 1.33-1 [32.5 kB]
Get:57 http://us-east-1.ec2.ports.ubuntu.com/ubuntu-ports noble/main arm64 fakeroot arm64 1.33-1 [66.9 kB]
Get:58 http://us-east-1.ec2.ports.ubuntu.com/ubuntu-ports noble/main arm64 fonts-dejavu-mono all 2.37-8 [502 kB]
Get:59 http://us-east-1.ec2.ports.ubuntu.com/ubuntu-ports noble/main arm64 fonts-dejavu-core all 2.37-8 [835 kB]
Get:60 http://us-east-1.ec2.ports.ubuntu.com/ubuntu-ports noble/main arm64 fontconfig-config arm64 2.15.0-1.1ubuntu2 [37.4 kB]
Get:61 http://us-east-1.ec2.ports.ubuntu.com/ubuntu-ports noble/main arm64 javascript-common all 11+nmu1 [5936 B]
Get:62 http://us-east-1.ec2.ports.ubuntu.com/ubuntu-ports noble/main arm64 libalgorithm-diff-perl all 1.201-1 [41.8 kB]
Get:63 http://us-east-1.ec2.ports.ubuntu.com/ubuntu-ports noble/main arm64 libalgorithm-diff-xs-perl arm64 0.04-8build3 [10.9 kB]
Get:64 http://us-east-1.ec2.ports.ubuntu.com/ubuntu-ports noble/main arm64 libalgorithm-merge-perl all 0.08-5 [11.4 kB]
Get:65 http://us-east-1.ec2.ports.ubuntu.com/ubuntu-ports noble-updates/main arm64 libaom3 arm64 3.8.2-2ubuntu0.1 [1617 kB]
Selecting previously unselected package libcrypt-dev:arm64.
Preparing to unpack .../13-libcrypt-dev_1%3a4.4.36-4build1_arm64.deb ...
Unpacking libcrypt-dev:arm64 (1:4.4.36-4build1) ...
Selecting previously unselected package gcc-13-aarch64-linux-gnu.
Preparing to unpack .../33-gcc-13-aarch64-linux-gnu_13.3.0-6ubuntu2~24.04.1_arm64.deb ...
Unpacking gcc-13-aarch64-linux-gnu (13.3.0-6ubuntu2~24.04.1) ...
Get:66 http://us-east-1.ec2.ports.ubuntu.com/ubuntu-ports noble/main arm64 libfontconfig1 arm64 2.15.0-1.1ubuntu2 [142 kB]
Get:67 http://us-east-1.ec2.ports.ubuntu.com/ubuntu-ports noble/main arm64 libsharpyuv0 arm64 1.3.2-0.4build3 [14.5 kB]
Get:68 http://us-east-1.ec2.ports.ubuntu.com/ubuntu-ports noble-updates/main arm64 libheif-plugin-aomdec arm64 1.17.6-1ubuntu4.6 [11.1 kB]
Get:69 http://us-east-1.ec2.ports.ubuntu.com/ubuntu-ports noble-updates/main arm64 libheif1 arm64 1.17.6-1ubuntu4.6 [260 kB]
Get:70 http://us-east-1.ec2.ports.ubuntu.com/ubuntu-ports noble/main arm64 libjpeg-turbo8 arm64 2.1.5-2ubuntu2 [163 kB]
Get:71 http://us-east-1.ec2.ports.ubuntu.com/ubuntu-ports noble/main arm64 libjpeg8 arm64 8c-2ubuntu11 [2148 B]
Get:72 http://us-east-1.ec2.ports.ubuntu.com/ubuntu-ports noble-updates/main arm64 libdeflate0 arm64 1.19-1build1.1 [43.5 kB]
Get:73 http://us-east-1.ec2.ports.ubuntu.com/ubuntu-ports noble/main arm64 libjbig0 arm64 2.1-6.1ubuntu2 [29.3 kB]
Get:74 http://us-east-1.ec2.ports.ubuntu.com/ubuntu-ports noble/main arm64 liblerc4 arm64 4.0.0+ds-4ubuntu2 [154 kB]
Get:75 http://us-east-1.ec2.ports.ubuntu.com/ubuntu-ports noble/main arm64 libwebp7 arm64 1.3.2-0.4build3 [191 kB]
Get:76 http://us-east-1.ec2.ports.ubuntu.com/ubuntu-ports noble-updates/main arm64 libtiff6 arm64 4.5.1+git230720-4ubuntu2.5 [192 kB]
Get:77 http://us-east-1.ec2.ports.ubuntu.com/ubuntu-ports noble-updates/main arm64 libxpm4 arm64 1:3.5.17-1ubuntu0.24.04.1 [35.3 kB]
Get:78 http://us-east-1.ec2.ports.ubuntu.com/ubuntu-ports noble/main arm64 libgd3 arm64 2.3.3-9ubuntu5 [122 kB]
Get:79 http://us-east-1.ec2.ports.ubuntu.com/ubuntu-ports noble-updates/main arm64 libc-devtools arm64 2.39-0ubuntu8.8 [27.8 kB]
Get:80 http://us-east-1.ec2.ports.ubuntu.com/ubuntu-ports noble-updates/main arm64 libexpat1-dev arm64 2.6.1-2ubuntu0.4 [128 kB]
Get:81 http://us-east-1.ec2.ports.ubuntu.com/ubuntu-ports noble/main arm64 libfile-fcntllock-perl arm64 0.22-4ubuntu5 [30.6 kB]
Get:82 http://us-east-1.ec2.ports.ubuntu.com/ubuntu-ports noble-updates/main arm64 libheif-plugin-aomenc arm64 1.17.6-1ubuntu4.6 [13.7 kB]
Get:83 http://us-east-1.ec2.ports.ubuntu.com/ubuntu-ports noble/main arm64 libjs-jquery all 3.6.1+dfsg+~3.5.14-1 [328 kB]
Get:84 http://us-east-1.ec2.ports.ubuntu.com/ubuntu-ports noble/main arm64 libjs-underscore all 1.13.4~dfsg+~1.11.4-3 [118 kB]
Get:85 http://us-east-1.ec2.ports.ubuntu.com/ubuntu-ports noble/main arm64 libjs-sphinxdoc all 7.2.6-6 [149 kB]
Get:86 http://us-east-1.ec2.ports.ubuntu.com/ubuntu-ports noble-updates/main arm64 zlib1g-dev arm64 1:1.3.dfsg-3.1ubuntu2.1 [894 kB]
Selecting previously unselected package rpcsvc-proto.
Preparing to unpack .../14-rpcsvc-proto_1.4.2-0ubuntu7_arm64.deb ...
Get:87 http://us-east-1.ec2.ports.ubuntu.com/ubuntu-ports noble-updates/main arm64 libpython3.12-dev arm64 3.12.3-1ubuntu0.15 [5538 kB]
Unpacking rpcsvc-proto (1.4.2-0ubuntu7) ...
Selecting previously unselected package libc6-dev:arm64.
Preparing to unpack .../15-libc6-dev_2.39-0ubuntu8.8_arm64.deb ...
Unpacking libc6-dev:arm64 (2.39-0ubuntu8.8) ...
Selecting previously unselected package gcc-13-base:arm64.
Preparing to unpack .../16-gcc-13-base_13.3.0-6ubuntu2~24.04.1_arm64.deb ...
Unpacking gcc-13-base:arm64 (13.3.0-6ubuntu2~24.04.1) ...
Selecting previously unselected package libisl23:arm64.
Preparing to unpack .../17-libisl23_0.26-3build1.1_arm64.deb ...
Unpacking libisl23:arm64 (0.26-3build1.1) ...
Selecting previously unselected package libmpc3:arm64.
Preparing to unpack .../18-libmpc3_1.3.1-1build1.1_arm64.deb ...
Unpacking libmpc3:arm64 (1.3.1-1build1.1) ...
Selecting previously unselected package cpp-13-aarch64-linux-gnu.
Preparing to unpack .../19-cpp-13-aarch64-linux-gnu_13.3.0-6ubuntu2~24.04.1_arm64.deb ...
Unpacking cpp-13-aarch64-linux-gnu (13.3.0-6ubuntu2~24.04.1) ...
Get:88 http://us-east-1.ec2.ports.ubuntu.com/ubuntu-ports noble-updates/main arm64 libpython3-dev arm64 3.12.3-0ubuntu2.1 [10.4 kB]
Get:89 http://us-east-1.ec2.ports.ubuntu.com/ubuntu-ports noble-updates/main arm64 linux-tools-common all 6.8.0-136.136 [416 kB]
Get:90 http://us-east-1.ec2.ports.ubuntu.com/ubuntu-ports noble/main arm64 manpages-dev all 6.7-2 [2013 kB]
Get:91 http://us-east-1.ec2.ports.ubuntu.com/ubuntu-ports noble-updates/main arm64 python3.12-dev arm64 3.12.3-1ubuntu0.15 [498 kB]
Get:92 http://us-east-1.ec2.ports.ubuntu.com/ubuntu-ports noble-updates/main arm64 python3-dev arm64 3.12.3-0ubuntu2.1 [26.7 kB]
Get:93 http://us-east-1.ec2.ports.ubuntu.com/ubuntu-ports noble/universe arm64 python3-wheel all 0.42.0-2 [53.1 kB]
Get:94 http://us-east-1.ec2.ports.ubuntu.com/ubuntu-ports noble-updates/universe arm64 python3-pip all 24.0+dfsg-1ubuntu1.3 [1320 kB]
Get:95 http://us-east-1.ec2.ports.ubuntu.com/ubuntu-ports noble-updates/universe arm64 ubuntu-fan all 0.12.16+24.04.1 [34.2 kB]
Selecting previously unselected package cpp-13.
Preparing to unpack .../20-cpp-13_13.3.0-6ubuntu2~24.04.1_arm64.deb ...
Unpacking cpp-13 (13.3.0-6ubuntu2~24.04.1) ...
Selecting previously unselected package gcc-13.
Preparing to unpack .../34-gcc-13_13.3.0-6ubuntu2~24.04.1_arm64.deb ...
Unpacking gcc-13 (13.3.0-6ubuntu2~24.04.1) ...
Selecting previously unselected package cpp-aarch64-linux-gnu.
Preparing to unpack .../21-cpp-aarch64-linux-gnu_4%3a13.2.0-7ubuntu1_arm64.deb ...
Unpacking cpp-aarch64-linux-gnu (4:13.2.0-7ubuntu1) ...
Selecting previously unselected package cpp.
Preparing to unpack .../22-cpp_4%3a13.2.0-7ubuntu1_arm64.deb ...
Unpacking cpp (4:13.2.0-7ubuntu1) ...
Selecting previously unselected package gcc-aarch64-linux-gnu.
Preparing to unpack .../35-gcc-aarch64-linux-gnu_4%3a13.2.0-7ubuntu1_arm64.deb ...
Unpacking gcc-aarch64-linux-gnu (4:13.2.0-7ubuntu1) ...
Selecting previously unselected package gcc.
Preparing to unpack .../36-gcc_4%3a13.2.0-7ubuntu1_arm64.deb ...
Unpacking gcc (4:13.2.0-7ubuntu1) ...
Selecting previously unselected package libcc1-0:arm64.
Preparing to unpack .../23-libcc1-0_14.2.0-4ubuntu2~24.04.1_arm64.deb ...
Unpacking libcc1-0:arm64 (14.2.0-4ubuntu2~24.04.1) ...
Selecting previously unselected package libstdc++-13-dev:arm64.
Preparing to unpack .../37-libstdc++-13-dev_13.3.0-6ubuntu2~24.04.1_arm64.deb ...
Unpacking libstdc++-13-dev:arm64 (13.3.0-6ubuntu2~24.04.1) ...
Selecting previously unselected package libgomp1:arm64.
Preparing to unpack .../24-libgomp1_14.2.0-4ubuntu2~24.04.1_arm64.deb ...
Unpacking libgomp1:arm64 (14.2.0-4ubuntu2~24.04.1) ...
Selecting previously unselected package libitm1:arm64.
Preparing to unpack .../25-libitm1_14.2.0-4ubuntu2~24.04.1_arm64.deb ...
Unpacking libitm1:arm64 (14.2.0-4ubuntu2~24.04.1) ...
Selecting previously unselected package libatomic1:arm64.
Preparing to unpack .../26-libatomic1_14.2.0-4ubuntu2~24.04.1_arm64.deb ...
Unpacking libatomic1:arm64 (14.2.0-4ubuntu2~24.04.1) ...
Selecting previously unselected package libasan8:arm64.
Preparing to unpack .../27-libasan8_14.2.0-4ubuntu2~24.04.1_arm64.deb ...
Unpacking libasan8:arm64 (14.2.0-4ubuntu2~24.04.1) ...
Selecting previously unselected package liblsan0:arm64.
Preparing to unpack .../28-liblsan0_14.2.0-4ubuntu2~24.04.1_arm64.deb ...
Unpacking liblsan0:arm64 (14.2.0-4ubuntu2~24.04.1) ...
Selecting previously unselected package g++-13-aarch64-linux-gnu.
Preparing to unpack .../38-g++-13-aarch64-linux-gnu_13.3.0-6ubuntu2~24.04.1_arm64.deb ...
Unpacking g++-13-aarch64-linux-gnu (13.3.0-6ubuntu2~24.04.1) ...
Selecting previously unselected package libtsan2:arm64.
Preparing to unpack .../29-libtsan2_14.2.0-4ubuntu2~24.04.1_arm64.deb ...
Unpacking libtsan2:arm64 (14.2.0-4ubuntu2~24.04.1) ...
Preconfiguring packages ...
Selecting previously unselected package libubsan1:arm64.
Preparing to unpack .../30-libubsan1_14.2.0-4ubuntu2~24.04.1_arm64.deb ...
Unpacking libubsan1:arm64 (14.2.0-4ubuntu2~24.04.1) ...
Fetched 155 MB in 5s (31.6 MB/s)
Selecting previously unselected package libhwasan0:arm64.
Preparing to unpack .../31-libhwasan0_14.2.0-4ubuntu2~24.04.1_arm64.deb ...
Unpacking libhwasan0:arm64 (14.2.0-4ubuntu2~24.04.1) ...
Selecting previously unselected package g++-13.
Preparing to unpack .../39-g++-13_13.3.0-6ubuntu2~24.04.1_arm64.deb ...
Unpacking g++-13 (13.3.0-6ubuntu2~24.04.1) ...
(Reading database ... (Reading database ... 5%(Reading database ... 10%(Reading database ... 15%(Reading database ... 20%(Reading database ... 25%(Reading database ... 30%(Reading database ... 35%(Reading database ... 40%(Reading database ... 45%(Reading database ... 50%(Reading database ... 55%Selecting previously unselected package g++-aarch64-linux-gnu.
Preparing to unpack .../40-g++-aarch64-linux-gnu_4%3a13.2.0-7ubuntu1_arm64.deb ...
Unpacking g++-aarch64-linux-gnu (4:13.2.0-7ubuntu1) ...
Selecting previously unselected package libgcc-13-dev:arm64.
Preparing to unpack .../32-libgcc-13-dev_13.3.0-6ubuntu2~24.04.1_arm64.deb ...
Unpacking libgcc-13-dev:arm64 (13.3.0-6ubuntu2~24.04.1) ...
Selecting previously unselected package g++.
Preparing to unpack .../41-g++_4%3a13.2.0-7ubuntu1_arm64.deb ...
Unpacking g++ (4:13.2.0-7ubuntu1) ...
Selecting previously unselected package make.
Preparing to unpack .../42-make_4.3-4.1build2_arm64.deb ...
Unpacking make (4.3-4.1build2) ...
(Reading database ... 60%Selecting previously unselected package libdpkg-perl.
Preparing to unpack .../43-libdpkg-perl_1.22.6ubuntu6.6_all.deb ...
Unpacking libdpkg-perl (1.22.6ubuntu6.6) ...
Selecting previously unselected package gcc-13-aarch64-linux-gnu.
(Reading database ... 65%Preparing to unpack .../33-gcc-13-aarch64-linux-gnu_13.3.0-6ubuntu2~24.04.1_arm64.deb ...
Unpacking gcc-13-aarch64-linux-gnu (13.3.0-6ubuntu2~24.04.1) ...
(Reading database ... 70%Selecting previously unselected package bzip2.
Preparing to unpack .../44-bzip2_1.0.8-5.1build0.1_arm64.deb ...
Unpacking bzip2 (1.0.8-5.1build0.1) ...
(Reading database ... 75%Selecting previously unselected package lto-disabled-list.
Preparing to unpack .../45-lto-disabled-list_47_all.deb ...
Unpacking lto-disabled-list (47) ...
(Reading database ... 80%(Reading database ... 85%Selecting previously unselected package dpkg-dev.
Preparing to unpack .../46-dpkg-dev_1.22.6ubuntu6.6_all.deb ...
Unpacking dpkg-dev (1.22.6ubuntu6.6) ...
(Reading database ... 90%(Reading database ... 95%(Reading database ... 100%(Reading database ... 74109 files and directories currently installed.)
Preparing to unpack .../libc6_2.39-0ubuntu8.8_arm64.deb ...
Selecting previously unselected package build-essential.
Preparing to unpack .../47-build-essential_12.10ubuntu1_arm64.deb ...
Unpacking build-essential (12.10ubuntu1) ...
Selecting previously unselected package runc.
Preparing to unpack .../48-runc_1.3.4-0ubuntu1~24.04.1_arm64.deb ...
Unpacking runc (1.3.4-0ubuntu1~24.04.1) ...
Unpacking libc6:arm64 (2.39-0ubuntu8.8) over (2.39-0ubuntu8.7) ...
Selecting previously unselected package gcc-13.
Preparing to unpack .../34-gcc-13_13.3.0-6ubuntu2~24.04.1_arm64.deb ...
Unpacking gcc-13 (13.3.0-6ubuntu2~24.04.1) ...
Selecting previously unselected package gcc-aarch64-linux-gnu.
Preparing to unpack .../35-gcc-aarch64-linux-gnu_4%3a13.2.0-7ubuntu1_arm64.deb ...
Unpacking gcc-aarch64-linux-gnu (4:13.2.0-7ubuntu1) ...
Selecting previously unselected package gcc.
Preparing to unpack .../36-gcc_4%3a13.2.0-7ubuntu1_arm64.deb ...
Selecting previously unselected package containerd.
Unpacking gcc (4:13.2.0-7ubuntu1) ...
Preparing to unpack .../49-containerd_2.2.1-0ubuntu1~24.04.3_arm64.deb ...
Unpacking containerd (2.2.1-0ubuntu1~24.04.3) ...
Selecting previously unselected package libstdc++-13-dev:arm64.
Preparing to unpack .../37-libstdc++-13-dev_13.3.0-6ubuntu2~24.04.1_arm64.deb ...
Unpacking libstdc++-13-dev:arm64 (13.3.0-6ubuntu2~24.04.1) ...
Setting up libc6:arm64 (2.39-0ubuntu8.8) ...
Selecting previously unselected package g++-13-aarch64-linux-gnu.
Preparing to unpack .../38-g++-13-aarch64-linux-gnu_13.3.0-6ubuntu2~24.04.1_arm64.deb ...
Unpacking g++-13-aarch64-linux-gnu (13.3.0-6ubuntu2~24.04.1) ...
Selecting previously unselected package g++-13.
Preparing to unpack .../39-g++-13_13.3.0-6ubuntu2~24.04.1_arm64.deb ...
Unpacking g++-13 (13.3.0-6ubuntu2~24.04.1) ...
(Reading database ... (Reading database ... 5%(Reading database ... 10%(Reading database ... 15%(Reading database ... 20%(Reading database ... 25%(Reading database ... 30%(Reading database ... 35%(Reading database ... 40%(Reading database ... 45%(Reading database ... 50%(Reading database ... 55%(Reading database ... 60%(Reading database ... 65%Selecting previously unselected package g++-aarch64-linux-gnu.
(Reading database ... 70%Preparing to unpack .../40-g++-aarch64-linux-gnu_4%3a13.2.0-7ubuntu1_arm64.deb ...
Unpacking g++-aarch64-linux-gnu (4:13.2.0-7ubuntu1) ...
Selecting previously unselected package g++.
Preparing to unpack .../41-g++_4%3a13.2.0-7ubuntu1_arm64.deb ...
Unpacking g++ (4:13.2.0-7ubuntu1) ...
(Reading database ... 75%(Reading database ... 80%(Reading database ... 85%(Reading database ... 90%(Reading database ... 95%(Reading database ... 100%(Reading database ... 74109 files and directories currently installed.)
Preparing to unpack .../libc-bin_2.39-0ubuntu8.8_arm64.deb ...
Unpacking libc-bin (2.39-0ubuntu8.8) over (2.39-0ubuntu8.7) ...
Selecting previously unselected package make.
Preparing to unpack .../42-make_4.3-4.1build2_arm64.deb ...
Unpacking make (4.3-4.1build2) ...
Setting up libc-bin (2.39-0ubuntu8.8) ...
Selecting previously unselected package libdpkg-perl.
Preparing to unpack .../43-libdpkg-perl_1.22.6ubuntu6.6_all.deb ...
Unpacking libdpkg-perl (1.22.6ubuntu6.6) ...
Selecting previously unselected package dns-root-data.
Preparing to unpack .../50-dns-root-data_2024071801~ubuntu0.24.04.1_all.deb ...
Unpacking dns-root-data (2024071801~ubuntu0.24.04.1) ...
Selecting previously unselected package bzip2.
Preparing to unpack .../44-bzip2_1.0.8-5.1build0.1_arm64.deb ...
Selecting previously unselected package pigz.
(Reading database ... (Reading database ... 5%(Reading database ... 10%(Reading database ... 15%(Reading database ... 20%(Reading database ... 25%(Reading database ... 30%(Reading database ... 35%(Reading database ... 40%(Reading database ... 45%(Reading database ... 50%(Reading database ... 55%Unpacking bzip2 (1.0.8-5.1build0.1) ...
Selecting previously unselected package dnsmasq-base.
Preparing to unpack .../51-dnsmasq-base_2.90-2ubuntu0.4_arm64.deb ...
(Reading database ... 60%(Reading database ... 65%(Reading database ... 70%(Reading database ... 75%Unpacking dnsmasq-base (2.90-2ubuntu0.4) ...
(Reading database ... 80%(Reading database ... 85%Selecting previously unselected package lto-disabled-list.
Preparing to unpack .../45-lto-disabled-list_47_all.deb ...
Unpacking lto-disabled-list (47) ...
Selecting previously unselected package dpkg-dev.
Preparing to unpack .../46-dpkg-dev_1.22.6ubuntu6.6_all.deb ...
Unpacking dpkg-dev (1.22.6ubuntu6.6) ...
Selecting previously unselected package docker.io.
(Reading database ... 90%(Reading database ... 95%(Reading database ... 100%(Reading database ... 74109 files and directories currently installed.)
Preparing to unpack .../00-pigz_2.8-1_arm64.deb ...
Unpacking pigz (2.8-1) ...
Preparing to unpack .../01-locales_2.39-0ubuntu8.8_all.deb ...
Preparing to unpack .../52-docker.io_29.1.3-0ubuntu3~24.04.2_arm64.deb ...
Unpacking locales (2.39-0ubuntu8.8) over (2.39-0ubuntu8.7) ...
Unpacking docker.io (29.1.3-0ubuntu3~24.04.2) ...
Selecting previously unselected package build-essential.
Preparing to unpack .../47-build-essential_12.10ubuntu1_arm64.deb ...
Unpacking build-essential (12.10ubuntu1) ...
Selecting previously unselected package runc.
Preparing to unpack .../48-runc_1.3.4-0ubuntu1~24.04.1_arm64.deb ...
Unpacking runc (1.3.4-0ubuntu1~24.04.1) ...
Selecting previously unselected package binutils-common:arm64.
Preparing to unpack .../02-binutils-common_2.42-4ubuntu2.10_arm64.deb ...
Unpacking binutils-common:arm64 (2.42-4ubuntu2.10) ...
Selecting previously unselected package libsframe1:arm64.
Preparing to unpack .../03-libsframe1_2.42-4ubuntu2.10_arm64.deb ...
Unpacking libsframe1:arm64 (2.42-4ubuntu2.10) ...
Selecting previously unselected package libbinutils:arm64.
Preparing to unpack .../04-libbinutils_2.42-4ubuntu2.10_arm64.deb ...
Unpacking libbinutils:arm64 (2.42-4ubuntu2.10) ...
Selecting previously unselected package containerd.
Preparing to unpack .../49-containerd_2.2.1-0ubuntu1~24.04.3_arm64.deb ...
Unpacking containerd (2.2.1-0ubuntu1~24.04.3) ...
Selecting previously unselected package libctf-nobfd0:arm64.
Preparing to unpack .../05-libctf-nobfd0_2.42-4ubuntu2.10_arm64.deb ...
Unpacking libctf-nobfd0:arm64 (2.42-4ubuntu2.10) ...
Selecting previously unselected package libctf0:arm64.
Preparing to unpack .../06-libctf0_2.42-4ubuntu2.10_arm64.deb ...
Unpacking libctf0:arm64 (2.42-4ubuntu2.10) ...
Selecting previously unselected package libgprofng0:arm64.
Preparing to unpack .../07-libgprofng0_2.42-4ubuntu2.10_arm64.deb ...
Unpacking libgprofng0:arm64 (2.42-4ubuntu2.10) ...
Selecting previously unselected package binutils-aarch64-linux-gnu.
Preparing to unpack .../08-binutils-aarch64-linux-gnu_2.42-4ubuntu2.10_arm64.deb ...
Unpacking binutils-aarch64-linux-gnu (2.42-4ubuntu2.10) ...
Selecting previously unselected package binutils.
Preparing to unpack .../09-binutils_2.42-4ubuntu2.10_arm64.deb ...
Unpacking binutils (2.42-4ubuntu2.10) ...
Selecting previously unselected package bridge-utils.
Preparing to unpack .../10-bridge-utils_1.7.1-1ubuntu2_arm64.deb ...
Unpacking bridge-utils (1.7.1-1ubuntu2) ...
Selecting previously unselected package libc-dev-bin.
Preparing to unpack .../11-libc-dev-bin_2.39-0ubuntu8.8_arm64.deb ...
Unpacking libc-dev-bin (2.39-0ubuntu8.8) ...
Selecting previously unselected package linux-libc-dev:arm64.
Preparing to unpack .../12-linux-libc-dev_6.8.0-136.136_arm64.deb ...
Unpacking linux-libc-dev:arm64 (6.8.0-136.136) ...
Selecting previously unselected package libfakeroot:arm64.
Preparing to unpack .../53-libfakeroot_1.33-1_arm64.deb ...
Unpacking libfakeroot:arm64 (1.33-1) ...
Selecting previously unselected package fakeroot.
Preparing to unpack .../54-fakeroot_1.33-1_arm64.deb ...
Unpacking fakeroot (1.33-1) ...
Selecting previously unselected package dns-root-data.
Preparing to unpack .../50-dns-root-data_2024071801~ubuntu0.24.04.1_all.deb ...
Unpacking dns-root-data (2024071801~ubuntu0.24.04.1) ...
Selecting previously unselected package dnsmasq-base.
Preparing to unpack .../51-dnsmasq-base_2.90-2ubuntu0.4_arm64.deb ...
Selecting previously unselected package fonts-dejavu-mono.
Unpacking dnsmasq-base (2.90-2ubuntu0.4) ...
Preparing to unpack .../55-fonts-dejavu-mono_2.37-8_all.deb ...
Unpacking fonts-dejavu-mono (2.37-8) ...
Selecting previously unselected package libcrypt-dev:arm64.
Preparing to unpack .../13-libcrypt-dev_1%3a4.4.36-4build1_arm64.deb ...
Selecting previously unselected package fonts-dejavu-core.
Preparing to unpack .../56-fonts-dejavu-core_2.37-8_all.deb ...
Unpacking libcrypt-dev:arm64 (1:4.4.36-4build1) ...
Selecting previously unselected package docker.io.
Unpacking fonts-dejavu-core (2.37-8) ...
Preparing to unpack .../52-docker.io_29.1.3-0ubuntu3~24.04.2_arm64.deb ...
Unpacking docker.io (29.1.3-0ubuntu3~24.04.2) ...
Selecting previously unselected package rpcsvc-proto.
Preparing to unpack .../14-rpcsvc-proto_1.4.2-0ubuntu7_arm64.deb ...
Unpacking rpcsvc-proto (1.4.2-0ubuntu7) ...
Selecting previously unselected package fontconfig-config.
Preparing to unpack .../57-fontconfig-config_2.15.0-1.1ubuntu2_arm64.deb ...
Selecting previously unselected package libc6-dev:arm64.
Preparing to unpack .../15-libc6-dev_2.39-0ubuntu8.8_arm64.deb ...
Unpacking libc6-dev:arm64 (2.39-0ubuntu8.8) ...
Unpacking fontconfig-config (2.15.0-1.1ubuntu2) ...
Selecting previously unselected package gcc-13-base:arm64.
Preparing to unpack .../16-gcc-13-base_13.3.0-6ubuntu2~24.04.1_arm64.deb ...
Unpacking gcc-13-base:arm64 (13.3.0-6ubuntu2~24.04.1) ...
Selecting previously unselected package javascript-common.
Preparing to unpack .../58-javascript-common_11+nmu1_all.deb ...
Selecting previously unselected package libisl23:arm64.
Preparing to unpack .../17-libisl23_0.26-3build1.1_arm64.deb ...
Unpacking javascript-common (11+nmu1) ...
Unpacking libisl23:arm64 (0.26-3build1.1) ...
Selecting previously unselected package libalgorithm-diff-perl.
Preparing to unpack .../59-libalgorithm-diff-perl_1.201-1_all.deb ...
Selecting previously unselected package libmpc3:arm64.
Unpacking libalgorithm-diff-perl (1.201-1) ...
Preparing to unpack .../18-libmpc3_1.3.1-1build1.1_arm64.deb ...
Unpacking libmpc3:arm64 (1.3.1-1build1.1) ...
Selecting previously unselected package libalgorithm-diff-xs-perl:arm64.
Preparing to unpack .../60-libalgorithm-diff-xs-perl_0.04-8build3_arm64.deb ...
Selecting previously unselected package cpp-13-aarch64-linux-gnu.
Unpacking libalgorithm-diff-xs-perl:arm64 (0.04-8build3) ...
Preparing to unpack .../19-cpp-13-aarch64-linux-gnu_13.3.0-6ubuntu2~24.04.1_arm64.deb ...
Unpacking cpp-13-aarch64-linux-gnu (13.3.0-6ubuntu2~24.04.1) ...
Selecting previously unselected package libalgorithm-merge-perl.
Preparing to unpack .../61-libalgorithm-merge-perl_0.08-5_all.deb ...
Unpacking libalgorithm-merge-perl (0.08-5) ...
Selecting previously unselected package libaom3:arm64.
Preparing to unpack .../62-libaom3_3.8.2-2ubuntu0.1_arm64.deb ...
Unpacking libaom3:arm64 (3.8.2-2ubuntu0.1) ...
Selecting previously unselected package libfontconfig1:arm64.
Preparing to unpack .../63-libfontconfig1_2.15.0-1.1ubuntu2_arm64.deb ...
Unpacking libfontconfig1:arm64 (2.15.0-1.1ubuntu2) ...
Selecting previously unselected package cpp-13.
Preparing to unpack .../20-cpp-13_13.3.0-6ubuntu2~24.04.1_arm64.deb ...
Unpacking cpp-13 (13.3.0-6ubuntu2~24.04.1) ...
Selecting previously unselected package libsharpyuv0:arm64.
Preparing to unpack .../64-libsharpyuv0_1.3.2-0.4build3_arm64.deb ...
Selecting previously unselected package cpp-aarch64-linux-gnu.
Unpacking libsharpyuv0:arm64 (1.3.2-0.4build3) ...
Preparing to unpack .../21-cpp-aarch64-linux-gnu_4%3a13.2.0-7ubuntu1_arm64.deb ...
Unpacking cpp-aarch64-linux-gnu (4:13.2.0-7ubuntu1) ...
Selecting previously unselected package libheif-plugin-aomdec:arm64.
Selecting previously unselected package cpp.
Preparing to unpack .../65-libheif-plugin-aomdec_1.17.6-1ubuntu4.6_arm64.deb ...
Unpacking libheif-plugin-aomdec:arm64 (1.17.6-1ubuntu4.6) ...
Preparing to unpack .../22-cpp_4%3a13.2.0-7ubuntu1_arm64.deb ...
Unpacking cpp (4:13.2.0-7ubuntu1) ...
Selecting previously unselected package libcc1-0:arm64.
Selecting previously unselected package libheif1:arm64.
Preparing to unpack .../23-libcc1-0_14.2.0-4ubuntu2~24.04.1_arm64.deb ...
Preparing to unpack .../66-libheif1_1.17.6-1ubuntu4.6_arm64.deb ...
Unpacking libcc1-0:arm64 (14.2.0-4ubuntu2~24.04.1) ...
Unpacking libheif1:arm64 (1.17.6-1ubuntu4.6) ...
Selecting previously unselected package libgomp1:arm64.
Preparing to unpack .../24-libgomp1_14.2.0-4ubuntu2~24.04.1_arm64.deb ...
Unpacking libgomp1:arm64 (14.2.0-4ubuntu2~24.04.1) ...
Selecting previously unselected package libfakeroot:arm64.
Selecting previously unselected package libjpeg-turbo8:arm64.
Preparing to unpack .../53-libfakeroot_1.33-1_arm64.deb ...
Preparing to unpack .../67-libjpeg-turbo8_2.1.5-2ubuntu2_arm64.deb ...
Unpacking libfakeroot:arm64 (1.33-1) ...
Unpacking libjpeg-turbo8:arm64 (2.1.5-2ubuntu2) ...
Selecting previously unselected package libitm1:arm64.
Preparing to unpack .../25-libitm1_14.2.0-4ubuntu2~24.04.1_arm64.deb ...
Unpacking libitm1:arm64 (14.2.0-4ubuntu2~24.04.1) ...
Selecting previously unselected package fakeroot.
Preparing to unpack .../54-fakeroot_1.33-1_arm64.deb ...
Unpacking fakeroot (1.33-1) ...
Selecting previously unselected package libjpeg8:arm64.
Preparing to unpack .../68-libjpeg8_8c-2ubuntu11_arm64.deb ...
Unpacking libjpeg8:arm64 (8c-2ubuntu11) ...
Selecting previously unselected package libatomic1:arm64.
Preparing to unpack .../26-libatomic1_14.2.0-4ubuntu2~24.04.1_arm64.deb ...
Unpacking libatomic1:arm64 (14.2.0-4ubuntu2~24.04.1) ...
Selecting previously unselected package fonts-dejavu-mono.
Preparing to unpack .../55-fonts-dejavu-mono_2.37-8_all.deb ...
Unpacking fonts-dejavu-mono (2.37-8) ...
Selecting previously unselected package libdeflate0:arm64.
Preparing to unpack .../69-libdeflate0_1.19-1build1.1_arm64.deb ...
Selecting previously unselected package libasan8:arm64.
Unpacking libdeflate0:arm64 (1.19-1build1.1) ...
Preparing to unpack .../27-libasan8_14.2.0-4ubuntu2~24.04.1_arm64.deb ...
Unpacking libasan8:arm64 (14.2.0-4ubuntu2~24.04.1) ...
Selecting previously unselected package fonts-dejavu-core.
Preparing to unpack .../56-fonts-dejavu-core_2.37-8_all.deb ...
Selecting previously unselected package libjbig0:arm64.
Preparing to unpack .../70-libjbig0_2.1-6.1ubuntu2_arm64.deb ...
Unpacking fonts-dejavu-core (2.37-8) ...
Unpacking libjbig0:arm64 (2.1-6.1ubuntu2) ...
Selecting previously unselected package liblerc4:arm64.
Selecting previously unselected package liblsan0:arm64.
Selecting previously unselected package fontconfig-config.
Preparing to unpack .../71-liblerc4_4.0.0+ds-4ubuntu2_arm64.deb ...
Preparing to unpack .../28-liblsan0_14.2.0-4ubuntu2~24.04.1_arm64.deb ...
Unpacking liblerc4:arm64 (4.0.0+ds-4ubuntu2) ...
Unpacking liblsan0:arm64 (14.2.0-4ubuntu2~24.04.1) ...
Preparing to unpack .../57-fontconfig-config_2.15.0-1.1ubuntu2_arm64.deb ...
Selecting previously unselected package libwebp7:arm64.
Preparing to unpack .../72-libwebp7_1.3.2-0.4build3_arm64.deb ...
Unpacking libwebp7:arm64 (1.3.2-0.4build3) ...
Selecting previously unselected package libtsan2:arm64.
Preparing to unpack .../29-libtsan2_14.2.0-4ubuntu2~24.04.1_arm64.deb ...
Unpacking libtsan2:arm64 (14.2.0-4ubuntu2~24.04.1) ...
Selecting previously unselected package libtiff6:arm64.
Preparing to unpack .../73-libtiff6_4.5.1+git230720-4ubuntu2.5_arm64.deb ...
Unpacking libtiff6:arm64 (4.5.1+git230720-4ubuntu2.5) ...
Unpacking fontconfig-config (2.15.0-1.1ubuntu2) ...
Selecting previously unselected package libxpm4:arm64.
Preparing to unpack .../74-libxpm4_1%3a3.5.17-1ubuntu0.24.04.1_arm64.deb ...
Unpacking libxpm4:arm64 (1:3.5.17-1ubuntu0.24.04.1) ...
Selecting previously unselected package libubsan1:arm64.
Preparing to unpack .../30-libubsan1_14.2.0-4ubuntu2~24.04.1_arm64.deb ...
Unpacking libubsan1:arm64 (14.2.0-4ubuntu2~24.04.1) ...
Selecting previously unselected package javascript-common.
Preparing to unpack .../58-javascript-common_11+nmu1_all.deb ...
Unpacking javascript-common (11+nmu1) ...
Selecting previously unselected package libgd3:arm64.
Preparing to unpack .../75-libgd3_2.3.3-9ubuntu5_arm64.deb ...
Unpacking libgd3:arm64 (2.3.3-9ubuntu5) ...
Selecting previously unselected package libhwasan0:arm64.
Preparing to unpack .../31-libhwasan0_14.2.0-4ubuntu2~24.04.1_arm64.deb ...
Unpacking libhwasan0:arm64 (14.2.0-4ubuntu2~24.04.1) ...
Selecting previously unselected package libalgorithm-diff-perl.
Preparing to unpack .../59-libalgorithm-diff-perl_1.201-1_all.deb ...
Unpacking libalgorithm-diff-perl (1.201-1) ...
Selecting previously unselected package libc-devtools.
Preparing to unpack .../76-libc-devtools_2.39-0ubuntu8.8_arm64.deb ...
Unpacking libc-devtools (2.39-0ubuntu8.8) ...
Selecting previously unselected package libalgorithm-diff-xs-perl:arm64.
Preparing to unpack .../60-libalgorithm-diff-xs-perl_0.04-8build3_arm64.deb ...
Unpacking libalgorithm-diff-xs-perl:arm64 (0.04-8build3) ...
Selecting previously unselected package libgcc-13-dev:arm64.
Preparing to unpack .../32-libgcc-13-dev_13.3.0-6ubuntu2~24.04.1_arm64.deb ...
Unpacking libgcc-13-dev:arm64 (13.3.0-6ubuntu2~24.04.1) ...
Selecting previously unselected package libexpat1-dev:arm64.
Preparing to unpack .../77-libexpat1-dev_2.6.1-2ubuntu0.4_arm64.deb ...
Unpacking libexpat1-dev:arm64 (2.6.1-2ubuntu0.4) ...
Selecting previously unselected package libalgorithm-merge-perl.
Preparing to unpack .../61-libalgorithm-merge-perl_0.08-5_all.deb ...
Unpacking libalgorithm-merge-perl (0.08-5) ...
Selecting previously unselected package libfile-fcntllock-perl.
Selecting previously unselected package libaom3:arm64.
Preparing to unpack .../78-libfile-fcntllock-perl_0.22-4ubuntu5_arm64.deb ...
Preparing to unpack .../62-libaom3_3.8.2-2ubuntu0.1_arm64.deb ...
Unpacking libfile-fcntllock-perl (0.22-4ubuntu5) ...
Unpacking libaom3:arm64 (3.8.2-2ubuntu0.1) ...
Selecting previously unselected package gcc-13-aarch64-linux-gnu.
Preparing to unpack .../33-gcc-13-aarch64-linux-gnu_13.3.0-6ubuntu2~24.04.1_arm64.deb ...
Unpacking gcc-13-aarch64-linux-gnu (13.3.0-6ubuntu2~24.04.1) ...
Selecting previously unselected package libheif-plugin-aomenc:arm64.
Preparing to unpack .../79-libheif-plugin-aomenc_1.17.6-1ubuntu4.6_arm64.deb ...
Unpacking libheif-plugin-aomenc:arm64 (1.17.6-1ubuntu4.6) ...
Selecting previously unselected package libfontconfig1:arm64.
Preparing to unpack .../63-libfontconfig1_2.15.0-1.1ubuntu2_arm64.deb ...
Unpacking libfontconfig1:arm64 (2.15.0-1.1ubuntu2) ...
Selecting previously unselected package libjs-jquery.
Selecting previously unselected package libsharpyuv0:arm64.
Preparing to unpack .../80-libjs-jquery_3.6.1+dfsg+~3.5.14-1_all.deb ...
Preparing to unpack .../64-libsharpyuv0_1.3.2-0.4build3_arm64.deb ...
Unpacking libsharpyuv0:arm64 (1.3.2-0.4build3) ...
Unpacking libjs-jquery (3.6.1+dfsg+~3.5.14-1) ...
Selecting previously unselected package libheif-plugin-aomdec:arm64.
Preparing to unpack .../65-libheif-plugin-aomdec_1.17.6-1ubuntu4.6_arm64.deb ...
Unpacking libheif-plugin-aomdec:arm64 (1.17.6-1ubuntu4.6) ...
Selecting previously unselected package libjs-underscore.
Preparing to unpack .../81-libjs-underscore_1.13.4~dfsg+~1.11.4-3_all.deb ...
Unpacking libjs-underscore (1.13.4~dfsg+~1.11.4-3) ...
Selecting previously unselected package libheif1:arm64.
Preparing to unpack .../66-libheif1_1.17.6-1ubuntu4.6_arm64.deb ...
Unpacking libheif1:arm64 (1.17.6-1ubuntu4.6) ...
Selecting previously unselected package libjs-sphinxdoc.
Preparing to unpack .../82-libjs-sphinxdoc_7.2.6-6_all.deb ...
Unpacking libjs-sphinxdoc (7.2.6-6) ...
Selecting previously unselected package libjpeg-turbo8:arm64.
Preparing to unpack .../67-libjpeg-turbo8_2.1.5-2ubuntu2_arm64.deb ...
Unpacking libjpeg-turbo8:arm64 (2.1.5-2ubuntu2) ...
Selecting previously unselected package zlib1g-dev:arm64.
Preparing to unpack .../83-zlib1g-dev_1%3a1.3.dfsg-3.1ubuntu2.1_arm64.deb ...
Selecting previously unselected package libjpeg8:arm64.
Unpacking zlib1g-dev:arm64 (1:1.3.dfsg-3.1ubuntu2.1) ...
Preparing to unpack .../68-libjpeg8_8c-2ubuntu11_arm64.deb ...
Unpacking libjpeg8:arm64 (8c-2ubuntu11) ...
Selecting previously unselected package libpython3.12-dev:arm64.
Preparing to unpack .../84-libpython3.12-dev_3.12.3-1ubuntu0.15_arm64.deb ...
Unpacking libpython3.12-dev:arm64 (3.12.3-1ubuntu0.15) ...
Selecting previously unselected package libdeflate0:arm64.
Preparing to unpack .../69-libdeflate0_1.19-1build1.1_arm64.deb ...
Unpacking libdeflate0:arm64 (1.19-1build1.1) ...
Selecting previously unselected package libjbig0:arm64.
Preparing to unpack .../70-libjbig0_2.1-6.1ubuntu2_arm64.deb ...
Unpacking libjbig0:arm64 (2.1-6.1ubuntu2) ...
Selecting previously unselected package gcc-13.
Selecting previously unselected package liblerc4:arm64.
Preparing to unpack .../34-gcc-13_13.3.0-6ubuntu2~24.04.1_arm64.deb ...
Preparing to unpack .../71-liblerc4_4.0.0+ds-4ubuntu2_arm64.deb ...
Unpacking gcc-13 (13.3.0-6ubuntu2~24.04.1) ...
Unpacking liblerc4:arm64 (4.0.0+ds-4ubuntu2) ...
Selecting previously unselected package gcc-aarch64-linux-gnu.
Preparing to unpack .../35-gcc-aarch64-linux-gnu_4%3a13.2.0-7ubuntu1_arm64.deb ...
Unpacking gcc-aarch64-linux-gnu (4:13.2.0-7ubuntu1) ...
Selecting previously unselected package libwebp7:arm64.
Preparing to unpack .../72-libwebp7_1.3.2-0.4build3_arm64.deb ...
Unpacking libwebp7:arm64 (1.3.2-0.4build3) ...
Selecting previously unselected package gcc.
Preparing to unpack .../36-gcc_4%3a13.2.0-7ubuntu1_arm64.deb ...
Unpacking gcc (4:13.2.0-7ubuntu1) ...
Selecting previously unselected package libtiff6:arm64.
Preparing to unpack .../73-libtiff6_4.5.1+git230720-4ubuntu2.5_arm64.deb ...
Unpacking libtiff6:arm64 (4.5.1+git230720-4ubuntu2.5) ...
Selecting previously unselected package libstdc++-13-dev:arm64.
Preparing to unpack .../37-libstdc++-13-dev_13.3.0-6ubuntu2~24.04.1_arm64.deb ...
Unpacking libstdc++-13-dev:arm64 (13.3.0-6ubuntu2~24.04.1) ...
Selecting previously unselected package libxpm4:arm64.
Preparing to unpack .../74-libxpm4_1%3a3.5.17-1ubuntu0.24.04.1_arm64.deb ...
Unpacking libxpm4:arm64 (1:3.5.17-1ubuntu0.24.04.1) ...
Selecting previously unselected package libpython3-dev:arm64.
Preparing to unpack .../85-libpython3-dev_3.12.3-0ubuntu2.1_arm64.deb ...
Unpacking libpython3-dev:arm64 (3.12.3-0ubuntu2.1) ...
Selecting previously unselected package libgd3:arm64.
Preparing to unpack .../75-libgd3_2.3.3-9ubuntu5_arm64.deb ...
Unpacking libgd3:arm64 (2.3.3-9ubuntu5) ...
Preparing to unpack .../86-linux-tools-common_6.8.0-136.136_all.deb ...
Selecting previously unselected package libc-devtools.
Preparing to unpack .../76-libc-devtools_2.39-0ubuntu8.8_arm64.deb ...
Unpacking libc-devtools (2.39-0ubuntu8.8) ...
Unpacking linux-tools-common (6.8.0-136.136) over (6.8.0-134.134) ...
Selecting previously unselected package libexpat1-dev:arm64.
Preparing to unpack .../77-libexpat1-dev_2.6.1-2ubuntu0.4_arm64.deb ...
Unpacking libexpat1-dev:arm64 (2.6.1-2ubuntu0.4) ...
Selecting previously unselected package manpages-dev.
Selecting previously unselected package g++-13-aarch64-linux-gnu.
Preparing to unpack .../87-manpages-dev_6.7-2_all.deb ...
Selecting previously unselected package libfile-fcntllock-perl.
Unpacking manpages-dev (6.7-2) ...
Preparing to unpack .../38-g++-13-aarch64-linux-gnu_13.3.0-6ubuntu2~24.04.1_arm64.deb ...
Unpacking g++-13-aarch64-linux-gnu (13.3.0-6ubuntu2~24.04.1) ...
Preparing to unpack .../78-libfile-fcntllock-perl_0.22-4ubuntu5_arm64.deb ...
Unpacking libfile-fcntllock-perl (0.22-4ubuntu5) ...
Selecting previously unselected package libheif-plugin-aomenc:arm64.
Preparing to unpack .../79-libheif-plugin-aomenc_1.17.6-1ubuntu4.6_arm64.deb ...
Unpacking libheif-plugin-aomenc:arm64 (1.17.6-1ubuntu4.6) ...
Selecting previously unselected package libjs-jquery.
Preparing to unpack .../80-libjs-jquery_3.6.1+dfsg+~3.5.14-1_all.deb ...
Unpacking libjs-jquery (3.6.1+dfsg+~3.5.14-1) ...
Selecting previously unselected package libjs-underscore.
Preparing to unpack .../81-libjs-underscore_1.13.4~dfsg+~1.11.4-3_all.deb ...
Unpacking libjs-underscore (1.13.4~dfsg+~1.11.4-3) ...
Selecting previously unselected package libjs-sphinxdoc.
Preparing to unpack .../82-libjs-sphinxdoc_7.2.6-6_all.deb ...
Unpacking libjs-sphinxdoc (7.2.6-6) ...
Selecting previously unselected package g++-13.
Selecting previously unselected package zlib1g-dev:arm64.
Preparing to unpack .../83-zlib1g-dev_1%3a1.3.dfsg-3.1ubuntu2.1_arm64.deb ...
Selecting previously unselected package python3.12-dev.
Preparing to unpack .../88-python3.12-dev_3.12.3-1ubuntu0.15_arm64.deb ...
Preparing to unpack .../39-g++-13_13.3.0-6ubuntu2~24.04.1_arm64.deb ...
Unpacking zlib1g-dev:arm64 (1:1.3.dfsg-3.1ubuntu2.1) ...
Unpacking g++-13 (13.3.0-6ubuntu2~24.04.1) ...
Unpacking python3.12-dev (3.12.3-1ubuntu0.15) ...
Selecting previously unselected package g++-aarch64-linux-gnu.
Preparing to unpack .../40-g++-aarch64-linux-gnu_4%3a13.2.0-7ubuntu1_arm64.deb ...
Unpacking g++-aarch64-linux-gnu (4:13.2.0-7ubuntu1) ...
Selecting previously unselected package libpython3.12-dev:arm64.
Preparing to unpack .../84-libpython3.12-dev_3.12.3-1ubuntu0.15_arm64.deb ...
Unpacking libpython3.12-dev:arm64 (3.12.3-1ubuntu0.15) ...
Selecting previously unselected package python3-dev.
Preparing to unpack .../89-python3-dev_3.12.3-0ubuntu2.1_arm64.deb ...
Unpacking python3-dev (3.12.3-0ubuntu2.1) ...
Selecting previously unselected package g++.
Preparing to unpack .../41-g++_4%3a13.2.0-7ubuntu1_arm64.deb ...
Unpacking g++ (4:13.2.0-7ubuntu1) ...
Selecting previously unselected package python3-wheel.
Preparing to unpack .../90-python3-wheel_0.42.0-2_all.deb ...
Unpacking python3-wheel (0.42.0-2) ...
Selecting previously unselected package make.
Preparing to unpack .../42-make_4.3-4.1build2_arm64.deb ...
Unpacking make (4.3-4.1build2) ...
Selecting previously unselected package python3-pip.
Selecting previously unselected package libdpkg-perl.
Preparing to unpack .../91-python3-pip_24.0+dfsg-1ubuntu1.3_all.deb ...
Unpacking python3-pip (24.0+dfsg-1ubuntu1.3) ...
Preparing to unpack .../43-libdpkg-perl_1.22.6ubuntu6.6_all.deb ...
Unpacking libdpkg-perl (1.22.6ubuntu6.6) ...
Selecting previously unselected package bzip2.
Preparing to unpack .../44-bzip2_1.0.8-5.1build0.1_arm64.deb ...
Unpacking bzip2 (1.0.8-5.1build0.1) ...
Selecting previously unselected package libpython3-dev:arm64.
Preparing to unpack .../85-libpython3-dev_3.12.3-0ubuntu2.1_arm64.deb ...
Unpacking libpython3-dev:arm64 (3.12.3-0ubuntu2.1) ...
Selecting previously unselected package lto-disabled-list.
Preparing to unpack .../45-lto-disabled-list_47_all.deb ...
Selecting previously unselected package ubuntu-fan.
Preparing to unpack .../86-linux-tools-common_6.8.0-136.136_all.deb ...
Unpacking lto-disabled-list (47) ...
Preparing to unpack .../92-ubuntu-fan_0.12.16+24.04.1_all.deb ...
Unpacking linux-tools-common (6.8.0-136.136) over (6.8.0-134.134) ...
Unpacking ubuntu-fan (0.12.16+24.04.1) ...
Selecting previously unselected package dpkg-dev.
Preparing to unpack .../46-dpkg-dev_1.22.6ubuntu6.6_all.deb ...
Unpacking dpkg-dev (1.22.6ubuntu6.6) ...
Selecting previously unselected package manpages-dev.
Setting up javascript-common (11+nmu1) ...
Preparing to unpack .../87-manpages-dev_6.7-2_all.deb ...
Unpacking manpages-dev (6.7-2) ...
Setting up libsharpyuv0:arm64 (1.3.2-0.4build3) ...
Setting up libaom3:arm64 (3.8.2-2ubuntu0.1) ...
Setting up manpages-dev (6.7-2) ...
Setting up lto-disabled-list (47) ...
Selecting previously unselected package build-essential.
Preparing to unpack .../47-build-essential_12.10ubuntu1_arm64.deb ...
Setting up liblerc4:arm64 (4.0.0+ds-4ubuntu2) ...
Unpacking build-essential (12.10ubuntu1) ...
Setting up libxpm4:arm64 (1:3.5.17-1ubuntu0.24.04.1) ...
Setting up libfile-fcntllock-perl (0.22-4ubuntu5) ...
Selecting previously unselected package runc.
Setting up libalgorithm-diff-perl (1.201-1) ...
Preparing to unpack .../48-runc_1.3.4-0ubuntu1~24.04.1_arm64.deb ...
Setting up binutils-common:arm64 (2.42-4ubuntu2.10) ...
Unpacking runc (1.3.4-0ubuntu1~24.04.1) ...
Setting up libdeflate0:arm64 (1.19-1build1.1) ...
Setting up linux-libc-dev:arm64 (6.8.0-136.136) ...
Setting up libctf-nobfd0:arm64 (2.42-4ubuntu2.10) ...
Setting up dnsmasq-base (2.90-2ubuntu0.4) ...
Selecting previously unselected package python3.12-dev.
Preparing to unpack .../88-python3.12-dev_3.12.3-1ubuntu0.15_arm64.deb ...
Unpacking python3.12-dev (3.12.3-1ubuntu0.15) ...
Selecting previously unselected package python3-dev.
Preparing to unpack .../89-python3-dev_3.12.3-0ubuntu2.1_arm64.deb ...
Unpacking python3-dev (3.12.3-0ubuntu2.1) ...
Setting up libgomp1:arm64 (14.2.0-4ubuntu2~24.04.1) ...
Setting up bzip2 (1.0.8-5.1build0.1) ...
Selecting previously unselected package python3-wheel.
Preparing to unpack .../90-python3-wheel_0.42.0-2_all.deb ...
Unpacking python3-wheel (0.42.0-2) ...
Setting up locales (2.39-0ubuntu8.8) ...
Selecting previously unselected package python3-pip.
Preparing to unpack .../91-python3-pip_24.0+dfsg-1ubuntu1.3_all.deb ...
Unpacking python3-pip (24.0+dfsg-1ubuntu1.3) ...
Selecting previously unselected package containerd.
Preparing to unpack .../49-containerd_2.2.1-0ubuntu1~24.04.3_arm64.deb ...
Unpacking containerd (2.2.1-0ubuntu1~24.04.3) ...
Selecting previously unselected package ubuntu-fan.
Preparing to unpack .../92-ubuntu-fan_0.12.16+24.04.1_all.deb ...
Unpacking ubuntu-fan (0.12.16+24.04.1) ...
Setting up javascript-common (11+nmu1) ...
Setting up libsharpyuv0:arm64 (1.3.2-0.4build3) ...
Setting up libaom3:arm64 (3.8.2-2ubuntu0.1) ...
Setting up manpages-dev (6.7-2) ...
Setting up lto-disabled-list (47) ...
Setting up liblerc4:arm64 (4.0.0+ds-4ubuntu2) ...
Setting up libxpm4:arm64 (1:3.5.17-1ubuntu0.24.04.1) ...
Setting up libfile-fcntllock-perl (0.22-4ubuntu5) ...
Setting up libalgorithm-diff-perl (1.201-1) ...
Generating locales (this might take a while)...
Setting up binutils-common:arm64 (2.42-4ubuntu2.10) ...
  en_US.UTF-8...Setting up libdeflate0:arm64 (1.19-1build1.1) ...
Setting up linux-libc-dev:arm64 (6.8.0-136.136) ...
Setting up libctf-nobfd0:arm64 (2.42-4ubuntu2.10) ...
Setting up dnsmasq-base (2.90-2ubuntu0.4) ...
Setting up libgomp1:arm64 (14.2.0-4ubuntu2~24.04.1) ...
Setting up bzip2 (1.0.8-5.1build0.1) ...
Setting up locales (2.39-0ubuntu8.8) ...
Selecting previously unselected package dns-root-data.
Preparing to unpack .../50-dns-root-data_2024071801~ubuntu0.24.04.1_all.deb ...
Unpacking dns-root-data (2024071801~ubuntu0.24.04.1) ...
Selecting previously unselected package dnsmasq-base.
Preparing to unpack .../51-dnsmasq-base_2.90-2ubuntu0.4_arm64.deb ...
Unpacking dnsmasq-base (2.90-2ubuntu0.4) ...
Selecting previously unselected package docker.io.
Preparing to unpack .../52-docker.io_29.1.3-0ubuntu3~24.04.2_arm64.deb ...
Unpacking docker.io (29.1.3-0ubuntu3~24.04.2) ...
Generating locales (this might take a while)...
  en_US.UTF-8... done
Generation complete.
Setting up python3-wheel (0.42.0-2) ...
Selecting previously unselected package libfakeroot:arm64.
Preparing to unpack .../53-libfakeroot_1.33-1_arm64.deb ...
Unpacking libfakeroot:arm64 (1.33-1) ...
Selecting previously unselected package fakeroot.
Preparing to unpack .../54-fakeroot_1.33-1_arm64.deb ...
Unpacking fakeroot (1.33-1) ...
Setting up libjbig0:arm64 (2.1-6.1ubuntu2) ...
Setting up libsframe1:arm64 (2.42-4ubuntu2.10) ...
Selecting previously unselected package fonts-dejavu-mono.
Preparing to unpack .../55-fonts-dejavu-mono_2.37-8_all.deb ...
Setting up libfakeroot:arm64 (1.33-1) ...
Unpacking fonts-dejavu-mono (2.37-8) ...
Setting up runc (1.3.4-0ubuntu1~24.04.1) ...
Setting up dns-root-data (2024071801~ubuntu0.24.04.1) ...
Selecting previously unselected package fonts-dejavu-core.
Setting up fakeroot (1.33-1) ...
Preparing to unpack .../56-fonts-dejavu-core_2.37-8_all.deb ...
Unpacking fonts-dejavu-core (2.37-8) ...
update-alternatives: using /usr/bin/fakeroot-sysv to provide /usr/bin/fakeroot (fakeroot) in auto mode
Setting up rpcsvc-proto (1.4.2-0ubuntu7) ...
Selecting previously unselected package fontconfig-config.
Setting up gcc-13-base:arm64 (13.3.0-6ubuntu2~24.04.1) ...
Preparing to unpack .../57-fontconfig-config_2.15.0-1.1ubuntu2_arm64.deb ...
Setting up make (4.3-4.1build2) ...
Setting up fonts-dejavu-mono (2.37-8) ...
Setting up libmpc3:arm64 (1.3.1-1build1.1) ...
Setting up libatomic1:arm64 (14.2.0-4ubuntu2~24.04.1) ...
Setting up fonts-dejavu-core (2.37-8) ...
Unpacking fontconfig-config (2.15.0-1.1ubuntu2) ...
Setting up python3-pip (24.0+dfsg-1ubuntu1.3) ...
Selecting previously unselected package javascript-common.
Preparing to unpack .../58-javascript-common_11+nmu1_all.deb ...
Unpacking javascript-common (11+nmu1) ...
Selecting previously unselected package libalgorithm-diff-perl.
Preparing to unpack .../59-libalgorithm-diff-perl_1.201-1_all.deb ...
Unpacking libalgorithm-diff-perl (1.201-1) ...
 done
Generation complete.
Setting up python3-wheel (0.42.0-2) ...
Selecting previously unselected package libalgorithm-diff-xs-perl:arm64.
Preparing to unpack .../60-libalgorithm-diff-xs-perl_0.04-8build3_arm64.deb ...
Unpacking libalgorithm-diff-xs-perl:arm64 (0.04-8build3) ...
Selecting previously unselected package libalgorithm-merge-perl.
Preparing to unpack .../61-libalgorithm-merge-perl_0.08-5_all.deb ...
Unpacking libalgorithm-merge-perl (0.08-5) ...
Selecting previously unselected package libaom3:arm64.
Preparing to unpack .../62-libaom3_3.8.2-2ubuntu0.1_arm64.deb ...
Unpacking libaom3:arm64 (3.8.2-2ubuntu0.1) ...
Selecting previously unselected package libfontconfig1:arm64.
Preparing to unpack .../63-libfontconfig1_2.15.0-1.1ubuntu2_arm64.deb ...
Unpacking libfontconfig1:arm64 (2.15.0-1.1ubuntu2) ...
Setting up libjbig0:arm64 (2.1-6.1ubuntu2) ...
Selecting previously unselected package libsharpyuv0:arm64.
Setting up libsframe1:arm64 (2.42-4ubuntu2.10) ...
Preparing to unpack .../64-libsharpyuv0_1.3.2-0.4build3_arm64.deb ...
Unpacking libsharpyuv0:arm64 (1.3.2-0.4build3) ...
Setting up libfakeroot:arm64 (1.33-1) ...
Selecting previously unselected package libheif-plugin-aomdec:arm64.
Preparing to unpack .../65-libheif-plugin-aomdec_1.17.6-1ubuntu4.6_arm64.deb ...
Setting up runc (1.3.4-0ubuntu1~24.04.1) ...
Unpacking libheif-plugin-aomdec:arm64 (1.17.6-1ubuntu4.6) ...
Setting up dns-root-data (2024071801~ubuntu0.24.04.1) ...
Selecting previously unselected package libheif1:arm64.
Setting up fakeroot (1.33-1) ...
Preparing to unpack .../66-libheif1_1.17.6-1ubuntu4.6_arm64.deb ...
Unpacking libheif1:arm64 (1.17.6-1ubuntu4.6) ...
update-alternatives: using /usr/bin/fakeroot-sysv to provide /usr/bin/fakeroot (fakeroot) in auto mode
Selecting previously unselected package libjpeg-turbo8:arm64.
Setting up rpcsvc-proto (1.4.2-0ubuntu7) ...
Preparing to unpack .../67-libjpeg-turbo8_2.1.5-2ubuntu2_arm64.deb ...
Unpacking libjpeg-turbo8:arm64 (2.1.5-2ubuntu2) ...
Setting up gcc-13-base:arm64 (13.3.0-6ubuntu2~24.04.1) ...
Setting up make (4.3-4.1build2) ...
Selecting previously unselected package libjpeg8:arm64.
Preparing to unpack .../68-libjpeg8_8c-2ubuntu11_arm64.deb ...
Unpacking libjpeg8:arm64 (8c-2ubuntu11) ...
Setting up fonts-dejavu-mono (2.37-8) ...
Selecting previously unselected package libdeflate0:arm64.
Preparing to unpack .../69-libdeflate0_1.19-1build1.1_arm64.deb ...
Unpacking libdeflate0:arm64 (1.19-1build1.1) ...
Setting up libmpc3:arm64 (1.3.1-1build1.1) ...
Setting up libatomic1:arm64 (14.2.0-4ubuntu2~24.04.1) ...
Selecting previously unselected package libjbig0:arm64.
Preparing to unpack .../70-libjbig0_2.1-6.1ubuntu2_arm64.deb ...
Unpacking libjbig0:arm64 (2.1-6.1ubuntu2) ...
Setting up fonts-dejavu-core (2.37-8) ...
Selecting previously unselected package liblerc4:arm64.
Preparing to unpack .../71-liblerc4_4.0.0+ds-4ubuntu2_arm64.deb ...
Unpacking liblerc4:arm64 (4.0.0+ds-4ubuntu2) ...
Selecting previously unselected package libwebp7:arm64.
Preparing to unpack .../72-libwebp7_1.3.2-0.4build3_arm64.deb ...
Setting up python3-pip (24.0+dfsg-1ubuntu1.3) ...
Unpacking libwebp7:arm64 (1.3.2-0.4build3) ...
Selecting previously unselected package libtiff6:arm64.
Preparing to unpack .../73-libtiff6_4.5.1+git230720-4ubuntu2.5_arm64.deb ...
Unpacking libtiff6:arm64 (4.5.1+git230720-4ubuntu2.5) ...
Selecting previously unselected package libxpm4:arm64.
Preparing to unpack .../74-libxpm4_1%3a3.5.17-1ubuntu0.24.04.1_arm64.deb ...
Unpacking libxpm4:arm64 (1:3.5.17-1ubuntu0.24.04.1) ...
Selecting previously unselected package libgd3:arm64.
Preparing to unpack .../75-libgd3_2.3.3-9ubuntu5_arm64.deb ...
Unpacking libgd3:arm64 (2.3.3-9ubuntu5) ...
Selecting previously unselected package libc-devtools.
Preparing to unpack .../76-libc-devtools_2.39-0ubuntu8.8_arm64.deb ...
Unpacking libc-devtools (2.39-0ubuntu8.8) ...
Selecting previously unselected package libexpat1-dev:arm64.
Preparing to unpack .../77-libexpat1-dev_2.6.1-2ubuntu0.4_arm64.deb ...
Unpacking libexpat1-dev:arm64 (2.6.1-2ubuntu0.4) ...
Selecting previously unselected package libfile-fcntllock-perl.
Preparing to unpack .../78-libfile-fcntllock-perl_0.22-4ubuntu5_arm64.deb ...
Unpacking libfile-fcntllock-perl (0.22-4ubuntu5) ...
Selecting previously unselected package libheif-plugin-aomenc:arm64.
Preparing to unpack .../79-libheif-plugin-aomenc_1.17.6-1ubuntu4.6_arm64.deb ...
Unpacking libheif-plugin-aomenc:arm64 (1.17.6-1ubuntu4.6) ...
Selecting previously unselected package libjs-jquery.
Preparing to unpack .../80-libjs-jquery_3.6.1+dfsg+~3.5.14-1_all.deb ...
Unpacking libjs-jquery (3.6.1+dfsg+~3.5.14-1) ...
Selecting previously unselected package libjs-underscore.
Preparing to unpack .../81-libjs-underscore_1.13.4~dfsg+~1.11.4-3_all.deb ...
Unpacking libjs-underscore (1.13.4~dfsg+~1.11.4-3) ...
Selecting previously unselected package libjs-sphinxdoc.
Preparing to unpack .../82-libjs-sphinxdoc_7.2.6-6_all.deb ...
Unpacking libjs-sphinxdoc (7.2.6-6) ...
Selecting previously unselected package zlib1g-dev:arm64.
Preparing to unpack .../83-zlib1g-dev_1%3a1.3.dfsg-3.1ubuntu2.1_arm64.deb ...
Unpacking zlib1g-dev:arm64 (1:1.3.dfsg-3.1ubuntu2.1) ...
Selecting previously unselected package libpython3.12-dev:arm64.
Preparing to unpack .../84-libpython3.12-dev_3.12.3-1ubuntu0.15_arm64.deb ...
Unpacking libpython3.12-dev:arm64 (3.12.3-1ubuntu0.15) ...
Setting up libjpeg-turbo8:arm64 (2.1.5-2ubuntu2) ...
Setting up bridge-utils (1.7.1-1ubuntu2) ...
Selecting previously unselected package libpython3-dev:arm64.
Preparing to unpack .../85-libpython3-dev_3.12.3-0ubuntu2.1_arm64.deb ...
Unpacking libpython3-dev:arm64 (3.12.3-0ubuntu2.1) ...
Preparing to unpack .../86-linux-tools-common_6.8.0-136.136_all.deb ...
Unpacking linux-tools-common (6.8.0-136.136) over (6.8.0-134.134) ...
Setting up libdpkg-perl (1.22.6ubuntu6.6) ...
Setting up libwebp7:arm64 (1.3.2-0.4build3) ...
Setting up libubsan1:arm64 (14.2.0-4ubuntu2~24.04.1) ...
Setting up libhwasan0:arm64 (14.2.0-4ubuntu2~24.04.1) ...
Setting up pigz (2.8-1) ...
Selecting previously unselected package manpages-dev.
Setting up libcrypt-dev:arm64 (1:4.4.36-4build1) ...
Preparing to unpack .../87-manpages-dev_6.7-2_all.deb ...
Unpacking manpages-dev (6.7-2) ...
Setting up libasan8:arm64 (14.2.0-4ubuntu2~24.04.1) ...
Setting up libtsan2:arm64 (14.2.0-4ubuntu2~24.04.1) ...
Setting up libjs-jquery (3.6.1+dfsg+~3.5.14-1) ...
Setting up libbinutils:arm64 (2.42-4ubuntu2.10) ...
Setting up libisl23:arm64 (0.26-3build1.1) ...
Setting up libc-dev-bin (2.39-0ubuntu8.8) ...
Setting up containerd (2.2.1-0ubuntu1~24.04.3) ...
Created symlink /etc/systemd/system/multi-user.target.wants/containerd.service → /usr/lib/systemd/system/containerd.service.
Selecting previously unselected package python3.12-dev.
Preparing to unpack .../88-python3.12-dev_3.12.3-1ubuntu0.15_arm64.deb ...
Unpacking python3.12-dev (3.12.3-1ubuntu0.15) ...
Selecting previously unselected package python3-dev.
Preparing to unpack .../89-python3-dev_3.12.3-0ubuntu2.1_arm64.deb ...
Unpacking python3-dev (3.12.3-0ubuntu2.1) ...
Selecting previously unselected package python3-wheel.
Preparing to unpack .../90-python3-wheel_0.42.0-2_all.deb ...
Unpacking python3-wheel (0.42.0-2) ...
Setting up libjpeg-turbo8:arm64 (2.1.5-2ubuntu2) ...
Setting up bridge-utils (1.7.1-1ubuntu2) ...
Selecting previously unselected package python3-pip.
Preparing to unpack .../91-python3-pip_24.0+dfsg-1ubuntu1.3_all.deb ...
Unpacking python3-pip (24.0+dfsg-1ubuntu1.3) ...
Setting up libdpkg-perl (1.22.6ubuntu6.6) ...
Setting up libwebp7:arm64 (1.3.2-0.4build3) ...
Setting up libubsan1:arm64 (14.2.0-4ubuntu2~24.04.1) ...
Setting up libhwasan0:arm64 (14.2.0-4ubuntu2~24.04.1) ...
Setting up linux-tools-common (6.8.0-136.136) ...
Selecting previously unselected package ubuntu-fan.
Setting up libalgorithm-diff-xs-perl:arm64 (0.04-8build3) ...
Setting up pigz (2.8-1) ...
Preparing to unpack .../92-ubuntu-fan_0.12.16+24.04.1_all.deb ...
Unpacking ubuntu-fan (0.12.16+24.04.1) ...
Setting up libcc1-0:arm64 (14.2.0-4ubuntu2~24.04.1) ...
Setting up libcrypt-dev:arm64 (1:4.4.36-4build1) ...
Setting up liblsan0:arm64 (14.2.0-4ubuntu2~24.04.1) ...
Setting up libitm1:arm64 (14.2.0-4ubuntu2~24.04.1) ...
Setting up libasan8:arm64 (14.2.0-4ubuntu2~24.04.1) ...
Setting up libjs-underscore (1.13.4~dfsg+~1.11.4-3) ...
Setting up libtsan2:arm64 (14.2.0-4ubuntu2~24.04.1) ...
Setting up libalgorithm-merge-perl (0.08-5) ...
Setting up libjs-jquery (3.6.1+dfsg+~3.5.14-1) ...
Setting up javascript-common (11+nmu1) ...
Setting up libctf0:arm64 (2.42-4ubuntu2.10) ...
Setting up libjpeg8:arm64 (8c-2ubuntu11) ...
Setting up libbinutils:arm64 (2.42-4ubuntu2.10) ...
Setting up ubuntu-fan (0.12.16+24.04.1) ...
Setting up libisl23:arm64 (0.26-3build1.1) ...
Setting up libsharpyuv0:arm64 (1.3.2-0.4build3) ...
Setting up libc-dev-bin (2.39-0ubuntu8.8) ...
Setting up libaom3:arm64 (3.8.2-2ubuntu0.1) ...
Setting up containerd (2.2.1-0ubuntu1~24.04.3) ...
Setting up manpages-dev (6.7-2) ...
Setting up lto-disabled-list (47) ...
Setting up liblerc4:arm64 (4.0.0+ds-4ubuntu2) ...
Setting up libxpm4:arm64 (1:3.5.17-1ubuntu0.24.04.1) ...
Setting up libfile-fcntllock-perl (0.22-4ubuntu5) ...
Setting up libalgorithm-diff-perl (1.201-1) ...
Setting up binutils-common:arm64 (2.42-4ubuntu2.10) ...
Created symlink /etc/systemd/system/multi-user.target.wants/ubuntu-fan.service → /usr/lib/systemd/system/ubuntu-fan.service.
Setting up libdeflate0:arm64 (1.19-1build1.1) ...
Created symlink /etc/systemd/system/multi-user.target.wants/containerd.service → /usr/lib/systemd/system/containerd.service.
Setting up linux-libc-dev:arm64 (6.8.0-136.136) ...
Setting up libctf-nobfd0:arm64 (2.42-4ubuntu2.10) ...
Setting up dnsmasq-base (2.90-2ubuntu0.4) ...
Setting up libgomp1:arm64 (14.2.0-4ubuntu2~24.04.1) ...
Setting up bzip2 (1.0.8-5.1build0.1) ...
Setting up locales (2.39-0ubuntu8.8) ...
Setting up cpp-13-aarch64-linux-gnu (13.3.0-6ubuntu2~24.04.1) ...
Setting up fontconfig-config (2.15.0-1.1ubuntu2) ...
Setting up linux-tools-common (6.8.0-136.136) ...
Setting up libalgorithm-diff-xs-perl:arm64 (0.04-8build3) ...
Setting up libcc1-0:arm64 (14.2.0-4ubuntu2~24.04.1) ...
Setting up liblsan0:arm64 (14.2.0-4ubuntu2~24.04.1) ...
Setting up libitm1:arm64 (14.2.0-4ubuntu2~24.04.1) ...
Setting up libjs-underscore (1.13.4~dfsg+~1.11.4-3) ...
Setting up libalgorithm-merge-perl (0.08-5) ...
Setting up libctf0:arm64 (2.42-4ubuntu2.10) ...
Setting up docker.io (29.1.3-0ubuntu3~24.04.2) ...
Setting up libjpeg8:arm64 (8c-2ubuntu11) ...
Setting up ubuntu-fan (0.12.16+24.04.1) ...
info: Selecting GID from range 100 to 999 ...
info: Adding group `docker' (GID 112) ...
Generating locales (this might take a while)...
  en_US.UTF-8...Created symlink /etc/systemd/system/multi-user.target.wants/ubuntu-fan.service → /usr/lib/systemd/system/ubuntu-fan.service.
Created symlink /etc/systemd/system/multi-user.target.wants/docker.service → /usr/lib/systemd/system/docker.service.
Created symlink /etc/systemd/system/sockets.target.wants/docker.socket → /usr/lib/systemd/system/docker.socket.
Setting up cpp-13-aarch64-linux-gnu (13.3.0-6ubuntu2~24.04.1) ...
Setting up fontconfig-config (2.15.0-1.1ubuntu2) ...
Setting up docker.io (29.1.3-0ubuntu3~24.04.2) ...
info: Selecting GID from range 100 to 999 ...
info: Adding group `docker' (GID 112) ...
Setting up cpp-aarch64-linux-gnu (4:13.2.0-7ubuntu1) ...
Setting up libgprofng0:arm64 (2.42-4ubuntu2.10) ...
Setting up libjs-sphinxdoc (7.2.6-6) ...
Setting up libgcc-13-dev:arm64 (13.3.0-6ubuntu2~24.04.1) ...
Setting up libtiff6:arm64 (4.5.1+git230720-4ubuntu2.5) ...
Setting up libc6-dev:arm64 (2.39-0ubuntu8.8) ...
Setting up libstdc++-13-dev:arm64 (13.3.0-6ubuntu2~24.04.1) ...
Created symlink /etc/systemd/system/multi-user.target.wants/docker.service → /usr/lib/systemd/system/docker.service.
Setting up cpp-13 (13.3.0-6ubuntu2~24.04.1) ...
Setting up binutils-aarch64-linux-gnu (2.42-4ubuntu2.10) ...
Setting up binutils (2.42-4ubuntu2.10) ...
Setting up gcc-13-aarch64-linux-gnu (13.3.0-6ubuntu2~24.04.1) ...
Setting up dpkg-dev (1.22.6ubuntu6.6) ...
Setting up libexpat1-dev:arm64 (2.6.1-2ubuntu0.4) ...
Setting up gcc-13 (13.3.0-6ubuntu2~24.04.1) ...
Created symlink /etc/systemd/system/sockets.target.wants/docker.socket → /usr/lib/systemd/system/docker.socket.
Setting up zlib1g-dev:arm64 (1:1.3.dfsg-3.1ubuntu2.1) ...
Setting up cpp (4:13.2.0-7ubuntu1) ...
Setting up g++-13-aarch64-linux-gnu (13.3.0-6ubuntu2~24.04.1) ...
Setting up gcc-aarch64-linux-gnu (4:13.2.0-7ubuntu1) ...
Setting up g++-13 (13.3.0-6ubuntu2~24.04.1) ...
Setting up libpython3.12-dev:arm64 (3.12.3-1ubuntu0.15) ...
Setting up gcc (4:13.2.0-7ubuntu1) ...
Setting up python3.12-dev (3.12.3-1ubuntu0.15) ...
Setting up g++-aarch64-linux-gnu (4:13.2.0-7ubuntu1) ...
Setting up libpython3-dev:arm64 (3.12.3-0ubuntu2.1) ...
Setting up python3-dev (3.12.3-0ubuntu2.1) ...
Setting up g++ (4:13.2.0-7ubuntu1) ...
update-alternatives: using /usr/bin/g++ to provide /usr/bin/c++ (c++) in auto mode
Setting up build-essential (12.10ubuntu1) ...
Setting up libheif-plugin-aomdec:arm64 (1.17.6-1ubuntu4.6) ...
Setting up libheif1:arm64 (1.17.6-1ubuntu4.6) ...
Setting up libheif-plugin-aomenc:arm64 (1.17.6-1ubuntu4.6) ...
Processing triggers for libc-bin (2.39-0ubuntu8.8) ...
Processing triggers for man-db (2.12.0-4build2) ...
 done
Generation complete.
Setting up cpp-aarch64-linux-gnu (4:13.2.0-7ubuntu1) ...
Setting up libgprofng0:arm64 (2.42-4ubuntu2.10) ...
Setting up libjs-sphinxdoc (7.2.6-6) ...
Setting up libgcc-13-dev:arm64 (13.3.0-6ubuntu2~24.04.1) ...
Setting up python3-wheel (0.42.0-2) ...
Setting up libtiff6:arm64 (4.5.1+git230720-4ubuntu2.5) ...
Setting up libc6-dev:arm64 (2.39-0ubuntu8.8) ...
Setting up libstdc++-13-dev:arm64 (13.3.0-6ubuntu2~24.04.1) ...
Setting up cpp-13 (13.3.0-6ubuntu2~24.04.1) ...
Setting up binutils-aarch64-linux-gnu (2.42-4ubuntu2.10) ...
Setting up libjbig0:arm64 (2.1-6.1ubuntu2) ...
Setting up binutils (2.42-4ubuntu2.10) ...
Setting up libsframe1:arm64 (2.42-4ubuntu2.10) ...
Setting up gcc-13-aarch64-linux-gnu (13.3.0-6ubuntu2~24.04.1) ...
Setting up libfakeroot:arm64 (1.33-1) ...
Setting up dpkg-dev (1.22.6ubuntu6.6) ...
Setting up runc (1.3.4-0ubuntu1~24.04.1) ...
Setting up libexpat1-dev:arm64 (2.6.1-2ubuntu0.4) ...
Setting up dns-root-data (2024071801~ubuntu0.24.04.1) ...
Setting up gcc-13 (13.3.0-6ubuntu2~24.04.1) ...
Setting up fakeroot (1.33-1) ...
update-alternatives: using /usr/bin/fakeroot-sysv to provide /usr/bin/fakeroot (fakeroot) in auto mode
Setting up zlib1g-dev:arm64 (1:1.3.dfsg-3.1ubuntu2.1) ...
Setting up rpcsvc-proto (1.4.2-0ubuntu7) ...
Setting up cpp (4:13.2.0-7ubuntu1) ...
Setting up gcc-13-base:arm64 (13.3.0-6ubuntu2~24.04.1) ...
Setting up g++-13-aarch64-linux-gnu (13.3.0-6ubuntu2~24.04.1) ...
Setting up make (4.3-4.1build2) ...
Setting up gcc-aarch64-linux-gnu (4:13.2.0-7ubuntu1) ...
Setting up fonts-dejavu-mono (2.37-8) ...
Setting up g++-13 (13.3.0-6ubuntu2~24.04.1) ...
Setting up libpython3.12-dev:arm64 (3.12.3-1ubuntu0.15) ...
Setting up libmpc3:arm64 (1.3.1-1build1.1) ...
Setting up gcc (4:13.2.0-7ubuntu1) ...
Setting up libatomic1:arm64 (14.2.0-4ubuntu2~24.04.1) ...
Setting up fonts-dejavu-core (2.37-8) ...
Setting up python3.12-dev (3.12.3-1ubuntu0.15) ...
Setting up g++-aarch64-linux-gnu (4:13.2.0-7ubuntu1) ...
Setting up libpython3-dev:arm64 (3.12.3-0ubuntu2.1) ...
Setting up python3-dev (3.12.3-0ubuntu2.1) ...
Setting up python3-pip (24.0+dfsg-1ubuntu1.3) ...
Setting up g++ (4:13.2.0-7ubuntu1) ...
update-alternatives: using /usr/bin/g++ to provide /usr/bin/c++ (c++) in auto mode
Setting up build-essential (12.10ubuntu1) ...
Setting up libheif-plugin-aomdec:arm64 (1.17.6-1ubuntu4.6) ...
Setting up libheif1:arm64 (1.17.6-1ubuntu4.6) ...
Setting up libheif-plugin-aomenc:arm64 (1.17.6-1ubuntu4.6) ...
Processing triggers for libc-bin (2.39-0ubuntu8.8) ...
Processing triggers for man-db (2.12.0-4build2) ...
Setting up libjpeg-turbo8:arm64 (2.1.5-2ubuntu2) ...
Setting up bridge-utils (1.7.1-1ubuntu2) ...
Setting up libdpkg-perl (1.22.6ubuntu6.6) ...
Setting up libwebp7:arm64 (1.3.2-0.4build3) ...
Setting up libubsan1:arm64 (14.2.0-4ubuntu2~24.04.1) ...
Setting up libhwasan0:arm64 (14.2.0-4ubuntu2~24.04.1) ...
Setting up pigz (2.8-1) ...
Setting up libcrypt-dev:arm64 (1:4.4.36-4build1) ...
Setting up libasan8:arm64 (14.2.0-4ubuntu2~24.04.1) ...
Setting up libtsan2:arm64 (14.2.0-4ubuntu2~24.04.1) ...
Setting up libjs-jquery (3.6.1+dfsg+~3.5.14-1) ...
Setting up libbinutils:arm64 (2.42-4ubuntu2.10) ...
Setting up libisl23:arm64 (0.26-3build1.1) ...
Setting up libc-dev-bin (2.39-0ubuntu8.8) ...
Setting up containerd (2.2.1-0ubuntu1~24.04.3) ...
Created symlink /etc/systemd/system/multi-user.target.wants/containerd.service → /usr/lib/systemd/system/containerd.service.
Setting up linux-tools-common (6.8.0-136.136) ...
Setting up libalgorithm-diff-xs-perl:arm64 (0.04-8build3) ...
Setting up libcc1-0:arm64 (14.2.0-4ubuntu2~24.04.1) ...
Setting up liblsan0:arm64 (14.2.0-4ubuntu2~24.04.1) ...
Setting up libitm1:arm64 (14.2.0-4ubuntu2~24.04.1) ...
Setting up libjs-underscore (1.13.4~dfsg+~1.11.4-3) ...
Setting up libalgorithm-merge-perl (0.08-5) ...
Setting up libctf0:arm64 (2.42-4ubuntu2.10) ...
Setting up libjpeg8:arm64 (8c-2ubuntu11) ...
Setting up ubuntu-fan (0.12.16+24.04.1) ...
Created symlink /etc/systemd/system/multi-user.target.wants/ubuntu-fan.service → /usr/lib/systemd/system/ubuntu-fan.service.
Setting up cpp-13-aarch64-linux-gnu (13.3.0-6ubuntu2~24.04.1) ...
Setting up fontconfig-config (2.15.0-1.1ubuntu2) ...
Setting up docker.io (29.1.3-0ubuntu3~24.04.2) ...
info: Selecting GID from range 100 to 999 ...
info: Adding group `docker' (GID 112) ...
Created symlink /etc/systemd/system/multi-user.target.wants/docker.service → /usr/lib/systemd/system/docker.service.
Created symlink /etc/systemd/system/sockets.target.wants/docker.socket → /usr/lib/systemd/system/docker.socket.
Processing triggers for dbus (1.14.10-4ubuntu4.1) ...
Processing triggers for sgml-base (1.31) ...
Setting up libfontconfig1:arm64 (2.15.0-1.1ubuntu2) ...
Setting up libgd3:arm64 (2.3.3-9ubuntu5) ...
Setting up libc-devtools (2.39-0ubuntu8.8) ...
Processing triggers for libc-bin (2.39-0ubuntu8.8) ...
Processing triggers for dbus (1.14.10-4ubuntu4.1) ...
Processing triggers for sgml-base (1.31) ...
Setting up libfontconfig1:arm64 (2.15.0-1.1ubuntu2) ...
Setting up libgd3:arm64 (2.3.3-9ubuntu5) ...
Setting up libc-devtools (2.39-0ubuntu8.8) ...
Processing triggers for libc-bin (2.39-0ubuntu8.8) ...
Setting up cpp-aarch64-linux-gnu (4:13.2.0-7ubuntu1) ...
Setting up libgprofng0:arm64 (2.42-4ubuntu2.10) ...
Setting up libjs-sphinxdoc (7.2.6-6) ...
Setting up libgcc-13-dev:arm64 (13.3.0-6ubuntu2~24.04.1) ...
Setting up libtiff6:arm64 (4.5.1+git230720-4ubuntu2.5) ...
Setting up libc6-dev:arm64 (2.39-0ubuntu8.8) ...
Setting up libstdc++-13-dev:arm64 (13.3.0-6ubuntu2~24.04.1) ...
Setting up cpp-13 (13.3.0-6ubuntu2~24.04.1) ...
Setting up binutils-aarch64-linux-gnu (2.42-4ubuntu2.10) ...
Setting up binutils (2.42-4ubuntu2.10) ...
Setting up gcc-13-aarch64-linux-gnu (13.3.0-6ubuntu2~24.04.1) ...
Setting up dpkg-dev (1.22.6ubuntu6.6) ...
Setting up libexpat1-dev:arm64 (2.6.1-2ubuntu0.4) ...
Setting up gcc-13 (13.3.0-6ubuntu2~24.04.1) ...
Setting up zlib1g-dev:arm64 (1:1.3.dfsg-3.1ubuntu2.1) ...
Setting up cpp (4:13.2.0-7ubuntu1) ...
Setting up g++-13-aarch64-linux-gnu (13.3.0-6ubuntu2~24.04.1) ...
Setting up gcc-aarch64-linux-gnu (4:13.2.0-7ubuntu1) ...
Setting up g++-13 (13.3.0-6ubuntu2~24.04.1) ...
Setting up libpython3.12-dev:arm64 (3.12.3-1ubuntu0.15) ...
Setting up gcc (4:13.2.0-7ubuntu1) ...
Setting up python3.12-dev (3.12.3-1ubuntu0.15) ...
Setting up g++-aarch64-linux-gnu (4:13.2.0-7ubuntu1) ...
Setting up libpython3-dev:arm64 (3.12.3-0ubuntu2.1) ...
Setting up python3-dev (3.12.3-0ubuntu2.1) ...
Setting up g++ (4:13.2.0-7ubuntu1) ...
update-alternatives: using /usr/bin/g++ to provide /usr/bin/c++ (c++) in auto mode
Setting up build-essential (12.10ubuntu1) ...
Setting up libheif-plugin-aomdec:arm64 (1.17.6-1ubuntu4.6) ...
Setting up libheif1:arm64 (1.17.6-1ubuntu4.6) ...
Setting up libheif-plugin-aomenc:arm64 (1.17.6-1ubuntu4.6) ...
Processing triggers for libc-bin (2.39-0ubuntu8.8) ...
Processing triggers for man-db (2.12.0-4build2) ...
Get:15 http://us-east-1.ec2.ports.ubuntu.com/ubuntu-ports noble-updates/main arm64 linux-libc-dev arm64 6.8.0-136.136 [1550 kB]
Get:16 http://us-east-1.ec2.ports.ubuntu.com/ubuntu-ports noble/main arm64 libcrypt-dev arm64 1:4.4.36-4build1 [118 kB]
Get:17 http://us-east-1.ec2.ports.ubuntu.com/ubuntu-ports noble/main arm64 rpcsvc-proto arm64 1.4.2-0ubuntu7 [64.8 kB]
Get:18 http://us-east-1.ec2.ports.ubuntu.com/ubuntu-ports noble-updates/main arm64 libc6-dev arm64 2.39-0ubuntu8.8 [1596 kB]
Get:19 http://us-east-1.ec2.ports.ubuntu.com/ubuntu-ports noble-updates/main arm64 gcc-13-base arm64 13.3.0-6ubuntu2~24.04.1 [51.6 kB]
Get:20 http://us-east-1.ec2.ports.ubuntu.com/ubuntu-ports noble-updates/main arm64 libisl23 arm64 0.26-3build1.1 [669 kB]
Get:21 http://us-east-1.ec2.ports.ubuntu.com/ubuntu-ports noble-updates/main arm64 libmpc3 arm64 1.3.1-1build1.1 [56.4 kB]
Get:22 http://us-east-1.ec2.ports.ubuntu.com/ubuntu-ports noble-updates/main arm64 cpp-13-aarch64-linux-gnu arm64 13.3.0-6ubuntu2~24.04.1 [9560 kB]

Running kernel seems to be up-to-date.

Restarting services...
Get:23 http://us-east-1.ec2.ports.ubuntu.com/ubuntu-ports noble-updates/main arm64 cpp-13 arm64 13.3.0-6ubuntu2~24.04.1 [1038 B]
Get:24 http://us-east-1.ec2.ports.ubuntu.com/ubuntu-ports noble/main arm64 cpp-aarch64-linux-gnu arm64 4:13.2.0-7ubuntu1 [5316 B]
Get:25 http://us-east-1.ec2.ports.ubuntu.com/ubuntu-ports noble/main arm64 cpp arm64 4:13.2.0-7ubuntu1 [22.4 kB]
 systemctl restart acpid.service chrony.service cron.service irqbalance.service multipathd.service packagekit.service polkit.service rsyslog.service ssh.service systemd-journald.service systemd-networkd.service systemd-resolved.service systemd-udevd.service udisks2.service
Get:26 http://us-east-1.ec2.ports.ubuntu.com/ubuntu-ports noble-updates/main arm64 libcc1-0 arm64 14.2.0-4ubuntu2~24.04.1 [49.7 kB]
Get:27 http://us-east-1.ec2.ports.ubuntu.com/ubuntu-ports noble-updates/main arm64 libgomp1 arm64 14.2.0-4ubuntu2~24.04.1 [145 kB]
Get:28 http://us-east-1.ec2.ports.ubuntu.com/ubuntu-ports noble-updates/main arm64 libitm1 arm64 14.2.0-4ubuntu2~24.04.1 [28.2 kB]
Get:29 http://us-east-1.ec2.ports.ubuntu.com/ubuntu-ports noble-updates/main arm64 libatomic1 arm64 14.2.0-4ubuntu2~24.04.1 [11.6 kB]
Get:30 http://us-east-1.ec2.ports.ubuntu.com/ubuntu-ports noble-updates/main arm64 libasan8 arm64 14.2.0-4ubuntu2~24.04.1 [2928 kB]
Get:31 http://us-east-1.ec2.ports.ubuntu.com/ubuntu-ports noble-updates/main arm64 liblsan0 arm64 14.2.0-4ubuntu2~24.04.1 [1289 kB]
Get:32 http://us-east-1.ec2.ports.ubuntu.com/ubuntu-ports noble-updates/main arm64 libtsan2 arm64 14.2.0-4ubuntu2~24.04.1 [2697 kB]
Get:33 http://us-east-1.ec2.ports.ubuntu.com/ubuntu-ports noble-updates/main arm64 libubsan1 arm64 14.2.0-4ubuntu2~24.04.1 [1157 kB]
Get:34 http://us-east-1.ec2.ports.ubuntu.com/ubuntu-ports noble-updates/main arm64 libhwasan0 arm64 14.2.0-4ubuntu2~24.04.1 [1605 kB]
Get:35 http://us-east-1.ec2.ports.ubuntu.com/ubuntu-ports noble-updates/main arm64 libgcc-13-dev arm64 13.3.0-6ubuntu2~24.04.1 [2473 kB]
Get:36 http://us-east-1.ec2.ports.ubuntu.com/ubuntu-ports noble-updates/main arm64 gcc-13-aarch64-linux-gnu arm64 13.3.0-6ubuntu2~24.04.1 [18.7 MB]

Running kernel seems to be up-to-date.

Restarting services...
 systemctl restart acpid.service chrony.service cron.service irqbalance.service multipathd.service packagekit.service polkit.service rsyslog.service ssh.service systemd-journald.service systemd-networkd.service systemd-resolved.service systemd-udevd.service udisks2.service
Get:37 http://us-east-1.ec2.ports.ubuntu.com/ubuntu-ports noble-updates/main arm64 gcc-13 arm64 13.3.0-6ubuntu2~24.04.1 [484 kB]
Get:38 http://us-east-1.ec2.ports.ubuntu.com/ubuntu-ports noble/main arm64 gcc-aarch64-linux-gnu arm64 4:13.2.0-7ubuntu1 [1198 B]
Get:39 http://us-east-1.ec2.ports.ubuntu.com/ubuntu-ports noble/main arm64 gcc arm64 4:13.2.0-7ubuntu1 [5018 B]
Get:40 http://us-east-1.ec2.ports.ubuntu.com/ubuntu-ports noble-updates/main arm64 libstdc++-13-dev arm64 13.3.0-6ubuntu2~24.04.1 [2397 kB]
Get:41 http://us-east-1.ec2.ports.ubuntu.com/ubuntu-ports noble-updates/main arm64 g++-13-aarch64-linux-gnu arm64 13.3.0-6ubuntu2~24.04.1 [10.9 MB]

Service restarts being deferred:
 systemctl restart ModemManager.service
 /etc/needrestart/restart.d/dbus.service
 systemctl restart getty@tty1.service
 systemctl restart networkd-dispatcher.service
 systemctl restart serial-getty@ttyS0.service
 systemctl restart systemd-logind.service
 systemctl restart unattended-upgrades.service

No containers need to be restarted.

User sessions running outdated binaries:
 ubuntu @ session #3: sshd[1436,1520]
 ubuntu @ user manager service: systemd[1327]

No VM guests are running outdated hypervisor (qemu) binaries on this host.
Get:42 http://us-east-1.ec2.ports.ubuntu.com/ubuntu-ports noble-updates/main arm64 g++-13 arm64 13.3.0-6ubuntu2~24.04.1 [16.0 kB]
Get:43 http://us-east-1.ec2.ports.ubuntu.com/ubuntu-ports noble/main arm64 g++-aarch64-linux-gnu arm64 4:13.2.0-7ubuntu1 [962 B]
Get:44 http://us-east-1.ec2.ports.ubuntu.com/ubuntu-ports noble/main arm64 g++ arm64 4:13.2.0-7ubuntu1 [1082 B]
Get:45 http://us-east-1.ec2.ports.ubuntu.com/ubuntu-ports noble/main arm64 make arm64 4.3-4.1build2 [178 kB]
Get:46 http://us-east-1.ec2.ports.ubuntu.com/ubuntu-ports noble-updates/main arm64 libdpkg-perl all 1.22.6ubuntu6.6 [268 kB]
Get:47 http://us-east-1.ec2.ports.ubuntu.com/ubuntu-ports noble-updates/main arm64 bzip2 arm64 1.0.8-5.1build0.1 [34.0 kB]
Get:48 http://us-east-1.ec2.ports.ubuntu.com/ubuntu-ports noble/main arm64 lto-disabled-list all 47 [12.4 kB]
Get:49 http://us-east-1.ec2.ports.ubuntu.com/ubuntu-ports noble-updates/main arm64 dpkg-dev all 1.22.6ubuntu6.6 [1074 kB]
Get:50 http://us-east-1.ec2.ports.ubuntu.com/ubuntu-ports noble/main arm64 build-essential arm64 12.10ubuntu1 [4932 B]
Get:51 http://us-east-1.ec2.ports.ubuntu.com/ubuntu-ports noble-updates/main arm64 runc arm64 1.3.4-0ubuntu1~24.04.1 [8578 kB]
Get:52 http://us-east-1.ec2.ports.ubuntu.com/ubuntu-ports noble-updates/main arm64 containerd arm64 2.2.1-0ubuntu1~24.04.3 [25.2 MB]

Service restarts being deferred:
 systemctl restart ModemManager.service
 /etc/needrestart/restart.d/dbus.service
 systemctl restart getty@tty1.service
 systemctl restart networkd-dispatcher.service
 systemctl restart serial-getty@ttyS0.service
 systemctl restart systemd-logind.service
 systemctl restart unattended-upgrades.service

No containers need to be restarted.

User sessions running outdated binaries:
 ubuntu @ session #3: sshd[1444,1528]
 ubuntu @ user manager service: systemd[1335]

No VM guests are running outdated hypervisor (qemu) binaries on this host.
Get:53 http://us-east-1.ec2.ports.ubuntu.com/ubuntu-ports noble-updates/main arm64 dns-root-data all 2024071801~ubuntu0.24.04.1 [5918 B]
Get:54 http://us-east-1.ec2.ports.ubuntu.com/ubuntu-ports noble-updates/main arm64 dnsmasq-base arm64 2.90-2ubuntu0.4 [367 kB]
Get:55 http://us-east-1.ec2.ports.ubuntu.com/ubuntu-ports noble-updates/universe arm64 docker.io arm64 29.1.3-0ubuntu3~24.04.2 [32.0 MB]
Get:56 http://us-east-1.ec2.ports.ubuntu.com/ubuntu-ports noble/main arm64 libfakeroot arm64 1.33-1 [32.5 kB]
Get:57 http://us-east-1.ec2.ports.ubuntu.com/ubuntu-ports noble/main arm64 fakeroot arm64 1.33-1 [66.9 kB]
Get:58 http://us-east-1.ec2.ports.ubuntu.com/ubuntu-ports noble/main arm64 fonts-dejavu-mono all 2.37-8 [502 kB]
Get:59 http://us-east-1.ec2.ports.ubuntu.com/ubuntu-ports noble/main arm64 fonts-dejavu-core all 2.37-8 [835 kB]
Get:60 http://us-east-1.ec2.ports.ubuntu.com/ubuntu-ports noble/main arm64 fontconfig-config arm64 2.15.0-1.1ubuntu2 [37.4 kB]
Get:61 http://us-east-1.ec2.ports.ubuntu.com/ubuntu-ports noble/main arm64 javascript-common all 11+nmu1 [5936 B]
Get:62 http://us-east-1.ec2.ports.ubuntu.com/ubuntu-ports noble/main arm64 libalgorithm-diff-perl all 1.201-1 [41.8 kB]
Get:63 http://us-east-1.ec2.ports.ubuntu.com/ubuntu-ports noble/main arm64 libalgorithm-diff-xs-perl arm64 0.04-8build3 [10.9 kB]
Get:64 http://us-east-1.ec2.ports.ubuntu.com/ubuntu-ports noble/main arm64 libalgorithm-merge-perl all 0.08-5 [11.4 kB]
Get:65 http://us-east-1.ec2.ports.ubuntu.com/ubuntu-ports noble-updates/main arm64 libaom3 arm64 3.8.2-2ubuntu0.1 [1617 kB]
Get:66 http://us-east-1.ec2.ports.ubuntu.com/ubuntu-ports noble/main arm64 libfontconfig1 arm64 2.15.0-1.1ubuntu2 [142 kB]
Get:67 http://us-east-1.ec2.ports.ubuntu.com/ubuntu-ports noble/main arm64 libsharpyuv0 arm64 1.3.2-0.4build3 [14.5 kB]
Get:68 http://us-east-1.ec2.ports.ubuntu.com/ubuntu-ports noble-updates/main arm64 libheif-plugin-aomdec arm64 1.17.6-1ubuntu4.6 [11.1 kB]
Get:69 http://us-east-1.ec2.ports.ubuntu.com/ubuntu-ports noble-updates/main arm64 libheif1 arm64 1.17.6-1ubuntu4.6 [260 kB]
Get:70 http://us-east-1.ec2.ports.ubuntu.com/ubuntu-ports noble/main arm64 libjpeg-turbo8 arm64 2.1.5-2ubuntu2 [163 kB]
Get:71 http://us-east-1.ec2.ports.ubuntu.com/ubuntu-ports noble/main arm64 libjpeg8 arm64 8c-2ubuntu11 [2148 B]
Get:72 http://us-east-1.ec2.ports.ubuntu.com/ubuntu-ports noble-updates/main arm64 libdeflate0 arm64 1.19-1build1.1 [43.5 kB]
Get:73 http://us-east-1.ec2.ports.ubuntu.com/ubuntu-ports noble/main arm64 libjbig0 arm64 2.1-6.1ubuntu2 [29.3 kB]
Get:74 http://us-east-1.ec2.ports.ubuntu.com/ubuntu-ports noble/main arm64 liblerc4 arm64 4.0.0+ds-4ubuntu2 [154 kB]
Get:75 http://us-east-1.ec2.ports.ubuntu.com/ubuntu-ports noble/main arm64 libwebp7 arm64 1.3.2-0.4build3 [191 kB]
Get:76 http://us-east-1.ec2.ports.ubuntu.com/ubuntu-ports noble-updates/main arm64 libtiff6 arm64 4.5.1+git230720-4ubuntu2.5 [192 kB]
Get:77 http://us-east-1.ec2.ports.ubuntu.com/ubuntu-ports noble-updates/main arm64 libxpm4 arm64 1:3.5.17-1ubuntu0.24.04.1 [35.3 kB]
Get:78 http://us-east-1.ec2.ports.ubuntu.com/ubuntu-ports noble/main arm64 libgd3 arm64 2.3.3-9ubuntu5 [122 kB]
Get:79 http://us-east-1.ec2.ports.ubuntu.com/ubuntu-ports noble-updates/main arm64 libc-devtools arm64 2.39-0ubuntu8.8 [27.8 kB]
Get:80 http://us-east-1.ec2.ports.ubuntu.com/ubuntu-ports noble-updates/main arm64 libexpat1-dev arm64 2.6.1-2ubuntu0.4 [128 kB]
Get:81 http://us-east-1.ec2.ports.ubuntu.com/ubuntu-ports noble/main arm64 libfile-fcntllock-perl arm64 0.22-4ubuntu5 [30.6 kB]
Get:82 http://us-east-1.ec2.ports.ubuntu.com/ubuntu-ports noble-updates/main arm64 libheif-plugin-aomenc arm64 1.17.6-1ubuntu4.6 [13.7 kB]
Get:83 http://us-east-1.ec2.ports.ubuntu.com/ubuntu-ports noble/main arm64 libjs-jquery all 3.6.1+dfsg+~3.5.14-1 [328 kB]
Get:84 http://us-east-1.ec2.ports.ubuntu.com/ubuntu-ports noble/main arm64 libjs-underscore all 1.13.4~dfsg+~1.11.4-3 [118 kB]
Get:85 http://us-east-1.ec2.ports.ubuntu.com/ubuntu-ports noble/main arm64 libjs-sphinxdoc all 7.2.6-6 [149 kB]
Get:86 http://us-east-1.ec2.ports.ubuntu.com/ubuntu-ports noble-updates/main arm64 zlib1g-dev arm64 1:1.3.dfsg-3.1ubuntu2.1 [894 kB]
Get:87 http://us-east-1.ec2.ports.ubuntu.com/ubuntu-ports noble-updates/main arm64 libpython3.12-dev arm64 3.12.3-1ubuntu0.15 [5538 kB]
Get:88 http://us-east-1.ec2.ports.ubuntu.com/ubuntu-ports noble-updates/main arm64 libpython3-dev arm64 3.12.3-0ubuntu2.1 [10.4 kB]
Get:89 http://us-east-1.ec2.ports.ubuntu.com/ubuntu-ports noble-updates/main arm64 linux-tools-common all 6.8.0-136.136 [416 kB]
Get:90 http://us-east-1.ec2.ports.ubuntu.com/ubuntu-ports noble/main arm64 manpages-dev all 6.7-2 [2013 kB]
Get:91 http://us-east-1.ec2.ports.ubuntu.com/ubuntu-ports noble-updates/main arm64 python3.12-dev arm64 3.12.3-1ubuntu0.15 [498 kB]
Get:92 http://us-east-1.ec2.ports.ubuntu.com/ubuntu-ports noble-updates/main arm64 python3-dev arm64 3.12.3-0ubuntu2.1 [26.7 kB]
Get:93 http://us-east-1.ec2.ports.ubuntu.com/ubuntu-ports noble/universe arm64 python3-wheel all 0.42.0-2 [53.1 kB]
Get:94 http://us-east-1.ec2.ports.ubuntu.com/ubuntu-ports noble-updates/universe arm64 python3-pip all 24.0+dfsg-1ubuntu1.3 [1320 kB]
Get:95 http://us-east-1.ec2.ports.ubuntu.com/ubuntu-ports noble-updates/universe arm64 ubuntu-fan all 0.12.16+24.04.1 [34.2 kB]
Processing triggers for dbus (1.14.10-4ubuntu4.1) ...
Processing triggers for sgml-base (1.31) ...
Setting up libfontconfig1:arm64 (2.15.0-1.1ubuntu2) ...
Setting up libgd3:arm64 (2.3.3-9ubuntu5) ...
Setting up libc-devtools (2.39-0ubuntu8.8) ...
Processing triggers for libc-bin (2.39-0ubuntu8.8) ...
Preconfiguring packages ...
Fetched 155 MB in 32s (4809 kB/s)
(Reading database ... (Reading database ... 5%(Reading database ... 10%(Reading database ... 15%(Reading database ... 20%(Reading database ... 25%(Reading database ... 30%(Reading database ... 35%(Reading database ... 40%(Reading database ... 45%(Reading database ... 50%(Reading database ... 55%(Reading database ... 60%(Reading database ... 65%(Reading database ... 70%(Reading database ... 75%(Reading database ... 80%(Reading database ... 85%(Reading database ... 90%(Reading database ... 95%(Reading database ... 100%(Reading database ... 74109 files and directories currently installed.)
Preparing to unpack .../libc6_2.39-0ubuntu8.8_arm64.deb ...
Unpacking libc6:arm64 (2.39-0ubuntu8.8) over (2.39-0ubuntu8.7) ...
Setting up libc6:arm64 (2.39-0ubuntu8.8) ...
(Reading database ... (Reading database ... 5%(Reading database ... 10%(Reading database ... 15%(Reading database ... 20%(Reading database ... 25%(Reading database ... 30%(Reading database ... 35%(Reading database ... 40%(Reading database ... 45%(Reading database ... 50%(Reading database ... 55%(Reading database ... 60%(Reading database ... 65%(Reading database ... 70%(Reading database ... 75%(Reading database ... 80%(Reading database ... 85%(Reading database ... 90%(Reading database ... 95%(Reading database ... 100%(Reading database ... 74109 files and directories currently installed.)
Preparing to unpack .../libc-bin_2.39-0ubuntu8.8_arm64.deb ...
Unpacking libc-bin (2.39-0ubuntu8.8) over (2.39-0ubuntu8.7) ...
Setting up libc-bin (2.39-0ubuntu8.8) ...
Selecting previously unselected package pigz.
(Reading database ... (Reading database ... 5%(Reading database ... 10%(Reading database ... 15%(Reading database ... 20%(Reading database ... 25%(Reading database ... 30%(Reading database ... 35%(Reading database ... 40%(Reading database ... 45%(Reading database ... 50%(Reading database ... 55%(Reading database ... 60%(Reading database ... 65%(Reading database ... 70%(Reading database ... 75%(Reading database ... 80%(Reading database ... 85%(Reading database ... 90%(Reading database ... 95%(Reading database ... 100%(Reading database ... 74109 files and directories currently installed.)
Preparing to unpack .../00-pigz_2.8-1_arm64.deb ...
Unpacking pigz (2.8-1) ...
Preparing to unpack .../01-locales_2.39-0ubuntu8.8_all.deb ...
Unpacking locales (2.39-0ubuntu8.8) over (2.39-0ubuntu8.7) ...
Selecting previously unselected package binutils-common:arm64.
Preparing to unpack .../02-binutils-common_2.42-4ubuntu2.10_arm64.deb ...
Unpacking binutils-common:arm64 (2.42-4ubuntu2.10) ...
Selecting previously unselected package libsframe1:arm64.
Preparing to unpack .../03-libsframe1_2.42-4ubuntu2.10_arm64.deb ...
Unpacking libsframe1:arm64 (2.42-4ubuntu2.10) ...
Selecting previously unselected package libbinutils:arm64.
Preparing to unpack .../04-libbinutils_2.42-4ubuntu2.10_arm64.deb ...
Unpacking libbinutils:arm64 (2.42-4ubuntu2.10) ...
Selecting previously unselected package libctf-nobfd0:arm64.
Preparing to unpack .../05-libctf-nobfd0_2.42-4ubuntu2.10_arm64.deb ...
Unpacking libctf-nobfd0:arm64 (2.42-4ubuntu2.10) ...
Selecting previously unselected package libctf0:arm64.
Preparing to unpack .../06-libctf0_2.42-4ubuntu2.10_arm64.deb ...
Unpacking libctf0:arm64 (2.42-4ubuntu2.10) ...
Selecting previously unselected package libgprofng0:arm64.
Preparing to unpack .../07-libgprofng0_2.42-4ubuntu2.10_arm64.deb ...
Unpacking libgprofng0:arm64 (2.42-4ubuntu2.10) ...
Selecting previously unselected package binutils-aarch64-linux-gnu.
Preparing to unpack .../08-binutils-aarch64-linux-gnu_2.42-4ubuntu2.10_arm64.deb ...
Unpacking binutils-aarch64-linux-gnu (2.42-4ubuntu2.10) ...
Selecting previously unselected package binutils.
Preparing to unpack .../09-binutils_2.42-4ubuntu2.10_arm64.deb ...
Unpacking binutils (2.42-4ubuntu2.10) ...
Selecting previously unselected package bridge-utils.
Preparing to unpack .../10-bridge-utils_1.7.1-1ubuntu2_arm64.deb ...
Unpacking bridge-utils (1.7.1-1ubuntu2) ...
Selecting previously unselected package libc-dev-bin.
Preparing to unpack .../11-libc-dev-bin_2.39-0ubuntu8.8_arm64.deb ...
Unpacking libc-dev-bin (2.39-0ubuntu8.8) ...
Selecting previously unselected package linux-libc-dev:arm64.
Preparing to unpack .../12-linux-libc-dev_6.8.0-136.136_arm64.deb ...
Unpacking linux-libc-dev:arm64 (6.8.0-136.136) ...

Running kernel seems to be up-to-date.

Restarting services...
Selecting previously unselected package libcrypt-dev:arm64.
Preparing to unpack .../13-libcrypt-dev_1%3a4.4.36-4build1_arm64.deb ...
Unpacking libcrypt-dev:arm64 (1:4.4.36-4build1) ...
 systemctl restart acpid.service chrony.service cron.service irqbalance.service multipathd.service packagekit.service polkit.service rsyslog.service ssh.service systemd-journald.service systemd-networkd.service systemd-resolved.service systemd-udevd.service udisks2.service
Selecting previously unselected package rpcsvc-proto.
Preparing to unpack .../14-rpcsvc-proto_1.4.2-0ubuntu7_arm64.deb ...
Unpacking rpcsvc-proto (1.4.2-0ubuntu7) ...
Selecting previously unselected package libc6-dev:arm64.
Preparing to unpack .../15-libc6-dev_2.39-0ubuntu8.8_arm64.deb ...
Unpacking libc6-dev:arm64 (2.39-0ubuntu8.8) ...
Selecting previously unselected package gcc-13-base:arm64.
Preparing to unpack .../16-gcc-13-base_13.3.0-6ubuntu2~24.04.1_arm64.deb ...
Unpacking gcc-13-base:arm64 (13.3.0-6ubuntu2~24.04.1) ...
Selecting previously unselected package libisl23:arm64.
Preparing to unpack .../17-libisl23_0.26-3build1.1_arm64.deb ...
Unpacking libisl23:arm64 (0.26-3build1.1) ...
Selecting previously unselected package libmpc3:arm64.
Preparing to unpack .../18-libmpc3_1.3.1-1build1.1_arm64.deb ...
Unpacking libmpc3:arm64 (1.3.1-1build1.1) ...
Selecting previously unselected package cpp-13-aarch64-linux-gnu.
Preparing to unpack .../19-cpp-13-aarch64-linux-gnu_13.3.0-6ubuntu2~24.04.1_arm64.deb ...
Unpacking cpp-13-aarch64-linux-gnu (13.3.0-6ubuntu2~24.04.1) ...

Service restarts being deferred:
 systemctl restart ModemManager.service
 /etc/needrestart/restart.d/dbus.service
 systemctl restart getty@tty1.service
 systemctl restart networkd-dispatcher.service
 systemctl restart serial-getty@ttyS0.service
 systemctl restart systemd-logind.service
 systemctl restart unattended-upgrades.service

No containers need to be restarted.

User sessions running outdated binaries:
 ubuntu @ session #3: sshd[1442,1526]
 ubuntu @ user manager service: systemd[1333]

No VM guests are running outdated hypervisor (qemu) binaries on this host.
Selecting previously unselected package cpp-13.
Preparing to unpack .../20-cpp-13_13.3.0-6ubuntu2~24.04.1_arm64.deb ...
Unpacking cpp-13 (13.3.0-6ubuntu2~24.04.1) ...
Selecting previously unselected package cpp-aarch64-linux-gnu.
Preparing to unpack .../21-cpp-aarch64-linux-gnu_4%3a13.2.0-7ubuntu1_arm64.deb ...
Unpacking cpp-aarch64-linux-gnu (4:13.2.0-7ubuntu1) ...
Selecting previously unselected package cpp.
Preparing to unpack .../22-cpp_4%3a13.2.0-7ubuntu1_arm64.deb ...
Unpacking cpp (4:13.2.0-7ubuntu1) ...
Selecting previously unselected package libcc1-0:arm64.
Preparing to unpack .../23-libcc1-0_14.2.0-4ubuntu2~24.04.1_arm64.deb ...
Unpacking libcc1-0:arm64 (14.2.0-4ubuntu2~24.04.1) ...
Selecting previously unselected package libgomp1:arm64.
Preparing to unpack .../24-libgomp1_14.2.0-4ubuntu2~24.04.1_arm64.deb ...
Unpacking libgomp1:arm64 (14.2.0-4ubuntu2~24.04.1) ...
Selecting previously unselected package libitm1:arm64.
Preparing to unpack .../25-libitm1_14.2.0-4ubuntu2~24.04.1_arm64.deb ...
Unpacking libitm1:arm64 (14.2.0-4ubuntu2~24.04.1) ...
Selecting previously unselected package libatomic1:arm64.
Preparing to unpack .../26-libatomic1_14.2.0-4ubuntu2~24.04.1_arm64.deb ...
Unpacking libatomic1:arm64 (14.2.0-4ubuntu2~24.04.1) ...
Selecting previously unselected package libasan8:arm64.
Preparing to unpack .../27-libasan8_14.2.0-4ubuntu2~24.04.1_arm64.deb ...
Unpacking libasan8:arm64 (14.2.0-4ubuntu2~24.04.1) ...
Selecting previously unselected package liblsan0:arm64.
Preparing to unpack .../28-liblsan0_14.2.0-4ubuntu2~24.04.1_arm64.deb ...
Unpacking liblsan0:arm64 (14.2.0-4ubuntu2~24.04.1) ...
Selecting previously unselected package libtsan2:arm64.
Preparing to unpack .../29-libtsan2_14.2.0-4ubuntu2~24.04.1_arm64.deb ...
Unpacking libtsan2:arm64 (14.2.0-4ubuntu2~24.04.1) ...
Selecting previously unselected package libubsan1:arm64.
Preparing to unpack .../30-libubsan1_14.2.0-4ubuntu2~24.04.1_arm64.deb ...
Unpacking libubsan1:arm64 (14.2.0-4ubuntu2~24.04.1) ...
Selecting previously unselected package libhwasan0:arm64.
Preparing to unpack .../31-libhwasan0_14.2.0-4ubuntu2~24.04.1_arm64.deb ...
Unpacking libhwasan0:arm64 (14.2.0-4ubuntu2~24.04.1) ...
Selecting previously unselected package libgcc-13-dev:arm64.
Preparing to unpack .../32-libgcc-13-dev_13.3.0-6ubuntu2~24.04.1_arm64.deb ...
Unpacking libgcc-13-dev:arm64 (13.3.0-6ubuntu2~24.04.1) ...
Selecting previously unselected package gcc-13-aarch64-linux-gnu.
Preparing to unpack .../33-gcc-13-aarch64-linux-gnu_13.3.0-6ubuntu2~24.04.1_arm64.deb ...
Unpacking gcc-13-aarch64-linux-gnu (13.3.0-6ubuntu2~24.04.1) ...
Selecting previously unselected package gcc-13.
Preparing to unpack .../34-gcc-13_13.3.0-6ubuntu2~24.04.1_arm64.deb ...
Unpacking gcc-13 (13.3.0-6ubuntu2~24.04.1) ...
Selecting previously unselected package gcc-aarch64-linux-gnu.
Preparing to unpack .../35-gcc-aarch64-linux-gnu_4%3a13.2.0-7ubuntu1_arm64.deb ...
Unpacking gcc-aarch64-linux-gnu (4:13.2.0-7ubuntu1) ...
Selecting previously unselected package gcc.
Preparing to unpack .../36-gcc_4%3a13.2.0-7ubuntu1_arm64.deb ...
Unpacking gcc (4:13.2.0-7ubuntu1) ...
Selecting previously unselected package libstdc++-13-dev:arm64.
Preparing to unpack .../37-libstdc++-13-dev_13.3.0-6ubuntu2~24.04.1_arm64.deb ...
Unpacking libstdc++-13-dev:arm64 (13.3.0-6ubuntu2~24.04.1) ...
Selecting previously unselected package g++-13-aarch64-linux-gnu.
Preparing to unpack .../38-g++-13-aarch64-linux-gnu_13.3.0-6ubuntu2~24.04.1_arm64.deb ...
Unpacking g++-13-aarch64-linux-gnu (13.3.0-6ubuntu2~24.04.1) ...
Selecting previously unselected package g++-13.
Preparing to unpack .../39-g++-13_13.3.0-6ubuntu2~24.04.1_arm64.deb ...
Unpacking g++-13 (13.3.0-6ubuntu2~24.04.1) ...
Selecting previously unselected package g++-aarch64-linux-gnu.
Preparing to unpack .../40-g++-aarch64-linux-gnu_4%3a13.2.0-7ubuntu1_arm64.deb ...
Unpacking g++-aarch64-linux-gnu (4:13.2.0-7ubuntu1) ...
Selecting previously unselected package g++.
Preparing to unpack .../41-g++_4%3a13.2.0-7ubuntu1_arm64.deb ...
Unpacking g++ (4:13.2.0-7ubuntu1) ...
Selecting previously unselected package make.
Preparing to unpack .../42-make_4.3-4.1build2_arm64.deb ...
Unpacking make (4.3-4.1build2) ...
Selecting previously unselected package libdpkg-perl.
Preparing to unpack .../43-libdpkg-perl_1.22.6ubuntu6.6_all.deb ...
Unpacking libdpkg-perl (1.22.6ubuntu6.6) ...
Selecting previously unselected package bzip2.
Preparing to unpack .../44-bzip2_1.0.8-5.1build0.1_arm64.deb ...
Unpacking bzip2 (1.0.8-5.1build0.1) ...
Selecting previously unselected package lto-disabled-list.
Preparing to unpack .../45-lto-disabled-list_47_all.deb ...
Unpacking lto-disabled-list (47) ...
Selecting previously unselected package dpkg-dev.
Preparing to unpack .../46-dpkg-dev_1.22.6ubuntu6.6_all.deb ...
Unpacking dpkg-dev (1.22.6ubuntu6.6) ...
Selecting previously unselected package build-essential.
Preparing to unpack .../47-build-essential_12.10ubuntu1_arm64.deb ...
Unpacking build-essential (12.10ubuntu1) ...
Selecting previously unselected package runc.
Preparing to unpack .../48-runc_1.3.4-0ubuntu1~24.04.1_arm64.deb ...
Unpacking runc (1.3.4-0ubuntu1~24.04.1) ...
Selecting previously unselected package containerd.
Preparing to unpack .../49-containerd_2.2.1-0ubuntu1~24.04.3_arm64.deb ...
Unpacking containerd (2.2.1-0ubuntu1~24.04.3) ...
Selecting previously unselected package dns-root-data.
Preparing to unpack .../50-dns-root-data_2024071801~ubuntu0.24.04.1_all.deb ...
Unpacking dns-root-data (2024071801~ubuntu0.24.04.1) ...
Selecting previously unselected package dnsmasq-base.
Preparing to unpack .../51-dnsmasq-base_2.90-2ubuntu0.4_arm64.deb ...
Unpacking dnsmasq-base (2.90-2ubuntu0.4) ...
Selecting previously unselected package docker.io.
Preparing to unpack .../52-docker.io_29.1.3-0ubuntu3~24.04.2_arm64.deb ...
Unpacking docker.io (29.1.3-0ubuntu3~24.04.2) ...
Selecting previously unselected package libfakeroot:arm64.
Preparing to unpack .../53-libfakeroot_1.33-1_arm64.deb ...
Unpacking libfakeroot:arm64 (1.33-1) ...
Selecting previously unselected package fakeroot.
Preparing to unpack .../54-fakeroot_1.33-1_arm64.deb ...
Unpacking fakeroot (1.33-1) ...
Selecting previously unselected package fonts-dejavu-mono.
Preparing to unpack .../55-fonts-dejavu-mono_2.37-8_all.deb ...
Unpacking fonts-dejavu-mono (2.37-8) ...
Selecting previously unselected package fonts-dejavu-core.
Preparing to unpack .../56-fonts-dejavu-core_2.37-8_all.deb ...
Unpacking fonts-dejavu-core (2.37-8) ...
Selecting previously unselected package fontconfig-config.
Preparing to unpack .../57-fontconfig-config_2.15.0-1.1ubuntu2_arm64.deb ...
Unpacking fontconfig-config (2.15.0-1.1ubuntu2) ...
Selecting previously unselected package javascript-common.
Preparing to unpack .../58-javascript-common_11+nmu1_all.deb ...
Unpacking javascript-common (11+nmu1) ...
Selecting previously unselected package libalgorithm-diff-perl.
Preparing to unpack .../59-libalgorithm-diff-perl_1.201-1_all.deb ...
Unpacking libalgorithm-diff-perl (1.201-1) ...
Selecting previously unselected package libalgorithm-diff-xs-perl:arm64.
Preparing to unpack .../60-libalgorithm-diff-xs-perl_0.04-8build3_arm64.deb ...
Unpacking libalgorithm-diff-xs-perl:arm64 (0.04-8build3) ...
Selecting previously unselected package libalgorithm-merge-perl.
Preparing to unpack .../61-libalgorithm-merge-perl_0.08-5_all.deb ...
Unpacking libalgorithm-merge-perl (0.08-5) ...
Selecting previously unselected package libaom3:arm64.
Preparing to unpack .../62-libaom3_3.8.2-2ubuntu0.1_arm64.deb ...
Unpacking libaom3:arm64 (3.8.2-2ubuntu0.1) ...
Selecting previously unselected package libfontconfig1:arm64.
Preparing to unpack .../63-libfontconfig1_2.15.0-1.1ubuntu2_arm64.deb ...
Unpacking libfontconfig1:arm64 (2.15.0-1.1ubuntu2) ...
Selecting previously unselected package libsharpyuv0:arm64.
Preparing to unpack .../64-libsharpyuv0_1.3.2-0.4build3_arm64.deb ...
Unpacking libsharpyuv0:arm64 (1.3.2-0.4build3) ...
Selecting previously unselected package libheif-plugin-aomdec:arm64.
Preparing to unpack .../65-libheif-plugin-aomdec_1.17.6-1ubuntu4.6_arm64.deb ...
Unpacking libheif-plugin-aomdec:arm64 (1.17.6-1ubuntu4.6) ...
Selecting previously unselected package libheif1:arm64.
Preparing to unpack .../66-libheif1_1.17.6-1ubuntu4.6_arm64.deb ...
Unpacking libheif1:arm64 (1.17.6-1ubuntu4.6) ...
Selecting previously unselected package libjpeg-turbo8:arm64.
Preparing to unpack .../67-libjpeg-turbo8_2.1.5-2ubuntu2_arm64.deb ...
Unpacking libjpeg-turbo8:arm64 (2.1.5-2ubuntu2) ...
Selecting previously unselected package libjpeg8:arm64.
Preparing to unpack .../68-libjpeg8_8c-2ubuntu11_arm64.deb ...
Unpacking libjpeg8:arm64 (8c-2ubuntu11) ...
Selecting previously unselected package libdeflate0:arm64.
Preparing to unpack .../69-libdeflate0_1.19-1build1.1_arm64.deb ...
Unpacking libdeflate0:arm64 (1.19-1build1.1) ...
Selecting previously unselected package libjbig0:arm64.
Preparing to unpack .../70-libjbig0_2.1-6.1ubuntu2_arm64.deb ...
Unpacking libjbig0:arm64 (2.1-6.1ubuntu2) ...
Selecting previously unselected package liblerc4:arm64.
Preparing to unpack .../71-liblerc4_4.0.0+ds-4ubuntu2_arm64.deb ...
Unpacking liblerc4:arm64 (4.0.0+ds-4ubuntu2) ...
Selecting previously unselected package libwebp7:arm64.
Preparing to unpack .../72-libwebp7_1.3.2-0.4build3_arm64.deb ...
Unpacking libwebp7:arm64 (1.3.2-0.4build3) ...
Selecting previously unselected package libtiff6:arm64.
Preparing to unpack .../73-libtiff6_4.5.1+git230720-4ubuntu2.5_arm64.deb ...
Unpacking libtiff6:arm64 (4.5.1+git230720-4ubuntu2.5) ...
Selecting previously unselected package libxpm4:arm64.
Preparing to unpack .../74-libxpm4_1%3a3.5.17-1ubuntu0.24.04.1_arm64.deb ...
Unpacking libxpm4:arm64 (1:3.5.17-1ubuntu0.24.04.1) ...
Selecting previously unselected package libgd3:arm64.
Preparing to unpack .../75-libgd3_2.3.3-9ubuntu5_arm64.deb ...
Unpacking libgd3:arm64 (2.3.3-9ubuntu5) ...
Selecting previously unselected package libc-devtools.
Preparing to unpack .../76-libc-devtools_2.39-0ubuntu8.8_arm64.deb ...
Unpacking libc-devtools (2.39-0ubuntu8.8) ...
Selecting previously unselected package libexpat1-dev:arm64.
Preparing to unpack .../77-libexpat1-dev_2.6.1-2ubuntu0.4_arm64.deb ...
Unpacking libexpat1-dev:arm64 (2.6.1-2ubuntu0.4) ...
Selecting previously unselected package libfile-fcntllock-perl.
Preparing to unpack .../78-libfile-fcntllock-perl_0.22-4ubuntu5_arm64.deb ...
Unpacking libfile-fcntllock-perl (0.22-4ubuntu5) ...
Selecting previously unselected package libheif-plugin-aomenc:arm64.
Preparing to unpack .../79-libheif-plugin-aomenc_1.17.6-1ubuntu4.6_arm64.deb ...
Unpacking libheif-plugin-aomenc:arm64 (1.17.6-1ubuntu4.6) ...
Selecting previously unselected package libjs-jquery.
Preparing to unpack .../80-libjs-jquery_3.6.1+dfsg+~3.5.14-1_all.deb ...
Unpacking libjs-jquery (3.6.1+dfsg+~3.5.14-1) ...
Selecting previously unselected package libjs-underscore.
Preparing to unpack .../81-libjs-underscore_1.13.4~dfsg+~1.11.4-3_all.deb ...
Unpacking libjs-underscore (1.13.4~dfsg+~1.11.4-3) ...
Selecting previously unselected package libjs-sphinxdoc.
Preparing to unpack .../82-libjs-sphinxdoc_7.2.6-6_all.deb ...
Unpacking libjs-sphinxdoc (7.2.6-6) ...
Selecting previously unselected package zlib1g-dev:arm64.
Preparing to unpack .../83-zlib1g-dev_1%3a1.3.dfsg-3.1ubuntu2.1_arm64.deb ...
Unpacking zlib1g-dev:arm64 (1:1.3.dfsg-3.1ubuntu2.1) ...
Selecting previously unselected package libpython3.12-dev:arm64.
Preparing to unpack .../84-libpython3.12-dev_3.12.3-1ubuntu0.15_arm64.deb ...
Unpacking libpython3.12-dev:arm64 (3.12.3-1ubuntu0.15) ...
Selecting previously unselected package libpython3-dev:arm64.
Preparing to unpack .../85-libpython3-dev_3.12.3-0ubuntu2.1_arm64.deb ...
Unpacking libpython3-dev:arm64 (3.12.3-0ubuntu2.1) ...
Preparing to unpack .../86-linux-tools-common_6.8.0-136.136_all.deb ...
Unpacking linux-tools-common (6.8.0-136.136) over (6.8.0-134.134) ...
Selecting previously unselected package manpages-dev.
Preparing to unpack .../87-manpages-dev_6.7-2_all.deb ...
Unpacking manpages-dev (6.7-2) ...
Selecting previously unselected package python3.12-dev.
Preparing to unpack .../88-python3.12-dev_3.12.3-1ubuntu0.15_arm64.deb ...
Unpacking python3.12-dev (3.12.3-1ubuntu0.15) ...
Selecting previously unselected package python3-dev.
Preparing to unpack .../89-python3-dev_3.12.3-0ubuntu2.1_arm64.deb ...
Unpacking python3-dev (3.12.3-0ubuntu2.1) ...
Selecting previously unselected package python3-wheel.
Preparing to unpack .../90-python3-wheel_0.42.0-2_all.deb ...
Unpacking python3-wheel (0.42.0-2) ...
Selecting previously unselected package python3-pip.
Preparing to unpack .../91-python3-pip_24.0+dfsg-1ubuntu1.3_all.deb ...
Unpacking python3-pip (24.0+dfsg-1ubuntu1.3) ...
Selecting previously unselected package ubuntu-fan.
Preparing to unpack .../92-ubuntu-fan_0.12.16+24.04.1_all.deb ...
Unpacking ubuntu-fan (0.12.16+24.04.1) ...
Setting up javascript-common (11+nmu1) ...
Setting up libsharpyuv0:arm64 (1.3.2-0.4build3) ...
Setting up libaom3:arm64 (3.8.2-2ubuntu0.1) ...
Setting up manpages-dev (6.7-2) ...
Setting up lto-disabled-list (47) ...
Setting up liblerc4:arm64 (4.0.0+ds-4ubuntu2) ...
Setting up libxpm4:arm64 (1:3.5.17-1ubuntu0.24.04.1) ...
Setting up libfile-fcntllock-perl (0.22-4ubuntu5) ...
Setting up libalgorithm-diff-perl (1.201-1) ...
Setting up binutils-common:arm64 (2.42-4ubuntu2.10) ...
Setting up libdeflate0:arm64 (1.19-1build1.1) ...
Setting up linux-libc-dev:arm64 (6.8.0-136.136) ...
Setting up libctf-nobfd0:arm64 (2.42-4ubuntu2.10) ...
Setting up dnsmasq-base (2.90-2ubuntu0.4) ...
Setting up libgomp1:arm64 (14.2.0-4ubuntu2~24.04.1) ...
Setting up bzip2 (1.0.8-5.1build0.1) ...
Setting up locales (2.39-0ubuntu8.8) ...
sudo: a terminal is required to read the password; either use the -S option to read from standard input or configure an askpass helper
sudo: a password is required
sudo: a terminal is required to read the password; either use the -S option to read from standard input or configure an askpass helper
sudo: a password is required
sudo: a terminal is required to read the password; either use the -S option to read from standard input or configure an askpass helper
sudo: a password is required
sudo: a terminal is required to read the password; either use the -S option to read from standard input or configure an askpass helper
sudo: a password is required
sudo: a terminal is required to read the password; either use the -S option to read from standard input or configure an askpass helper
sudo: a password is required
Generating locales (this might take a while)...
sudo: a terminal is required to read the password; either use the -S option to read from standard input or configure an askpass helper
sudo: a password is required
  en_US.UTF-8...[21:11:07] [portkey] cloning https://github.com/GetBusbar/benchmarking.git @ fb964b5f9d6b ...
[21:11:07] [one-api] cloning https://github.com/GetBusbar/benchmarking.git @ fb964b5f9d6b ...
 done
Generation complete.
Setting up python3-wheel (0.42.0-2) ...
Setting up libjbig0:arm64 (2.1-6.1ubuntu2) ...
Setting up libsframe1:arm64 (2.42-4ubuntu2.10) ...
Setting up libfakeroot:arm64 (1.33-1) ...
Setting up runc (1.3.4-0ubuntu1~24.04.1) ...
Setting up dns-root-data (2024071801~ubuntu0.24.04.1) ...
Setting up fakeroot (1.33-1) ...
update-alternatives: using /usr/bin/fakeroot-sysv to provide /usr/bin/fakeroot (fakeroot) in auto mode
Setting up rpcsvc-proto (1.4.2-0ubuntu7) ...
Setting up gcc-13-base:arm64 (13.3.0-6ubuntu2~24.04.1) ...
Setting up make (4.3-4.1build2) ...
Setting up fonts-dejavu-mono (2.37-8) ...
Setting up libmpc3:arm64 (1.3.1-1build1.1) ...
Setting up libatomic1:arm64 (14.2.0-4ubuntu2~24.04.1) ...
Setting up fonts-dejavu-core (2.37-8) ...
Setting up python3-pip (24.0+dfsg-1ubuntu1.3) ...
[21:11:09] [one-api] rsync done (? in 2s)
[21:11:09] [one-api] qualify: performed by the engine (published as rig.box_qualify in the snapshot)
[21:11:09] [one-api] running one-api (latency + RPS + memory) - detached on box; pulling each suite as it completes
[21:11:09] [portkey] rsync done (? in 2s)
[21:11:09] [portkey] qualify: performed by the engine (published as rig.box_qualify in the snapshot)
[21:11:09] [portkey] running portkey (latency + RPS + memory) - detached on box; pulling each suite as it completes
Setting up libjpeg-turbo8:arm64 (2.1.5-2ubuntu2) ...
Setting up bridge-utils (1.7.1-1ubuntu2) ...
Setting up libdpkg-perl (1.22.6ubuntu6.6) ...
Setting up libwebp7:arm64 (1.3.2-0.4build3) ...
Setting up libubsan1:arm64 (14.2.0-4ubuntu2~24.04.1) ...
Setting up libhwasan0:arm64 (14.2.0-4ubuntu2~24.04.1) ...
Setting up pigz (2.8-1) ...
Setting up libcrypt-dev:arm64 (1:4.4.36-4build1) ...
Setting up libasan8:arm64 (14.2.0-4ubuntu2~24.04.1) ...
Setting up libtsan2:arm64 (14.2.0-4ubuntu2~24.04.1) ...
Setting up libjs-jquery (3.6.1+dfsg+~3.5.14-1) ...
Setting up libbinutils:arm64 (2.42-4ubuntu2.10) ...
Setting up libisl23:arm64 (0.26-3build1.1) ...
Setting up libc-dev-bin (2.39-0ubuntu8.8) ...
Setting up containerd (2.2.1-0ubuntu1~24.04.3) ...
Created symlink /etc/systemd/system/multi-user.target.wants/containerd.service → /usr/lib/systemd/system/containerd.service.
Setting up linux-tools-common (6.8.0-136.136) ...
Setting up libalgorithm-diff-xs-perl:arm64 (0.04-8build3) ...
Setting up libcc1-0:arm64 (14.2.0-4ubuntu2~24.04.1) ...
Setting up liblsan0:arm64 (14.2.0-4ubuntu2~24.04.1) ...
Setting up libitm1:arm64 (14.2.0-4ubuntu2~24.04.1) ...
Setting up libjs-underscore (1.13.4~dfsg+~1.11.4-3) ...
Setting up libalgorithm-merge-perl (0.08-5) ...
Setting up libctf0:arm64 (2.42-4ubuntu2.10) ...
Setting up libjpeg8:arm64 (8c-2ubuntu11) ...
Setting up ubuntu-fan (0.12.16+24.04.1) ...
Created symlink /etc/systemd/system/multi-user.target.wants/ubuntu-fan.service → /usr/lib/systemd/system/ubuntu-fan.service.
sudo: a terminal is required to read the password; either use the -S option to read from standard input or configure an askpass helper
sudo: a password is required
sudo: a terminal is required to read the password; either use the -S option to read from standard input or configure an askpass helper
sudo: a password is required
sudo: a terminal is required to read the password; either use the -S option to read from standard input or configure an askpass helper
sudo: a password is required
Setting up cpp-13-aarch64-linux-gnu (13.3.0-6ubuntu2~24.04.1) ...
Setting up fontconfig-config (2.15.0-1.1ubuntu2) ...
[21:11:11] [tensorzero] cloning https://github.com/GetBusbar/benchmarking.git @ fb964b5f9d6b ...
Setting up docker.io (29.1.3-0ubuntu3~24.04.2) ...
info: Selecting GID from range 100 to 999 ...
info: Adding group `docker' (GID 112) ...
Created symlink /etc/systemd/system/multi-user.target.wants/docker.service → /usr/lib/systemd/system/docker.service.
Created symlink /etc/systemd/system/sockets.target.wants/docker.socket → /usr/lib/systemd/system/docker.socket.
Setting up cpp-aarch64-linux-gnu (4:13.2.0-7ubuntu1) ...
Setting up libgprofng0:arm64 (2.42-4ubuntu2.10) ...
Setting up libjs-sphinxdoc (7.2.6-6) ...
Setting up libgcc-13-dev:arm64 (13.3.0-6ubuntu2~24.04.1) ...
Setting up libtiff6:arm64 (4.5.1+git230720-4ubuntu2.5) ...
Setting up libc6-dev:arm64 (2.39-0ubuntu8.8) ...
Setting up libstdc++-13-dev:arm64 (13.3.0-6ubuntu2~24.04.1) ...
Setting up cpp-13 (13.3.0-6ubuntu2~24.04.1) ...
Setting up binutils-aarch64-linux-gnu (2.42-4ubuntu2.10) ...
Setting up binutils (2.42-4ubuntu2.10) ...
Setting up gcc-13-aarch64-linux-gnu (13.3.0-6ubuntu2~24.04.1) ...
Setting up dpkg-dev (1.22.6ubuntu6.6) ...
Setting up libexpat1-dev:arm64 (2.6.1-2ubuntu0.4) ...
Setting up gcc-13 (13.3.0-6ubuntu2~24.04.1) ...
Setting up zlib1g-dev:arm64 (1:1.3.dfsg-3.1ubuntu2.1) ...
Setting up cpp (4:13.2.0-7ubuntu1) ...
Setting up g++-13-aarch64-linux-gnu (13.3.0-6ubuntu2~24.04.1) ...
Setting up gcc-aarch64-linux-gnu (4:13.2.0-7ubuntu1) ...
Setting up g++-13 (13.3.0-6ubuntu2~24.04.1) ...
Setting up libpython3.12-dev:arm64 (3.12.3-1ubuntu0.15) ...
Setting up gcc (4:13.2.0-7ubuntu1) ...
Setting up python3.12-dev (3.12.3-1ubuntu0.15) ...
Setting up g++-aarch64-linux-gnu (4:13.2.0-7ubuntu1) ...
Setting up libpython3-dev:arm64 (3.12.3-0ubuntu2.1) ...
Setting up python3-dev (3.12.3-0ubuntu2.1) ...
Setting up g++ (4:13.2.0-7ubuntu1) ...
update-alternatives: using /usr/bin/g++ to provide /usr/bin/c++ (c++) in auto mode
Setting up build-essential (12.10ubuntu1) ...
Setting up libheif-plugin-aomdec:arm64 (1.17.6-1ubuntu4.6) ...
Setting up libheif1:arm64 (1.17.6-1ubuntu4.6) ...
Setting up libheif-plugin-aomenc:arm64 (1.17.6-1ubuntu4.6) ...
Processing triggers for libc-bin (2.39-0ubuntu8.8) ...
Processing triggers for man-db (2.12.0-4build2) ...
[21:11:13] [tensorzero] rsync done (? in 2s)
[21:11:13] [tensorzero] qualify: performed by the engine (published as rig.box_qualify in the snapshot)
[21:11:13] [tensorzero] running tensorzero (latency + RPS + memory) - detached on box; pulling each suite as it completes
Processing triggers for dbus (1.14.10-4ubuntu4.1) ...
Processing triggers for sgml-base (1.31) ...
Setting up libfontconfig1:arm64 (2.15.0-1.1ubuntu2) ...
Setting up libgd3:arm64 (2.3.3-9ubuntu5) ...
Setting up libc-devtools (2.39-0ubuntu8.8) ...
Processing triggers for libc-bin (2.39-0ubuntu8.8) ...

Running kernel seems to be up-to-date.

Restarting services...
 systemctl restart acpid.service chrony.service cron.service irqbalance.service multipathd.service packagekit.service polkit.service rsyslog.service ssh.service systemd-journald.service systemd-networkd.service systemd-resolved.service systemd-udevd.service udisks2.service

Service restarts being deferred:
 systemctl restart ModemManager.service
 /etc/needrestart/restart.d/dbus.service
 systemctl restart getty@tty1.service
 systemctl restart networkd-dispatcher.service
 systemctl restart serial-getty@ttyS0.service
 systemctl restart systemd-logind.service
 systemctl restart unattended-upgrades.service

No containers need to be restarted.

User sessions running outdated binaries:
 ubuntu @ session #3: sshd[1445,1529]
 ubuntu @ user manager service: systemd[1306]

No VM guests are running outdated hypervisor (qemu) binaries on this host.
sudo: a terminal is required to read the password; either use the -S option to read from standard input or configure an askpass helper
sudo: a password is required
sudo: a terminal is required to read the password; either use the -S option to read from standard input or configure an askpass helper
sudo: a password is required
sudo: a terminal is required to read the password; either use the -S option to read from standard input or configure an askpass helper
sudo: a password is required
[21:11:30] [litellm-rust] cloning https://github.com/GetBusbar/benchmarking.git @ fb964b5f9d6b ...
[21:11:32] [litellm-rust] rsync done (? in 2s)
[21:11:32] [litellm-rust] qualify: performed by the engine (published as rig.box_qualify in the snapshot)
[21:11:32] [litellm-rust] running litellm-rust (latency + RPS + memory) - detached on box; pulling each suite as it completes
