SSH ingress for 208.70.53.9/32 already present on sg-0218f407ed652d62f (ok)
[22:08:04] fanning out 14 boxes (one per gateway): agentgateway aisix apisix bifrost busbar gomodel helicone kong litellm-python litellm-rust one-api plano portkey tensorzero
[22:08:06] [agentgateway] launched i-04ee0a9f96315312b
[22:08:09] [aisix] launched i-07355bc5cc5fc69da
[22:08:12] [apisix] launched i-02f2cea922b608ce4
[22:08:15] [bifrost] launched i-0e99589d65337682a
[22:08:18] [busbar] launched i-009343137f16e078f
[22:08:21] [gomodel] launched i-0fc5af1af59c5b81c
[22:08:22] [agentgateway] ip=54.172.92.150 - waiting for ssh
[22:08:24] [helicone] launched i-007d3941e80b56494
[22:08:24] [agentgateway] installing deps (bare base: docker + psutil; the rig is a prebuilt download, and each
[22:08:24] [agentgateway] gateway installs its OWN prereqs via gw_prereqs - no blanket build toolchain on every box)
Warning: Permanently added '54.172.92.150' (ED25519) to the list of known hosts.
[22:08:25] [aisix] ip=23.20.95.154 - waiting for ssh
Hit:1 http://us-east-1.ec2.ports.ubuntu.com/ubuntu-ports noble InRelease
Get:2 http://ports.ubuntu.com/ubuntu-ports noble-security InRelease [126 kB]
Get:3 http://us-east-1.ec2.ports.ubuntu.com/ubuntu-ports noble-updates InRelease [126 kB]
Get:4 http://us-east-1.ec2.ports.ubuntu.com/ubuntu-ports noble-backports InRelease [126 kB]
Get:5 http://us-east-1.ec2.ports.ubuntu.com/ubuntu-ports noble/universe arm64 Packages [15.3 MB]
Get:6 http://ports.ubuntu.com/ubuntu-ports noble-security/main arm64 Packages [940 kB]
Get:7 http://ports.ubuntu.com/ubuntu-ports noble-security/main Translation-en [198 kB]
Get:8 http://ports.ubuntu.com/ubuntu-ports noble-security/main arm64 Components [43.3 kB]
Get:9 http://ports.ubuntu.com/ubuntu-ports noble-security/main arm64 c-n-f Metadata [11.6 kB]
Get:10 http://ports.ubuntu.com/ubuntu-ports noble-security/universe arm64 Packages [1259 kB]
Get:11 http://ports.ubuntu.com/ubuntu-ports noble-security/universe Translation-en [239 kB]
Get:12 http://ports.ubuntu.com/ubuntu-ports noble-security/universe arm64 Components [76.3 kB]
Get:13 http://ports.ubuntu.com/ubuntu-ports noble-security/universe arm64 c-n-f Metadata [23.7 kB]
Get:14 http://ports.ubuntu.com/ubuntu-ports noble-security/restricted arm64 Packages [1930 kB]
Get:15 http://ports.ubuntu.com/ubuntu-ports noble-security/restricted Translation-en [290 kB]
Get:16 http://ports.ubuntu.com/ubuntu-ports noble-security/restricted arm64 Components [212 B]
Get:17 http://ports.ubuntu.com/ubuntu-ports noble-security/restricted arm64 c-n-f Metadata [388 B]
Get:18 http://ports.ubuntu.com/ubuntu-ports noble-security/multiverse arm64 Packages [68.7 kB]
Get:19 http://ports.ubuntu.com/ubuntu-ports noble-security/multiverse Translation-en [10.6 kB]
Get:20 http://ports.ubuntu.com/ubuntu-ports noble-security/multiverse arm64 Components [208 B]
Get:21 http://ports.ubuntu.com/ubuntu-ports noble-security/multiverse arm64 c-n-f Metadata [456 B]
Get:22 http://us-east-1.ec2.ports.ubuntu.com/ubuntu-ports noble/universe Translation-en [5982 kB]
Get:23 http://us-east-1.ec2.ports.ubuntu.com/ubuntu-ports noble/universe arm64 Components [3573 kB]
Get:24 http://us-east-1.ec2.ports.ubuntu.com/ubuntu-ports noble/universe arm64 c-n-f Metadata [295 kB]
Get:25 http://us-east-1.ec2.ports.ubuntu.com/ubuntu-ports noble/multiverse arm64 Packages [223 kB]
Get:26 http://us-east-1.ec2.ports.ubuntu.com/ubuntu-ports noble/multiverse Translation-en [118 kB]
Get:27 http://us-east-1.ec2.ports.ubuntu.com/ubuntu-ports noble/multiverse arm64 Components [31.6 kB]
Get:28 http://us-east-1.ec2.ports.ubuntu.com/ubuntu-ports noble/multiverse arm64 c-n-f Metadata [7152 B]
Get:29 http://us-east-1.ec2.ports.ubuntu.com/ubuntu-ports noble-updates/main arm64 Packages [1190 kB]
Get:30 http://us-east-1.ec2.ports.ubuntu.com/ubuntu-ports noble-updates/main Translation-en [278 kB]
Get:31 http://us-east-1.ec2.ports.ubuntu.com/ubuntu-ports noble-updates/main arm64 Components [178 kB]
Get:32 http://us-east-1.ec2.ports.ubuntu.com/ubuntu-ports noble-updates/universe arm64 Packages [1704 kB]
Get:33 http://us-east-1.ec2.ports.ubuntu.com/ubuntu-ports noble-updates/universe Translation-en [334 kB]
Get:34 http://us-east-1.ec2.ports.ubuntu.com/ubuntu-ports noble-updates/universe arm64 Components [387 kB]
Get:35 http://us-east-1.ec2.ports.ubuntu.com/ubuntu-ports noble-updates/universe arm64 c-n-f Metadata [33.5 kB]
Get:36 http://us-east-1.ec2.ports.ubuntu.com/ubuntu-ports noble-updates/restricted arm64 Packages [2036 kB]
Get:37 http://us-east-1.ec2.ports.ubuntu.com/ubuntu-ports noble-updates/restricted Translation-en [308 kB]
Get:38 http://us-east-1.ec2.ports.ubuntu.com/ubuntu-ports noble-updates/multiverse arm64 Packages [72.7 kB]
Get:39 http://us-east-1.ec2.ports.ubuntu.com/ubuntu-ports noble-updates/multiverse Translation-en [12.3 kB]
Get:40 http://us-east-1.ec2.ports.ubuntu.com/ubuntu-ports noble-updates/multiverse arm64 Components [212 B]
Get:41 http://us-east-1.ec2.ports.ubuntu.com/ubuntu-ports noble-updates/multiverse arm64 c-n-f Metadata [472 B]
Get:42 http://us-east-1.ec2.ports.ubuntu.com/ubuntu-ports noble-backports/main arm64 Packages [40.6 kB]
Get:43 http://us-east-1.ec2.ports.ubuntu.com/ubuntu-ports noble-backports/main Translation-en [9172 B]
Get:44 http://us-east-1.ec2.ports.ubuntu.com/ubuntu-ports noble-backports/main arm64 Components [3572 B]
Get:45 http://us-east-1.ec2.ports.ubuntu.com/ubuntu-ports noble-backports/main arm64 c-n-f Metadata [372 B]
Get:46 http://us-east-1.ec2.ports.ubuntu.com/ubuntu-ports noble-backports/universe arm64 Packages [32.7 kB]
Get:47 http://us-east-1.ec2.ports.ubuntu.com/ubuntu-ports noble-backports/universe Translation-en [18.6 kB]
Get:48 http://us-east-1.ec2.ports.ubuntu.com/ubuntu-ports noble-backports/universe arm64 Components [12.6 kB]
Get:49 http://us-east-1.ec2.ports.ubuntu.com/ubuntu-ports noble-backports/universe arm64 c-n-f Metadata [1592 B]
Get:50 http://us-east-1.ec2.ports.ubuntu.com/ubuntu-ports noble-backports/restricted arm64 Components [212 B]
Get:51 http://us-east-1.ec2.ports.ubuntu.com/ubuntu-ports noble-backports/restricted arm64 c-n-f Metadata [116 B]
Get:52 http://us-east-1.ec2.ports.ubuntu.com/ubuntu-ports noble-backports/multiverse arm64 Packages [748 B]
Get:53 http://us-east-1.ec2.ports.ubuntu.com/ubuntu-ports noble-backports/multiverse Translation-en [340 B]
Get:54 http://us-east-1.ec2.ports.ubuntu.com/ubuntu-ports noble-backports/multiverse arm64 Components [212 B]
Get:55 http://us-east-1.ec2.ports.ubuntu.com/ubuntu-ports noble-backports/multiverse arm64 c-n-f Metadata [116 B]
[22:08:27] [kong] launched i-022ee1a68033b66cd
[22:08:27] [aisix] installing deps (bare base: docker + psutil; the rig is a prebuilt download, and each
[22:08:27] [aisix] gateway installs its OWN prereqs via gw_prereqs - no blanket build toolchain on every box)
Warning: Permanently added '23.20.95.154' (ED25519) to the list of known hosts.
Hit:1 http://us-east-1.ec2.ports.ubuntu.com/ubuntu-ports noble InRelease
Get:2 http://us-east-1.ec2.ports.ubuntu.com/ubuntu-ports noble-updates InRelease [126 kB]
Get:3 http://us-east-1.ec2.ports.ubuntu.com/ubuntu-ports noble-backports InRelease [126 kB]
Get:4 http://ports.ubuntu.com/ubuntu-ports noble-security InRelease [126 kB]
Get:5 http://us-east-1.ec2.ports.ubuntu.com/ubuntu-ports noble/universe arm64 Packages [15.3 MB]
[22:08:29] [apisix] ip=204.236.200.146 - waiting for ssh
Get:6 http://us-east-1.ec2.ports.ubuntu.com/ubuntu-ports noble/universe Translation-en [5982 kB]
Get:7 http://us-east-1.ec2.ports.ubuntu.com/ubuntu-ports noble/universe arm64 Components [3573 kB]
Get:8 http://us-east-1.ec2.ports.ubuntu.com/ubuntu-ports noble/universe arm64 c-n-f Metadata [295 kB]
Get:9 http://us-east-1.ec2.ports.ubuntu.com/ubuntu-ports noble/multiverse arm64 Packages [223 kB]
Get:10 http://us-east-1.ec2.ports.ubuntu.com/ubuntu-ports noble/multiverse Translation-en [118 kB]
Get:11 http://us-east-1.ec2.ports.ubuntu.com/ubuntu-ports noble/multiverse arm64 Components [31.6 kB]
Get:12 http://us-east-1.ec2.ports.ubuntu.com/ubuntu-ports noble/multiverse arm64 c-n-f Metadata [7152 B]
Get:13 http://us-east-1.ec2.ports.ubuntu.com/ubuntu-ports noble-updates/main arm64 Packages [1190 kB]
Get:14 http://us-east-1.ec2.ports.ubuntu.com/ubuntu-ports noble-updates/main Translation-en [278 kB]
Get:15 http://us-east-1.ec2.ports.ubuntu.com/ubuntu-ports noble-updates/main arm64 Components [178 kB]
Get:16 http://us-east-1.ec2.ports.ubuntu.com/ubuntu-ports noble-updates/universe arm64 Packages [1704 kB]
Get:17 http://us-east-1.ec2.ports.ubuntu.com/ubuntu-ports noble-updates/universe Translation-en [334 kB]
Get:18 http://us-east-1.ec2.ports.ubuntu.com/ubuntu-ports noble-updates/universe arm64 Components [387 kB]
Get:19 http://us-east-1.ec2.ports.ubuntu.com/ubuntu-ports noble-updates/universe arm64 c-n-f Metadata [33.5 kB]
Get:20 http://us-east-1.ec2.ports.ubuntu.com/ubuntu-ports noble-updates/restricted arm64 Packages [2036 kB]
Get:21 http://ports.ubuntu.com/ubuntu-ports noble-security/main arm64 Packages [940 kB]
Get:22 http://us-east-1.ec2.ports.ubuntu.com/ubuntu-ports noble-updates/restricted Translation-en [308 kB]
Get:23 http://us-east-1.ec2.ports.ubuntu.com/ubuntu-ports noble-updates/multiverse arm64 Packages [72.7 kB]
Get:24 http://us-east-1.ec2.ports.ubuntu.com/ubuntu-ports noble-updates/multiverse Translation-en [12.3 kB]
Get:25 http://us-east-1.ec2.ports.ubuntu.com/ubuntu-ports noble-updates/multiverse arm64 Components [212 B]
Get:26 http://us-east-1.ec2.ports.ubuntu.com/ubuntu-ports noble-updates/multiverse arm64 c-n-f Metadata [472 B]
Get:27 http://us-east-1.ec2.ports.ubuntu.com/ubuntu-ports noble-backports/main arm64 Packages [40.6 kB]
Get:28 http://us-east-1.ec2.ports.ubuntu.com/ubuntu-ports noble-backports/main Translation-en [9172 B]
Get:29 http://us-east-1.ec2.ports.ubuntu.com/ubuntu-ports noble-backports/main arm64 Components [3572 B]
Get:30 http://us-east-1.ec2.ports.ubuntu.com/ubuntu-ports noble-backports/main arm64 c-n-f Metadata [372 B]
Get:31 http://us-east-1.ec2.ports.ubuntu.com/ubuntu-ports noble-backports/universe arm64 Packages [32.7 kB]
Get:32 http://us-east-1.ec2.ports.ubuntu.com/ubuntu-ports noble-backports/universe Translation-en [18.6 kB]
Get:33 http://us-east-1.ec2.ports.ubuntu.com/ubuntu-ports noble-backports/universe arm64 Components [12.6 kB]
Get:34 http://us-east-1.ec2.ports.ubuntu.com/ubuntu-ports noble-backports/universe arm64 c-n-f Metadata [1592 B]
Get:35 http://us-east-1.ec2.ports.ubuntu.com/ubuntu-ports noble-backports/restricted arm64 Components [212 B]
Get:36 http://us-east-1.ec2.ports.ubuntu.com/ubuntu-ports noble-backports/restricted arm64 c-n-f Metadata [116 B]
Get:37 http://us-east-1.ec2.ports.ubuntu.com/ubuntu-ports noble-backports/multiverse arm64 Packages [748 B]
Get:38 http://us-east-1.ec2.ports.ubuntu.com/ubuntu-ports noble-backports/multiverse Translation-en [340 B]
Get:39 http://us-east-1.ec2.ports.ubuntu.com/ubuntu-ports noble-backports/multiverse arm64 Components [212 B]
Get:40 http://us-east-1.ec2.ports.ubuntu.com/ubuntu-ports noble-backports/multiverse arm64 c-n-f Metadata [116 B]
Get:41 http://ports.ubuntu.com/ubuntu-ports noble-security/main Translation-en [198 kB]
Get:42 http://ports.ubuntu.com/ubuntu-ports noble-security/main arm64 Components [43.3 kB]
Get:43 http://ports.ubuntu.com/ubuntu-ports noble-security/main arm64 c-n-f Metadata [11.6 kB]
Get:44 http://ports.ubuntu.com/ubuntu-ports noble-security/universe arm64 Packages [1259 kB]
Get:45 http://ports.ubuntu.com/ubuntu-ports noble-security/universe Translation-en [239 kB]
Get:46 http://ports.ubuntu.com/ubuntu-ports noble-security/universe arm64 Components [76.3 kB]
Get:47 http://ports.ubuntu.com/ubuntu-ports noble-security/universe arm64 c-n-f Metadata [23.7 kB]
Get:48 http://ports.ubuntu.com/ubuntu-ports noble-security/restricted arm64 Packages [1930 kB]
Get:49 http://ports.ubuntu.com/ubuntu-ports noble-security/restricted Translation-en [290 kB]
Get:50 http://ports.ubuntu.com/ubuntu-ports noble-security/restricted arm64 Components [212 B]
Get:51 http://ports.ubuntu.com/ubuntu-ports noble-security/restricted arm64 c-n-f Metadata [388 B]
Get:52 http://ports.ubuntu.com/ubuntu-ports noble-security/multiverse arm64 Packages [68.7 kB]
Get:53 http://ports.ubuntu.com/ubuntu-ports noble-security/multiverse Translation-en [10.6 kB]
Get:54 http://ports.ubuntu.com/ubuntu-ports noble-security/multiverse arm64 Components [208 B]
Get:55 http://ports.ubuntu.com/ubuntu-ports noble-security/multiverse arm64 c-n-f Metadata [456 B]
[22:08:30] [litellm-python] launched i-037fdb167c63749bc
[22:08:30] [apisix] installing deps (bare base: docker + psutil; the rig is a prebuilt download, and each
[22:08:30] [apisix] gateway installs its OWN prereqs via gw_prereqs - no blanket build toolchain on every box)
Warning: Permanently added '204.236.200.146' (ED25519) to the list of known hosts.
[22:08:31] [bifrost] ip=34.204.92.171 - waiting for ssh
Hit:1 http://us-east-1.ec2.ports.ubuntu.com/ubuntu-ports noble InRelease
Get:2 http://us-east-1.ec2.ports.ubuntu.com/ubuntu-ports noble-updates InRelease [126 kB]
Get:3 http://us-east-1.ec2.ports.ubuntu.com/ubuntu-ports noble-backports InRelease [126 kB]
Get:4 http://us-east-1.ec2.ports.ubuntu.com/ubuntu-ports noble/universe arm64 Packages [15.3 MB]
Get:5 http://ports.ubuntu.com/ubuntu-ports noble-security InRelease [126 kB]
Get:6 http://us-east-1.ec2.ports.ubuntu.com/ubuntu-ports noble/universe Translation-en [5982 kB]
Get:7 http://us-east-1.ec2.ports.ubuntu.com/ubuntu-ports noble/universe arm64 Components [3573 kB]
Get:8 http://us-east-1.ec2.ports.ubuntu.com/ubuntu-ports noble/universe arm64 c-n-f Metadata [295 kB]
Get:9 http://ports.ubuntu.com/ubuntu-ports noble-security/main arm64 Packages [940 kB]
Get:10 http://us-east-1.ec2.ports.ubuntu.com/ubuntu-ports noble/multiverse arm64 Packages [223 kB]
Get:11 http://us-east-1.ec2.ports.ubuntu.com/ubuntu-ports noble/multiverse Translation-en [118 kB]
Get:12 http://us-east-1.ec2.ports.ubuntu.com/ubuntu-ports noble/multiverse arm64 Components [31.6 kB]
Get:13 http://us-east-1.ec2.ports.ubuntu.com/ubuntu-ports noble/multiverse arm64 c-n-f Metadata [7152 B]
Get:14 http://us-east-1.ec2.ports.ubuntu.com/ubuntu-ports noble-updates/main arm64 Packages [1190 kB]
Get:15 http://us-east-1.ec2.ports.ubuntu.com/ubuntu-ports noble-updates/main Translation-en [278 kB]
Get:16 http://us-east-1.ec2.ports.ubuntu.com/ubuntu-ports noble-updates/main arm64 Components [178 kB]
Get:17 http://us-east-1.ec2.ports.ubuntu.com/ubuntu-ports noble-updates/universe arm64 Packages [1704 kB]
Get:18 http://us-east-1.ec2.ports.ubuntu.com/ubuntu-ports noble-updates/universe Translation-en [334 kB]
Get:19 http://us-east-1.ec2.ports.ubuntu.com/ubuntu-ports noble-updates/universe arm64 Components [387 kB]
Get:20 http://us-east-1.ec2.ports.ubuntu.com/ubuntu-ports noble-updates/universe arm64 c-n-f Metadata [33.5 kB]
Get:21 http://us-east-1.ec2.ports.ubuntu.com/ubuntu-ports noble-updates/restricted arm64 Packages [2036 kB]
Get:22 http://us-east-1.ec2.ports.ubuntu.com/ubuntu-ports noble-updates/restricted Translation-en [308 kB]
Get:23 http://us-east-1.ec2.ports.ubuntu.com/ubuntu-ports noble-updates/multiverse arm64 Packages [72.7 kB]
Get:24 http://us-east-1.ec2.ports.ubuntu.com/ubuntu-ports noble-updates/multiverse Translation-en [12.3 kB]
Get:25 http://us-east-1.ec2.ports.ubuntu.com/ubuntu-ports noble-updates/multiverse arm64 Components [212 B]
Get:26 http://us-east-1.ec2.ports.ubuntu.com/ubuntu-ports noble-updates/multiverse arm64 c-n-f Metadata [472 B]
Get:27 http://us-east-1.ec2.ports.ubuntu.com/ubuntu-ports noble-backports/main arm64 Packages [40.6 kB]
Get:28 http://us-east-1.ec2.ports.ubuntu.com/ubuntu-ports noble-backports/main Translation-en [9172 B]
Get:29 http://us-east-1.ec2.ports.ubuntu.com/ubuntu-ports noble-backports/main arm64 Components [3572 B]
Get:30 http://us-east-1.ec2.ports.ubuntu.com/ubuntu-ports noble-backports/main arm64 c-n-f Metadata [372 B]
Get:31 http://us-east-1.ec2.ports.ubuntu.com/ubuntu-ports noble-backports/universe arm64 Packages [32.7 kB]
Get:32 http://us-east-1.ec2.ports.ubuntu.com/ubuntu-ports noble-backports/universe Translation-en [18.6 kB]
Get:33 http://us-east-1.ec2.ports.ubuntu.com/ubuntu-ports noble-backports/universe arm64 Components [12.6 kB]
Get:34 http://us-east-1.ec2.ports.ubuntu.com/ubuntu-ports noble-backports/universe arm64 c-n-f Metadata [1592 B]
Get:35 http://us-east-1.ec2.ports.ubuntu.com/ubuntu-ports noble-backports/restricted arm64 Components [212 B]
Get:36 http://us-east-1.ec2.ports.ubuntu.com/ubuntu-ports noble-backports/restricted arm64 c-n-f Metadata [116 B]
Get:37 http://us-east-1.ec2.ports.ubuntu.com/ubuntu-ports noble-backports/multiverse arm64 Packages [748 B]
Get:38 http://us-east-1.ec2.ports.ubuntu.com/ubuntu-ports noble-backports/multiverse Translation-en [340 B]
Get:39 http://us-east-1.ec2.ports.ubuntu.com/ubuntu-ports noble-backports/multiverse arm64 Components [212 B]
[22:08:33] [litellm-rust] launched i-03996cbbd729a94d3
Get:40 http://us-east-1.ec2.ports.ubuntu.com/ubuntu-ports noble-backports/multiverse arm64 c-n-f Metadata [116 B]
[22:08:33] [bifrost] installing deps (bare base: docker + psutil; the rig is a prebuilt download, and each
[22:08:33] [bifrost] gateway installs its OWN prereqs via gw_prereqs - no blanket build toolchain on every box)
Get:41 http://ports.ubuntu.com/ubuntu-ports noble-security/main Translation-en [198 kB]
Get:42 http://ports.ubuntu.com/ubuntu-ports noble-security/main arm64 Components [43.3 kB]
Get:43 http://ports.ubuntu.com/ubuntu-ports noble-security/main arm64 c-n-f Metadata [11.6 kB]
Get:44 http://ports.ubuntu.com/ubuntu-ports noble-security/universe arm64 Packages [1259 kB]
Get:45 http://ports.ubuntu.com/ubuntu-ports noble-security/universe Translation-en [239 kB]
Get:46 http://ports.ubuntu.com/ubuntu-ports noble-security/universe arm64 Components [76.3 kB]
Get:47 http://ports.ubuntu.com/ubuntu-ports noble-security/universe arm64 c-n-f Metadata [23.7 kB]
Get:48 http://ports.ubuntu.com/ubuntu-ports noble-security/restricted arm64 Packages [1930 kB]
Warning: Permanently added '34.204.92.171' (ED25519) to the list of known hosts.
Get:49 http://ports.ubuntu.com/ubuntu-ports noble-security/restricted Translation-en [290 kB]
Get:50 http://ports.ubuntu.com/ubuntu-ports noble-security/restricted arm64 Components [212 B]
Get:51 http://ports.ubuntu.com/ubuntu-ports noble-security/restricted arm64 c-n-f Metadata [388 B]
Get:52 http://ports.ubuntu.com/ubuntu-ports noble-security/multiverse arm64 Packages [68.7 kB]
Get:53 http://ports.ubuntu.com/ubuntu-ports noble-security/multiverse Translation-en [10.6 kB]
Get:54 http://ports.ubuntu.com/ubuntu-ports noble-security/multiverse arm64 Components [208 B]
Get:55 http://ports.ubuntu.com/ubuntu-ports noble-security/multiverse arm64 c-n-f Metadata [456 B]
[22:08:34] [busbar] ip=13.217.42.88 - waiting for ssh
Hit:1 http://us-east-1.ec2.ports.ubuntu.com/ubuntu-ports noble InRelease
Get:2 http://us-east-1.ec2.ports.ubuntu.com/ubuntu-ports noble-updates InRelease [126 kB]
Get:3 http://us-east-1.ec2.ports.ubuntu.com/ubuntu-ports noble-backports InRelease [126 kB]
Get:4 http://us-east-1.ec2.ports.ubuntu.com/ubuntu-ports noble/universe arm64 Packages [15.3 MB]
Get:5 http://us-east-1.ec2.ports.ubuntu.com/ubuntu-ports noble/universe Translation-en [5982 kB]
Get:6 http://ports.ubuntu.com/ubuntu-ports noble-security InRelease [126 kB]
Get:7 http://us-east-1.ec2.ports.ubuntu.com/ubuntu-ports noble/universe arm64 Components [3573 kB]
Get:8 http://us-east-1.ec2.ports.ubuntu.com/ubuntu-ports noble/universe arm64 c-n-f Metadata [295 kB]
Get:9 http://us-east-1.ec2.ports.ubuntu.com/ubuntu-ports noble/multiverse arm64 Packages [223 kB]
Get:10 http://us-east-1.ec2.ports.ubuntu.com/ubuntu-ports noble/multiverse Translation-en [118 kB]
Get:11 http://us-east-1.ec2.ports.ubuntu.com/ubuntu-ports noble/multiverse arm64 Components [31.6 kB]
Get:12 http://us-east-1.ec2.ports.ubuntu.com/ubuntu-ports noble/multiverse arm64 c-n-f Metadata [7152 B]
Get:13 http://us-east-1.ec2.ports.ubuntu.com/ubuntu-ports noble-updates/main arm64 Packages [1190 kB]
Get:14 http://us-east-1.ec2.ports.ubuntu.com/ubuntu-ports noble-updates/main Translation-en [278 kB]
Get:15 http://us-east-1.ec2.ports.ubuntu.com/ubuntu-ports noble-updates/main arm64 Components [178 kB]
Get:16 http://us-east-1.ec2.ports.ubuntu.com/ubuntu-ports noble-updates/universe arm64 Packages [1704 kB]
Get:17 http://us-east-1.ec2.ports.ubuntu.com/ubuntu-ports noble-updates/universe Translation-en [334 kB]
Get:18 http://us-east-1.ec2.ports.ubuntu.com/ubuntu-ports noble-updates/universe arm64 Components [387 kB]
Get:19 http://us-east-1.ec2.ports.ubuntu.com/ubuntu-ports noble-updates/universe arm64 c-n-f Metadata [33.5 kB]
Get:20 http://us-east-1.ec2.ports.ubuntu.com/ubuntu-ports noble-updates/restricted arm64 Packages [2036 kB]
Get:21 http://us-east-1.ec2.ports.ubuntu.com/ubuntu-ports noble-updates/restricted Translation-en [308 kB]
Get:22 http://us-east-1.ec2.ports.ubuntu.com/ubuntu-ports noble-updates/multiverse arm64 Packages [72.7 kB]
Get:23 http://us-east-1.ec2.ports.ubuntu.com/ubuntu-ports noble-updates/multiverse Translation-en [12.3 kB]
Get:24 http://us-east-1.ec2.ports.ubuntu.com/ubuntu-ports noble-updates/multiverse arm64 Components [212 B]
Get:25 http://us-east-1.ec2.ports.ubuntu.com/ubuntu-ports noble-updates/multiverse arm64 c-n-f Metadata [472 B]
Get:26 http://us-east-1.ec2.ports.ubuntu.com/ubuntu-ports noble-backports/main arm64 Packages [40.6 kB]
Get:27 http://us-east-1.ec2.ports.ubuntu.com/ubuntu-ports noble-backports/main Translation-en [9172 B]
Get:28 http://us-east-1.ec2.ports.ubuntu.com/ubuntu-ports noble-backports/main arm64 Components [3572 B]
Get:29 http://us-east-1.ec2.ports.ubuntu.com/ubuntu-ports noble-backports/main arm64 c-n-f Metadata [372 B]
Get:30 http://us-east-1.ec2.ports.ubuntu.com/ubuntu-ports noble-backports/universe arm64 Packages [32.7 kB]
Get:31 http://us-east-1.ec2.ports.ubuntu.com/ubuntu-ports noble-backports/universe Translation-en [18.6 kB]
Get:32 http://us-east-1.ec2.ports.ubuntu.com/ubuntu-ports noble-backports/universe arm64 Components [12.6 kB]
Get:33 http://us-east-1.ec2.ports.ubuntu.com/ubuntu-ports noble-backports/universe arm64 c-n-f Metadata [1592 B]
Get:34 http://us-east-1.ec2.ports.ubuntu.com/ubuntu-ports noble-backports/restricted arm64 Components [212 B]
Get:35 http://us-east-1.ec2.ports.ubuntu.com/ubuntu-ports noble-backports/restricted arm64 c-n-f Metadata [116 B]
Get:36 http://us-east-1.ec2.ports.ubuntu.com/ubuntu-ports noble-backports/multiverse arm64 Packages [748 B]
Get:37 http://us-east-1.ec2.ports.ubuntu.com/ubuntu-ports noble-backports/multiverse Translation-en [340 B]
Get:38 http://us-east-1.ec2.ports.ubuntu.com/ubuntu-ports noble-backports/multiverse arm64 Components [212 B]
Get:39 http://us-east-1.ec2.ports.ubuntu.com/ubuntu-ports noble-backports/multiverse arm64 c-n-f Metadata [116 B]
Get:40 http://ports.ubuntu.com/ubuntu-ports noble-security/main arm64 Packages [940 kB]
Get:41 http://ports.ubuntu.com/ubuntu-ports noble-security/main Translation-en [198 kB]
Get:42 http://ports.ubuntu.com/ubuntu-ports noble-security/main arm64 Components [43.3 kB]
Get:43 http://ports.ubuntu.com/ubuntu-ports noble-security/main arm64 c-n-f Metadata [11.6 kB]
Get:44 http://ports.ubuntu.com/ubuntu-ports noble-security/universe arm64 Packages [1259 kB]
Get:45 http://ports.ubuntu.com/ubuntu-ports noble-security/universe Translation-en [239 kB]
Get:46 http://ports.ubuntu.com/ubuntu-ports noble-security/universe arm64 Components [76.3 kB]
Get:47 http://ports.ubuntu.com/ubuntu-ports noble-security/universe arm64 c-n-f Metadata [23.7 kB]
Get:48 http://ports.ubuntu.com/ubuntu-ports noble-security/restricted arm64 Packages [1930 kB]
Get:49 http://ports.ubuntu.com/ubuntu-ports noble-security/restricted Translation-en [290 kB]
Get:50 http://ports.ubuntu.com/ubuntu-ports noble-security/restricted arm64 Components [212 B]
Get:51 http://ports.ubuntu.com/ubuntu-ports noble-security/restricted arm64 c-n-f Metadata [388 B]
Get:52 http://ports.ubuntu.com/ubuntu-ports noble-security/multiverse arm64 Packages [68.7 kB]
Get:53 http://ports.ubuntu.com/ubuntu-ports noble-security/multiverse Translation-en [10.6 kB]
Get:54 http://ports.ubuntu.com/ubuntu-ports noble-security/multiverse arm64 Components [208 B]
Get:55 http://ports.ubuntu.com/ubuntu-ports noble-security/multiverse arm64 c-n-f Metadata [456 B]
[22:08:36] [one-api] launched i-098a8048bb4e3c4f7
[22:08:36] [busbar] installing deps (bare base: docker + psutil; the rig is a prebuilt download, and each
[22:08:36] [busbar] gateway installs its OWN prereqs via gw_prereqs - no blanket build toolchain on every box)
Warning: Permanently added '13.217.42.88' (ED25519) to the list of known hosts.
Fetched 37.7 MB in 4s (9387 kB/s)
Reading package lists...[22:08:37] [gomodel] ip=35.153.166.3 - waiting for ssh
Hit:1 http://us-east-1.ec2.ports.ubuntu.com/ubuntu-ports noble InRelease
Get:2 http://us-east-1.ec2.ports.ubuntu.com/ubuntu-ports noble-updates InRelease [126 kB]
Get:3 http://us-east-1.ec2.ports.ubuntu.com/ubuntu-ports noble-backports InRelease [126 kB]
Get:4 http://us-east-1.ec2.ports.ubuntu.com/ubuntu-ports noble/universe arm64 Packages [15.3 MB]
Get:5 http://ports.ubuntu.com/ubuntu-ports noble-security InRelease [126 kB]
Get:6 http://us-east-1.ec2.ports.ubuntu.com/ubuntu-ports noble/universe Translation-en [5982 kB]
Get:7 http://us-east-1.ec2.ports.ubuntu.com/ubuntu-ports noble/universe arm64 Components [3573 kB]
Get:8 http://us-east-1.ec2.ports.ubuntu.com/ubuntu-ports noble/universe arm64 c-n-f Metadata [295 kB]
Get:9 http://us-east-1.ec2.ports.ubuntu.com/ubuntu-ports noble/multiverse arm64 Packages [223 kB]
Get:10 http://us-east-1.ec2.ports.ubuntu.com/ubuntu-ports noble/multiverse Translation-en [118 kB]
Get:11 http://us-east-1.ec2.ports.ubuntu.com/ubuntu-ports noble/multiverse arm64 Components [31.6 kB]
Get:12 http://us-east-1.ec2.ports.ubuntu.com/ubuntu-ports noble/multiverse arm64 c-n-f Metadata [7152 B]
Get:13 http://us-east-1.ec2.ports.ubuntu.com/ubuntu-ports noble-updates/main arm64 Packages [1190 kB]
Get:14 http://us-east-1.ec2.ports.ubuntu.com/ubuntu-ports noble-updates/main Translation-en [278 kB]
Get:15 http://us-east-1.ec2.ports.ubuntu.com/ubuntu-ports noble-updates/main arm64 Components [178 kB]
Get:16 http://us-east-1.ec2.ports.ubuntu.com/ubuntu-ports noble-updates/universe arm64 Packages [1704 kB]
Get:17 http://us-east-1.ec2.ports.ubuntu.com/ubuntu-ports noble-updates/universe Translation-en [334 kB]
Get:18 http://us-east-1.ec2.ports.ubuntu.com/ubuntu-ports noble-updates/universe arm64 Components [387 kB]

Get:19 http://us-east-1.ec2.ports.ubuntu.com/ubuntu-ports noble-updates/universe arm64 c-n-f Metadata [33.5 kB]
Get:20 http://us-east-1.ec2.ports.ubuntu.com/ubuntu-ports noble-updates/restricted arm64 Packages [2036 kB]
Get:21 http://us-east-1.ec2.ports.ubuntu.com/ubuntu-ports noble-updates/restricted Translation-en [308 kB]
Get:22 http://us-east-1.ec2.ports.ubuntu.com/ubuntu-ports noble-updates/multiverse arm64 Packages [72.7 kB]
Get:23 http://us-east-1.ec2.ports.ubuntu.com/ubuntu-ports noble-updates/multiverse Translation-en [12.3 kB]
Get:24 http://us-east-1.ec2.ports.ubuntu.com/ubuntu-ports noble-updates/multiverse arm64 Components [212 B]
Get:25 http://us-east-1.ec2.ports.ubuntu.com/ubuntu-ports noble-updates/multiverse arm64 c-n-f Metadata [472 B]
Get:26 http://us-east-1.ec2.ports.ubuntu.com/ubuntu-ports noble-backports/main arm64 Packages [40.6 kB]
Get:27 http://us-east-1.ec2.ports.ubuntu.com/ubuntu-ports noble-backports/main Translation-en [9172 B]
Get:28 http://us-east-1.ec2.ports.ubuntu.com/ubuntu-ports noble-backports/main arm64 Components [3572 B]
Reading package lists...
Get:29 http://us-east-1.ec2.ports.ubuntu.com/ubuntu-ports noble-backports/main arm64 c-n-f Metadata [372 B]
Get:30 http://us-east-1.ec2.ports.ubuntu.com/ubuntu-ports noble-backports/universe arm64 Packages [32.7 kB]
Get:31 http://us-east-1.ec2.ports.ubuntu.com/ubuntu-ports noble-backports/universe Translation-en [18.6 kB]
Get:32 http://us-east-1.ec2.ports.ubuntu.com/ubuntu-ports noble-backports/universe arm64 Components [12.6 kB]
Get:33 http://us-east-1.ec2.ports.ubuntu.com/ubuntu-ports noble-backports/universe arm64 c-n-f Metadata [1592 B]
Get:34 http://us-east-1.ec2.ports.ubuntu.com/ubuntu-ports noble-backports/restricted arm64 Components [212 B]
Get:35 http://us-east-1.ec2.ports.ubuntu.com/ubuntu-ports noble-backports/restricted arm64 c-n-f Metadata [116 B]
Get:36 http://us-east-1.ec2.ports.ubuntu.com/ubuntu-ports noble-backports/multiverse arm64 Packages [748 B]
Get:37 http://us-east-1.ec2.ports.ubuntu.com/ubuntu-ports noble-backports/multiverse Translation-en [340 B]
Building dependency tree...Get:38 http://us-east-1.ec2.ports.ubuntu.com/ubuntu-ports noble-backports/multiverse arm64 Components [212 B]
Get:39 http://us-east-1.ec2.ports.ubuntu.com/ubuntu-ports noble-backports/multiverse arm64 c-n-f Metadata [116 B]
Get:40 http://ports.ubuntu.com/ubuntu-ports noble-security/main arm64 Packages [940 kB]

Reading state information...
curl is already the newest version (8.5.0-2ubuntu10.11).
curl set to manually installed.
ca-certificates is already the newest version (20260601~24.04.1).
ca-certificates set to manually installed.
jq is already the newest version (1.7.1-3ubuntu0.24.04.2).
jq set to manually installed.
git is already the newest version (1:2.43.0-1ubuntu7.3).
git set to manually installed.
The following additional packages will be installed:
  binutils binutils-aarch64-linux-gnu binutils-common bridge-utils bzip2
  containerd cpp cpp-13 cpp-13-aarch64-linux-gnu cpp-aarch64-linux-gnu
  dns-root-data dnsmasq-base dpkg-dev fakeroot fontconfig-config
  fonts-dejavu-core fonts-dejavu-mono g++ g++-13 g++-13-aarch64-linux-gnu
  g++-aarch64-linux-gnu gcc gcc-13 gcc-13-aarch64-linux-gnu gcc-13-base
  gcc-aarch64-linux-gnu javascript-common libalgorithm-diff-perl
  libalgorithm-diff-xs-perl libalgorithm-merge-perl libaom3 libasan8
  libatomic1 libbinutils libc-bin libc-dev-bin libc-devtools libc6 libc6-dev
  libcc1-0 libcrypt-dev libctf-nobfd0 libctf0 libdeflate0 libdpkg-perl
  libexpat1-dev libfakeroot libfile-fcntllock-perl libfontconfig1
  libgcc-13-dev libgd3 libgomp1 libgprofng0 libheif-plugin-aomdec
  libheif-plugin-aomenc libheif1 libhwasan0 libisl23 libitm1 libjbig0
  libjpeg-turbo8 libjpeg8 libjs-jquery libjs-sphinxdoc libjs-underscore
  liblerc4 liblsan0 libmpc3 libpython3-dev libpython3.12-dev libsframe1
  libsharpyuv0 libstdc++-13-dev libtiff6 libtsan2 libubsan1 libwebp7 libxpm4
  linux-libc-dev linux-tools-common locales lto-disabled-list make
  manpages-dev pigz python3-dev python3-wheel python3.12-dev rpcsvc-proto runc
  ubuntu-fan zlib1g-dev
Suggested packages:
  binutils-doc gprofng-gui ifupdown bzip2-doc cpp-doc gcc-13-locales
  cpp-13-doc aufs-tools cgroupfs-mount | cgroup-lite debootstrap docker-buildx
  docker-compose-v2 docker-doc rinse zfs-fuse | zfsutils debian-keyring
  gcc-13-doc gcc-multilib autoconf automake libtool flex bison gdb gcc-doc
  gdb-aarch64-linux-gnu apache2 | lighttpd | httpd glibc-doc libnss-nis
  libnss-nisplus bzr libgd-tools libheif-plugin-libde265 libheif-plugin-x265
  libheif-plugin-ffmpegdec libheif-plugin-jpegdec libheif-plugin-jpegenc
  libheif-plugin-j2kdec libheif-plugin-j2kenc libheif-plugin-rav1e
  libheif-plugin-svtenc libstdc++-13-doc make-doc
The following NEW packages will be installed:
  binutils binutils-aarch64-linux-gnu binutils-common bridge-utils
  build-essential bzip2 containerd cpp cpp-13 cpp-13-aarch64-linux-gnu
  cpp-aarch64-linux-gnu dns-root-data dnsmasq-base docker.io dpkg-dev fakeroot
  fontconfig-config fonts-dejavu-core fonts-dejavu-mono g++ g++-13
  g++-13-aarch64-linux-gnu g++-aarch64-linux-gnu gcc gcc-13
  gcc-13-aarch64-linux-gnu gcc-13-base gcc-aarch64-linux-gnu javascript-common
  libalgorithm-diff-perl libalgorithm-diff-xs-perl libalgorithm-merge-perl
  libaom3 libasan8 libatomic1 libbinutils libc-dev-bin libc-devtools libc6-dev
  libcc1-0 libcrypt-dev libctf-nobfd0 libctf0 libdeflate0 libdpkg-perl
  libexpat1-dev libfakeroot libfile-fcntllock-perl libfontconfig1
  libgcc-13-dev libgd3 libgomp1 libgprofng0 libheif-plugin-aomdec
  libheif-plugin-aomenc libheif1 libhwasan0 libisl23 libitm1 libjbig0
  libjpeg-turbo8 libjpeg8 libjs-jquery libjs-sphinxdoc libjs-underscore
  liblerc4 liblsan0 libmpc3 libpython3-dev libpython3.12-dev libsframe1
  libsharpyuv0 libstdc++-13-dev libtiff6 libtsan2 libubsan1 libwebp7 libxpm4
  linux-libc-dev lto-disabled-list make manpages-dev pigz python3-dev
  python3-pip python3-wheel python3.12-dev rpcsvc-proto runc ubuntu-fan
  zlib1g-dev
The following packages will be upgraded:
  libc-bin libc6 linux-tools-common locales
4 upgraded, 91 newly installed, 0 to remove and 30 not upgraded.
Need to get 155 MB of archives.
After this operation, 558 MB of additional disk space will be used.
Get:1 http://us-east-1.ec2.ports.ubuntu.com/ubuntu-ports noble-updates/main arm64 libc6 arm64 2.39-0ubuntu8.8 [2775 kB]
Get:41 http://ports.ubuntu.com/ubuntu-ports noble-security/main Translation-en [198 kB]
Get:42 http://ports.ubuntu.com/ubuntu-ports noble-security/main arm64 Components [43.3 kB]
Get:43 http://ports.ubuntu.com/ubuntu-ports noble-security/main arm64 c-n-f Metadata [11.6 kB]
Get:44 http://ports.ubuntu.com/ubuntu-ports noble-security/universe arm64 Packages [1259 kB]
Get:2 http://us-east-1.ec2.ports.ubuntu.com/ubuntu-ports noble-updates/main arm64 libc-bin arm64 2.39-0ubuntu8.8 [591 kB]
Get:3 http://us-east-1.ec2.ports.ubuntu.com/ubuntu-ports noble/universe arm64 pigz arm64 2.8-1 [60.7 kB]
Get:4 http://us-east-1.ec2.ports.ubuntu.com/ubuntu-ports noble-updates/main arm64 locales all 2.39-0ubuntu8.8 [4231 kB]
Get:5 http://us-east-1.ec2.ports.ubuntu.com/ubuntu-ports noble-updates/main arm64 binutils-common arm64 2.42-4ubuntu2.10 [240 kB]
Get:6 http://us-east-1.ec2.ports.ubuntu.com/ubuntu-ports noble-updates/main arm64 libsframe1 arm64 2.42-4ubuntu2.10 [15.4 kB]
Get:7 http://us-east-1.ec2.ports.ubuntu.com/ubuntu-ports noble-updates/main arm64 libbinutils arm64 2.42-4ubuntu2.10 [766 kB]
Get:8 http://us-east-1.ec2.ports.ubuntu.com/ubuntu-ports noble-updates/main arm64 libctf-nobfd0 arm64 2.42-4ubuntu2.10 [101 kB]
Get:9 http://us-east-1.ec2.ports.ubuntu.com/ubuntu-ports noble-updates/main arm64 libctf0 arm64 2.42-4ubuntu2.10 [95.7 kB]
Get:10 http://us-east-1.ec2.ports.ubuntu.com/ubuntu-ports noble-updates/main arm64 libgprofng0 arm64 2.42-4ubuntu2.10 [776 kB]
Get:11 http://us-east-1.ec2.ports.ubuntu.com/ubuntu-ports noble-updates/main arm64 binutils-aarch64-linux-gnu arm64 2.42-4ubuntu2.10 [3304 kB]
Get:12 http://us-east-1.ec2.ports.ubuntu.com/ubuntu-ports noble-updates/main arm64 binutils arm64 2.42-4ubuntu2.10 [18.1 kB]
Get:13 http://us-east-1.ec2.ports.ubuntu.com/ubuntu-ports noble/main arm64 bridge-utils arm64 1.7.1-1ubuntu2 [34.2 kB]
Get:14 http://us-east-1.ec2.ports.ubuntu.com/ubuntu-ports noble-updates/main arm64 libc-dev-bin arm64 2.39-0ubuntu8.8 [19.7 kB]
Get:15 http://us-east-1.ec2.ports.ubuntu.com/ubuntu-ports noble-updates/main arm64 linux-libc-dev arm64 6.8.0-136.136 [1550 kB]
Get:16 http://us-east-1.ec2.ports.ubuntu.com/ubuntu-ports noble/main arm64 libcrypt-dev arm64 1:4.4.36-4build1 [118 kB]
Get:17 http://us-east-1.ec2.ports.ubuntu.com/ubuntu-ports noble/main arm64 rpcsvc-proto arm64 1.4.2-0ubuntu7 [64.8 kB]
Get:18 http://us-east-1.ec2.ports.ubuntu.com/ubuntu-ports noble-updates/main arm64 libc6-dev arm64 2.39-0ubuntu8.8 [1596 kB]
Get:19 http://us-east-1.ec2.ports.ubuntu.com/ubuntu-ports noble-updates/main arm64 gcc-13-base arm64 13.3.0-6ubuntu2~24.04.1 [51.6 kB]
Get:20 http://us-east-1.ec2.ports.ubuntu.com/ubuntu-ports noble-updates/main arm64 libisl23 arm64 0.26-3build1.1 [669 kB]
Get:21 http://us-east-1.ec2.ports.ubuntu.com/ubuntu-ports noble-updates/main arm64 libmpc3 arm64 1.3.1-1build1.1 [56.4 kB]
Get:22 http://us-east-1.ec2.ports.ubuntu.com/ubuntu-ports noble-updates/main arm64 cpp-13-aarch64-linux-gnu arm64 13.3.0-6ubuntu2~24.04.1 [9560 kB]
Get:45 http://ports.ubuntu.com/ubuntu-ports noble-security/universe Translation-en [239 kB]
Get:46 http://ports.ubuntu.com/ubuntu-ports noble-security/universe arm64 Components [76.3 kB]
Get:47 http://ports.ubuntu.com/ubuntu-ports noble-security/universe arm64 c-n-f Metadata [23.7 kB]
Get:48 http://ports.ubuntu.com/ubuntu-ports noble-security/restricted arm64 Packages [1930 kB]
Get:23 http://us-east-1.ec2.ports.ubuntu.com/ubuntu-ports noble-updates/main arm64 cpp-13 arm64 13.3.0-6ubuntu2~24.04.1 [1038 B]
Get:24 http://us-east-1.ec2.ports.ubuntu.com/ubuntu-ports noble/main arm64 cpp-aarch64-linux-gnu arm64 4:13.2.0-7ubuntu1 [5316 B]
Get:25 http://us-east-1.ec2.ports.ubuntu.com/ubuntu-ports noble/main arm64 cpp arm64 4:13.2.0-7ubuntu1 [22.4 kB]
Get:26 http://us-east-1.ec2.ports.ubuntu.com/ubuntu-ports noble-updates/main arm64 libcc1-0 arm64 14.2.0-4ubuntu2~24.04.1 [49.7 kB]
Get:27 http://us-east-1.ec2.ports.ubuntu.com/ubuntu-ports noble-updates/main arm64 libgomp1 arm64 14.2.0-4ubuntu2~24.04.1 [145 kB]
Get:28 http://us-east-1.ec2.ports.ubuntu.com/ubuntu-ports noble-updates/main arm64 libitm1 arm64 14.2.0-4ubuntu2~24.04.1 [28.2 kB]
Get:29 http://us-east-1.ec2.ports.ubuntu.com/ubuntu-ports noble-updates/main arm64 libatomic1 arm64 14.2.0-4ubuntu2~24.04.1 [11.6 kB]
Get:30 http://us-east-1.ec2.ports.ubuntu.com/ubuntu-ports noble-updates/main arm64 libasan8 arm64 14.2.0-4ubuntu2~24.04.1 [2928 kB]
Get:31 http://us-east-1.ec2.ports.ubuntu.com/ubuntu-ports noble-updates/main arm64 liblsan0 arm64 14.2.0-4ubuntu2~24.04.1 [1289 kB]
Get:32 http://us-east-1.ec2.ports.ubuntu.com/ubuntu-ports noble-updates/main arm64 libtsan2 arm64 14.2.0-4ubuntu2~24.04.1 [2697 kB]
Get:33 http://us-east-1.ec2.ports.ubuntu.com/ubuntu-ports noble-updates/main arm64 libubsan1 arm64 14.2.0-4ubuntu2~24.04.1 [1157 kB]
Get:34 http://us-east-1.ec2.ports.ubuntu.com/ubuntu-ports noble-updates/main arm64 libhwasan0 arm64 14.2.0-4ubuntu2~24.04.1 [1605 kB]
Get:35 http://us-east-1.ec2.ports.ubuntu.com/ubuntu-ports noble-updates/main arm64 libgcc-13-dev arm64 13.3.0-6ubuntu2~24.04.1 [2473 kB]
Get:36 http://us-east-1.ec2.ports.ubuntu.com/ubuntu-ports noble-updates/main arm64 gcc-13-aarch64-linux-gnu arm64 13.3.0-6ubuntu2~24.04.1 [18.7 MB]
[22:08:39] [plano] launched i-0039e473b9d6f022c
Get:49 http://ports.ubuntu.com/ubuntu-ports noble-security/restricted Translation-en [290 kB]
Get:50 http://ports.ubuntu.com/ubuntu-ports noble-security/restricted arm64 Components [212 B]
Get:51 http://ports.ubuntu.com/ubuntu-ports noble-security/restricted arm64 c-n-f Metadata [388 B]
Get:52 http://ports.ubuntu.com/ubuntu-ports noble-security/multiverse arm64 Packages [68.7 kB]
Get:53 http://ports.ubuntu.com/ubuntu-ports noble-security/multiverse Translation-en [10.6 kB]
Get:54 http://ports.ubuntu.com/ubuntu-ports noble-security/multiverse arm64 Components [208 B]
Get:55 http://ports.ubuntu.com/ubuntu-ports noble-security/multiverse arm64 c-n-f Metadata [456 B]
[22:08:39] [gomodel] installing deps (bare base: docker + psutil; the rig is a prebuilt download, and each
[22:08:39] [gomodel] gateway installs its OWN prereqs via gw_prereqs - no blanket build toolchain on every box)
Get:37 http://us-east-1.ec2.ports.ubuntu.com/ubuntu-ports noble-updates/main arm64 gcc-13 arm64 13.3.0-6ubuntu2~24.04.1 [484 kB]
Get:38 http://us-east-1.ec2.ports.ubuntu.com/ubuntu-ports noble/main arm64 gcc-aarch64-linux-gnu arm64 4:13.2.0-7ubuntu1 [1198 B]
Get:39 http://us-east-1.ec2.ports.ubuntu.com/ubuntu-ports noble/main arm64 gcc arm64 4:13.2.0-7ubuntu1 [5018 B]
Get:40 http://us-east-1.ec2.ports.ubuntu.com/ubuntu-ports noble-updates/main arm64 libstdc++-13-dev arm64 13.3.0-6ubuntu2~24.04.1 [2397 kB]
Get:41 http://us-east-1.ec2.ports.ubuntu.com/ubuntu-ports noble-updates/main arm64 g++-13-aarch64-linux-gnu arm64 13.3.0-6ubuntu2~24.04.1 [10.9 MB]
Get:42 http://us-east-1.ec2.ports.ubuntu.com/ubuntu-ports noble-updates/main arm64 g++-13 arm64 13.3.0-6ubuntu2~24.04.1 [16.0 kB]
Get:43 http://us-east-1.ec2.ports.ubuntu.com/ubuntu-ports noble/main arm64 g++-aarch64-linux-gnu arm64 4:13.2.0-7ubuntu1 [962 B]
Get:44 http://us-east-1.ec2.ports.ubuntu.com/ubuntu-ports noble/main arm64 g++ arm64 4:13.2.0-7ubuntu1 [1082 B]
Get:45 http://us-east-1.ec2.ports.ubuntu.com/ubuntu-ports noble/main arm64 make arm64 4.3-4.1build2 [178 kB]
Get:46 http://us-east-1.ec2.ports.ubuntu.com/ubuntu-ports noble-updates/main arm64 libdpkg-perl all 1.22.6ubuntu6.6 [268 kB]
Get:47 http://us-east-1.ec2.ports.ubuntu.com/ubuntu-ports noble-updates/main arm64 bzip2 arm64 1.0.8-5.1build0.1 [34.0 kB]
Get:48 http://us-east-1.ec2.ports.ubuntu.com/ubuntu-ports noble/main arm64 lto-disabled-list all 47 [12.4 kB]
Get:49 http://us-east-1.ec2.ports.ubuntu.com/ubuntu-ports noble-updates/main arm64 dpkg-dev all 1.22.6ubuntu6.6 [1074 kB]
Get:50 http://us-east-1.ec2.ports.ubuntu.com/ubuntu-ports noble/main arm64 build-essential arm64 12.10ubuntu1 [4932 B]
Get:51 http://us-east-1.ec2.ports.ubuntu.com/ubuntu-ports noble-updates/main arm64 runc arm64 1.3.4-0ubuntu1~24.04.1 [8578 kB]
Get:52 http://us-east-1.ec2.ports.ubuntu.com/ubuntu-ports noble-updates/main arm64 containerd arm64 2.2.1-0ubuntu1~24.04.3 [25.2 MB]
Warning: Permanently added '35.153.166.3' (ED25519) to the list of known hosts.
Get:53 http://us-east-1.ec2.ports.ubuntu.com/ubuntu-ports noble-updates/main arm64 dns-root-data all 2024071801~ubuntu0.24.04.1 [5918 B]
Get:54 http://us-east-1.ec2.ports.ubuntu.com/ubuntu-ports noble-updates/main arm64 dnsmasq-base arm64 2.90-2ubuntu0.4 [367 kB]
Get:55 http://us-east-1.ec2.ports.ubuntu.com/ubuntu-ports noble-updates/universe arm64 docker.io arm64 29.1.3-0ubuntu3~24.04.2 [32.0 MB]
Get:56 http://us-east-1.ec2.ports.ubuntu.com/ubuntu-ports noble/main arm64 libfakeroot arm64 1.33-1 [32.5 kB]
Get:57 http://us-east-1.ec2.ports.ubuntu.com/ubuntu-ports noble/main arm64 fakeroot arm64 1.33-1 [66.9 kB]
Get:58 http://us-east-1.ec2.ports.ubuntu.com/ubuntu-ports noble/main arm64 fonts-dejavu-mono all 2.37-8 [502 kB]
Get:59 http://us-east-1.ec2.ports.ubuntu.com/ubuntu-ports noble/main arm64 fonts-dejavu-core all 2.37-8 [835 kB]
Get:60 http://us-east-1.ec2.ports.ubuntu.com/ubuntu-ports noble/main arm64 fontconfig-config arm64 2.15.0-1.1ubuntu2 [37.4 kB]
Get:61 http://us-east-1.ec2.ports.ubuntu.com/ubuntu-ports noble/main arm64 javascript-common all 11+nmu1 [5936 B]
Get:62 http://us-east-1.ec2.ports.ubuntu.com/ubuntu-ports noble/main arm64 libalgorithm-diff-perl all 1.201-1 [41.8 kB]
Get:63 http://us-east-1.ec2.ports.ubuntu.com/ubuntu-ports noble/main arm64 libalgorithm-diff-xs-perl arm64 0.04-8build3 [10.9 kB]
Get:64 http://us-east-1.ec2.ports.ubuntu.com/ubuntu-ports noble/main arm64 libalgorithm-merge-perl all 0.08-5 [11.4 kB]
Get:65 http://us-east-1.ec2.ports.ubuntu.com/ubuntu-ports noble-updates/main arm64 libaom3 arm64 3.8.2-2ubuntu0.1 [1617 kB]
Get:66 http://us-east-1.ec2.ports.ubuntu.com/ubuntu-ports noble/main arm64 libfontconfig1 arm64 2.15.0-1.1ubuntu2 [142 kB]
Get:67 http://us-east-1.ec2.ports.ubuntu.com/ubuntu-ports noble/main arm64 libsharpyuv0 arm64 1.3.2-0.4build3 [14.5 kB]
Get:68 http://us-east-1.ec2.ports.ubuntu.com/ubuntu-ports noble-updates/main arm64 libheif-plugin-aomdec arm64 1.17.6-1ubuntu4.6 [11.1 kB]
Get:69 http://us-east-1.ec2.ports.ubuntu.com/ubuntu-ports noble-updates/main arm64 libheif1 arm64 1.17.6-1ubuntu4.6 [260 kB]
Get:70 http://us-east-1.ec2.ports.ubuntu.com/ubuntu-ports noble/main arm64 libjpeg-turbo8 arm64 2.1.5-2ubuntu2 [163 kB]
Get:71 http://us-east-1.ec2.ports.ubuntu.com/ubuntu-ports noble/main arm64 libjpeg8 arm64 8c-2ubuntu11 [2148 B]
Get:72 http://us-east-1.ec2.ports.ubuntu.com/ubuntu-ports noble-updates/main arm64 libdeflate0 arm64 1.19-1build1.1 [43.5 kB]
Get:73 http://us-east-1.ec2.ports.ubuntu.com/ubuntu-ports noble/main arm64 libjbig0 arm64 2.1-6.1ubuntu2 [29.3 kB]
Get:74 http://us-east-1.ec2.ports.ubuntu.com/ubuntu-ports noble/main arm64 liblerc4 arm64 4.0.0+ds-4ubuntu2 [154 kB]
Get:75 http://us-east-1.ec2.ports.ubuntu.com/ubuntu-ports noble/main arm64 libwebp7 arm64 1.3.2-0.4build3 [191 kB]
Get:76 http://us-east-1.ec2.ports.ubuntu.com/ubuntu-ports noble-updates/main arm64 libtiff6 arm64 4.5.1+git230720-4ubuntu2.5 [192 kB]
Get:77 http://us-east-1.ec2.ports.ubuntu.com/ubuntu-ports noble-updates/main arm64 libxpm4 arm64 1:3.5.17-1ubuntu0.24.04.1 [35.3 kB]
Get:78 http://us-east-1.ec2.ports.ubuntu.com/ubuntu-ports noble/main arm64 libgd3 arm64 2.3.3-9ubuntu5 [122 kB]
Get:79 http://us-east-1.ec2.ports.ubuntu.com/ubuntu-ports noble-updates/main arm64 libc-devtools arm64 2.39-0ubuntu8.8 [27.8 kB]
Get:80 http://us-east-1.ec2.ports.ubuntu.com/ubuntu-ports noble-updates/main arm64 libexpat1-dev arm64 2.6.1-2ubuntu0.4 [128 kB]
Get:81 http://us-east-1.ec2.ports.ubuntu.com/ubuntu-ports noble/main arm64 libfile-fcntllock-perl arm64 0.22-4ubuntu5 [30.6 kB]
Get:82 http://us-east-1.ec2.ports.ubuntu.com/ubuntu-ports noble-updates/main arm64 libheif-plugin-aomenc arm64 1.17.6-1ubuntu4.6 [13.7 kB]
Get:83 http://us-east-1.ec2.ports.ubuntu.com/ubuntu-ports noble/main arm64 libjs-jquery all 3.6.1+dfsg+~3.5.14-1 [328 kB]
Get:84 http://us-east-1.ec2.ports.ubuntu.com/ubuntu-ports noble/main arm64 libjs-underscore all 1.13.4~dfsg+~1.11.4-3 [118 kB]
Hit:1 http://us-east-1.ec2.ports.ubuntu.com/ubuntu-ports noble InRelease
Get:2 http://us-east-1.ec2.ports.ubuntu.com/ubuntu-ports noble-updates InRelease [126 kB]
Get:3 http://us-east-1.ec2.ports.ubuntu.com/ubuntu-ports noble-backports InRelease [126 kB]
Get:85 http://us-east-1.ec2.ports.ubuntu.com/ubuntu-ports noble/main arm64 libjs-sphinxdoc all 7.2.6-6 [149 kB]
Get:86 http://us-east-1.ec2.ports.ubuntu.com/ubuntu-ports noble-updates/main arm64 zlib1g-dev arm64 1:1.3.dfsg-3.1ubuntu2.1 [894 kB]
Get:87 http://us-east-1.ec2.ports.ubuntu.com/ubuntu-ports noble-updates/main arm64 libpython3.12-dev arm64 3.12.3-1ubuntu0.15 [5538 kB]
Get:4 http://ports.ubuntu.com/ubuntu-ports noble-security InRelease [126 kB]
Get:5 http://us-east-1.ec2.ports.ubuntu.com/ubuntu-ports noble/universe arm64 Packages [15.3 MB]
Get:88 http://us-east-1.ec2.ports.ubuntu.com/ubuntu-ports noble-updates/main arm64 libpython3-dev arm64 3.12.3-0ubuntu2.1 [10.4 kB]
Get:89 http://us-east-1.ec2.ports.ubuntu.com/ubuntu-ports noble-updates/main arm64 linux-tools-common all 6.8.0-136.136 [416 kB]
Get:90 http://us-east-1.ec2.ports.ubuntu.com/ubuntu-ports noble/main arm64 manpages-dev all 6.7-2 [2013 kB]
Get:91 http://us-east-1.ec2.ports.ubuntu.com/ubuntu-ports noble-updates/main arm64 python3.12-dev arm64 3.12.3-1ubuntu0.15 [498 kB]
Get:92 http://us-east-1.ec2.ports.ubuntu.com/ubuntu-ports noble-updates/main arm64 python3-dev arm64 3.12.3-0ubuntu2.1 [26.7 kB]
Get:93 http://us-east-1.ec2.ports.ubuntu.com/ubuntu-ports noble/universe arm64 python3-wheel all 0.42.0-2 [53.1 kB]
Get:94 http://us-east-1.ec2.ports.ubuntu.com/ubuntu-ports noble-updates/universe arm64 python3-pip all 24.0+dfsg-1ubuntu1.3 [1320 kB]
[22:08:40] [helicone] ip=3.80.166.133 - waiting for ssh
Get:95 http://us-east-1.ec2.ports.ubuntu.com/ubuntu-ports noble-updates/universe arm64 ubuntu-fan all 0.12.16+24.04.1 [34.2 kB]
Get:6 http://us-east-1.ec2.ports.ubuntu.com/ubuntu-ports noble/universe Translation-en [5982 kB]
Get:7 http://us-east-1.ec2.ports.ubuntu.com/ubuntu-ports noble/universe arm64 Components [3573 kB]
Get:8 http://ports.ubuntu.com/ubuntu-ports noble-security/main arm64 Packages [940 kB]
Get:9 http://us-east-1.ec2.ports.ubuntu.com/ubuntu-ports noble/universe arm64 c-n-f Metadata [295 kB]
Get:10 http://us-east-1.ec2.ports.ubuntu.com/ubuntu-ports noble/multiverse arm64 Packages [223 kB]
Get:11 http://us-east-1.ec2.ports.ubuntu.com/ubuntu-ports noble/multiverse Translation-en [118 kB]
Get:12 http://us-east-1.ec2.ports.ubuntu.com/ubuntu-ports noble/multiverse arm64 Components [31.6 kB]
Get:13 http://us-east-1.ec2.ports.ubuntu.com/ubuntu-ports noble/multiverse arm64 c-n-f Metadata [7152 B]
Get:14 http://us-east-1.ec2.ports.ubuntu.com/ubuntu-ports noble-updates/main arm64 Packages [1190 kB]
Get:15 http://us-east-1.ec2.ports.ubuntu.com/ubuntu-ports noble-updates/main Translation-en [278 kB]
Get:16 http://us-east-1.ec2.ports.ubuntu.com/ubuntu-ports noble-updates/main arm64 Components [178 kB]
Get:17 http://us-east-1.ec2.ports.ubuntu.com/ubuntu-ports noble-updates/universe arm64 Packages [1704 kB]
Get:18 http://us-east-1.ec2.ports.ubuntu.com/ubuntu-ports noble-updates/universe Translation-en [334 kB]
Get:19 http://us-east-1.ec2.ports.ubuntu.com/ubuntu-ports noble-updates/universe arm64 Components [387 kB]
Get:20 http://us-east-1.ec2.ports.ubuntu.com/ubuntu-ports noble-updates/universe arm64 c-n-f Metadata [33.5 kB]
Get:21 http://us-east-1.ec2.ports.ubuntu.com/ubuntu-ports noble-updates/restricted arm64 Packages [2036 kB]
Get:22 http://us-east-1.ec2.ports.ubuntu.com/ubuntu-ports noble-updates/restricted Translation-en [308 kB]
Get:23 http://us-east-1.ec2.ports.ubuntu.com/ubuntu-ports noble-updates/multiverse arm64 Packages [72.7 kB]
Get:24 http://us-east-1.ec2.ports.ubuntu.com/ubuntu-ports noble-updates/multiverse Translation-en [12.3 kB]
Get:25 http://us-east-1.ec2.ports.ubuntu.com/ubuntu-ports noble-updates/multiverse arm64 Components [212 B]
Get:26 http://us-east-1.ec2.ports.ubuntu.com/ubuntu-ports noble-updates/multiverse arm64 c-n-f Metadata [472 B]
Get:27 http://us-east-1.ec2.ports.ubuntu.com/ubuntu-ports noble-backports/main arm64 Packages [40.6 kB]
Get:28 http://us-east-1.ec2.ports.ubuntu.com/ubuntu-ports noble-backports/main Translation-en [9172 B]
Get:29 http://us-east-1.ec2.ports.ubuntu.com/ubuntu-ports noble-backports/main arm64 Components [3572 B]
Get:30 http://us-east-1.ec2.ports.ubuntu.com/ubuntu-ports noble-backports/main arm64 c-n-f Metadata [372 B]
Get:31 http://us-east-1.ec2.ports.ubuntu.com/ubuntu-ports noble-backports/universe arm64 Packages [32.7 kB]
Get:32 http://us-east-1.ec2.ports.ubuntu.com/ubuntu-ports noble-backports/universe Translation-en [18.6 kB]
Get:33 http://us-east-1.ec2.ports.ubuntu.com/ubuntu-ports noble-backports/universe arm64 Components [12.6 kB]
Get:34 http://us-east-1.ec2.ports.ubuntu.com/ubuntu-ports noble-backports/universe arm64 c-n-f Metadata [1592 B]
Get:35 http://ports.ubuntu.com/ubuntu-ports noble-security/main Translation-en [198 kB]
Get:36 http://us-east-1.ec2.ports.ubuntu.com/ubuntu-ports noble-backports/restricted arm64 Components [212 B]
Get:37 http://us-east-1.ec2.ports.ubuntu.com/ubuntu-ports noble-backports/restricted arm64 c-n-f Metadata [116 B]
Get:38 http://ports.ubuntu.com/ubuntu-ports noble-security/main arm64 Components [43.3 kB]
Get:39 http://ports.ubuntu.com/ubuntu-ports noble-security/main arm64 c-n-f Metadata [11.6 kB]
Get:40 http://ports.ubuntu.com/ubuntu-ports noble-security/universe arm64 Packages [1259 kB]
Get:41 http://us-east-1.ec2.ports.ubuntu.com/ubuntu-ports noble-backports/multiverse arm64 Packages [748 B]
Get:42 http://us-east-1.ec2.ports.ubuntu.com/ubuntu-ports noble-backports/multiverse Translation-en [340 B]
Get:43 http://us-east-1.ec2.ports.ubuntu.com/ubuntu-ports noble-backports/multiverse arm64 Components [212 B]
Get:44 http://us-east-1.ec2.ports.ubuntu.com/ubuntu-ports noble-backports/multiverse arm64 c-n-f Metadata [116 B]
Get:45 http://ports.ubuntu.com/ubuntu-ports noble-security/universe Translation-en [239 kB]
Get:46 http://ports.ubuntu.com/ubuntu-ports noble-security/universe arm64 Components [76.3 kB]
Get:47 http://ports.ubuntu.com/ubuntu-ports noble-security/universe arm64 c-n-f Metadata [23.7 kB]
Get:48 http://ports.ubuntu.com/ubuntu-ports noble-security/restricted arm64 Packages [1930 kB]
Get:49 http://ports.ubuntu.com/ubuntu-ports noble-security/restricted Translation-en [290 kB]
Get:50 http://ports.ubuntu.com/ubuntu-ports noble-security/restricted arm64 Components [212 B]
Get:51 http://ports.ubuntu.com/ubuntu-ports noble-security/restricted arm64 c-n-f Metadata [388 B]
Get:52 http://ports.ubuntu.com/ubuntu-ports noble-security/multiverse arm64 Packages [68.7 kB]
Get:53 http://ports.ubuntu.com/ubuntu-ports noble-security/multiverse Translation-en [10.6 kB]
Get:54 http://ports.ubuntu.com/ubuntu-ports noble-security/multiverse arm64 Components [208 B]
Get:55 http://ports.ubuntu.com/ubuntu-ports noble-security/multiverse arm64 c-n-f Metadata [456 B]
Preconfiguring packages ...
Fetched 155 MB in 2s (79.3 MB/s)
(Reading database ... (Reading database ... 5%(Reading database ... 10%(Reading database ... 15%(Reading database ... 20%(Reading database ... 25%(Reading database ... 30%(Reading database ... 35%(Reading database ... 40%(Reading database ... 45%(Reading database ... 50%(Reading database ... 55%(Reading database ... 60%(Reading database ... 65%(Reading database ... 70%(Reading database ... 75%(Reading database ... 80%(Reading database ... 85%(Reading database ... 90%(Reading database ... 95%(Reading database ... 100%(Reading database ... 74109 files and directories currently installed.)
Preparing to unpack .../libc6_2.39-0ubuntu8.8_arm64.deb ...
Unpacking libc6:arm64 (2.39-0ubuntu8.8) over (2.39-0ubuntu8.7) ...
Setting up libc6:arm64 (2.39-0ubuntu8.8) ...
[22:08:42] [portkey] launched i-01a3da8564a81ad91
[22:08:42] [helicone] installing deps (bare base: docker + psutil; the rig is a prebuilt download, and each
[22:08:42] [helicone] gateway installs its OWN prereqs via gw_prereqs - no blanket build toolchain on every box)
(Reading database ... (Reading database ... 5%(Reading database ... 10%(Reading database ... 15%(Reading database ... 20%(Reading database ... 25%(Reading database ... 30%(Reading database ... 35%(Reading database ... 40%(Reading database ... 45%(Reading database ... 50%(Reading database ... 55%(Reading database ... 60%(Reading database ... 65%(Reading database ... 70%(Reading database ... 75%(Reading database ... 80%(Reading database ... 85%(Reading database ... 90%(Reading database ... 95%(Reading database ... 100%(Reading database ... 74109 files and directories currently installed.)
Preparing to unpack .../libc-bin_2.39-0ubuntu8.8_arm64.deb ...
Unpacking libc-bin (2.39-0ubuntu8.8) over (2.39-0ubuntu8.7) ...
Setting up libc-bin (2.39-0ubuntu8.8) ...
Selecting previously unselected package pigz.
(Reading database ... (Reading database ... 5%(Reading database ... 10%(Reading database ... 15%(Reading database ... 20%(Reading database ... 25%(Reading database ... 30%(Reading database ... 35%(Reading database ... 40%(Reading database ... 45%(Reading database ... 50%(Reading database ... 55%(Reading database ... 60%(Reading database ... 65%(Reading database ... 70%(Reading database ... 75%(Reading database ... 80%(Reading database ... 85%(Reading database ... 90%(Reading database ... 95%(Reading database ... 100%(Reading database ... 74109 files and directories currently installed.)
Preparing to unpack .../00-pigz_2.8-1_arm64.deb ...
Unpacking pigz (2.8-1) ...
Preparing to unpack .../01-locales_2.39-0ubuntu8.8_all.deb ...
Unpacking locales (2.39-0ubuntu8.8) over (2.39-0ubuntu8.7) ...
Warning: Permanently added '3.80.166.133' (ED25519) to the list of known hosts.
Fetched 37.7 MB in 4s (9334 kB/s)
Reading package lists...Selecting previously unselected package binutils-common:arm64.
Preparing to unpack .../02-binutils-common_2.42-4ubuntu2.10_arm64.deb ...
Unpacking binutils-common:arm64 (2.42-4ubuntu2.10) ...
Selecting previously unselected package libsframe1:arm64.
Preparing to unpack .../03-libsframe1_2.42-4ubuntu2.10_arm64.deb ...
Unpacking libsframe1:arm64 (2.42-4ubuntu2.10) ...
Selecting previously unselected package libbinutils:arm64.
Preparing to unpack .../04-libbinutils_2.42-4ubuntu2.10_arm64.deb ...
Unpacking libbinutils:arm64 (2.42-4ubuntu2.10) ...
Selecting previously unselected package libctf-nobfd0:arm64.
Preparing to unpack .../05-libctf-nobfd0_2.42-4ubuntu2.10_arm64.deb ...
Unpacking libctf-nobfd0:arm64 (2.42-4ubuntu2.10) ...
Selecting previously unselected package libctf0:arm64.
Preparing to unpack .../06-libctf0_2.42-4ubuntu2.10_arm64.deb ...
Unpacking libctf0:arm64 (2.42-4ubuntu2.10) ...
Selecting previously unselected package libgprofng0:arm64.
Preparing to unpack .../07-libgprofng0_2.42-4ubuntu2.10_arm64.deb ...
Unpacking libgprofng0:arm64 (2.42-4ubuntu2.10) ...
Selecting previously unselected package binutils-aarch64-linux-gnu.
Preparing to unpack .../08-binutils-aarch64-linux-gnu_2.42-4ubuntu2.10_arm64.deb ...
Unpacking binutils-aarch64-linux-gnu (2.42-4ubuntu2.10) ...
Selecting previously unselected package binutils.
Preparing to unpack .../09-binutils_2.42-4ubuntu2.10_arm64.deb ...
Unpacking binutils (2.42-4ubuntu2.10) ...
Selecting previously unselected package bridge-utils.
Preparing to unpack .../10-bridge-utils_1.7.1-1ubuntu2_arm64.deb ...
Unpacking bridge-utils (1.7.1-1ubuntu2) ...
Selecting previously unselected package libc-dev-bin.
Preparing to unpack .../11-libc-dev-bin_2.39-0ubuntu8.8_arm64.deb ...
Unpacking libc-dev-bin (2.39-0ubuntu8.8) ...
Selecting previously unselected package linux-libc-dev:arm64.
Preparing to unpack .../12-linux-libc-dev_6.8.0-136.136_arm64.deb ...
Unpacking linux-libc-dev:arm64 (6.8.0-136.136) ...
Selecting previously unselected package libcrypt-dev:arm64.
Preparing to unpack .../13-libcrypt-dev_1%3a4.4.36-4build1_arm64.deb ...
Unpacking libcrypt-dev:arm64 (1:4.4.36-4build1) ...
Selecting previously unselected package rpcsvc-proto.
Preparing to unpack .../14-rpcsvc-proto_1.4.2-0ubuntu7_arm64.deb ...
Unpacking rpcsvc-proto (1.4.2-0ubuntu7) ...
Selecting previously unselected package libc6-dev:arm64.
Preparing to unpack .../15-libc6-dev_2.39-0ubuntu8.8_arm64.deb ...
Unpacking libc6-dev:arm64 (2.39-0ubuntu8.8) ...
Get:1 http://ports.ubuntu.com/ubuntu-ports noble-security InRelease [126 kB]
Hit:2 http://us-east-1.ec2.ports.ubuntu.com/ubuntu-ports noble InRelease
Get:3 http://us-east-1.ec2.ports.ubuntu.com/ubuntu-ports noble-updates InRelease [126 kB]
[22:08:43] [kong] ip=3.84.152.138 - waiting for ssh
Selecting previously unselected package gcc-13-base:arm64.
Preparing to unpack .../16-gcc-13-base_13.3.0-6ubuntu2~24.04.1_arm64.deb ...
Get:4 http://us-east-1.ec2.ports.ubuntu.com/ubuntu-ports noble-backports InRelease [126 kB]
Unpacking gcc-13-base:arm64 (13.3.0-6ubuntu2~24.04.1) ...
Get:5 http://us-east-1.ec2.ports.ubuntu.com/ubuntu-ports noble/universe arm64 Packages [15.3 MB]
Selecting previously unselected package libisl23:arm64.
Preparing to unpack .../17-libisl23_0.26-3build1.1_arm64.deb ...
Unpacking libisl23:arm64 (0.26-3build1.1) ...
Get:6 http://ports.ubuntu.com/ubuntu-ports noble-security/main arm64 Packages [940 kB]
Selecting previously unselected package libmpc3:arm64.
Preparing to unpack .../18-libmpc3_1.3.1-1build1.1_arm64.deb ...
Unpacking libmpc3:arm64 (1.3.1-1build1.1) ...
Selecting previously unselected package cpp-13-aarch64-linux-gnu.
Get:7 http://ports.ubuntu.com/ubuntu-ports noble-security/main Translation-en [198 kB]
Preparing to unpack .../19-cpp-13-aarch64-linux-gnu_13.3.0-6ubuntu2~24.04.1_arm64.deb ...
Get:8 http://ports.ubuntu.com/ubuntu-ports noble-security/main arm64 Components [43.3 kB]
Get:9 http://ports.ubuntu.com/ubuntu-ports noble-security/main arm64 c-n-f Metadata [11.6 kB]
Get:10 http://ports.ubuntu.com/ubuntu-ports noble-security/universe arm64 Packages [1259 kB]
Unpacking cpp-13-aarch64-linux-gnu (13.3.0-6ubuntu2~24.04.1) ...
Get:11 http://ports.ubuntu.com/ubuntu-ports noble-security/universe Translation-en [239 kB]
Get:12 http://ports.ubuntu.com/ubuntu-ports noble-security/universe arm64 Components [76.3 kB]
Get:13 http://ports.ubuntu.com/ubuntu-ports noble-security/universe arm64 c-n-f Metadata [23.7 kB]
Get:14 http://ports.ubuntu.com/ubuntu-ports noble-security/restricted arm64 Packages [1930 kB]

Reading package lists...
Building dependency tree...Get:15 http://ports.ubuntu.com/ubuntu-ports noble-security/restricted Translation-en [290 kB]
Get:16 http://ports.ubuntu.com/ubuntu-ports noble-security/restricted arm64 Components [212 B]
Get:17 http://ports.ubuntu.com/ubuntu-ports noble-security/restricted arm64 c-n-f Metadata [388 B]
Get:18 http://ports.ubuntu.com/ubuntu-ports noble-security/multiverse arm64 Packages [68.7 kB]
Get:19 http://ports.ubuntu.com/ubuntu-ports noble-security/multiverse Translation-en [10.6 kB]
Get:20 http://ports.ubuntu.com/ubuntu-ports noble-security/multiverse arm64 Components [208 B]
Get:21 http://ports.ubuntu.com/ubuntu-ports noble-security/multiverse arm64 c-n-f Metadata [456 B]
Get:22 http://us-east-1.ec2.ports.ubuntu.com/ubuntu-ports noble/universe Translation-en [5982 kB]
Get:23 http://us-east-1.ec2.ports.ubuntu.com/ubuntu-ports noble/universe arm64 Components [3573 kB]
Get:24 http://us-east-1.ec2.ports.ubuntu.com/ubuntu-ports noble/universe arm64 c-n-f Metadata [295 kB]
Get:25 http://us-east-1.ec2.ports.ubuntu.com/ubuntu-ports noble/multiverse arm64 Packages [223 kB]
Get:26 http://us-east-1.ec2.ports.ubuntu.com/ubuntu-ports noble/multiverse Translation-en [118 kB]
Get:27 http://us-east-1.ec2.ports.ubuntu.com/ubuntu-ports noble/multiverse arm64 Components [31.6 kB]
Get:28 http://us-east-1.ec2.ports.ubuntu.com/ubuntu-ports noble/multiverse arm64 c-n-f Metadata [7152 B]
Get:29 http://us-east-1.ec2.ports.ubuntu.com/ubuntu-ports noble-updates/main arm64 Packages [1190 kB]
Get:30 http://us-east-1.ec2.ports.ubuntu.com/ubuntu-ports noble-updates/main Translation-en [278 kB]
Get:31 http://us-east-1.ec2.ports.ubuntu.com/ubuntu-ports noble-updates/main arm64 Components [178 kB]
Get:32 http://us-east-1.ec2.ports.ubuntu.com/ubuntu-ports noble-updates/universe arm64 Packages [1704 kB]
Get:33 http://us-east-1.ec2.ports.ubuntu.com/ubuntu-ports noble-updates/universe Translation-en [334 kB]
Get:34 http://us-east-1.ec2.ports.ubuntu.com/ubuntu-ports noble-updates/universe arm64 Components [387 kB]
Get:35 http://us-east-1.ec2.ports.ubuntu.com/ubuntu-ports noble-updates/universe arm64 c-n-f Metadata [33.5 kB]
Get:36 http://us-east-1.ec2.ports.ubuntu.com/ubuntu-ports noble-updates/restricted arm64 Packages [2036 kB]
Get:37 http://us-east-1.ec2.ports.ubuntu.com/ubuntu-ports noble-updates/restricted Translation-en [308 kB]
Get:38 http://us-east-1.ec2.ports.ubuntu.com/ubuntu-ports noble-updates/multiverse arm64 Packages [72.7 kB]
Get:39 http://us-east-1.ec2.ports.ubuntu.com/ubuntu-ports noble-updates/multiverse Translation-en [12.3 kB]
Get:40 http://us-east-1.ec2.ports.ubuntu.com/ubuntu-ports noble-updates/multiverse arm64 Components [212 B]
Get:41 http://us-east-1.ec2.ports.ubuntu.com/ubuntu-ports noble-updates/multiverse arm64 c-n-f Metadata [472 B]
Get:42 http://us-east-1.ec2.ports.ubuntu.com/ubuntu-ports noble-backports/main arm64 Packages [40.6 kB]
Get:43 http://us-east-1.ec2.ports.ubuntu.com/ubuntu-ports noble-backports/main Translation-en [9172 B]
Get:44 http://us-east-1.ec2.ports.ubuntu.com/ubuntu-ports noble-backports/main arm64 Components [3572 B]
Get:45 http://us-east-1.ec2.ports.ubuntu.com/ubuntu-ports noble-backports/main arm64 c-n-f Metadata [372 B]
Selecting previously unselected package cpp-13.
Get:46 http://us-east-1.ec2.ports.ubuntu.com/ubuntu-ports noble-backports/universe arm64 Packages [32.7 kB]
Get:47 http://us-east-1.ec2.ports.ubuntu.com/ubuntu-ports noble-backports/universe Translation-en [18.6 kB]
Get:48 http://us-east-1.ec2.ports.ubuntu.com/ubuntu-ports noble-backports/universe arm64 Components [12.6 kB]
Preparing to unpack .../20-cpp-13_13.3.0-6ubuntu2~24.04.1_arm64.deb ...
Get:49 http://us-east-1.ec2.ports.ubuntu.com/ubuntu-ports noble-backports/universe arm64 c-n-f Metadata [1592 B]
Get:50 http://us-east-1.ec2.ports.ubuntu.com/ubuntu-ports noble-backports/restricted arm64 Components [212 B]
Unpacking cpp-13 (13.3.0-6ubuntu2~24.04.1) ...
Get:51 http://us-east-1.ec2.ports.ubuntu.com/ubuntu-ports noble-backports/restricted arm64 c-n-f Metadata [116 B]
Get:52 http://us-east-1.ec2.ports.ubuntu.com/ubuntu-ports noble-backports/multiverse arm64 Packages [748 B]
Get:53 http://us-east-1.ec2.ports.ubuntu.com/ubuntu-ports noble-backports/multiverse Translation-en [340 B]
Get:54 http://us-east-1.ec2.ports.ubuntu.com/ubuntu-ports noble-backports/multiverse arm64 Components [212 B]
Get:55 http://us-east-1.ec2.ports.ubuntu.com/ubuntu-ports noble-backports/multiverse arm64 c-n-f Metadata [116 B]
Selecting previously unselected package cpp-aarch64-linux-gnu.
Preparing to unpack .../21-cpp-aarch64-linux-gnu_4%3a13.2.0-7ubuntu1_arm64.deb ...
Unpacking cpp-aarch64-linux-gnu (4:13.2.0-7ubuntu1) ...
Selecting previously unselected package cpp.
Preparing to unpack .../22-cpp_4%3a13.2.0-7ubuntu1_arm64.deb ...
Unpacking cpp (4:13.2.0-7ubuntu1) ...
Selecting previously unselected package libcc1-0:arm64.
Preparing to unpack .../23-libcc1-0_14.2.0-4ubuntu2~24.04.1_arm64.deb ...
Unpacking libcc1-0:arm64 (14.2.0-4ubuntu2~24.04.1) ...
Selecting previously unselected package libgomp1:arm64.
Preparing to unpack .../24-libgomp1_14.2.0-4ubuntu2~24.04.1_arm64.deb ...
Unpacking libgomp1:arm64 (14.2.0-4ubuntu2~24.04.1) ...
Selecting previously unselected package libitm1:arm64.
Preparing to unpack .../25-libitm1_14.2.0-4ubuntu2~24.04.1_arm64.deb ...
Unpacking libitm1:arm64 (14.2.0-4ubuntu2~24.04.1) ...
Selecting previously unselected package libatomic1:arm64.
Preparing to unpack .../26-libatomic1_14.2.0-4ubuntu2~24.04.1_arm64.deb ...
Unpacking libatomic1:arm64 (14.2.0-4ubuntu2~24.04.1) ...
Selecting previously unselected package libasan8:arm64.
Preparing to unpack .../27-libasan8_14.2.0-4ubuntu2~24.04.1_arm64.deb ...
Unpacking libasan8:arm64 (14.2.0-4ubuntu2~24.04.1) ...

Reading state information...
Selecting previously unselected package liblsan0:arm64.
Preparing to unpack .../28-liblsan0_14.2.0-4ubuntu2~24.04.1_arm64.deb ...
Unpacking liblsan0:arm64 (14.2.0-4ubuntu2~24.04.1) ...
Selecting previously unselected package libtsan2:arm64.
Preparing to unpack .../29-libtsan2_14.2.0-4ubuntu2~24.04.1_arm64.deb ...
Unpacking libtsan2:arm64 (14.2.0-4ubuntu2~24.04.1) ...
Fetched 37.7 MB in 4s (8382 kB/s)
Reading package lists...Selecting previously unselected package libubsan1:arm64.
Preparing to unpack .../30-libubsan1_14.2.0-4ubuntu2~24.04.1_arm64.deb ...
Unpacking libubsan1:arm64 (14.2.0-4ubuntu2~24.04.1) ...
Selecting previously unselected package libhwasan0:arm64.
Preparing to unpack .../31-libhwasan0_14.2.0-4ubuntu2~24.04.1_arm64.deb ...
Unpacking libhwasan0:arm64 (14.2.0-4ubuntu2~24.04.1) ...
Selecting previously unselected package libgcc-13-dev:arm64.
Preparing to unpack .../32-libgcc-13-dev_13.3.0-6ubuntu2~24.04.1_arm64.deb ...
Unpacking libgcc-13-dev:arm64 (13.3.0-6ubuntu2~24.04.1) ...
Selecting previously unselected package gcc-13-aarch64-linux-gnu.
Preparing to unpack .../33-gcc-13-aarch64-linux-gnu_13.3.0-6ubuntu2~24.04.1_arm64.deb ...
Unpacking gcc-13-aarch64-linux-gnu (13.3.0-6ubuntu2~24.04.1) ...
curl is already the newest version (8.5.0-2ubuntu10.11).
curl set to manually installed.
ca-certificates is already the newest version (20260601~24.04.1).
ca-certificates set to manually installed.
jq is already the newest version (1.7.1-3ubuntu0.24.04.2).
jq set to manually installed.
git is already the newest version (1:2.43.0-1ubuntu7.3).
git set to manually installed.
The following additional packages will be installed:
  binutils binutils-aarch64-linux-gnu binutils-common bridge-utils bzip2
  containerd cpp cpp-13 cpp-13-aarch64-linux-gnu cpp-aarch64-linux-gnu
  dns-root-data dnsmasq-base dpkg-dev fakeroot fontconfig-config
  fonts-dejavu-core fonts-dejavu-mono g++ g++-13 g++-13-aarch64-linux-gnu
  g++-aarch64-linux-gnu gcc gcc-13 gcc-13-aarch64-linux-gnu gcc-13-base
  gcc-aarch64-linux-gnu javascript-common libalgorithm-diff-perl
  libalgorithm-diff-xs-perl libalgorithm-merge-perl libaom3 libasan8
  libatomic1 libbinutils libc-bin libc-dev-bin libc-devtools libc6 libc6-dev
  libcc1-0 libcrypt-dev libctf-nobfd0 libctf0 libdeflate0 libdpkg-perl
Selecting previously unselected package gcc-13.
Preparing to unpack .../34-gcc-13_13.3.0-6ubuntu2~24.04.1_arm64.deb ...
Unpacking gcc-13 (13.3.0-6ubuntu2~24.04.1) ...
Selecting previously unselected package gcc-aarch64-linux-gnu.
Preparing to unpack .../35-gcc-aarch64-linux-gnu_4%3a13.2.0-7ubuntu1_arm64.deb ...
  libexpat1-dev libfakeroot libfile-fcntllock-perl libfontconfig1
  libgcc-13-dev libgd3 libgomp1 libgprofng0 libheif-plugin-aomdec
  libheif-plugin-aomenc libheif1 libhwasan0 libisl23 libitm1 libjbig0
  libjpeg-turbo8 libjpeg8 libjs-jquery libjs-sphinxdoc libjs-underscore
  liblerc4 liblsan0 libmpc3 libpython3-dev libpython3.12-dev libsframe1
  libsharpyuv0 libstdc++-13-dev libtiff6 libtsan2 libubsan1 libwebp7 libxpm4
  linux-libc-dev linux-tools-common locales lto-disabled-list make
  manpages-dev pigz python3-dev python3-wheel python3.12-dev rpcsvc-proto runc
  ubuntu-fan zlib1g-dev
Suggested packages:
  binutils-doc gprofng-gui ifupdown bzip2-doc cpp-doc gcc-13-locales
  cpp-13-doc aufs-tools cgroupfs-mount | cgroup-lite debootstrap docker-buildx
  docker-compose-v2 docker-doc rinse zfs-fuse | zfsutils debian-keyring
  gcc-13-doc gcc-multilib autoconf automake libtool flex bison gdb gcc-doc
  gdb-aarch64-linux-gnu apache2 | lighttpd | httpd glibc-doc libnss-nis
  libnss-nisplus bzr libgd-tools libheif-plugin-libde265 libheif-plugin-x265
  libheif-plugin-ffmpegdec libheif-plugin-jpegdec libheif-plugin-jpegenc
  libheif-plugin-j2kdec libheif-plugin-j2kenc libheif-plugin-rav1e
  libheif-plugin-svtenc libstdc++-13-doc make-doc
Unpacking gcc-aarch64-linux-gnu (4:13.2.0-7ubuntu1) ...
The following NEW packages will be installed:
  binutils binutils-aarch64-linux-gnu binutils-common bridge-utils
  build-essential bzip2 containerd cpp cpp-13 cpp-13-aarch64-linux-gnu
  cpp-aarch64-linux-gnu dns-root-data dnsmasq-base docker.io dpkg-dev fakeroot
  fontconfig-config fonts-dejavu-core fonts-dejavu-mono g++ g++-13
  g++-13-aarch64-linux-gnu g++-aarch64-linux-gnu gcc gcc-13
  gcc-13-aarch64-linux-gnu gcc-13-base gcc-aarch64-linux-gnu javascript-common
  libalgorithm-diff-perl libalgorithm-diff-xs-perl libalgorithm-merge-perl
  libaom3 libasan8 libatomic1 libbinutils libc-dev-bin libc-devtools libc6-dev
  libcc1-0 libcrypt-dev libctf-nobfd0 libctf0 libdeflate0 libdpkg-perl
  libexpat1-dev libfakeroot libfile-fcntllock-perl libfontconfig1
  libgcc-13-dev libgd3 libgomp1 libgprofng0 libheif-plugin-aomdec
  libheif-plugin-aomenc libheif1 libhwasan0 libisl23 libitm1 libjbig0
  libjpeg-turbo8 libjpeg8 libjs-jquery libjs-sphinxdoc libjs-underscore
  liblerc4 liblsan0 libmpc3 libpython3-dev libpython3.12-dev libsframe1
  libsharpyuv0 libstdc++-13-dev libtiff6 libtsan2 libubsan1 libwebp7 libxpm4
  linux-libc-dev lto-disabled-list make manpages-dev pigz python3-dev
  python3-pip python3-wheel python3.12-dev rpcsvc-proto runc ubuntu-fan
Selecting previously unselected package gcc.
Preparing to unpack .../36-gcc_4%3a13.2.0-7ubuntu1_arm64.deb ...
Unpacking gcc (4:13.2.0-7ubuntu1) ...
Selecting previously unselected package libstdc++-13-dev:arm64.
  zlib1g-dev
The following packages will be upgraded:
  libc-bin libc6 linux-tools-common locales
4 upgraded, 91 newly installed, 0 to remove and 30 not upgraded.
Need to get 155 MB of archives.
After this operation, 558 MB of additional disk space will be used.
Get:1 http://us-east-1.ec2.ports.ubuntu.com/ubuntu-ports noble-updates/main arm64 libc6 arm64 2.39-0ubuntu8.8 [2775 kB]
Preparing to unpack .../37-libstdc++-13-dev_13.3.0-6ubuntu2~24.04.1_arm64.deb ...
Unpacking libstdc++-13-dev:arm64 (13.3.0-6ubuntu2~24.04.1) ...
[22:08:45] [tensorzero] launched i-061c493fcb3294a39
Get:2 http://us-east-1.ec2.ports.ubuntu.com/ubuntu-ports noble-updates/main arm64 libc-bin arm64 2.39-0ubuntu8.8 [591 kB]
Get:3 http://us-east-1.ec2.ports.ubuntu.com/ubuntu-ports noble/universe arm64 pigz arm64 2.8-1 [60.7 kB]
Get:4 http://us-east-1.ec2.ports.ubuntu.com/ubuntu-ports noble-updates/main arm64 locales all 2.39-0ubuntu8.8 [4231 kB]
Selecting previously unselected package g++-13-aarch64-linux-gnu.
Preparing to unpack .../38-g++-13-aarch64-linux-gnu_13.3.0-6ubuntu2~24.04.1_arm64.deb ...
Unpacking g++-13-aarch64-linux-gnu (13.3.0-6ubuntu2~24.04.1) ...

[22:08:45] [kong] installing deps (bare base: docker + psutil; the rig is a prebuilt download, and each
Get:5 http://us-east-1.ec2.ports.ubuntu.com/ubuntu-ports noble-updates/main arm64 binutils-common arm64 2.42-4ubuntu2.10 [240 kB]
[22:08:45] [kong] gateway installs its OWN prereqs via gw_prereqs - no blanket build toolchain on every box)
Get:6 http://us-east-1.ec2.ports.ubuntu.com/ubuntu-ports noble-updates/main arm64 libsframe1 arm64 2.42-4ubuntu2.10 [15.4 kB]
Get:7 http://us-east-1.ec2.ports.ubuntu.com/ubuntu-ports noble-updates/main arm64 libbinutils arm64 2.42-4ubuntu2.10 [766 kB]
Reading package lists...Get:8 http://us-east-1.ec2.ports.ubuntu.com/ubuntu-ports noble-updates/main arm64 libctf-nobfd0 arm64 2.42-4ubuntu2.10 [101 kB]
Get:9 http://us-east-1.ec2.ports.ubuntu.com/ubuntu-ports noble-updates/main arm64 libctf0 arm64 2.42-4ubuntu2.10 [95.7 kB]

Building dependency tree...Get:10 http://us-east-1.ec2.ports.ubuntu.com/ubuntu-ports noble-updates/main arm64 libgprofng0 arm64 2.42-4ubuntu2.10 [776 kB]
Get:11 http://us-east-1.ec2.ports.ubuntu.com/ubuntu-ports noble-updates/main arm64 binutils-aarch64-linux-gnu arm64 2.42-4ubuntu2.10 [3304 kB]
Get:12 http://us-east-1.ec2.ports.ubuntu.com/ubuntu-ports noble-updates/main arm64 binutils arm64 2.42-4ubuntu2.10 [18.1 kB]
Get:13 http://us-east-1.ec2.ports.ubuntu.com/ubuntu-ports noble/main arm64 bridge-utils arm64 1.7.1-1ubuntu2 [34.2 kB]
Selecting previously unselected package g++-13.
Preparing to unpack .../39-g++-13_13.3.0-6ubuntu2~24.04.1_arm64.deb ...
Unpacking g++-13 (13.3.0-6ubuntu2~24.04.1) ...
Selecting previously unselected package g++-aarch64-linux-gnu.
Get:14 http://us-east-1.ec2.ports.ubuntu.com/ubuntu-ports noble-updates/main arm64 libc-dev-bin arm64 2.39-0ubuntu8.8 [19.7 kB]
Get:15 http://us-east-1.ec2.ports.ubuntu.com/ubuntu-ports noble-updates/main arm64 linux-libc-dev arm64 6.8.0-136.136 [1550 kB]
Preparing to unpack .../40-g++-aarch64-linux-gnu_4%3a13.2.0-7ubuntu1_arm64.deb ...
Unpacking g++-aarch64-linux-gnu (4:13.2.0-7ubuntu1) ...
Get:16 http://us-east-1.ec2.ports.ubuntu.com/ubuntu-ports noble/main arm64 libcrypt-dev arm64 1:4.4.36-4build1 [118 kB]
Get:17 http://us-east-1.ec2.ports.ubuntu.com/ubuntu-ports noble/main arm64 rpcsvc-proto arm64 1.4.2-0ubuntu7 [64.8 kB]
Get:18 http://us-east-1.ec2.ports.ubuntu.com/ubuntu-ports noble-updates/main arm64 libc6-dev arm64 2.39-0ubuntu8.8 [1596 kB]
Selecting previously unselected package g++.
Preparing to unpack .../41-g++_4%3a13.2.0-7ubuntu1_arm64.deb ...

Reading state information...Get:19 http://us-east-1.ec2.ports.ubuntu.com/ubuntu-ports noble-updates/main arm64 gcc-13-base arm64 13.3.0-6ubuntu2~24.04.1 [51.6 kB]
Unpacking g++ (4:13.2.0-7ubuntu1) ...
Selecting previously unselected package make.
Preparing to unpack .../42-make_4.3-4.1build2_arm64.deb ...
Unpacking make (4.3-4.1build2) ...

Get:20 http://us-east-1.ec2.ports.ubuntu.com/ubuntu-ports noble-updates/main arm64 libisl23 arm64 0.26-3build1.1 [669 kB]
Get:21 http://us-east-1.ec2.ports.ubuntu.com/ubuntu-ports noble-updates/main arm64 libmpc3 arm64 1.3.1-1build1.1 [56.4 kB]
Selecting previously unselected package libdpkg-perl.
Get:22 http://us-east-1.ec2.ports.ubuntu.com/ubuntu-ports noble-updates/main arm64 cpp-13-aarch64-linux-gnu arm64 13.3.0-6ubuntu2~24.04.1 [9560 kB]
Preparing to unpack .../43-libdpkg-perl_1.22.6ubuntu6.6_all.deb ...
Unpacking libdpkg-perl (1.22.6ubuntu6.6) ...
Warning: Permanently added '3.84.152.138' (ED25519) to the list of known hosts.
Selecting previously unselected package bzip2.
Preparing to unpack .../44-bzip2_1.0.8-5.1build0.1_arm64.deb ...
Unpacking bzip2 (1.0.8-5.1build0.1) ...
Selecting previously unselected package lto-disabled-list.
Preparing to unpack .../45-lto-disabled-list_47_all.deb ...
Unpacking lto-disabled-list (47) ...
Selecting previously unselected package dpkg-dev.
Preparing to unpack .../46-dpkg-dev_1.22.6ubuntu6.6_all.deb ...
Unpacking dpkg-dev (1.22.6ubuntu6.6) ...
curl is already the newest version (8.5.0-2ubuntu10.11).
curl set to manually installed.
ca-certificates is already the newest version (20260601~24.04.1).
ca-certificates set to manually installed.
jq is already the newest version (1.7.1-3ubuntu0.24.04.2).
jq set to manually installed.
git is already the newest version (1:2.43.0-1ubuntu7.3).
git set to manually installed.
The following additional packages will be installed:
  binutils binutils-aarch64-linux-gnu binutils-common bridge-utils bzip2
  containerd cpp cpp-13 cpp-13-aarch64-linux-gnu cpp-aarch64-linux-gnu
  dns-root-data dnsmasq-base dpkg-dev fakeroot fontconfig-config
  fonts-dejavu-core fonts-dejavu-mono g++ g++-13 g++-13-aarch64-linux-gnu
  g++-aarch64-linux-gnu gcc gcc-13 gcc-13-aarch64-linux-gnu gcc-13-base
  gcc-aarch64-linux-gnu javascript-common libalgorithm-diff-perl
  libalgorithm-diff-xs-perl libalgorithm-merge-perl libaom3 libasan8
  libatomic1 libbinutils libc-bin libc-dev-bin libc-devtools libc6 libc6-dev
  libcc1-0 libcrypt-dev libctf-nobfd0 libctf0 libdeflate0 libdpkg-perl
Selecting previously unselected package build-essential.
Preparing to unpack .../47-build-essential_12.10ubuntu1_arm64.deb ...
Unpacking build-essential (12.10ubuntu1) ...
  libexpat1-dev libfakeroot libfile-fcntllock-perl libfontconfig1
  libgcc-13-dev libgd3 libgomp1 libgprofng0 libheif-plugin-aomdec
  libheif-plugin-aomenc libheif1 libhwasan0 libisl23 libitm1 libjbig0
  libjpeg-turbo8 libjpeg8 libjs-jquery libjs-sphinxdoc libjs-underscore
  liblerc4 liblsan0 libmpc3 libpython3-dev libpython3.12-dev libsframe1
  libsharpyuv0 libstdc++-13-dev libtiff6 libtsan2 libubsan1 libwebp7 libxpm4
  linux-libc-dev linux-tools-common locales lto-disabled-list make
  manpages-dev pigz python3-dev python3-wheel python3.12-dev rpcsvc-proto runc
  ubuntu-fan zlib1g-dev
Suggested packages:
  binutils-doc gprofng-gui ifupdown bzip2-doc cpp-doc gcc-13-locales
  cpp-13-doc aufs-tools cgroupfs-mount | cgroup-lite debootstrap docker-buildx
  docker-compose-v2 docker-doc rinse zfs-fuse | zfsutils debian-keyring
  gcc-13-doc gcc-multilib autoconf automake libtool flex bison gdb gcc-doc
  gdb-aarch64-linux-gnu apache2 | lighttpd | httpd glibc-doc libnss-nis
  libnss-nisplus bzr libgd-tools libheif-plugin-libde265 libheif-plugin-x265
  libheif-plugin-ffmpegdec libheif-plugin-jpegdec libheif-plugin-jpegenc
  libheif-plugin-j2kdec libheif-plugin-j2kenc libheif-plugin-rav1e
  libheif-plugin-svtenc libstdc++-13-doc make-doc
The following NEW packages will be installed:
  binutils binutils-aarch64-linux-gnu binutils-common bridge-utils
  build-essential bzip2 containerd cpp cpp-13 cpp-13-aarch64-linux-gnu
  cpp-aarch64-linux-gnu dns-root-data dnsmasq-base docker.io dpkg-dev fakeroot
  fontconfig-config fonts-dejavu-core fonts-dejavu-mono g++ g++-13
  g++-13-aarch64-linux-gnu g++-aarch64-linux-gnu gcc gcc-13
  gcc-13-aarch64-linux-gnu gcc-13-base gcc-aarch64-linux-gnu javascript-common
  libalgorithm-diff-perl libalgorithm-diff-xs-perl libalgorithm-merge-perl
  libaom3 libasan8 libatomic1 libbinutils libc-dev-bin libc-devtools libc6-dev
  libcc1-0 libcrypt-dev libctf-nobfd0 libctf0 libdeflate0 libdpkg-perl
  libexpat1-dev libfakeroot libfile-fcntllock-perl libfontconfig1
  libgcc-13-dev libgd3 libgomp1 libgprofng0 libheif-plugin-aomdec
  libheif-plugin-aomenc libheif1 libhwasan0 libisl23 libitm1 libjbig0
  libjpeg-turbo8 libjpeg8 libjs-jquery libjs-sphinxdoc libjs-underscore
  liblerc4 liblsan0 libmpc3 libpython3-dev libpython3.12-dev libsframe1
  libsharpyuv0 libstdc++-13-dev libtiff6 libtsan2 libubsan1 libwebp7 libxpm4
  linux-libc-dev lto-disabled-list make manpages-dev pigz python3-dev
  python3-pip python3-wheel python3.12-dev rpcsvc-proto runc ubuntu-fan
  zlib1g-dev
The following packages will be upgraded:
  libc-bin libc6 linux-tools-common locales
Selecting previously unselected package runc.
4 upgraded, 91 newly installed, 0 to remove and 30 not upgraded.
Need to get 155 MB of archives.
After this operation, 558 MB of additional disk space will be used.
Get:1 http://us-east-1.ec2.ports.ubuntu.com/ubuntu-ports noble-updates/main arm64 libc6 arm64 2.39-0ubuntu8.8 [2775 kB]
Preparing to unpack .../48-runc_1.3.4-0ubuntu1~24.04.1_arm64.deb ...
Unpacking runc (1.3.4-0ubuntu1~24.04.1) ...
Get:23 http://us-east-1.ec2.ports.ubuntu.com/ubuntu-ports noble-updates/main arm64 cpp-13 arm64 13.3.0-6ubuntu2~24.04.1 [1038 B]
Get:24 http://us-east-1.ec2.ports.ubuntu.com/ubuntu-ports noble/main arm64 cpp-aarch64-linux-gnu arm64 4:13.2.0-7ubuntu1 [5316 B]
Get:25 http://us-east-1.ec2.ports.ubuntu.com/ubuntu-ports noble/main arm64 cpp arm64 4:13.2.0-7ubuntu1 [22.4 kB]
Get:26 http://us-east-1.ec2.ports.ubuntu.com/ubuntu-ports noble-updates/main arm64 libcc1-0 arm64 14.2.0-4ubuntu2~24.04.1 [49.7 kB]
Get:27 http://us-east-1.ec2.ports.ubuntu.com/ubuntu-ports noble-updates/main arm64 libgomp1 arm64 14.2.0-4ubuntu2~24.04.1 [145 kB]
Get:28 http://us-east-1.ec2.ports.ubuntu.com/ubuntu-ports noble-updates/main arm64 libitm1 arm64 14.2.0-4ubuntu2~24.04.1 [28.2 kB]
Get:29 http://us-east-1.ec2.ports.ubuntu.com/ubuntu-ports noble-updates/main arm64 libatomic1 arm64 14.2.0-4ubuntu2~24.04.1 [11.6 kB]
Get:30 http://us-east-1.ec2.ports.ubuntu.com/ubuntu-ports noble-updates/main arm64 libasan8 arm64 14.2.0-4ubuntu2~24.04.1 [2928 kB]
Get:2 http://us-east-1.ec2.ports.ubuntu.com/ubuntu-ports noble-updates/main arm64 libc-bin arm64 2.39-0ubuntu8.8 [591 kB]
Get:3 http://us-east-1.ec2.ports.ubuntu.com/ubuntu-ports noble/universe arm64 pigz arm64 2.8-1 [60.7 kB]
Get:4 http://us-east-1.ec2.ports.ubuntu.com/ubuntu-ports noble-updates/main arm64 locales all 2.39-0ubuntu8.8 [4231 kB]
Get:31 http://us-east-1.ec2.ports.ubuntu.com/ubuntu-ports noble-updates/main arm64 liblsan0 arm64 14.2.0-4ubuntu2~24.04.1 [1289 kB]
Get:32 http://us-east-1.ec2.ports.ubuntu.com/ubuntu-ports noble-updates/main arm64 libtsan2 arm64 14.2.0-4ubuntu2~24.04.1 [2697 kB]
Get:33 http://us-east-1.ec2.ports.ubuntu.com/ubuntu-ports noble-updates/main arm64 libubsan1 arm64 14.2.0-4ubuntu2~24.04.1 [1157 kB]
Fetched 37.7 MB in 4s (9894 kB/s)
Reading package lists...Selecting previously unselected package containerd.
Get:34 http://us-east-1.ec2.ports.ubuntu.com/ubuntu-ports noble-updates/main arm64 libhwasan0 arm64 14.2.0-4ubuntu2~24.04.1 [1605 kB]
Preparing to unpack .../49-containerd_2.2.1-0ubuntu1~24.04.3_arm64.deb ...
Unpacking containerd (2.2.1-0ubuntu1~24.04.3) ...
Get:5 http://us-east-1.ec2.ports.ubuntu.com/ubuntu-ports noble-updates/main arm64 binutils-common arm64 2.42-4ubuntu2.10 [240 kB]
Get:6 http://us-east-1.ec2.ports.ubuntu.com/ubuntu-ports noble-updates/main arm64 libsframe1 arm64 2.42-4ubuntu2.10 [15.4 kB]
Get:35 http://us-east-1.ec2.ports.ubuntu.com/ubuntu-ports noble-updates/main arm64 libgcc-13-dev arm64 13.3.0-6ubuntu2~24.04.1 [2473 kB]
Get:7 http://us-east-1.ec2.ports.ubuntu.com/ubuntu-ports noble-updates/main arm64 libbinutils arm64 2.42-4ubuntu2.10 [766 kB]
Get:8 http://us-east-1.ec2.ports.ubuntu.com/ubuntu-ports noble-updates/main arm64 libctf-nobfd0 arm64 2.42-4ubuntu2.10 [101 kB]
Get:9 http://us-east-1.ec2.ports.ubuntu.com/ubuntu-ports noble-updates/main arm64 libctf0 arm64 2.42-4ubuntu2.10 [95.7 kB]
Get:10 http://us-east-1.ec2.ports.ubuntu.com/ubuntu-ports noble-updates/main arm64 libgprofng0 arm64 2.42-4ubuntu2.10 [776 kB]
Get:11 http://us-east-1.ec2.ports.ubuntu.com/ubuntu-ports noble-updates/main arm64 binutils-aarch64-linux-gnu arm64 2.42-4ubuntu2.10 [3304 kB]
Get:36 http://us-east-1.ec2.ports.ubuntu.com/ubuntu-ports noble-updates/main arm64 gcc-13-aarch64-linux-gnu arm64 13.3.0-6ubuntu2~24.04.1 [18.7 MB]
Get:12 http://us-east-1.ec2.ports.ubuntu.com/ubuntu-ports noble-updates/main arm64 binutils arm64 2.42-4ubuntu2.10 [18.1 kB]
Get:13 http://us-east-1.ec2.ports.ubuntu.com/ubuntu-ports noble/main arm64 bridge-utils arm64 1.7.1-1ubuntu2 [34.2 kB]
Get:14 http://us-east-1.ec2.ports.ubuntu.com/ubuntu-ports noble-updates/main arm64 libc-dev-bin arm64 2.39-0ubuntu8.8 [19.7 kB]
Get:15 http://us-east-1.ec2.ports.ubuntu.com/ubuntu-ports noble-updates/main arm64 linux-libc-dev arm64 6.8.0-136.136 [1550 kB]
Get:16 http://us-east-1.ec2.ports.ubuntu.com/ubuntu-ports noble/main arm64 libcrypt-dev arm64 1:4.4.36-4build1 [118 kB]
Get:17 http://us-east-1.ec2.ports.ubuntu.com/ubuntu-ports noble/main arm64 rpcsvc-proto arm64 1.4.2-0ubuntu7 [64.8 kB]
Get:18 http://us-east-1.ec2.ports.ubuntu.com/ubuntu-ports noble-updates/main arm64 libc6-dev arm64 2.39-0ubuntu8.8 [1596 kB]
Get:19 http://us-east-1.ec2.ports.ubuntu.com/ubuntu-ports noble-updates/main arm64 gcc-13-base arm64 13.3.0-6ubuntu2~24.04.1 [51.6 kB]
Get:20 http://us-east-1.ec2.ports.ubuntu.com/ubuntu-ports noble-updates/main arm64 libisl23 arm64 0.26-3build1.1 [669 kB]
Get:21 http://us-east-1.ec2.ports.ubuntu.com/ubuntu-ports noble-updates/main arm64 libmpc3 arm64 1.3.1-1build1.1 [56.4 kB]
Get:22 http://us-east-1.ec2.ports.ubuntu.com/ubuntu-ports noble-updates/main arm64 cpp-13-aarch64-linux-gnu arm64 13.3.0-6ubuntu2~24.04.1 [9560 kB]
[22:08:46] [litellm-python] ip=3.84.147.164 - waiting for ssh
Selecting previously unselected package dns-root-data.
Preparing to unpack .../50-dns-root-data_2024071801~ubuntu0.24.04.1_all.deb ...
Unpacking dns-root-data (2024071801~ubuntu0.24.04.1) ...
Selecting previously unselected package dnsmasq-base.
Preparing to unpack .../51-dnsmasq-base_2.90-2ubuntu0.4_arm64.deb ...
Unpacking dnsmasq-base (2.90-2ubuntu0.4) ...
Selecting previously unselected package docker.io.
Preparing to unpack .../52-docker.io_29.1.3-0ubuntu3~24.04.2_arm64.deb ...
Hit:1 http://us-east-1.ec2.ports.ubuntu.com/ubuntu-ports noble InRelease
Get:2 http://us-east-1.ec2.ports.ubuntu.com/ubuntu-ports noble-updates InRelease [126 kB]
Get:3 http://us-east-1.ec2.ports.ubuntu.com/ubuntu-ports noble-backports InRelease [126 kB]
Unpacking docker.io (29.1.3-0ubuntu3~24.04.2) ...
Get:37 http://us-east-1.ec2.ports.ubuntu.com/ubuntu-ports noble-updates/main arm64 gcc-13 arm64 13.3.0-6ubuntu2~24.04.1 [484 kB]
Get:38 http://us-east-1.ec2.ports.ubuntu.com/ubuntu-ports noble/main arm64 gcc-aarch64-linux-gnu arm64 4:13.2.0-7ubuntu1 [1198 B]
Get:39 http://us-east-1.ec2.ports.ubuntu.com/ubuntu-ports noble/main arm64 gcc arm64 4:13.2.0-7ubuntu1 [5018 B]
Get:40 http://us-east-1.ec2.ports.ubuntu.com/ubuntu-ports noble-updates/main arm64 libstdc++-13-dev arm64 13.3.0-6ubuntu2~24.04.1 [2397 kB]
Get:4 http://us-east-1.ec2.ports.ubuntu.com/ubuntu-ports noble/universe arm64 Packages [15.3 MB]
Get:41 http://us-east-1.ec2.ports.ubuntu.com/ubuntu-ports noble-updates/main arm64 g++-13-aarch64-linux-gnu arm64 13.3.0-6ubuntu2~24.04.1 [10.9 MB]
Get:5 http://us-east-1.ec2.ports.ubuntu.com/ubuntu-ports noble/universe Translation-en [5982 kB]
Get:6 http://us-east-1.ec2.ports.ubuntu.com/ubuntu-ports noble/universe arm64 Components [3573 kB]
Get:7 http://ports.ubuntu.com/ubuntu-ports noble-security InRelease [126 kB]
Get:8 http://us-east-1.ec2.ports.ubuntu.com/ubuntu-ports noble/universe arm64 c-n-f Metadata [295 kB]
Get:9 http://us-east-1.ec2.ports.ubuntu.com/ubuntu-ports noble/multiverse arm64 Packages [223 kB]
Get:10 http://us-east-1.ec2.ports.ubuntu.com/ubuntu-ports noble/multiverse Translation-en [118 kB]
Get:11 http://us-east-1.ec2.ports.ubuntu.com/ubuntu-ports noble/multiverse arm64 Components [31.6 kB]
Get:12 http://us-east-1.ec2.ports.ubuntu.com/ubuntu-ports noble/multiverse arm64 c-n-f Metadata [7152 B]
Get:13 http://us-east-1.ec2.ports.ubuntu.com/ubuntu-ports noble-updates/main arm64 Packages [1190 kB]
Get:14 http://us-east-1.ec2.ports.ubuntu.com/ubuntu-ports noble-updates/main Translation-en [278 kB]
Get:15 http://us-east-1.ec2.ports.ubuntu.com/ubuntu-ports noble-updates/main arm64 Components [178 kB]
Get:16 http://us-east-1.ec2.ports.ubuntu.com/ubuntu-ports noble-updates/universe arm64 Packages [1704 kB]
Get:17 http://us-east-1.ec2.ports.ubuntu.com/ubuntu-ports noble-updates/universe Translation-en [334 kB]
Get:18 http://us-east-1.ec2.ports.ubuntu.com/ubuntu-ports noble-updates/universe arm64 Components [387 kB]
Get:19 http://us-east-1.ec2.ports.ubuntu.com/ubuntu-ports noble-updates/universe arm64 c-n-f Metadata [33.5 kB]
Get:20 http://us-east-1.ec2.ports.ubuntu.com/ubuntu-ports noble-updates/restricted arm64 Packages [2036 kB]
Get:21 http://us-east-1.ec2.ports.ubuntu.com/ubuntu-ports noble-updates/restricted Translation-en [308 kB]
Get:22 http://us-east-1.ec2.ports.ubuntu.com/ubuntu-ports noble-updates/multiverse arm64 Packages [72.7 kB]
Get:23 http://us-east-1.ec2.ports.ubuntu.com/ubuntu-ports noble-updates/multiverse Translation-en [12.3 kB]
Get:24 http://us-east-1.ec2.ports.ubuntu.com/ubuntu-ports noble-updates/multiverse arm64 Components [212 B]
Get:25 http://us-east-1.ec2.ports.ubuntu.com/ubuntu-ports noble-updates/multiverse arm64 c-n-f Metadata [472 B]
Get:23 http://us-east-1.ec2.ports.ubuntu.com/ubuntu-ports noble-updates/main arm64 cpp-13 arm64 13.3.0-6ubuntu2~24.04.1 [1038 B]

Get:24 http://us-east-1.ec2.ports.ubuntu.com/ubuntu-ports noble/main arm64 cpp-aarch64-linux-gnu arm64 4:13.2.0-7ubuntu1 [5316 B]
Get:26 http://us-east-1.ec2.ports.ubuntu.com/ubuntu-ports noble-backports/main arm64 Packages [40.6 kB]
Get:27 http://us-east-1.ec2.ports.ubuntu.com/ubuntu-ports noble-backports/main Translation-en [9172 B]
Get:28 http://us-east-1.ec2.ports.ubuntu.com/ubuntu-ports noble-backports/main arm64 Components [3572 B]
Get:29 http://us-east-1.ec2.ports.ubuntu.com/ubuntu-ports noble-backports/main arm64 c-n-f Metadata [372 B]
Get:30 http://us-east-1.ec2.ports.ubuntu.com/ubuntu-ports noble-backports/universe arm64 Packages [32.7 kB]
Get:31 http://us-east-1.ec2.ports.ubuntu.com/ubuntu-ports noble-backports/universe Translation-en [18.6 kB]
Get:32 http://us-east-1.ec2.ports.ubuntu.com/ubuntu-ports noble-backports/universe arm64 Components [12.6 kB]
Get:33 http://us-east-1.ec2.ports.ubuntu.com/ubuntu-ports noble-backports/universe arm64 c-n-f Metadata [1592 B]
Get:34 http://us-east-1.ec2.ports.ubuntu.com/ubuntu-ports noble-backports/restricted arm64 Components [212 B]
Get:35 http://us-east-1.ec2.ports.ubuntu.com/ubuntu-ports noble-backports/restricted arm64 c-n-f Metadata [116 B]
Get:36 http://us-east-1.ec2.ports.ubuntu.com/ubuntu-ports noble-backports/multiverse arm64 Packages [748 B]
Get:37 http://us-east-1.ec2.ports.ubuntu.com/ubuntu-ports noble-backports/multiverse Translation-en [340 B]
Get:38 http://us-east-1.ec2.ports.ubuntu.com/ubuntu-ports noble-backports/multiverse arm64 Components [212 B]
Get:39 http://us-east-1.ec2.ports.ubuntu.com/ubuntu-ports noble-backports/multiverse arm64 c-n-f Metadata [116 B]
Reading package lists...
Get:42 http://us-east-1.ec2.ports.ubuntu.com/ubuntu-ports noble-updates/main arm64 g++-13 arm64 13.3.0-6ubuntu2~24.04.1 [16.0 kB]
Get:43 http://us-east-1.ec2.ports.ubuntu.com/ubuntu-ports noble/main arm64 g++-aarch64-linux-gnu arm64 4:13.2.0-7ubuntu1 [962 B]
Get:44 http://us-east-1.ec2.ports.ubuntu.com/ubuntu-ports noble/main arm64 g++ arm64 4:13.2.0-7ubuntu1 [1082 B]
Get:45 http://us-east-1.ec2.ports.ubuntu.com/ubuntu-ports noble/main arm64 make arm64 4.3-4.1build2 [178 kB]
Get:46 http://us-east-1.ec2.ports.ubuntu.com/ubuntu-ports noble-updates/main arm64 libdpkg-perl all 1.22.6ubuntu6.6 [268 kB]
Building dependency tree...Get:25 http://us-east-1.ec2.ports.ubuntu.com/ubuntu-ports noble/main arm64 cpp arm64 4:13.2.0-7ubuntu1 [22.4 kB]
Get:47 http://us-east-1.ec2.ports.ubuntu.com/ubuntu-ports noble-updates/main arm64 bzip2 arm64 1.0.8-5.1build0.1 [34.0 kB]
Get:48 http://us-east-1.ec2.ports.ubuntu.com/ubuntu-ports noble/main arm64 lto-disabled-list all 47 [12.4 kB]
Get:49 http://us-east-1.ec2.ports.ubuntu.com/ubuntu-ports noble-updates/main arm64 dpkg-dev all 1.22.6ubuntu6.6 [1074 kB]
Get:50 http://us-east-1.ec2.ports.ubuntu.com/ubuntu-ports noble/main arm64 build-essential arm64 12.10ubuntu1 [4932 B]
Get:51 http://us-east-1.ec2.ports.ubuntu.com/ubuntu-ports noble-updates/main arm64 runc arm64 1.3.4-0ubuntu1~24.04.1 [8578 kB]
Get:26 http://us-east-1.ec2.ports.ubuntu.com/ubuntu-ports noble-updates/main arm64 libcc1-0 arm64 14.2.0-4ubuntu2~24.04.1 [49.7 kB]
Get:27 http://us-east-1.ec2.ports.ubuntu.com/ubuntu-ports noble-updates/main arm64 libgomp1 arm64 14.2.0-4ubuntu2~24.04.1 [145 kB]
Get:28 http://us-east-1.ec2.ports.ubuntu.com/ubuntu-ports noble-updates/main arm64 libitm1 arm64 14.2.0-4ubuntu2~24.04.1 [28.2 kB]
Get:29 http://us-east-1.ec2.ports.ubuntu.com/ubuntu-ports noble-updates/main arm64 libatomic1 arm64 14.2.0-4ubuntu2~24.04.1 [11.6 kB]
Get:30 http://us-east-1.ec2.ports.ubuntu.com/ubuntu-ports noble-updates/main arm64 libasan8 arm64 14.2.0-4ubuntu2~24.04.1 [2928 kB]
Get:31 http://us-east-1.ec2.ports.ubuntu.com/ubuntu-ports noble-updates/main arm64 liblsan0 arm64 14.2.0-4ubuntu2~24.04.1 [1289 kB]
Get:32 http://us-east-1.ec2.ports.ubuntu.com/ubuntu-ports noble-updates/main arm64 libtsan2 arm64 14.2.0-4ubuntu2~24.04.1 [2697 kB]
Get:33 http://us-east-1.ec2.ports.ubuntu.com/ubuntu-ports noble-updates/main arm64 libubsan1 arm64 14.2.0-4ubuntu2~24.04.1 [1157 kB]
Get:52 http://us-east-1.ec2.ports.ubuntu.com/ubuntu-ports noble-updates/main arm64 containerd arm64 2.2.1-0ubuntu1~24.04.3 [25.2 MB]
Get:34 http://us-east-1.ec2.ports.ubuntu.com/ubuntu-ports noble-updates/main arm64 libhwasan0 arm64 14.2.0-4ubuntu2~24.04.1 [1605 kB]

Reading state information...
Get:35 http://us-east-1.ec2.ports.ubuntu.com/ubuntu-ports noble-updates/main arm64 libgcc-13-dev arm64 13.3.0-6ubuntu2~24.04.1 [2473 kB]
Selecting previously unselected package libfakeroot:arm64.
Preparing to unpack .../53-libfakeroot_1.33-1_arm64.deb ...
Unpacking libfakeroot:arm64 (1.33-1) ...
Get:36 http://us-east-1.ec2.ports.ubuntu.com/ubuntu-ports noble-updates/main arm64 gcc-13-aarch64-linux-gnu arm64 13.3.0-6ubuntu2~24.04.1 [18.7 MB]
Selecting previously unselected package fakeroot.
Preparing to unpack .../54-fakeroot_1.33-1_arm64.deb ...
Unpacking fakeroot (1.33-1) ...
Selecting previously unselected package fonts-dejavu-mono.
Preparing to unpack .../55-fonts-dejavu-mono_2.37-8_all.deb ...
Unpacking fonts-dejavu-mono (2.37-8) ...
Selecting previously unselected package fonts-dejavu-core.
Preparing to unpack .../56-fonts-dejavu-core_2.37-8_all.deb ...
Unpacking fonts-dejavu-core (2.37-8) ...
Selecting previously unselected package fontconfig-config.
Preparing to unpack .../57-fontconfig-config_2.15.0-1.1ubuntu2_arm64.deb ...
curl is already the newest version (8.5.0-2ubuntu10.11).
curl set to manually installed.
ca-certificates is already the newest version (20260601~24.04.1).
ca-certificates set to manually installed.
jq is already the newest version (1.7.1-3ubuntu0.24.04.2).
jq set to manually installed.
git is already the newest version (1:2.43.0-1ubuntu7.3).
git set to manually installed.
The following additional packages will be installed:
  binutils binutils-aarch64-linux-gnu binutils-common bridge-utils bzip2
  containerd cpp cpp-13 cpp-13-aarch64-linux-gnu cpp-aarch64-linux-gnu
  dns-root-data dnsmasq-base dpkg-dev fakeroot fontconfig-config
  fonts-dejavu-core fonts-dejavu-mono g++ g++-13 g++-13-aarch64-linux-gnu
  g++-aarch64-linux-gnu gcc gcc-13 gcc-13-aarch64-linux-gnu gcc-13-base
  gcc-aarch64-linux-gnu javascript-common libalgorithm-diff-perl
  libalgorithm-diff-xs-perl libalgorithm-merge-perl libaom3 libasan8
  libatomic1 libbinutils libc-bin libc-dev-bin libc-devtools libc6 libc6-dev
  libcc1-0 libcrypt-dev libctf-nobfd0 libctf0 libdeflate0 libdpkg-perl
Get:40 http://ports.ubuntu.com/ubuntu-ports noble-security/main arm64 Packages [940 kB]
  libexpat1-dev libfakeroot libfile-fcntllock-perl libfontconfig1
  libgcc-13-dev libgd3 libgomp1 libgprofng0 libheif-plugin-aomdec
  libheif-plugin-aomenc libheif1 libhwasan0 libisl23 libitm1 libjbig0
  libjpeg-turbo8 libjpeg8 libjs-jquery libjs-sphinxdoc libjs-underscore
  liblerc4 liblsan0 libmpc3 libpython3-dev libpython3.12-dev libsframe1
  libsharpyuv0 libstdc++-13-dev libtiff6 libtsan2 libubsan1 libwebp7 libxpm4
  linux-libc-dev linux-tools-common locales lto-disabled-list make
  manpages-dev pigz python3-dev python3-wheel python3.12-dev rpcsvc-proto runc
  ubuntu-fan zlib1g-dev
Suggested packages:
  binutils-doc gprofng-gui ifupdown bzip2-doc cpp-doc gcc-13-locales
  cpp-13-doc aufs-tools cgroupfs-mount | cgroup-lite debootstrap docker-buildx
  docker-compose-v2 docker-doc rinse zfs-fuse | zfsutils debian-keyring
  gcc-13-doc gcc-multilib autoconf automake libtool flex bison gdb gcc-doc
  gdb-aarch64-linux-gnu apache2 | lighttpd | httpd glibc-doc libnss-nis
  libnss-nisplus bzr libgd-tools libheif-plugin-libde265 libheif-plugin-x265
  libheif-plugin-ffmpegdec libheif-plugin-jpegdec libheif-plugin-jpegenc
  libheif-plugin-j2kdec libheif-plugin-j2kenc libheif-plugin-rav1e
  libheif-plugin-svtenc libstdc++-13-doc make-doc
The following NEW packages will be installed:
  binutils binutils-aarch64-linux-gnu binutils-common bridge-utils
  build-essential bzip2 containerd cpp cpp-13 cpp-13-aarch64-linux-gnu
  cpp-aarch64-linux-gnu dns-root-data dnsmasq-base docker.io dpkg-dev fakeroot
  fontconfig-config fonts-dejavu-core fonts-dejavu-mono g++ g++-13
  g++-13-aarch64-linux-gnu g++-aarch64-linux-gnu gcc gcc-13
  gcc-13-aarch64-linux-gnu gcc-13-base gcc-aarch64-linux-gnu javascript-common
  libalgorithm-diff-perl libalgorithm-diff-xs-perl libalgorithm-merge-perl
  libaom3 libasan8 libatomic1 libbinutils libc-dev-bin libc-devtools libc6-dev
  libcc1-0 libcrypt-dev libctf-nobfd0 libctf0 libdeflate0 libdpkg-perl
  libexpat1-dev libfakeroot libfile-fcntllock-perl libfontconfig1
  libgcc-13-dev libgd3 libgomp1 libgprofng0 libheif-plugin-aomdec
  libheif-plugin-aomenc libheif1 libhwasan0 libisl23 libitm1 libjbig0
  libjpeg-turbo8 libjpeg8 libjs-jquery libjs-sphinxdoc libjs-underscore
  liblerc4 liblsan0 libmpc3 libpython3-dev libpython3.12-dev libsframe1
  libsharpyuv0 libstdc++-13-dev libtiff6 libtsan2 libubsan1 libwebp7 libxpm4
  linux-libc-dev lto-disabled-list make manpages-dev pigz python3-dev
  python3-pip python3-wheel python3.12-dev rpcsvc-proto runc ubuntu-fan
  zlib1g-dev
The following packages will be upgraded:
  libc-bin libc6 linux-tools-common locales
Unpacking fontconfig-config (2.15.0-1.1ubuntu2) ...
4 upgraded, 91 newly installed, 0 to remove and 30 not upgraded.
Need to get 155 MB of archives.
After this operation, 558 MB of additional disk space will be used.
Get:1 http://us-east-1.ec2.ports.ubuntu.com/ubuntu-ports noble-updates/main arm64 libc6 arm64 2.39-0ubuntu8.8 [2775 kB]
Get:2 http://us-east-1.ec2.ports.ubuntu.com/ubuntu-ports noble-updates/main arm64 libc-bin arm64 2.39-0ubuntu8.8 [591 kB]
Selecting previously unselected package javascript-common.
Preparing to unpack .../58-javascript-common_11+nmu1_all.deb ...
Unpacking javascript-common (11+nmu1) ...
Get:53 http://us-east-1.ec2.ports.ubuntu.com/ubuntu-ports noble-updates/main arm64 dns-root-data all 2024071801~ubuntu0.24.04.1 [5918 B]
Get:54 http://us-east-1.ec2.ports.ubuntu.com/ubuntu-ports noble-updates/main arm64 dnsmasq-base arm64 2.90-2ubuntu0.4 [367 kB]
Get:55 http://us-east-1.ec2.ports.ubuntu.com/ubuntu-ports noble-updates/universe arm64 docker.io arm64 29.1.3-0ubuntu3~24.04.2 [32.0 MB]
Selecting previously unselected package libalgorithm-diff-perl.
Preparing to unpack .../59-libalgorithm-diff-perl_1.201-1_all.deb ...
Get:3 http://us-east-1.ec2.ports.ubuntu.com/ubuntu-ports noble/universe arm64 pigz arm64 2.8-1 [60.7 kB]
Get:4 http://us-east-1.ec2.ports.ubuntu.com/ubuntu-ports noble-updates/main arm64 locales all 2.39-0ubuntu8.8 [4231 kB]
Unpacking libalgorithm-diff-perl (1.201-1) ...
Selecting previously unselected package libalgorithm-diff-xs-perl:arm64.
Preparing to unpack .../60-libalgorithm-diff-xs-perl_0.04-8build3_arm64.deb ...
Unpacking libalgorithm-diff-xs-perl:arm64 (0.04-8build3) ...
Get:37 http://us-east-1.ec2.ports.ubuntu.com/ubuntu-ports noble-updates/main arm64 gcc-13 arm64 13.3.0-6ubuntu2~24.04.1 [484 kB]
Get:38 http://us-east-1.ec2.ports.ubuntu.com/ubuntu-ports noble/main arm64 gcc-aarch64-linux-gnu arm64 4:13.2.0-7ubuntu1 [1198 B]
Get:39 http://us-east-1.ec2.ports.ubuntu.com/ubuntu-ports noble/main arm64 gcc arm64 4:13.2.0-7ubuntu1 [5018 B]
Get:40 http://us-east-1.ec2.ports.ubuntu.com/ubuntu-ports noble-updates/main arm64 libstdc++-13-dev arm64 13.3.0-6ubuntu2~24.04.1 [2397 kB]
Selecting previously unselected package libalgorithm-merge-perl.
Preparing to unpack .../61-libalgorithm-merge-perl_0.08-5_all.deb ...
Unpacking libalgorithm-merge-perl (0.08-5) ...
Get:41 http://us-east-1.ec2.ports.ubuntu.com/ubuntu-ports noble-updates/main arm64 g++-13-aarch64-linux-gnu arm64 13.3.0-6ubuntu2~24.04.1 [10.9 MB]
Get:5 http://us-east-1.ec2.ports.ubuntu.com/ubuntu-ports noble-updates/main arm64 binutils-common arm64 2.42-4ubuntu2.10 [240 kB]
Get:6 http://us-east-1.ec2.ports.ubuntu.com/ubuntu-ports noble-updates/main arm64 libsframe1 arm64 2.42-4ubuntu2.10 [15.4 kB]
Get:7 http://us-east-1.ec2.ports.ubuntu.com/ubuntu-ports noble-updates/main arm64 libbinutils arm64 2.42-4ubuntu2.10 [766 kB]
Selecting previously unselected package libaom3:arm64.
Preparing to unpack .../62-libaom3_3.8.2-2ubuntu0.1_arm64.deb ...
Unpacking libaom3:arm64 (3.8.2-2ubuntu0.1) ...
Get:8 http://us-east-1.ec2.ports.ubuntu.com/ubuntu-ports noble-updates/main arm64 libctf-nobfd0 arm64 2.42-4ubuntu2.10 [101 kB]
Get:9 http://us-east-1.ec2.ports.ubuntu.com/ubuntu-ports noble-updates/main arm64 libctf0 arm64 2.42-4ubuntu2.10 [95.7 kB]
Get:10 http://us-east-1.ec2.ports.ubuntu.com/ubuntu-ports noble-updates/main arm64 libgprofng0 arm64 2.42-4ubuntu2.10 [776 kB]
Get:11 http://us-east-1.ec2.ports.ubuntu.com/ubuntu-ports noble-updates/main arm64 binutils-aarch64-linux-gnu arm64 2.42-4ubuntu2.10 [3304 kB]
Selecting previously unselected package libfontconfig1:arm64.
Preparing to unpack .../63-libfontconfig1_2.15.0-1.1ubuntu2_arm64.deb ...
Unpacking libfontconfig1:arm64 (2.15.0-1.1ubuntu2) ...
Get:12 http://us-east-1.ec2.ports.ubuntu.com/ubuntu-ports noble-updates/main arm64 binutils arm64 2.42-4ubuntu2.10 [18.1 kB]
Get:13 http://us-east-1.ec2.ports.ubuntu.com/ubuntu-ports noble/main arm64 bridge-utils arm64 1.7.1-1ubuntu2 [34.2 kB]
Get:14 http://us-east-1.ec2.ports.ubuntu.com/ubuntu-ports noble-updates/main arm64 libc-dev-bin arm64 2.39-0ubuntu8.8 [19.7 kB]
Get:15 http://us-east-1.ec2.ports.ubuntu.com/ubuntu-ports noble-updates/main arm64 linux-libc-dev arm64 6.8.0-136.136 [1550 kB]
Selecting previously unselected package libsharpyuv0:arm64.
Preparing to unpack .../64-libsharpyuv0_1.3.2-0.4build3_arm64.deb ...
Get:16 http://us-east-1.ec2.ports.ubuntu.com/ubuntu-ports noble/main arm64 libcrypt-dev arm64 1:4.4.36-4build1 [118 kB]
Unpacking libsharpyuv0:arm64 (1.3.2-0.4build3) ...
Get:17 http://us-east-1.ec2.ports.ubuntu.com/ubuntu-ports noble/main arm64 rpcsvc-proto arm64 1.4.2-0ubuntu7 [64.8 kB]
Get:18 http://us-east-1.ec2.ports.ubuntu.com/ubuntu-ports noble-updates/main arm64 libc6-dev arm64 2.39-0ubuntu8.8 [1596 kB]
Get:19 http://us-east-1.ec2.ports.ubuntu.com/ubuntu-ports noble-updates/main arm64 gcc-13-base arm64 13.3.0-6ubuntu2~24.04.1 [51.6 kB]
Get:20 http://us-east-1.ec2.ports.ubuntu.com/ubuntu-ports noble-updates/main arm64 libisl23 arm64 0.26-3build1.1 [669 kB]
Selecting previously unselected package libheif-plugin-aomdec:arm64.
Preparing to unpack .../65-libheif-plugin-aomdec_1.17.6-1ubuntu4.6_arm64.deb ...
Get:21 http://us-east-1.ec2.ports.ubuntu.com/ubuntu-ports noble-updates/main arm64 libmpc3 arm64 1.3.1-1build1.1 [56.4 kB]
Get:22 http://us-east-1.ec2.ports.ubuntu.com/ubuntu-ports noble-updates/main arm64 cpp-13-aarch64-linux-gnu arm64 13.3.0-6ubuntu2~24.04.1 [9560 kB]
Unpacking libheif-plugin-aomdec:arm64 (1.17.6-1ubuntu4.6) ...
Selecting previously unselected package libheif1:arm64.
Preparing to unpack .../66-libheif1_1.17.6-1ubuntu4.6_arm64.deb ...
Unpacking libheif1:arm64 (1.17.6-1ubuntu4.6) ...
Selecting previously unselected package libjpeg-turbo8:arm64.
Preparing to unpack .../67-libjpeg-turbo8_2.1.5-2ubuntu2_arm64.deb ...
Unpacking libjpeg-turbo8:arm64 (2.1.5-2ubuntu2) ...
Selecting previously unselected package libjpeg8:arm64.
Preparing to unpack .../68-libjpeg8_8c-2ubuntu11_arm64.deb ...
Unpacking libjpeg8:arm64 (8c-2ubuntu11) ...
[22:08:48] [litellm-python] installing deps (bare base: docker + psutil; the rig is a prebuilt download, and each
[22:08:48] [litellm-python] gateway installs its OWN prereqs via gw_prereqs - no blanket build toolchain on every box)
Selecting previously unselected package libdeflate0:arm64.
Preparing to unpack .../69-libdeflate0_1.19-1build1.1_arm64.deb ...
Unpacking libdeflate0:arm64 (1.19-1build1.1) ...
Selecting previously unselected package libjbig0:arm64.
Preparing to unpack .../70-libjbig0_2.1-6.1ubuntu2_arm64.deb ...
Unpacking libjbig0:arm64 (2.1-6.1ubuntu2) ...
Selecting previously unselected package liblerc4:arm64.
Preparing to unpack .../71-liblerc4_4.0.0+ds-4ubuntu2_arm64.deb ...
Unpacking liblerc4:arm64 (4.0.0+ds-4ubuntu2) ...
Get:23 http://us-east-1.ec2.ports.ubuntu.com/ubuntu-ports noble-updates/main arm64 cpp-13 arm64 13.3.0-6ubuntu2~24.04.1 [1038 B]
Get:24 http://us-east-1.ec2.ports.ubuntu.com/ubuntu-ports noble/main arm64 cpp-aarch64-linux-gnu arm64 4:13.2.0-7ubuntu1 [5316 B]
Get:25 http://us-east-1.ec2.ports.ubuntu.com/ubuntu-ports noble/main arm64 cpp arm64 4:13.2.0-7ubuntu1 [22.4 kB]
Get:26 http://us-east-1.ec2.ports.ubuntu.com/ubuntu-ports noble-updates/main arm64 libcc1-0 arm64 14.2.0-4ubuntu2~24.04.1 [49.7 kB]
Get:27 http://us-east-1.ec2.ports.ubuntu.com/ubuntu-ports noble-updates/main arm64 libgomp1 arm64 14.2.0-4ubuntu2~24.04.1 [145 kB]
Get:28 http://us-east-1.ec2.ports.ubuntu.com/ubuntu-ports noble-updates/main arm64 libitm1 arm64 14.2.0-4ubuntu2~24.04.1 [28.2 kB]
Get:29 http://us-east-1.ec2.ports.ubuntu.com/ubuntu-ports noble-updates/main arm64 libatomic1 arm64 14.2.0-4ubuntu2~24.04.1 [11.6 kB]
Get:30 http://us-east-1.ec2.ports.ubuntu.com/ubuntu-ports noble-updates/main arm64 libasan8 arm64 14.2.0-4ubuntu2~24.04.1 [2928 kB]
Selecting previously unselected package libwebp7:arm64.
Preparing to unpack .../72-libwebp7_1.3.2-0.4build3_arm64.deb ...
Unpacking libwebp7:arm64 (1.3.2-0.4build3) ...
Get:31 http://us-east-1.ec2.ports.ubuntu.com/ubuntu-ports noble-updates/main arm64 liblsan0 arm64 14.2.0-4ubuntu2~24.04.1 [1289 kB]
Selecting previously unselected package libtiff6:arm64.
Preparing to unpack .../73-libtiff6_4.5.1+git230720-4ubuntu2.5_arm64.deb ...
Get:32 http://us-east-1.ec2.ports.ubuntu.com/ubuntu-ports noble-updates/main arm64 libtsan2 arm64 14.2.0-4ubuntu2~24.04.1 [2697 kB]
Unpacking libtiff6:arm64 (4.5.1+git230720-4ubuntu2.5) ...
Selecting previously unselected package libxpm4:arm64.
Get:42 http://us-east-1.ec2.ports.ubuntu.com/ubuntu-ports noble-updates/main arm64 g++-13 arm64 13.3.0-6ubuntu2~24.04.1 [16.0 kB]
Get:43 http://us-east-1.ec2.ports.ubuntu.com/ubuntu-ports noble/main arm64 g++-aarch64-linux-gnu arm64 4:13.2.0-7ubuntu1 [962 B]
Preparing to unpack .../74-libxpm4_1%3a3.5.17-1ubuntu0.24.04.1_arm64.deb ...
Get:44 http://us-east-1.ec2.ports.ubuntu.com/ubuntu-ports noble/main arm64 g++ arm64 4:13.2.0-7ubuntu1 [1082 B]
Get:45 http://us-east-1.ec2.ports.ubuntu.com/ubuntu-ports noble/main arm64 make arm64 4.3-4.1build2 [178 kB]
Get:46 http://us-east-1.ec2.ports.ubuntu.com/ubuntu-ports noble-updates/main arm64 libdpkg-perl all 1.22.6ubuntu6.6 [268 kB]
Unpacking libxpm4:arm64 (1:3.5.17-1ubuntu0.24.04.1) ...
Get:47 http://us-east-1.ec2.ports.ubuntu.com/ubuntu-ports noble-updates/main arm64 bzip2 arm64 1.0.8-5.1build0.1 [34.0 kB]
Get:48 http://us-east-1.ec2.ports.ubuntu.com/ubuntu-ports noble/main arm64 lto-disabled-list all 47 [12.4 kB]
Get:49 http://us-east-1.ec2.ports.ubuntu.com/ubuntu-ports noble-updates/main arm64 dpkg-dev all 1.22.6ubuntu6.6 [1074 kB]
Get:50 http://us-east-1.ec2.ports.ubuntu.com/ubuntu-ports noble/main arm64 build-essential arm64 12.10ubuntu1 [4932 B]
Get:51 http://us-east-1.ec2.ports.ubuntu.com/ubuntu-ports noble-updates/main arm64 runc arm64 1.3.4-0ubuntu1~24.04.1 [8578 kB]
Get:33 http://us-east-1.ec2.ports.ubuntu.com/ubuntu-ports noble-updates/main arm64 libubsan1 arm64 14.2.0-4ubuntu2~24.04.1 [1157 kB]
Selecting previously unselected package libgd3:arm64.
Preparing to unpack .../75-libgd3_2.3.3-9ubuntu5_arm64.deb ...
Unpacking libgd3:arm64 (2.3.3-9ubuntu5) ...
Get:34 http://us-east-1.ec2.ports.ubuntu.com/ubuntu-ports noble-updates/main arm64 libhwasan0 arm64 14.2.0-4ubuntu2~24.04.1 [1605 kB]
Selecting previously unselected package libc-devtools.
Get:41 http://ports.ubuntu.com/ubuntu-ports noble-security/main Translation-en [198 kB]
Get:35 http://us-east-1.ec2.ports.ubuntu.com/ubuntu-ports noble-updates/main arm64 libgcc-13-dev arm64 13.3.0-6ubuntu2~24.04.1 [2473 kB]
Get:56 http://us-east-1.ec2.ports.ubuntu.com/ubuntu-ports noble/main arm64 libfakeroot arm64 1.33-1 [32.5 kB]
Get:57 http://us-east-1.ec2.ports.ubuntu.com/ubuntu-ports noble/main arm64 fakeroot arm64 1.33-1 [66.9 kB]
Get:58 http://us-east-1.ec2.ports.ubuntu.com/ubuntu-ports noble/main arm64 fonts-dejavu-mono all 2.37-8 [502 kB]
Preparing to unpack .../76-libc-devtools_2.39-0ubuntu8.8_arm64.deb ...
Get:59 http://us-east-1.ec2.ports.ubuntu.com/ubuntu-ports noble/main arm64 fonts-dejavu-core all 2.37-8 [835 kB]
Unpacking libc-devtools (2.39-0ubuntu8.8) ...
Get:60 http://us-east-1.ec2.ports.ubuntu.com/ubuntu-ports noble/main arm64 fontconfig-config arm64 2.15.0-1.1ubuntu2 [37.4 kB]
Get:61 http://us-east-1.ec2.ports.ubuntu.com/ubuntu-ports noble/main arm64 javascript-common all 11+nmu1 [5936 B]
Get:62 http://us-east-1.ec2.ports.ubuntu.com/ubuntu-ports noble/main arm64 libalgorithm-diff-perl all 1.201-1 [41.8 kB]
Get:63 http://us-east-1.ec2.ports.ubuntu.com/ubuntu-ports noble/main arm64 libalgorithm-diff-xs-perl arm64 0.04-8build3 [10.9 kB]
Get:64 http://us-east-1.ec2.ports.ubuntu.com/ubuntu-ports noble/main arm64 libalgorithm-merge-perl all 0.08-5 [11.4 kB]
Get:65 http://us-east-1.ec2.ports.ubuntu.com/ubuntu-ports noble-updates/main arm64 libaom3 arm64 3.8.2-2ubuntu0.1 [1617 kB]
Get:42 http://ports.ubuntu.com/ubuntu-ports noble-security/main arm64 Components [43.3 kB]
Get:43 http://ports.ubuntu.com/ubuntu-ports noble-security/main arm64 c-n-f Metadata [11.6 kB]
Get:44 http://ports.ubuntu.com/ubuntu-ports noble-security/universe arm64 Packages [1259 kB]
Selecting previously unselected package libexpat1-dev:arm64.
Preparing to unpack .../77-libexpat1-dev_2.6.1-2ubuntu0.4_arm64.deb ...
Unpacking libexpat1-dev:arm64 (2.6.1-2ubuntu0.4) ...
Warning: Permanently added '3.84.147.164' (ED25519) to the list of known hosts.
Get:66 http://us-east-1.ec2.ports.ubuntu.com/ubuntu-ports noble/main arm64 libfontconfig1 arm64 2.15.0-1.1ubuntu2 [142 kB]
Get:67 http://us-east-1.ec2.ports.ubuntu.com/ubuntu-ports noble/main arm64 libsharpyuv0 arm64 1.3.2-0.4build3 [14.5 kB]
Get:68 http://us-east-1.ec2.ports.ubuntu.com/ubuntu-ports noble-updates/main arm64 libheif-plugin-aomdec arm64 1.17.6-1ubuntu4.6 [11.1 kB]
Get:69 http://us-east-1.ec2.ports.ubuntu.com/ubuntu-ports noble-updates/main arm64 libheif1 arm64 1.17.6-1ubuntu4.6 [260 kB]
Get:70 http://us-east-1.ec2.ports.ubuntu.com/ubuntu-ports noble/main arm64 libjpeg-turbo8 arm64 2.1.5-2ubuntu2 [163 kB]
Get:71 http://us-east-1.ec2.ports.ubuntu.com/ubuntu-ports noble/main arm64 libjpeg8 arm64 8c-2ubuntu11 [2148 B]
Get:72 http://us-east-1.ec2.ports.ubuntu.com/ubuntu-ports noble-updates/main arm64 libdeflate0 arm64 1.19-1build1.1 [43.5 kB]
Get:73 http://us-east-1.ec2.ports.ubuntu.com/ubuntu-ports noble/main arm64 libjbig0 arm64 2.1-6.1ubuntu2 [29.3 kB]
Get:74 http://us-east-1.ec2.ports.ubuntu.com/ubuntu-ports noble/main arm64 liblerc4 arm64 4.0.0+ds-4ubuntu2 [154 kB]
Get:75 http://us-east-1.ec2.ports.ubuntu.com/ubuntu-ports noble/main arm64 libwebp7 arm64 1.3.2-0.4build3 [191 kB]
Selecting previously unselected package libfile-fcntllock-perl.
Get:76 http://us-east-1.ec2.ports.ubuntu.com/ubuntu-ports noble-updates/main arm64 libtiff6 arm64 4.5.1+git230720-4ubuntu2.5 [192 kB]
Preparing to unpack .../78-libfile-fcntllock-perl_0.22-4ubuntu5_arm64.deb ...
Unpacking libfile-fcntllock-perl (0.22-4ubuntu5) ...
Get:77 http://us-east-1.ec2.ports.ubuntu.com/ubuntu-ports noble-updates/main arm64 libxpm4 arm64 1:3.5.17-1ubuntu0.24.04.1 [35.3 kB]
Get:78 http://us-east-1.ec2.ports.ubuntu.com/ubuntu-ports noble/main arm64 libgd3 arm64 2.3.3-9ubuntu5 [122 kB]
Get:79 http://us-east-1.ec2.ports.ubuntu.com/ubuntu-ports noble-updates/main arm64 libc-devtools arm64 2.39-0ubuntu8.8 [27.8 kB]
Get:80 http://us-east-1.ec2.ports.ubuntu.com/ubuntu-ports noble-updates/main arm64 libexpat1-dev arm64 2.6.1-2ubuntu0.4 [128 kB]
Get:81 http://us-east-1.ec2.ports.ubuntu.com/ubuntu-ports noble/main arm64 libfile-fcntllock-perl arm64 0.22-4ubuntu5 [30.6 kB]
Get:82 http://us-east-1.ec2.ports.ubuntu.com/ubuntu-ports noble-updates/main arm64 libheif-plugin-aomenc arm64 1.17.6-1ubuntu4.6 [13.7 kB]
Get:83 http://us-east-1.ec2.ports.ubuntu.com/ubuntu-ports noble/main arm64 libjs-jquery all 3.6.1+dfsg+~3.5.14-1 [328 kB]
Get:84 http://us-east-1.ec2.ports.ubuntu.com/ubuntu-ports noble/main arm64 libjs-underscore all 1.13.4~dfsg+~1.11.4-3 [118 kB]
Selecting previously unselected package libheif-plugin-aomenc:arm64.
Get:85 http://us-east-1.ec2.ports.ubuntu.com/ubuntu-ports noble/main arm64 libjs-sphinxdoc all 7.2.6-6 [149 kB]
Get:86 http://us-east-1.ec2.ports.ubuntu.com/ubuntu-ports noble-updates/main arm64 zlib1g-dev arm64 1:1.3.dfsg-3.1ubuntu2.1 [894 kB]
Preparing to unpack .../79-libheif-plugin-aomenc_1.17.6-1ubuntu4.6_arm64.deb ...
Unpacking libheif-plugin-aomenc:arm64 (1.17.6-1ubuntu4.6) ...
Get:87 http://us-east-1.ec2.ports.ubuntu.com/ubuntu-ports noble-updates/main arm64 libpython3.12-dev arm64 3.12.3-1ubuntu0.15 [5538 kB]
Selecting previously unselected package libjs-jquery.
Preparing to unpack .../80-libjs-jquery_3.6.1+dfsg+~3.5.14-1_all.deb ...
Unpacking libjs-jquery (3.6.1+dfsg+~3.5.14-1) ...
Selecting previously unselected package libjs-underscore.
Preparing to unpack .../81-libjs-underscore_1.13.4~dfsg+~1.11.4-3_all.deb ...
Unpacking libjs-underscore (1.13.4~dfsg+~1.11.4-3) ...
Selecting previously unselected package libjs-sphinxdoc.
Get:36 http://us-east-1.ec2.ports.ubuntu.com/ubuntu-ports noble-updates/main arm64 gcc-13-aarch64-linux-gnu arm64 13.3.0-6ubuntu2~24.04.1 [18.7 MB]
Preparing to unpack .../82-libjs-sphinxdoc_7.2.6-6_all.deb ...
Unpacking libjs-sphinxdoc (7.2.6-6) ...
Get:88 http://us-east-1.ec2.ports.ubuntu.com/ubuntu-ports noble-updates/main arm64 libpython3-dev arm64 3.12.3-0ubuntu2.1 [10.4 kB]
Get:89 http://us-east-1.ec2.ports.ubuntu.com/ubuntu-ports noble-updates/main arm64 linux-tools-common all 6.8.0-136.136 [416 kB]
Selecting previously unselected package zlib1g-dev:arm64.
Preparing to unpack .../83-zlib1g-dev_1%3a1.3.dfsg-3.1ubuntu2.1_arm64.deb ...
Unpacking zlib1g-dev:arm64 (1:1.3.dfsg-3.1ubuntu2.1) ...
Selecting previously unselected package libpython3.12-dev:arm64.
Get:90 http://us-east-1.ec2.ports.ubuntu.com/ubuntu-ports noble/main arm64 manpages-dev all 6.7-2 [2013 kB]
Get:91 http://us-east-1.ec2.ports.ubuntu.com/ubuntu-ports noble-updates/main arm64 python3.12-dev arm64 3.12.3-1ubuntu0.15 [498 kB]
Preparing to unpack .../84-libpython3.12-dev_3.12.3-1ubuntu0.15_arm64.deb ...
Unpacking libpython3.12-dev:arm64 (3.12.3-1ubuntu0.15) ...
Get:45 http://ports.ubuntu.com/ubuntu-ports noble-security/universe Translation-en [239 kB]
Get:92 http://us-east-1.ec2.ports.ubuntu.com/ubuntu-ports noble-updates/main arm64 python3-dev arm64 3.12.3-0ubuntu2.1 [26.7 kB]
Get:93 http://us-east-1.ec2.ports.ubuntu.com/ubuntu-ports noble/universe arm64 python3-wheel all 0.42.0-2 [53.1 kB]
Get:94 http://us-east-1.ec2.ports.ubuntu.com/ubuntu-ports noble-updates/universe arm64 python3-pip all 24.0+dfsg-1ubuntu1.3 [1320 kB]
Get:52 http://us-east-1.ec2.ports.ubuntu.com/ubuntu-ports noble-updates/main arm64 containerd arm64 2.2.1-0ubuntu1~24.04.3 [25.2 MB]
Get:95 http://us-east-1.ec2.ports.ubuntu.com/ubuntu-ports noble-updates/universe arm64 ubuntu-fan all 0.12.16+24.04.1 [34.2 kB]
Selecting previously unselected package libpython3-dev:arm64.
Preparing to unpack .../85-libpython3-dev_3.12.3-0ubuntu2.1_arm64.deb ...
Unpacking libpython3-dev:arm64 (3.12.3-0ubuntu2.1) ...
Preparing to unpack .../86-linux-tools-common_6.8.0-136.136_all.deb ...
Unpacking linux-tools-common (6.8.0-136.136) over (6.8.0-134.134) ...
Get:46 http://ports.ubuntu.com/ubuntu-ports noble-security/universe arm64 Components [76.3 kB]
Get:47 http://ports.ubuntu.com/ubuntu-ports noble-security/universe arm64 c-n-f Metadata [23.7 kB]
Get:48 http://ports.ubuntu.com/ubuntu-ports noble-security/restricted arm64 Packages [1930 kB]
Selecting previously unselected package manpages-dev.
Preparing to unpack .../87-manpages-dev_6.7-2_all.deb ...
Unpacking manpages-dev (6.7-2) ...
Get:49 http://ports.ubuntu.com/ubuntu-ports noble-security/restricted Translation-en [290 kB]
Get:50 http://ports.ubuntu.com/ubuntu-ports noble-security/restricted arm64 Components [212 B]
Get:51 http://ports.ubuntu.com/ubuntu-ports noble-security/restricted arm64 c-n-f Metadata [388 B]
Get:52 http://ports.ubuntu.com/ubuntu-ports noble-security/multiverse arm64 Packages [68.7 kB]
Get:53 http://ports.ubuntu.com/ubuntu-ports noble-security/multiverse Translation-en [10.6 kB]
Get:54 http://ports.ubuntu.com/ubuntu-ports noble-security/multiverse arm64 Components [208 B]
Get:55 http://ports.ubuntu.com/ubuntu-ports noble-security/multiverse arm64 c-n-f Metadata [456 B]
Get:37 http://us-east-1.ec2.ports.ubuntu.com/ubuntu-ports noble-updates/main arm64 gcc-13 arm64 13.3.0-6ubuntu2~24.04.1 [484 kB]
Get:38 http://us-east-1.ec2.ports.ubuntu.com/ubuntu-ports noble/main arm64 gcc-aarch64-linux-gnu arm64 4:13.2.0-7ubuntu1 [1198 B]
Get:39 http://us-east-1.ec2.ports.ubuntu.com/ubuntu-ports noble/main arm64 gcc arm64 4:13.2.0-7ubuntu1 [5018 B]
Get:40 http://us-east-1.ec2.ports.ubuntu.com/ubuntu-ports noble-updates/main arm64 libstdc++-13-dev arm64 13.3.0-6ubuntu2~24.04.1 [2397 kB]
Get:41 http://us-east-1.ec2.ports.ubuntu.com/ubuntu-ports noble-updates/main arm64 g++-13-aarch64-linux-gnu arm64 13.3.0-6ubuntu2~24.04.1 [10.9 MB]
Selecting previously unselected package python3.12-dev.
Preparing to unpack .../88-python3.12-dev_3.12.3-1ubuntu0.15_arm64.deb ...
Unpacking python3.12-dev (3.12.3-1ubuntu0.15) ...
Selecting previously unselected package python3-dev.
Preparing to unpack .../89-python3-dev_3.12.3-0ubuntu2.1_arm64.deb ...
Unpacking python3-dev (3.12.3-0ubuntu2.1) ...
Selecting previously unselected package python3-wheel.
Preparing to unpack .../90-python3-wheel_0.42.0-2_all.deb ...
Unpacking python3-wheel (0.42.0-2) ...
Selecting previously unselected package python3-pip.
Preparing to unpack .../91-python3-pip_24.0+dfsg-1ubuntu1.3_all.deb ...
Unpacking python3-pip (24.0+dfsg-1ubuntu1.3) ...
Fetched 37.7 MB in 4s (9254 kB/s)
Reading package lists...Get:1 http://ports.ubuntu.com/ubuntu-ports noble-security InRelease [126 kB]
Hit:2 http://us-east-1.ec2.ports.ubuntu.com/ubuntu-ports noble InRelease
Preconfiguring packages ...
Get:3 http://us-east-1.ec2.ports.ubuntu.com/ubuntu-ports noble-updates InRelease [126 kB]
Selecting previously unselected package ubuntu-fan.
Preparing to unpack .../92-ubuntu-fan_0.12.16+24.04.1_all.deb ...
Unpacking ubuntu-fan (0.12.16+24.04.1) ...
[22:08:49] [litellm-rust] ip=34.229.111.177 - waiting for ssh
Get:4 http://us-east-1.ec2.ports.ubuntu.com/ubuntu-ports noble-backports InRelease [126 kB]
Setting up javascript-common (11+nmu1) ...
Get:5 http://us-east-1.ec2.ports.ubuntu.com/ubuntu-ports noble/universe arm64 Packages [15.3 MB]
Setting up libsharpyuv0:arm64 (1.3.2-0.4build3) ...
Fetched 155 MB in 4s (43.6 MB/s)
Setting up libaom3:arm64 (3.8.2-2ubuntu0.1) ...
Get:6 http://ports.ubuntu.com/ubuntu-ports noble-security/main arm64 Packages [940 kB]
Setting up manpages-dev (6.7-2) ...
Setting up lto-disabled-list (47) ...
Setting up liblerc4:arm64 (4.0.0+ds-4ubuntu2) ...
(Reading database ... Setting up libxpm4:arm64 (1:3.5.17-1ubuntu0.24.04.1) ...
(Reading database ... 5%(Reading database ... 10%(Reading database ... 15%(Reading database ... 20%(Reading database ... 25%(Reading database ... 30%(Reading database ... 35%(Reading database ... 40%(Reading database ... 45%(Reading database ... 50%(Reading database ... 55%Setting up libfile-fcntllock-perl (0.22-4ubuntu5) ...
Setting up libalgorithm-diff-perl (1.201-1) ...
Get:7 http://ports.ubuntu.com/ubuntu-ports noble-security/main Translation-en [198 kB]
Get:8 http://ports.ubuntu.com/ubuntu-ports noble-security/main arm64 Components [43.3 kB]
Get:9 http://ports.ubuntu.com/ubuntu-ports noble-security/main arm64 c-n-f Metadata [11.6 kB]
Setting up binutils-common:arm64 (2.42-4ubuntu2.10) ...
Get:10 http://ports.ubuntu.com/ubuntu-ports noble-security/universe arm64 Packages [1259 kB]
Setting up libdeflate0:arm64 (1.19-1build1.1) ...
Get:11 http://ports.ubuntu.com/ubuntu-ports noble-security/universe Translation-en [239 kB]
Get:12 http://ports.ubuntu.com/ubuntu-ports noble-security/universe arm64 Components [76.3 kB]
Get:13 http://ports.ubuntu.com/ubuntu-ports noble-security/universe arm64 c-n-f Metadata [23.7 kB]
Get:14 http://ports.ubuntu.com/ubuntu-ports noble-security/restricted arm64 Packages [1930 kB]
Setting up linux-libc-dev:arm64 (6.8.0-136.136) ...
Setting up libctf-nobfd0:arm64 (2.42-4ubuntu2.10) ...
Get:15 http://ports.ubuntu.com/ubuntu-ports noble-security/restricted Translation-en [290 kB]
Get:16 http://ports.ubuntu.com/ubuntu-ports noble-security/restricted arm64 Components [212 B]
(Reading database ... 60%Setting up dnsmasq-base (2.90-2ubuntu0.4) ...
Setting up libgomp1:arm64 (14.2.0-4ubuntu2~24.04.1) ...
Get:17 http://ports.ubuntu.com/ubuntu-ports noble-security/restricted arm64 c-n-f Metadata [388 B]
Get:18 http://ports.ubuntu.com/ubuntu-ports noble-security/multiverse arm64 Packages [68.7 kB]
Get:19 http://ports.ubuntu.com/ubuntu-ports noble-security/multiverse Translation-en [10.6 kB]
Get:20 http://ports.ubuntu.com/ubuntu-ports noble-security/multiverse arm64 Components [208 B]
Get:21 http://ports.ubuntu.com/ubuntu-ports noble-security/multiverse arm64 c-n-f Metadata [456 B]
Get:22 http://us-east-1.ec2.ports.ubuntu.com/ubuntu-ports noble/universe Translation-en [5982 kB]
Get:23 http://us-east-1.ec2.ports.ubuntu.com/ubuntu-ports noble/universe arm64 Components [3573 kB]
Setting up bzip2 (1.0.8-5.1build0.1) ...
(Reading database ... 65%Get:24 http://us-east-1.ec2.ports.ubuntu.com/ubuntu-ports noble/universe arm64 c-n-f Metadata [295 kB]
Get:25 http://us-east-1.ec2.ports.ubuntu.com/ubuntu-ports noble/multiverse arm64 Packages [223 kB]
Get:53 http://us-east-1.ec2.ports.ubuntu.com/ubuntu-ports noble-updates/main arm64 dns-root-data all 2024071801~ubuntu0.24.04.1 [5918 B]
Get:54 http://us-east-1.ec2.ports.ubuntu.com/ubuntu-ports noble-updates/main arm64 dnsmasq-base arm64 2.90-2ubuntu0.4 [367 kB]
Get:26 http://us-east-1.ec2.ports.ubuntu.com/ubuntu-ports noble/multiverse Translation-en [118 kB]
Get:55 http://us-east-1.ec2.ports.ubuntu.com/ubuntu-ports noble-updates/universe arm64 docker.io arm64 29.1.3-0ubuntu3~24.04.2 [32.0 MB]
Setting up locales (2.39-0ubuntu8.8) ...
Get:27 http://us-east-1.ec2.ports.ubuntu.com/ubuntu-ports noble/multiverse arm64 Components [31.6 kB]
Get:28 http://us-east-1.ec2.ports.ubuntu.com/ubuntu-ports noble/multiverse arm64 c-n-f Metadata [7152 B]
Get:29 http://us-east-1.ec2.ports.ubuntu.com/ubuntu-ports noble-updates/main arm64 Packages [1190 kB]
Get:30 http://us-east-1.ec2.ports.ubuntu.com/ubuntu-ports noble-updates/main Translation-en [278 kB]
Get:31 http://us-east-1.ec2.ports.ubuntu.com/ubuntu-ports noble-updates/main arm64 Components [178 kB]
Get:32 http://us-east-1.ec2.ports.ubuntu.com/ubuntu-ports noble-updates/universe arm64 Packages [1704 kB]
Get:33 http://us-east-1.ec2.ports.ubuntu.com/ubuntu-ports noble-updates/universe Translation-en [334 kB]
Get:34 http://us-east-1.ec2.ports.ubuntu.com/ubuntu-ports noble-updates/universe arm64 Components [387 kB]
Get:35 http://us-east-1.ec2.ports.ubuntu.com/ubuntu-ports noble-updates/universe arm64 c-n-f Metadata [33.5 kB]
Get:36 http://us-east-1.ec2.ports.ubuntu.com/ubuntu-ports noble-updates/restricted arm64 Packages [2036 kB]
(Reading database ... 70%Get:37 http://us-east-1.ec2.ports.ubuntu.com/ubuntu-ports noble-updates/restricted Translation-en [308 kB]
Get:38 http://us-east-1.ec2.ports.ubuntu.com/ubuntu-ports noble-updates/multiverse arm64 Packages [72.7 kB]
Get:39 http://us-east-1.ec2.ports.ubuntu.com/ubuntu-ports noble-updates/multiverse Translation-en [12.3 kB]
Get:40 http://us-east-1.ec2.ports.ubuntu.com/ubuntu-ports noble-updates/multiverse arm64 Components [212 B]
Get:41 http://us-east-1.ec2.ports.ubuntu.com/ubuntu-ports noble-updates/multiverse arm64 c-n-f Metadata [472 B]
Get:42 http://us-east-1.ec2.ports.ubuntu.com/ubuntu-ports noble-backports/main arm64 Packages [40.6 kB]
Get:43 http://us-east-1.ec2.ports.ubuntu.com/ubuntu-ports noble-backports/main Translation-en [9172 B]
Get:42 http://us-east-1.ec2.ports.ubuntu.com/ubuntu-ports noble-updates/main arm64 g++-13 arm64 13.3.0-6ubuntu2~24.04.1 [16.0 kB]
Get:43 http://us-east-1.ec2.ports.ubuntu.com/ubuntu-ports noble/main arm64 g++-aarch64-linux-gnu arm64 4:13.2.0-7ubuntu1 [962 B]
Get:44 http://us-east-1.ec2.ports.ubuntu.com/ubuntu-ports noble/main arm64 g++ arm64 4:13.2.0-7ubuntu1 [1082 B]
Get:45 http://us-east-1.ec2.ports.ubuntu.com/ubuntu-ports noble/main arm64 make arm64 4.3-4.1build2 [178 kB]
Get:46 http://us-east-1.ec2.ports.ubuntu.com/ubuntu-ports noble-updates/main arm64 libdpkg-perl all 1.22.6ubuntu6.6 [268 kB]
Get:44 http://us-east-1.ec2.ports.ubuntu.com/ubuntu-ports noble-backports/main arm64 Components [3572 B]
Get:45 http://us-east-1.ec2.ports.ubuntu.com/ubuntu-ports noble-backports/main arm64 c-n-f Metadata [372 B]
Get:47 http://us-east-1.ec2.ports.ubuntu.com/ubuntu-ports noble-updates/main arm64 bzip2 arm64 1.0.8-5.1build0.1 [34.0 kB]
Get:46 http://us-east-1.ec2.ports.ubuntu.com/ubuntu-ports noble-backports/universe arm64 Packages [32.7 kB]
Get:48 http://us-east-1.ec2.ports.ubuntu.com/ubuntu-ports noble/main arm64 lto-disabled-list all 47 [12.4 kB]
Get:49 http://us-east-1.ec2.ports.ubuntu.com/ubuntu-ports noble-updates/main arm64 dpkg-dev all 1.22.6ubuntu6.6 [1074 kB]
Get:47 http://us-east-1.ec2.ports.ubuntu.com/ubuntu-ports noble-backports/universe Translation-en [18.6 kB]
Get:48 http://us-east-1.ec2.ports.ubuntu.com/ubuntu-ports noble-backports/universe arm64 Components [12.6 kB]
Get:49 http://us-east-1.ec2.ports.ubuntu.com/ubuntu-ports noble-backports/universe arm64 c-n-f Metadata [1592 B]
Get:50 http://us-east-1.ec2.ports.ubuntu.com/ubuntu-ports noble-backports/restricted arm64 Components [212 B]
Get:51 http://us-east-1.ec2.ports.ubuntu.com/ubuntu-ports noble-backports/restricted arm64 c-n-f Metadata [116 B]
Get:52 http://us-east-1.ec2.ports.ubuntu.com/ubuntu-ports noble-backports/multiverse arm64 Packages [748 B]
Get:53 http://us-east-1.ec2.ports.ubuntu.com/ubuntu-ports noble-backports/multiverse Translation-en [340 B]
Get:54 http://us-east-1.ec2.ports.ubuntu.com/ubuntu-ports noble-backports/multiverse arm64 Components [212 B]
Get:55 http://us-east-1.ec2.ports.ubuntu.com/ubuntu-ports noble-backports/multiverse arm64 c-n-f Metadata [116 B]
(Reading database ... 75%Get:50 http://us-east-1.ec2.ports.ubuntu.com/ubuntu-ports noble/main arm64 build-essential arm64 12.10ubuntu1 [4932 B]
Get:51 http://us-east-1.ec2.ports.ubuntu.com/ubuntu-ports noble-updates/main arm64 runc arm64 1.3.4-0ubuntu1~24.04.1 [8578 kB]
(Reading database ... 80%(Reading database ... 85%(Reading database ... 90%(Reading database ... 95%(Reading database ... 100%(Reading database ... 74109 files and directories currently installed.)
Preparing to unpack .../libc6_2.39-0ubuntu8.8_arm64.deb ...
Unpacking libc6:arm64 (2.39-0ubuntu8.8) over (2.39-0ubuntu8.7) ...

Generating locales (this might take a while)...
  en_US.UTF-8...Reading package lists...
Building dependency tree...Setting up libc6:arm64 (2.39-0ubuntu8.8) ...

Reading state information...
(Reading database ... (Reading database ... 5%(Reading database ... 10%(Reading database ... 15%(Reading database ... 20%(Reading database ... 25%(Reading database ... 30%(Reading database ... 35%(Reading database ... 40%(Reading database ... 45%(Reading database ... 50%(Reading database ... 55%(Reading database ... 60%Get:52 http://us-east-1.ec2.ports.ubuntu.com/ubuntu-ports noble-updates/main arm64 containerd arm64 2.2.1-0ubuntu1~24.04.3 [25.2 MB]
(Reading database ... 65%(Reading database ... 70%(Reading database ... 75%(Reading database ... 80%(Reading database ... 85%(Reading database ... 90%(Reading database ... 95%(Reading database ... 100%(Reading database ... 74109 files and directories currently installed.)
Preparing to unpack .../libc-bin_2.39-0ubuntu8.8_arm64.deb ...
Unpacking libc-bin (2.39-0ubuntu8.8) over (2.39-0ubuntu8.7) ...
curl is already the newest version (8.5.0-2ubuntu10.11).
curl set to manually installed.
ca-certificates is already the newest version (20260601~24.04.1).
ca-certificates set to manually installed.
jq is already the newest version (1.7.1-3ubuntu0.24.04.2).
jq set to manually installed.
git is already the newest version (1:2.43.0-1ubuntu7.3).
git set to manually installed.
The following additional packages will be installed:
  binutils binutils-aarch64-linux-gnu binutils-common bridge-utils bzip2
  containerd cpp cpp-13 cpp-13-aarch64-linux-gnu cpp-aarch64-linux-gnu
  dns-root-data dnsmasq-base dpkg-dev fakeroot fontconfig-config
  fonts-dejavu-core fonts-dejavu-mono g++ g++-13 g++-13-aarch64-linux-gnu
  g++-aarch64-linux-gnu gcc gcc-13 gcc-13-aarch64-linux-gnu gcc-13-base
  gcc-aarch64-linux-gnu javascript-common libalgorithm-diff-perl
  libalgorithm-diff-xs-perl libalgorithm-merge-perl libaom3 libasan8
  libatomic1 libbinutils libc-bin libc-dev-bin libc-devtools libc6 libc6-dev
  libcc1-0 libcrypt-dev libctf-nobfd0 libctf0 libdeflate0 libdpkg-perl
  libexpat1-dev libfakeroot libfile-fcntllock-perl libfontconfig1
  libgcc-13-dev libgd3 libgomp1 libgprofng0 libheif-plugin-aomdec
  libheif-plugin-aomenc libheif1 libhwasan0 libisl23 libitm1 libjbig0
Setting up libc-bin (2.39-0ubuntu8.8) ...
  libjpeg-turbo8 libjpeg8 libjs-jquery libjs-sphinxdoc libjs-underscore
  liblerc4 liblsan0 libmpc3 libpython3-dev libpython3.12-dev libsframe1
  libsharpyuv0 libstdc++-13-dev libtiff6 libtsan2 libubsan1 libwebp7 libxpm4
  linux-libc-dev linux-tools-common locales lto-disabled-list make
  manpages-dev pigz python3-dev python3-wheel python3.12-dev rpcsvc-proto runc
  ubuntu-fan zlib1g-dev
Suggested packages:
  binutils-doc gprofng-gui ifupdown bzip2-doc cpp-doc gcc-13-locales
  cpp-13-doc aufs-tools cgroupfs-mount | cgroup-lite debootstrap docker-buildx
  docker-compose-v2 docker-doc rinse zfs-fuse | zfsutils debian-keyring
  gcc-13-doc gcc-multilib autoconf automake libtool flex bison gdb gcc-doc
  gdb-aarch64-linux-gnu apache2 | lighttpd | httpd glibc-doc libnss-nis
  libnss-nisplus bzr libgd-tools libheif-plugin-libde265 libheif-plugin-x265
  libheif-plugin-ffmpegdec libheif-plugin-jpegdec libheif-plugin-jpegenc
  libheif-plugin-j2kdec libheif-plugin-j2kenc libheif-plugin-rav1e
  libheif-plugin-svtenc libstdc++-13-doc make-doc
The following NEW packages will be installed:
  binutils binutils-aarch64-linux-gnu binutils-common bridge-utils
  build-essential bzip2 containerd cpp cpp-13 cpp-13-aarch64-linux-gnu
  cpp-aarch64-linux-gnu dns-root-data dnsmasq-base docker.io dpkg-dev fakeroot
  fontconfig-config fonts-dejavu-core fonts-dejavu-mono g++ g++-13
  g++-13-aarch64-linux-gnu g++-aarch64-linux-gnu gcc gcc-13
  gcc-13-aarch64-linux-gnu gcc-13-base gcc-aarch64-linux-gnu javascript-common
  libalgorithm-diff-perl libalgorithm-diff-xs-perl libalgorithm-merge-perl
  libaom3 libasan8 libatomic1 libbinutils libc-dev-bin libc-devtools libc6-dev
  libcc1-0 libcrypt-dev libctf-nobfd0 libctf0 libdeflate0 libdpkg-perl
  libexpat1-dev libfakeroot libfile-fcntllock-perl libfontconfig1
  libgcc-13-dev libgd3 libgomp1 libgprofng0 libheif-plugin-aomdec
  libheif-plugin-aomenc libheif1 libhwasan0 libisl23 libitm1 libjbig0
  libjpeg-turbo8 libjpeg8 libjs-jquery libjs-sphinxdoc libjs-underscore
  liblerc4 liblsan0 libmpc3 libpython3-dev libpython3.12-dev libsframe1
  libsharpyuv0 libstdc++-13-dev libtiff6 libtsan2 libubsan1 libwebp7 libxpm4
  linux-libc-dev lto-disabled-list make manpages-dev pigz python3-dev
  python3-pip python3-wheel python3.12-dev rpcsvc-proto runc ubuntu-fan
  zlib1g-dev
The following packages will be upgraded:
  libc-bin libc6 linux-tools-common locales
Selecting previously unselected package pigz.
(Reading database ... (Reading database ... 5%(Reading database ... 10%(Reading database ... 15%(Reading database ... 20%(Reading database ... 25%(Reading database ... 30%(Reading database ... 35%(Reading database ... 40%(Reading database ... 45%(Reading database ... 50%(Reading database ... 55%4 upgraded, 91 newly installed, 0 to remove and 30 not upgraded.
Need to get 155 MB of archives.
After this operation, 558 MB of additional disk space will be used.
Get:1 http://us-east-1.ec2.ports.ubuntu.com/ubuntu-ports noble-updates/main arm64 libc6 arm64 2.39-0ubuntu8.8 [2775 kB]
(Reading database ... 60%(Reading database ... 65%(Reading database ... 70%(Reading database ... 75%(Reading database ... 80%(Reading database ... 85%(Reading database ... 90%(Reading database ... 95%(Reading database ... 100%(Reading database ... 74109 files and directories currently installed.)
Preparing to unpack .../00-pigz_2.8-1_arm64.deb ...
Unpacking pigz (2.8-1) ...
Preparing to unpack .../01-locales_2.39-0ubuntu8.8_all.deb ...
Unpacking locales (2.39-0ubuntu8.8) over (2.39-0ubuntu8.7) ...
[22:08:51] [litellm-rust] installing deps (bare base: docker + psutil; the rig is a prebuilt download, and each
[22:08:51] [litellm-rust] gateway installs its OWN prereqs via gw_prereqs - no blanket build toolchain on every box)
Selecting previously unselected package binutils-common:arm64.
Preparing to unpack .../02-binutils-common_2.42-4ubuntu2.10_arm64.deb ...
Unpacking binutils-common:arm64 (2.42-4ubuntu2.10) ...
Selecting previously unselected package libsframe1:arm64.
Preparing to unpack .../03-libsframe1_2.42-4ubuntu2.10_arm64.deb ...
Unpacking libsframe1:arm64 (2.42-4ubuntu2.10) ...
Selecting previously unselected package libbinutils:arm64.
Preparing to unpack .../04-libbinutils_2.42-4ubuntu2.10_arm64.deb ...
Unpacking libbinutils:arm64 (2.42-4ubuntu2.10) ...
Selecting previously unselected package libctf-nobfd0:arm64.
 done
Generation complete.
Preparing to unpack .../05-libctf-nobfd0_2.42-4ubuntu2.10_arm64.deb ...
Unpacking libctf-nobfd0:arm64 (2.42-4ubuntu2.10) ...
Setting up python3-wheel (0.42.0-2) ...
Selecting previously unselected package libctf0:arm64.
Warning: Permanently added '34.229.111.177' (ED25519) to the list of known hosts.
Preparing to unpack .../06-libctf0_2.42-4ubuntu2.10_arm64.deb ...
Unpacking libctf0:arm64 (2.42-4ubuntu2.10) ...
Selecting previously unselected package libgprofng0:arm64.
Get:2 http://us-east-1.ec2.ports.ubuntu.com/ubuntu-ports noble-updates/main arm64 libc-bin arm64 2.39-0ubuntu8.8 [591 kB]
Preparing to unpack .../07-libgprofng0_2.42-4ubuntu2.10_arm64.deb ...
Unpacking libgprofng0:arm64 (2.42-4ubuntu2.10) ...
Get:3 http://us-east-1.ec2.ports.ubuntu.com/ubuntu-ports noble/universe arm64 pigz arm64 2.8-1 [60.7 kB]
Get:4 http://us-east-1.ec2.ports.ubuntu.com/ubuntu-ports noble-updates/main arm64 locales all 2.39-0ubuntu8.8 [4231 kB]
Selecting previously unselected package binutils-aarch64-linux-gnu.
Preparing to unpack .../08-binutils-aarch64-linux-gnu_2.42-4ubuntu2.10_arm64.deb ...
Unpacking binutils-aarch64-linux-gnu (2.42-4ubuntu2.10) ...
Setting up libjbig0:arm64 (2.1-6.1ubuntu2) ...
Setting up libsframe1:arm64 (2.42-4ubuntu2.10) ...
Setting up libfakeroot:arm64 (1.33-1) ...
Fetched 37.7 MB in 4s (9451 kB/s)
Reading package lists...Setting up runc (1.3.4-0ubuntu1~24.04.1) ...
Setting up dns-root-data (2024071801~ubuntu0.24.04.1) ...
Setting up fakeroot (1.33-1) ...
Selecting previously unselected package binutils.
Preparing to unpack .../09-binutils_2.42-4ubuntu2.10_arm64.deb ...
Unpacking binutils (2.42-4ubuntu2.10) ...
update-alternatives: using /usr/bin/fakeroot-sysv to provide /usr/bin/fakeroot (fakeroot) in auto mode
Selecting previously unselected package bridge-utils.
Setting up rpcsvc-proto (1.4.2-0ubuntu7) ...
Preparing to unpack .../10-bridge-utils_1.7.1-1ubuntu2_arm64.deb ...
Setting up gcc-13-base:arm64 (13.3.0-6ubuntu2~24.04.1) ...
Unpacking bridge-utils (1.7.1-1ubuntu2) ...
Setting up make (4.3-4.1build2) ...
Setting up fonts-dejavu-mono (2.37-8) ...
Selecting previously unselected package libc-dev-bin.
Preparing to unpack .../11-libc-dev-bin_2.39-0ubuntu8.8_arm64.deb ...
Unpacking libc-dev-bin (2.39-0ubuntu8.8) ...
Setting up libmpc3:arm64 (1.3.1-1build1.1) ...
Selecting previously unselected package linux-libc-dev:arm64.
Preparing to unpack .../12-linux-libc-dev_6.8.0-136.136_arm64.deb ...
Setting up libatomic1:arm64 (14.2.0-4ubuntu2~24.04.1) ...
Unpacking linux-libc-dev:arm64 (6.8.0-136.136) ...
Setting up fonts-dejavu-core (2.37-8) ...
Setting up python3-pip (24.0+dfsg-1ubuntu1.3) ...
Selecting previously unselected package libcrypt-dev:arm64.
Preparing to unpack .../13-libcrypt-dev_1%3a4.4.36-4build1_arm64.deb ...
Unpacking libcrypt-dev:arm64 (1:4.4.36-4build1) ...
Selecting previously unselected package rpcsvc-proto.
Preparing to unpack .../14-rpcsvc-proto_1.4.2-0ubuntu7_arm64.deb ...
Unpacking rpcsvc-proto (1.4.2-0ubuntu7) ...
Selecting previously unselected package libc6-dev:arm64.
Preparing to unpack .../15-libc6-dev_2.39-0ubuntu8.8_arm64.deb ...
Unpacking libc6-dev:arm64 (2.39-0ubuntu8.8) ...
Selecting previously unselected package gcc-13-base:arm64.
Preparing to unpack .../16-gcc-13-base_13.3.0-6ubuntu2~24.04.1_arm64.deb ...
Unpacking gcc-13-base:arm64 (13.3.0-6ubuntu2~24.04.1) ...
Selecting previously unselected package libisl23:arm64.
Preparing to unpack .../17-libisl23_0.26-3build1.1_arm64.deb ...
Unpacking libisl23:arm64 (0.26-3build1.1) ...
Selecting previously unselected package libmpc3:arm64.
Preparing to unpack .../18-libmpc3_1.3.1-1build1.1_arm64.deb ...
Unpacking libmpc3:arm64 (1.3.1-1build1.1) ...
Selecting previously unselected package cpp-13-aarch64-linux-gnu.
Preparing to unpack .../19-cpp-13-aarch64-linux-gnu_13.3.0-6ubuntu2~24.04.1_arm64.deb ...
Unpacking cpp-13-aarch64-linux-gnu (13.3.0-6ubuntu2~24.04.1) ...

Reading package lists...
Hit:1 http://us-east-1.ec2.ports.ubuntu.com/ubuntu-ports noble InRelease
Building dependency tree...Get:2 http://us-east-1.ec2.ports.ubuntu.com/ubuntu-ports noble-updates InRelease [126 kB]
Get:5 http://us-east-1.ec2.ports.ubuntu.com/ubuntu-ports noble-updates/main arm64 binutils-common arm64 2.42-4ubuntu2.10 [240 kB]
Get:6 http://us-east-1.ec2.ports.ubuntu.com/ubuntu-ports noble-updates/main arm64 libsframe1 arm64 2.42-4ubuntu2.10 [15.4 kB]
Get:7 http://us-east-1.ec2.ports.ubuntu.com/ubuntu-ports noble-updates/main arm64 libbinutils arm64 2.42-4ubuntu2.10 [766 kB]
Get:8 http://us-east-1.ec2.ports.ubuntu.com/ubuntu-ports noble-updates/main arm64 libctf-nobfd0 arm64 2.42-4ubuntu2.10 [101 kB]
Get:9 http://us-east-1.ec2.ports.ubuntu.com/ubuntu-ports noble-updates/main arm64 libctf0 arm64 2.42-4ubuntu2.10 [95.7 kB]
Get:10 http://us-east-1.ec2.ports.ubuntu.com/ubuntu-ports noble-updates/main arm64 libgprofng0 arm64 2.42-4ubuntu2.10 [776 kB]
Get:3 http://us-east-1.ec2.ports.ubuntu.com/ubuntu-ports noble-backports InRelease [126 kB]
Get:11 http://us-east-1.ec2.ports.ubuntu.com/ubuntu-ports noble-updates/main arm64 binutils-aarch64-linux-gnu arm64 2.42-4ubuntu2.10 [3304 kB]
Get:4 http://us-east-1.ec2.ports.ubuntu.com/ubuntu-ports noble/universe arm64 Packages [15.3 MB]

Reading state information...
Selecting previously unselected package cpp-13.
Get:5 http://ports.ubuntu.com/ubuntu-ports noble-security InRelease [126 kB]
Preparing to unpack .../20-cpp-13_13.3.0-6ubuntu2~24.04.1_arm64.deb ...
Unpacking cpp-13 (13.3.0-6ubuntu2~24.04.1) ...
Selecting previously unselected package cpp-aarch64-linux-gnu.
Preparing to unpack .../21-cpp-aarch64-linux-gnu_4%3a13.2.0-7ubuntu1_arm64.deb ...
Unpacking cpp-aarch64-linux-gnu (4:13.2.0-7ubuntu1) ...
Selecting previously unselected package cpp.
[22:08:52] [one-api] ip=100.30.171.179 - waiting for ssh
Preparing to unpack .../22-cpp_4%3a13.2.0-7ubuntu1_arm64.deb ...
Unpacking cpp (4:13.2.0-7ubuntu1) ...
Selecting previously unselected package libcc1-0:arm64.
Preparing to unpack .../23-libcc1-0_14.2.0-4ubuntu2~24.04.1_arm64.deb ...
Unpacking libcc1-0:arm64 (14.2.0-4ubuntu2~24.04.1) ...
Get:6 http://us-east-1.ec2.ports.ubuntu.com/ubuntu-ports noble/universe Translation-en [5982 kB]
Selecting previously unselected package libgomp1:arm64.
Preparing to unpack .../24-libgomp1_14.2.0-4ubuntu2~24.04.1_arm64.deb ...
Unpacking libgomp1:arm64 (14.2.0-4ubuntu2~24.04.1) ...
Get:7 http://us-east-1.ec2.ports.ubuntu.com/ubuntu-ports noble/universe arm64 Components [3573 kB]
Get:8 http://us-east-1.ec2.ports.ubuntu.com/ubuntu-ports noble/universe arm64 c-n-f Metadata [295 kB]
Get:9 http://us-east-1.ec2.ports.ubuntu.com/ubuntu-ports noble/multiverse arm64 Packages [223 kB]
Get:10 http://us-east-1.ec2.ports.ubuntu.com/ubuntu-ports noble/multiverse Translation-en [118 kB]
Selecting previously unselected package libitm1:arm64.
curl is already the newest version (8.5.0-2ubuntu10.11).
curl set to manually installed.
ca-certificates is already the newest version (20260601~24.04.1).
ca-certificates set to manually installed.
jq is already the newest version (1.7.1-3ubuntu0.24.04.2).
jq set to manually installed.
git is already the newest version (1:2.43.0-1ubuntu7.3).
git set to manually installed.
The following additional packages will be installed:
  binutils binutils-aarch64-linux-gnu binutils-common bridge-utils bzip2
  containerd cpp cpp-13 cpp-13-aarch64-linux-gnu cpp-aarch64-linux-gnu
  dns-root-data dnsmasq-base dpkg-dev fakeroot fontconfig-config
  fonts-dejavu-core fonts-dejavu-mono g++ g++-13 g++-13-aarch64-linux-gnu
  g++-aarch64-linux-gnu gcc gcc-13 gcc-13-aarch64-linux-gnu gcc-13-base
  gcc-aarch64-linux-gnu javascript-common libalgorithm-diff-perl
  libalgorithm-diff-xs-perl libalgorithm-merge-perl libaom3 libasan8
  libatomic1 libbinutils libc-bin libc-dev-bin libc-devtools libc6 libc6-dev
  libcc1-0 libcrypt-dev libctf-nobfd0 libctf0 libdeflate0 libdpkg-perl
  libexpat1-dev libfakeroot libfile-fcntllock-perl libfontconfig1
  libgcc-13-dev libgd3 libgomp1 libgprofng0 libheif-plugin-aomdec
  libheif-plugin-aomenc libheif1 libhwasan0 libisl23 libitm1 libjbig0
  libjpeg-turbo8 libjpeg8 libjs-jquery libjs-sphinxdoc libjs-underscore
Get:11 http://us-east-1.ec2.ports.ubuntu.com/ubuntu-ports noble/multiverse arm64 Components [31.6 kB]
Get:12 http://us-east-1.ec2.ports.ubuntu.com/ubuntu-ports noble/multiverse arm64 c-n-f Metadata [7152 B]
Get:13 http://us-east-1.ec2.ports.ubuntu.com/ubuntu-ports noble-updates/main arm64 Packages [1190 kB]
Preparing to unpack .../25-libitm1_14.2.0-4ubuntu2~24.04.1_arm64.deb ...
Get:14 http://us-east-1.ec2.ports.ubuntu.com/ubuntu-ports noble-updates/main Translation-en [278 kB]
Unpacking libitm1:arm64 (14.2.0-4ubuntu2~24.04.1) ...
Get:15 http://us-east-1.ec2.ports.ubuntu.com/ubuntu-ports noble-updates/main arm64 Components [178 kB]
Get:16 http://us-east-1.ec2.ports.ubuntu.com/ubuntu-ports noble-updates/universe arm64 Packages [1704 kB]
Get:17 http://us-east-1.ec2.ports.ubuntu.com/ubuntu-ports noble-updates/universe Translation-en [334 kB]
Selecting previously unselected package libatomic1:arm64.
Preparing to unpack .../26-libatomic1_14.2.0-4ubuntu2~24.04.1_arm64.deb ...
Unpacking libatomic1:arm64 (14.2.0-4ubuntu2~24.04.1) ...
Get:18 http://us-east-1.ec2.ports.ubuntu.com/ubuntu-ports noble-updates/universe arm64 Components [387 kB]
Get:19 http://us-east-1.ec2.ports.ubuntu.com/ubuntu-ports noble-updates/universe arm64 c-n-f Metadata [33.5 kB]
Get:20 http://us-east-1.ec2.ports.ubuntu.com/ubuntu-ports noble-updates/restricted arm64 Packages [2036 kB]
Get:21 http://us-east-1.ec2.ports.ubuntu.com/ubuntu-ports noble-updates/restricted Translation-en [308 kB]
Get:22 http://us-east-1.ec2.ports.ubuntu.com/ubuntu-ports noble-updates/multiverse arm64 Packages [72.7 kB]
Get:23 http://us-east-1.ec2.ports.ubuntu.com/ubuntu-ports noble-updates/multiverse Translation-en [12.3 kB]
Get:24 http://us-east-1.ec2.ports.ubuntu.com/ubuntu-ports noble-updates/multiverse arm64 Components [212 B]
Get:25 http://us-east-1.ec2.ports.ubuntu.com/ubuntu-ports noble-updates/multiverse arm64 c-n-f Metadata [472 B]
Get:26 http://us-east-1.ec2.ports.ubuntu.com/ubuntu-ports noble-backports/main arm64 Packages [40.6 kB]
Get:27 http://us-east-1.ec2.ports.ubuntu.com/ubuntu-ports noble-backports/main Translation-en [9172 B]
Get:28 http://us-east-1.ec2.ports.ubuntu.com/ubuntu-ports noble-backports/main arm64 Components [3572 B]
  liblerc4 liblsan0 libmpc3 libpython3-dev libpython3.12-dev libsframe1
  libsharpyuv0 libstdc++-13-dev libtiff6 libtsan2 libubsan1 libwebp7 libxpm4
  linux-libc-dev linux-tools-common locales lto-disabled-list make
  manpages-dev pigz python3-dev python3-wheel python3.12-dev rpcsvc-proto runc
  ubuntu-fan zlib1g-dev
Suggested packages:
  binutils-doc gprofng-gui ifupdown bzip2-doc cpp-doc gcc-13-locales
  cpp-13-doc aufs-tools cgroupfs-mount | cgroup-lite debootstrap docker-buildx
  docker-compose-v2 docker-doc rinse zfs-fuse | zfsutils debian-keyring
  gcc-13-doc gcc-multilib autoconf automake libtool flex bison gdb gcc-doc
  gdb-aarch64-linux-gnu apache2 | lighttpd | httpd glibc-doc libnss-nis
  libnss-nisplus bzr libgd-tools libheif-plugin-libde265 libheif-plugin-x265
  libheif-plugin-ffmpegdec libheif-plugin-jpegdec libheif-plugin-jpegenc
  libheif-plugin-j2kdec libheif-plugin-j2kenc libheif-plugin-rav1e
  libheif-plugin-svtenc libstdc++-13-doc make-doc
The following NEW packages will be installed:
  binutils binutils-aarch64-linux-gnu binutils-common bridge-utils
  build-essential bzip2 containerd cpp cpp-13 cpp-13-aarch64-linux-gnu
  cpp-aarch64-linux-gnu dns-root-data dnsmasq-base docker.io dpkg-dev fakeroot
  fontconfig-config fonts-dejavu-core fonts-dejavu-mono g++ g++-13
  g++-13-aarch64-linux-gnu g++-aarch64-linux-gnu gcc gcc-13
  gcc-13-aarch64-linux-gnu gcc-13-base gcc-aarch64-linux-gnu javascript-common
  libalgorithm-diff-perl libalgorithm-diff-xs-perl libalgorithm-merge-perl
  libaom3 libasan8 libatomic1 libbinutils libc-dev-bin libc-devtools libc6-dev
  libcc1-0 libcrypt-dev libctf-nobfd0 libctf0 libdeflate0 libdpkg-perl
  libexpat1-dev libfakeroot libfile-fcntllock-perl libfontconfig1
  libgcc-13-dev libgd3 libgomp1 libgprofng0 libheif-plugin-aomdec
  libheif-plugin-aomenc libheif1 libhwasan0 libisl23 libitm1 libjbig0
  libjpeg-turbo8 libjpeg8 libjs-jquery libjs-sphinxdoc libjs-underscore
  liblerc4 liblsan0 libmpc3 libpython3-dev libpython3.12-dev libsframe1
  libsharpyuv0 libstdc++-13-dev libtiff6 libtsan2 libubsan1 libwebp7 libxpm4
  linux-libc-dev lto-disabled-list make manpages-dev pigz python3-dev
  python3-pip python3-wheel python3.12-dev rpcsvc-proto runc ubuntu-fan
  zlib1g-dev
The following packages will be upgraded:
  libc-bin libc6 linux-tools-common locales
4 upgraded, 91 newly installed, 0 to remove and 30 not upgraded.
Need to get 155 MB of archives.
After this operation, 558 MB of additional disk space will be used.
Get:1 http://us-east-1.ec2.ports.ubuntu.com/ubuntu-ports noble-updates/main arm64 libc6 arm64 2.39-0ubuntu8.8 [2775 kB]
Selecting previously unselected package libasan8:arm64.
Preparing to unpack .../27-libasan8_14.2.0-4ubuntu2~24.04.1_arm64.deb ...
Unpacking libasan8:arm64 (14.2.0-4ubuntu2~24.04.1) ...
Get:29 http://us-east-1.ec2.ports.ubuntu.com/ubuntu-ports noble-backports/main arm64 c-n-f Metadata [372 B]
Get:30 http://us-east-1.ec2.ports.ubuntu.com/ubuntu-ports noble-backports/universe arm64 Packages [32.7 kB]
Get:31 http://us-east-1.ec2.ports.ubuntu.com/ubuntu-ports noble-backports/universe Translation-en [18.6 kB]
Get:32 http://us-east-1.ec2.ports.ubuntu.com/ubuntu-ports noble-backports/universe arm64 Components [12.6 kB]
Get:33 http://us-east-1.ec2.ports.ubuntu.com/ubuntu-ports noble-backports/universe arm64 c-n-f Metadata [1592 B]
Get:34 http://us-east-1.ec2.ports.ubuntu.com/ubuntu-ports noble-backports/restricted arm64 Components [212 B]
Get:35 http://us-east-1.ec2.ports.ubuntu.com/ubuntu-ports noble-backports/restricted arm64 c-n-f Metadata [116 B]
Get:36 http://us-east-1.ec2.ports.ubuntu.com/ubuntu-ports noble-backports/multiverse arm64 Packages [748 B]
Get:37 http://us-east-1.ec2.ports.ubuntu.com/ubuntu-ports noble-backports/multiverse Translation-en [340 B]
Get:38 http://us-east-1.ec2.ports.ubuntu.com/ubuntu-ports noble-backports/multiverse arm64 Components [212 B]
Get:39 http://us-east-1.ec2.ports.ubuntu.com/ubuntu-ports noble-backports/multiverse arm64 c-n-f Metadata [116 B]
Get:2 http://us-east-1.ec2.ports.ubuntu.com/ubuntu-ports noble-updates/main arm64 libc-bin arm64 2.39-0ubuntu8.8 [591 kB]
Get:3 http://us-east-1.ec2.ports.ubuntu.com/ubuntu-ports noble/universe arm64 pigz arm64 2.8-1 [60.7 kB]
Get:4 http://us-east-1.ec2.ports.ubuntu.com/ubuntu-ports noble-updates/main arm64 locales all 2.39-0ubuntu8.8 [4231 kB]
Setting up libjpeg-turbo8:arm64 (2.1.5-2ubuntu2) ...
Setting up bridge-utils (1.7.1-1ubuntu2) ...
Selecting previously unselected package liblsan0:arm64.
Preparing to unpack .../28-liblsan0_14.2.0-4ubuntu2~24.04.1_arm64.deb ...
Unpacking liblsan0:arm64 (14.2.0-4ubuntu2~24.04.1) ...
Selecting previously unselected package libtsan2:arm64.
Get:5 http://us-east-1.ec2.ports.ubuntu.com/ubuntu-ports noble-updates/main arm64 binutils-common arm64 2.42-4ubuntu2.10 [240 kB]
Preparing to unpack .../29-libtsan2_14.2.0-4ubuntu2~24.04.1_arm64.deb ...
Unpacking libtsan2:arm64 (14.2.0-4ubuntu2~24.04.1) ...
Get:6 http://us-east-1.ec2.ports.ubuntu.com/ubuntu-ports noble-updates/main arm64 libsframe1 arm64 2.42-4ubuntu2.10 [15.4 kB]
Get:7 http://us-east-1.ec2.ports.ubuntu.com/ubuntu-ports noble-updates/main arm64 libbinutils arm64 2.42-4ubuntu2.10 [766 kB]
Setting up libdpkg-perl (1.22.6ubuntu6.6) ...
Setting up libwebp7:arm64 (1.3.2-0.4build3) ...
Get:8 http://us-east-1.ec2.ports.ubuntu.com/ubuntu-ports noble-updates/main arm64 libctf-nobfd0 arm64 2.42-4ubuntu2.10 [101 kB]
Get:9 http://us-east-1.ec2.ports.ubuntu.com/ubuntu-ports noble-updates/main arm64 libctf0 arm64 2.42-4ubuntu2.10 [95.7 kB]
Get:10 http://us-east-1.ec2.ports.ubuntu.com/ubuntu-ports noble-updates/main arm64 libgprofng0 arm64 2.42-4ubuntu2.10 [776 kB]
Setting up libubsan1:arm64 (14.2.0-4ubuntu2~24.04.1) ...
Get:11 http://us-east-1.ec2.ports.ubuntu.com/ubuntu-ports noble-updates/main arm64 binutils-aarch64-linux-gnu arm64 2.42-4ubuntu2.10 [3304 kB]
Setting up libhwasan0:arm64 (14.2.0-4ubuntu2~24.04.1) ...
Get:40 http://ports.ubuntu.com/ubuntu-ports noble-security/main arm64 Packages [940 kB]
Setting up pigz (2.8-1) ...
Setting up libcrypt-dev:arm64 (1:4.4.36-4build1) ...
Selecting previously unselected package libubsan1:arm64.
Preparing to unpack .../30-libubsan1_14.2.0-4ubuntu2~24.04.1_arm64.deb ...
Setting up libasan8:arm64 (14.2.0-4ubuntu2~24.04.1) ...
Unpacking libubsan1:arm64 (14.2.0-4ubuntu2~24.04.1) ...
Setting up libtsan2:arm64 (14.2.0-4ubuntu2~24.04.1) ...
Get:53 http://us-east-1.ec2.ports.ubuntu.com/ubuntu-ports noble-updates/main arm64 dns-root-data all 2024071801~ubuntu0.24.04.1 [5918 B]
Get:54 http://us-east-1.ec2.ports.ubuntu.com/ubuntu-ports noble-updates/main arm64 dnsmasq-base arm64 2.90-2ubuntu0.4 [367 kB]
Get:55 http://us-east-1.ec2.ports.ubuntu.com/ubuntu-ports noble-updates/universe arm64 docker.io arm64 29.1.3-0ubuntu3~24.04.2 [32.0 MB]
Setting up libjs-jquery (3.6.1+dfsg+~3.5.14-1) ...
Get:12 http://us-east-1.ec2.ports.ubuntu.com/ubuntu-ports noble-updates/main arm64 binutils arm64 2.42-4ubuntu2.10 [18.1 kB]
Get:13 http://us-east-1.ec2.ports.ubuntu.com/ubuntu-ports noble/main arm64 bridge-utils arm64 1.7.1-1ubuntu2 [34.2 kB]
Get:14 http://us-east-1.ec2.ports.ubuntu.com/ubuntu-ports noble-updates/main arm64 libc-dev-bin arm64 2.39-0ubuntu8.8 [19.7 kB]
Get:15 http://us-east-1.ec2.ports.ubuntu.com/ubuntu-ports noble-updates/main arm64 linux-libc-dev arm64 6.8.0-136.136 [1550 kB]
Setting up libbinutils:arm64 (2.42-4ubuntu2.10) ...
Selecting previously unselected package libhwasan0:arm64.
Setting up libisl23:arm64 (0.26-3build1.1) ...
Preparing to unpack .../31-libhwasan0_14.2.0-4ubuntu2~24.04.1_arm64.deb ...
Unpacking libhwasan0:arm64 (14.2.0-4ubuntu2~24.04.1) ...
Get:16 http://us-east-1.ec2.ports.ubuntu.com/ubuntu-ports noble/main arm64 libcrypt-dev arm64 1:4.4.36-4build1 [118 kB]
Get:17 http://us-east-1.ec2.ports.ubuntu.com/ubuntu-ports noble/main arm64 rpcsvc-proto arm64 1.4.2-0ubuntu7 [64.8 kB]
Setting up libc-dev-bin (2.39-0ubuntu8.8) ...
Get:18 http://us-east-1.ec2.ports.ubuntu.com/ubuntu-ports noble-updates/main arm64 libc6-dev arm64 2.39-0ubuntu8.8 [1596 kB]
Get:56 http://us-east-1.ec2.ports.ubuntu.com/ubuntu-ports noble/main arm64 libfakeroot arm64 1.33-1 [32.5 kB]
Get:57 http://us-east-1.ec2.ports.ubuntu.com/ubuntu-ports noble/main arm64 fakeroot arm64 1.33-1 [66.9 kB]
Setting up containerd (2.2.1-0ubuntu1~24.04.3) ...
Get:58 http://us-east-1.ec2.ports.ubuntu.com/ubuntu-ports noble/main arm64 fonts-dejavu-mono all 2.37-8 [502 kB]
Get:59 http://us-east-1.ec2.ports.ubuntu.com/ubuntu-ports noble/main arm64 fonts-dejavu-core all 2.37-8 [835 kB]
Get:60 http://us-east-1.ec2.ports.ubuntu.com/ubuntu-ports noble/main arm64 fontconfig-config arm64 2.15.0-1.1ubuntu2 [37.4 kB]
Get:61 http://us-east-1.ec2.ports.ubuntu.com/ubuntu-ports noble/main arm64 javascript-common all 11+nmu1 [5936 B]
Get:62 http://us-east-1.ec2.ports.ubuntu.com/ubuntu-ports noble/main arm64 libalgorithm-diff-perl all 1.201-1 [41.8 kB]
Get:63 http://us-east-1.ec2.ports.ubuntu.com/ubuntu-ports noble/main arm64 libalgorithm-diff-xs-perl arm64 0.04-8build3 [10.9 kB]
Get:19 http://us-east-1.ec2.ports.ubuntu.com/ubuntu-ports noble-updates/main arm64 gcc-13-base arm64 13.3.0-6ubuntu2~24.04.1 [51.6 kB]
Selecting previously unselected package libgcc-13-dev:arm64.
Get:20 http://us-east-1.ec2.ports.ubuntu.com/ubuntu-ports noble-updates/main arm64 libisl23 arm64 0.26-3build1.1 [669 kB]
Get:64 http://us-east-1.ec2.ports.ubuntu.com/ubuntu-ports noble/main arm64 libalgorithm-merge-perl all 0.08-5 [11.4 kB]
Get:65 http://us-east-1.ec2.ports.ubuntu.com/ubuntu-ports noble-updates/main arm64 libaom3 arm64 3.8.2-2ubuntu0.1 [1617 kB]
Preparing to unpack .../32-libgcc-13-dev_13.3.0-6ubuntu2~24.04.1_arm64.deb ...
Unpacking libgcc-13-dev:arm64 (13.3.0-6ubuntu2~24.04.1) ...
Get:21 http://us-east-1.ec2.ports.ubuntu.com/ubuntu-ports noble-updates/main arm64 libmpc3 arm64 1.3.1-1build1.1 [56.4 kB]
Get:22 http://us-east-1.ec2.ports.ubuntu.com/ubuntu-ports noble-updates/main arm64 cpp-13-aarch64-linux-gnu arm64 13.3.0-6ubuntu2~24.04.1 [9560 kB]
Get:66 http://us-east-1.ec2.ports.ubuntu.com/ubuntu-ports noble/main arm64 libfontconfig1 arm64 2.15.0-1.1ubuntu2 [142 kB]
Get:67 http://us-east-1.ec2.ports.ubuntu.com/ubuntu-ports noble/main arm64 libsharpyuv0 arm64 1.3.2-0.4build3 [14.5 kB]
Get:68 http://us-east-1.ec2.ports.ubuntu.com/ubuntu-ports noble-updates/main arm64 libheif-plugin-aomdec arm64 1.17.6-1ubuntu4.6 [11.1 kB]
Get:69 http://us-east-1.ec2.ports.ubuntu.com/ubuntu-ports noble-updates/main arm64 libheif1 arm64 1.17.6-1ubuntu4.6 [260 kB]
Get:70 http://us-east-1.ec2.ports.ubuntu.com/ubuntu-ports noble/main arm64 libjpeg-turbo8 arm64 2.1.5-2ubuntu2 [163 kB]
Get:71 http://us-east-1.ec2.ports.ubuntu.com/ubuntu-ports noble/main arm64 libjpeg8 arm64 8c-2ubuntu11 [2148 B]
Get:72 http://us-east-1.ec2.ports.ubuntu.com/ubuntu-ports noble-updates/main arm64 libdeflate0 arm64 1.19-1build1.1 [43.5 kB]
Get:73 http://us-east-1.ec2.ports.ubuntu.com/ubuntu-ports noble/main arm64 libjbig0 arm64 2.1-6.1ubuntu2 [29.3 kB]
Get:74 http://us-east-1.ec2.ports.ubuntu.com/ubuntu-ports noble/main arm64 liblerc4 arm64 4.0.0+ds-4ubuntu2 [154 kB]
Get:75 http://us-east-1.ec2.ports.ubuntu.com/ubuntu-ports noble/main arm64 libwebp7 arm64 1.3.2-0.4build3 [191 kB]
Get:76 http://us-east-1.ec2.ports.ubuntu.com/ubuntu-ports noble-updates/main arm64 libtiff6 arm64 4.5.1+git230720-4ubuntu2.5 [192 kB]
Get:77 http://us-east-1.ec2.ports.ubuntu.com/ubuntu-ports noble-updates/main arm64 libxpm4 arm64 1:3.5.17-1ubuntu0.24.04.1 [35.3 kB]
Get:78 http://us-east-1.ec2.ports.ubuntu.com/ubuntu-ports noble/main arm64 libgd3 arm64 2.3.3-9ubuntu5 [122 kB]
Get:79 http://us-east-1.ec2.ports.ubuntu.com/ubuntu-ports noble-updates/main arm64 libc-devtools arm64 2.39-0ubuntu8.8 [27.8 kB]
Get:80 http://us-east-1.ec2.ports.ubuntu.com/ubuntu-ports noble-updates/main arm64 libexpat1-dev arm64 2.6.1-2ubuntu0.4 [128 kB]
Get:81 http://us-east-1.ec2.ports.ubuntu.com/ubuntu-ports noble/main arm64 libfile-fcntllock-perl arm64 0.22-4ubuntu5 [30.6 kB]
Get:82 http://us-east-1.ec2.ports.ubuntu.com/ubuntu-ports noble-updates/main arm64 libheif-plugin-aomenc arm64 1.17.6-1ubuntu4.6 [13.7 kB]
Get:83 http://us-east-1.ec2.ports.ubuntu.com/ubuntu-ports noble/main arm64 libjs-jquery all 3.6.1+dfsg+~3.5.14-1 [328 kB]
Get:84 http://us-east-1.ec2.ports.ubuntu.com/ubuntu-ports noble/main arm64 libjs-underscore all 1.13.4~dfsg+~1.11.4-3 [118 kB]
Get:85 http://us-east-1.ec2.ports.ubuntu.com/ubuntu-ports noble/main arm64 libjs-sphinxdoc all 7.2.6-6 [149 kB]
Get:86 http://us-east-1.ec2.ports.ubuntu.com/ubuntu-ports noble-updates/main arm64 zlib1g-dev arm64 1:1.3.dfsg-3.1ubuntu2.1 [894 kB]
Get:87 http://us-east-1.ec2.ports.ubuntu.com/ubuntu-ports noble-updates/main arm64 libpython3.12-dev arm64 3.12.3-1ubuntu0.15 [5538 kB]
Created symlink /etc/systemd/system/multi-user.target.wants/containerd.service → /usr/lib/systemd/system/containerd.service.
Selecting previously unselected package gcc-13-aarch64-linux-gnu.
Preparing to unpack .../33-gcc-13-aarch64-linux-gnu_13.3.0-6ubuntu2~24.04.1_arm64.deb ...
Unpacking gcc-13-aarch64-linux-gnu (13.3.0-6ubuntu2~24.04.1) ...
Setting up linux-tools-common (6.8.0-136.136) ...
Setting up libalgorithm-diff-xs-perl:arm64 (0.04-8build3) ...
Setting up libcc1-0:arm64 (14.2.0-4ubuntu2~24.04.1) ...
Setting up liblsan0:arm64 (14.2.0-4ubuntu2~24.04.1) ...
Setting up libitm1:arm64 (14.2.0-4ubuntu2~24.04.1) ...
Setting up libjs-underscore (1.13.4~dfsg+~1.11.4-3) ...
Setting up libalgorithm-merge-perl (0.08-5) ...
Setting up libctf0:arm64 (2.42-4ubuntu2.10) ...
Selecting previously unselected package gcc-13.
Setting up libjpeg8:arm64 (8c-2ubuntu11) ...
Preparing to unpack .../34-gcc-13_13.3.0-6ubuntu2~24.04.1_arm64.deb ...
Unpacking gcc-13 (13.3.0-6ubuntu2~24.04.1) ...
Setting up ubuntu-fan (0.12.16+24.04.1) ...
Selecting previously unselected package gcc-aarch64-linux-gnu.
Preparing to unpack .../35-gcc-aarch64-linux-gnu_4%3a13.2.0-7ubuntu1_arm64.deb ...
Unpacking gcc-aarch64-linux-gnu (4:13.2.0-7ubuntu1) ...
Selecting previously unselected package gcc.
Preparing to unpack .../36-gcc_4%3a13.2.0-7ubuntu1_arm64.deb ...
Unpacking gcc (4:13.2.0-7ubuntu1) ...
Created symlink /etc/systemd/system/multi-user.target.wants/ubuntu-fan.service → /usr/lib/systemd/system/ubuntu-fan.service.
Selecting previously unselected package libstdc++-13-dev:arm64.
Preparing to unpack .../37-libstdc++-13-dev_13.3.0-6ubuntu2~24.04.1_arm64.deb ...
Unpacking libstdc++-13-dev:arm64 (13.3.0-6ubuntu2~24.04.1) ...
Get:41 http://ports.ubuntu.com/ubuntu-ports noble-security/main Translation-en [198 kB]
Get:12 http://us-east-1.ec2.ports.ubuntu.com/ubuntu-ports noble-updates/main arm64 binutils arm64 2.42-4ubuntu2.10 [18.1 kB]
Get:13 http://us-east-1.ec2.ports.ubuntu.com/ubuntu-ports noble/main arm64 bridge-utils arm64 1.7.1-1ubuntu2 [34.2 kB]
Get:88 http://us-east-1.ec2.ports.ubuntu.com/ubuntu-ports noble-updates/main arm64 libpython3-dev arm64 3.12.3-0ubuntu2.1 [10.4 kB]
Get:14 http://us-east-1.ec2.ports.ubuntu.com/ubuntu-ports noble-updates/main arm64 libc-dev-bin arm64 2.39-0ubuntu8.8 [19.7 kB]
Get:89 http://us-east-1.ec2.ports.ubuntu.com/ubuntu-ports noble-updates/main arm64 linux-tools-common all 6.8.0-136.136 [416 kB]
Get:15 http://us-east-1.ec2.ports.ubuntu.com/ubuntu-ports noble-updates/main arm64 linux-libc-dev arm64 6.8.0-136.136 [1550 kB]
Get:90 http://us-east-1.ec2.ports.ubuntu.com/ubuntu-ports noble/main arm64 manpages-dev all 6.7-2 [2013 kB]
Get:23 http://us-east-1.ec2.ports.ubuntu.com/ubuntu-ports noble-updates/main arm64 cpp-13 arm64 13.3.0-6ubuntu2~24.04.1 [1038 B]
Get:24 http://us-east-1.ec2.ports.ubuntu.com/ubuntu-ports noble/main arm64 cpp-aarch64-linux-gnu arm64 4:13.2.0-7ubuntu1 [5316 B]
Get:25 http://us-east-1.ec2.ports.ubuntu.com/ubuntu-ports noble/main arm64 cpp arm64 4:13.2.0-7ubuntu1 [22.4 kB]
Get:26 http://us-east-1.ec2.ports.ubuntu.com/ubuntu-ports noble-updates/main arm64 libcc1-0 arm64 14.2.0-4ubuntu2~24.04.1 [49.7 kB]
Get:27 http://us-east-1.ec2.ports.ubuntu.com/ubuntu-ports noble-updates/main arm64 libgomp1 arm64 14.2.0-4ubuntu2~24.04.1 [145 kB]
Get:28 http://us-east-1.ec2.ports.ubuntu.com/ubuntu-ports noble-updates/main arm64 libitm1 arm64 14.2.0-4ubuntu2~24.04.1 [28.2 kB]
Get:29 http://us-east-1.ec2.ports.ubuntu.com/ubuntu-ports noble-updates/main arm64 libatomic1 arm64 14.2.0-4ubuntu2~24.04.1 [11.6 kB]
Get:16 http://us-east-1.ec2.ports.ubuntu.com/ubuntu-ports noble/main arm64 libcrypt-dev arm64 1:4.4.36-4build1 [118 kB]
Get:30 http://us-east-1.ec2.ports.ubuntu.com/ubuntu-ports noble-updates/main arm64 libasan8 arm64 14.2.0-4ubuntu2~24.04.1 [2928 kB]
Get:17 http://us-east-1.ec2.ports.ubuntu.com/ubuntu-ports noble/main arm64 rpcsvc-proto arm64 1.4.2-0ubuntu7 [64.8 kB]
Get:18 http://us-east-1.ec2.ports.ubuntu.com/ubuntu-ports noble-updates/main arm64 libc6-dev arm64 2.39-0ubuntu8.8 [1596 kB]
Get:19 http://us-east-1.ec2.ports.ubuntu.com/ubuntu-ports noble-updates/main arm64 gcc-13-base arm64 13.3.0-6ubuntu2~24.04.1 [51.6 kB]
Get:91 http://us-east-1.ec2.ports.ubuntu.com/ubuntu-ports noble-updates/main arm64 python3.12-dev arm64 3.12.3-1ubuntu0.15 [498 kB]
Get:20 http://us-east-1.ec2.ports.ubuntu.com/ubuntu-ports noble-updates/main arm64 libisl23 arm64 0.26-3build1.1 [669 kB]
Get:92 http://us-east-1.ec2.ports.ubuntu.com/ubuntu-ports noble-updates/main arm64 python3-dev arm64 3.12.3-0ubuntu2.1 [26.7 kB]
Get:93 http://us-east-1.ec2.ports.ubuntu.com/ubuntu-ports noble/universe arm64 python3-wheel all 0.42.0-2 [53.1 kB]
Get:94 http://us-east-1.ec2.ports.ubuntu.com/ubuntu-ports noble-updates/universe arm64 python3-pip all 24.0+dfsg-1ubuntu1.3 [1320 kB]
Get:21 http://us-east-1.ec2.ports.ubuntu.com/ubuntu-ports noble-updates/main arm64 libmpc3 arm64 1.3.1-1build1.1 [56.4 kB]
Get:22 http://us-east-1.ec2.ports.ubuntu.com/ubuntu-ports noble-updates/main arm64 cpp-13-aarch64-linux-gnu arm64 13.3.0-6ubuntu2~24.04.1 [9560 kB]
Get:95 http://us-east-1.ec2.ports.ubuntu.com/ubuntu-ports noble-updates/universe arm64 ubuntu-fan all 0.12.16+24.04.1 [34.2 kB]
Selecting previously unselected package g++-13-aarch64-linux-gnu.
Get:31 http://us-east-1.ec2.ports.ubuntu.com/ubuntu-ports noble-updates/main arm64 liblsan0 arm64 14.2.0-4ubuntu2~24.04.1 [1289 kB]
Preparing to unpack .../38-g++-13-aarch64-linux-gnu_13.3.0-6ubuntu2~24.04.1_arm64.deb ...
Unpacking g++-13-aarch64-linux-gnu (13.3.0-6ubuntu2~24.04.1) ...
Get:32 http://us-east-1.ec2.ports.ubuntu.com/ubuntu-ports noble-updates/main arm64 libtsan2 arm64 14.2.0-4ubuntu2~24.04.1 [2697 kB]
Get:42 http://ports.ubuntu.com/ubuntu-ports noble-security/main arm64 Components [43.3 kB]
Get:43 http://ports.ubuntu.com/ubuntu-ports noble-security/main arm64 c-n-f Metadata [11.6 kB]
Get:33 http://us-east-1.ec2.ports.ubuntu.com/ubuntu-ports noble-updates/main arm64 libubsan1 arm64 14.2.0-4ubuntu2~24.04.1 [1157 kB]
Get:44 http://ports.ubuntu.com/ubuntu-ports noble-security/universe arm64 Packages [1259 kB]
Get:34 http://us-east-1.ec2.ports.ubuntu.com/ubuntu-ports noble-updates/main arm64 libhwasan0 arm64 14.2.0-4ubuntu2~24.04.1 [1605 kB]
Setting up cpp-13-aarch64-linux-gnu (13.3.0-6ubuntu2~24.04.1) ...
Get:35 http://us-east-1.ec2.ports.ubuntu.com/ubuntu-ports noble-updates/main arm64 libgcc-13-dev arm64 13.3.0-6ubuntu2~24.04.1 [2473 kB]
Setting up fontconfig-config (2.15.0-1.1ubuntu2) ...
Get:36 http://us-east-1.ec2.ports.ubuntu.com/ubuntu-ports noble-updates/main arm64 gcc-13-aarch64-linux-gnu arm64 13.3.0-6ubuntu2~24.04.1 [18.7 MB]
[22:08:54] [one-api] installing deps (bare base: docker + psutil; the rig is a prebuilt download, and each
[22:08:54] [one-api] gateway installs its OWN prereqs via gw_prereqs - no blanket build toolchain on every box)
Selecting previously unselected package g++-13.
Preparing to unpack .../39-g++-13_13.3.0-6ubuntu2~24.04.1_arm64.deb ...
Unpacking g++-13 (13.3.0-6ubuntu2~24.04.1) ...
Selecting previously unselected package g++-aarch64-linux-gnu.
Preparing to unpack .../40-g++-aarch64-linux-gnu_4%3a13.2.0-7ubuntu1_arm64.deb ...
Unpacking g++-aarch64-linux-gnu (4:13.2.0-7ubuntu1) ...
Setting up docker.io (29.1.3-0ubuntu3~24.04.2) ...
Selecting previously unselected package g++.
Preparing to unpack .../41-g++_4%3a13.2.0-7ubuntu1_arm64.deb ...
Unpacking g++ (4:13.2.0-7ubuntu1) ...
Selecting previously unselected package make.
Get:56 http://us-east-1.ec2.ports.ubuntu.com/ubuntu-ports noble/main arm64 libfakeroot arm64 1.33-1 [32.5 kB]
Get:57 http://us-east-1.ec2.ports.ubuntu.com/ubuntu-ports noble/main arm64 fakeroot arm64 1.33-1 [66.9 kB]
Get:58 http://us-east-1.ec2.ports.ubuntu.com/ubuntu-ports noble/main arm64 fonts-dejavu-mono all 2.37-8 [502 kB]
Preparing to unpack .../42-make_4.3-4.1build2_arm64.deb ...
Unpacking make (4.3-4.1build2) ...
Selecting previously unselected package libdpkg-perl.
Get:59 http://us-east-1.ec2.ports.ubuntu.com/ubuntu-ports noble/main arm64 fonts-dejavu-core all 2.37-8 [835 kB]
Get:60 http://us-east-1.ec2.ports.ubuntu.com/ubuntu-ports noble/main arm64 fontconfig-config arm64 2.15.0-1.1ubuntu2 [37.4 kB]
Get:61 http://us-east-1.ec2.ports.ubuntu.com/ubuntu-ports noble/main arm64 javascript-common all 11+nmu1 [5936 B]
Get:62 http://us-east-1.ec2.ports.ubuntu.com/ubuntu-ports noble/main arm64 libalgorithm-diff-perl all 1.201-1 [41.8 kB]
Get:63 http://us-east-1.ec2.ports.ubuntu.com/ubuntu-ports noble/main arm64 libalgorithm-diff-xs-perl arm64 0.04-8build3 [10.9 kB]
Get:64 http://us-east-1.ec2.ports.ubuntu.com/ubuntu-ports noble/main arm64 libalgorithm-merge-perl all 0.08-5 [11.4 kB]
Get:65 http://us-east-1.ec2.ports.ubuntu.com/ubuntu-ports noble-updates/main arm64 libaom3 arm64 3.8.2-2ubuntu0.1 [1617 kB]
Get:23 http://us-east-1.ec2.ports.ubuntu.com/ubuntu-ports noble-updates/main arm64 cpp-13 arm64 13.3.0-6ubuntu2~24.04.1 [1038 B]
Get:24 http://us-east-1.ec2.ports.ubuntu.com/ubuntu-ports noble/main arm64 cpp-aarch64-linux-gnu arm64 4:13.2.0-7ubuntu1 [5316 B]
Get:25 http://us-east-1.ec2.ports.ubuntu.com/ubuntu-ports noble/main arm64 cpp arm64 4:13.2.0-7ubuntu1 [22.4 kB]
Get:26 http://us-east-1.ec2.ports.ubuntu.com/ubuntu-ports noble-updates/main arm64 libcc1-0 arm64 14.2.0-4ubuntu2~24.04.1 [49.7 kB]
Get:27 http://us-east-1.ec2.ports.ubuntu.com/ubuntu-ports noble-updates/main arm64 libgomp1 arm64 14.2.0-4ubuntu2~24.04.1 [145 kB]
Preparing to unpack .../43-libdpkg-perl_1.22.6ubuntu6.6_all.deb ...
Get:28 http://us-east-1.ec2.ports.ubuntu.com/ubuntu-ports noble-updates/main arm64 libitm1 arm64 14.2.0-4ubuntu2~24.04.1 [28.2 kB]
Get:29 http://us-east-1.ec2.ports.ubuntu.com/ubuntu-ports noble-updates/main arm64 libatomic1 arm64 14.2.0-4ubuntu2~24.04.1 [11.6 kB]
Unpacking libdpkg-perl (1.22.6ubuntu6.6) ...
Get:30 http://us-east-1.ec2.ports.ubuntu.com/ubuntu-ports noble-updates/main arm64 libasan8 arm64 14.2.0-4ubuntu2~24.04.1 [2928 kB]
info: Selecting GID from range 100 to 999 ...
info: Adding group `docker' (GID 112) ...
Selecting previously unselected package bzip2.
Preparing to unpack .../44-bzip2_1.0.8-5.1build0.1_arm64.deb ...
Unpacking bzip2 (1.0.8-5.1build0.1) ...
Get:66 http://us-east-1.ec2.ports.ubuntu.com/ubuntu-ports noble/main arm64 libfontconfig1 arm64 2.15.0-1.1ubuntu2 [142 kB]
Get:67 http://us-east-1.ec2.ports.ubuntu.com/ubuntu-ports noble/main arm64 libsharpyuv0 arm64 1.3.2-0.4build3 [14.5 kB]
Get:68 http://us-east-1.ec2.ports.ubuntu.com/ubuntu-ports noble-updates/main arm64 libheif-plugin-aomdec arm64 1.17.6-1ubuntu4.6 [11.1 kB]
Get:69 http://us-east-1.ec2.ports.ubuntu.com/ubuntu-ports noble-updates/main arm64 libheif1 arm64 1.17.6-1ubuntu4.6 [260 kB]
Get:70 http://us-east-1.ec2.ports.ubuntu.com/ubuntu-ports noble/main arm64 libjpeg-turbo8 arm64 2.1.5-2ubuntu2 [163 kB]
Get:71 http://us-east-1.ec2.ports.ubuntu.com/ubuntu-ports noble/main arm64 libjpeg8 arm64 8c-2ubuntu11 [2148 B]
Get:72 http://us-east-1.ec2.ports.ubuntu.com/ubuntu-ports noble-updates/main arm64 libdeflate0 arm64 1.19-1build1.1 [43.5 kB]
Get:73 http://us-east-1.ec2.ports.ubuntu.com/ubuntu-ports noble/main arm64 libjbig0 arm64 2.1-6.1ubuntu2 [29.3 kB]
Get:74 http://us-east-1.ec2.ports.ubuntu.com/ubuntu-ports noble/main arm64 liblerc4 arm64 4.0.0+ds-4ubuntu2 [154 kB]
Get:75 http://us-east-1.ec2.ports.ubuntu.com/ubuntu-ports noble/main arm64 libwebp7 arm64 1.3.2-0.4build3 [191 kB]
Get:76 http://us-east-1.ec2.ports.ubuntu.com/ubuntu-ports noble-updates/main arm64 libtiff6 arm64 4.5.1+git230720-4ubuntu2.5 [192 kB]
Get:77 http://us-east-1.ec2.ports.ubuntu.com/ubuntu-ports noble-updates/main arm64 libxpm4 arm64 1:3.5.17-1ubuntu0.24.04.1 [35.3 kB]
Get:78 http://us-east-1.ec2.ports.ubuntu.com/ubuntu-ports noble/main arm64 libgd3 arm64 2.3.3-9ubuntu5 [122 kB]
Get:79 http://us-east-1.ec2.ports.ubuntu.com/ubuntu-ports noble-updates/main arm64 libc-devtools arm64 2.39-0ubuntu8.8 [27.8 kB]
Get:80 http://us-east-1.ec2.ports.ubuntu.com/ubuntu-ports noble-updates/main arm64 libexpat1-dev arm64 2.6.1-2ubuntu0.4 [128 kB]
Get:81 http://us-east-1.ec2.ports.ubuntu.com/ubuntu-ports noble/main arm64 libfile-fcntllock-perl arm64 0.22-4ubuntu5 [30.6 kB]
Get:82 http://us-east-1.ec2.ports.ubuntu.com/ubuntu-ports noble-updates/main arm64 libheif-plugin-aomenc arm64 1.17.6-1ubuntu4.6 [13.7 kB]
Get:83 http://us-east-1.ec2.ports.ubuntu.com/ubuntu-ports noble/main arm64 libjs-jquery all 3.6.1+dfsg+~3.5.14-1 [328 kB]
Get:84 http://us-east-1.ec2.ports.ubuntu.com/ubuntu-ports noble/main arm64 libjs-underscore all 1.13.4~dfsg+~1.11.4-3 [118 kB]
Get:85 http://us-east-1.ec2.ports.ubuntu.com/ubuntu-ports noble/main arm64 libjs-sphinxdoc all 7.2.6-6 [149 kB]
Get:86 http://us-east-1.ec2.ports.ubuntu.com/ubuntu-ports noble-updates/main arm64 zlib1g-dev arm64 1:1.3.dfsg-3.1ubuntu2.1 [894 kB]
Get:87 http://us-east-1.ec2.ports.ubuntu.com/ubuntu-ports noble-updates/main arm64 libpython3.12-dev arm64 3.12.3-1ubuntu0.15 [5538 kB]
Selecting previously unselected package lto-disabled-list.
Preparing to unpack .../45-lto-disabled-list_47_all.deb ...
Unpacking lto-disabled-list (47) ...
Selecting previously unselected package dpkg-dev.
Get:31 http://us-east-1.ec2.ports.ubuntu.com/ubuntu-ports noble-updates/main arm64 liblsan0 arm64 14.2.0-4ubuntu2~24.04.1 [1289 kB]
Preparing to unpack .../46-dpkg-dev_1.22.6ubuntu6.6_all.deb ...
Unpacking dpkg-dev (1.22.6ubuntu6.6) ...
Created symlink /etc/systemd/system/multi-user.target.wants/docker.service → /usr/lib/systemd/system/docker.service.
Warning: Permanently added '100.30.171.179' (ED25519) to the list of known hosts.
Get:32 http://us-east-1.ec2.ports.ubuntu.com/ubuntu-ports noble-updates/main arm64 libtsan2 arm64 14.2.0-4ubuntu2~24.04.1 [2697 kB]
Get:88 http://us-east-1.ec2.ports.ubuntu.com/ubuntu-ports noble-updates/main arm64 libpython3-dev arm64 3.12.3-0ubuntu2.1 [10.4 kB]
Get:89 http://us-east-1.ec2.ports.ubuntu.com/ubuntu-ports noble-updates/main arm64 linux-tools-common all 6.8.0-136.136 [416 kB]
Selecting previously unselected package build-essential.
Get:90 http://us-east-1.ec2.ports.ubuntu.com/ubuntu-ports noble/main arm64 manpages-dev all 6.7-2 [2013 kB]
Preparing to unpack .../47-build-essential_12.10ubuntu1_arm64.deb ...
Unpacking build-essential (12.10ubuntu1) ...
Get:33 http://us-east-1.ec2.ports.ubuntu.com/ubuntu-ports noble-updates/main arm64 libubsan1 arm64 14.2.0-4ubuntu2~24.04.1 [1157 kB]
Get:37 http://us-east-1.ec2.ports.ubuntu.com/ubuntu-ports noble-updates/main arm64 gcc-13 arm64 13.3.0-6ubuntu2~24.04.1 [484 kB]
Created symlink /etc/systemd/system/sockets.target.wants/docker.socket → /usr/lib/systemd/system/docker.socket.
Get:38 http://us-east-1.ec2.ports.ubuntu.com/ubuntu-ports noble/main arm64 gcc-aarch64-linux-gnu arm64 4:13.2.0-7ubuntu1 [1198 B]
Get:39 http://us-east-1.ec2.ports.ubuntu.com/ubuntu-ports noble/main arm64 gcc arm64 4:13.2.0-7ubuntu1 [5018 B]
Get:40 http://us-east-1.ec2.ports.ubuntu.com/ubuntu-ports noble-updates/main arm64 libstdc++-13-dev arm64 13.3.0-6ubuntu2~24.04.1 [2397 kB]
Get:91 http://us-east-1.ec2.ports.ubuntu.com/ubuntu-ports noble-updates/main arm64 python3.12-dev arm64 3.12.3-1ubuntu0.15 [498 kB]
Get:34 http://us-east-1.ec2.ports.ubuntu.com/ubuntu-ports noble-updates/main arm64 libhwasan0 arm64 14.2.0-4ubuntu2~24.04.1 [1605 kB]
Selecting previously unselected package runc.
Get:92 http://us-east-1.ec2.ports.ubuntu.com/ubuntu-ports noble-updates/main arm64 python3-dev arm64 3.12.3-0ubuntu2.1 [26.7 kB]
Get:93 http://us-east-1.ec2.ports.ubuntu.com/ubuntu-ports noble/universe arm64 python3-wheel all 0.42.0-2 [53.1 kB]
Get:94 http://us-east-1.ec2.ports.ubuntu.com/ubuntu-ports noble-updates/universe arm64 python3-pip all 24.0+dfsg-1ubuntu1.3 [1320 kB]
Preparing to unpack .../48-runc_1.3.4-0ubuntu1~24.04.1_arm64.deb ...
Unpacking runc (1.3.4-0ubuntu1~24.04.1) ...
Get:35 http://us-east-1.ec2.ports.ubuntu.com/ubuntu-ports noble-updates/main arm64 libgcc-13-dev arm64 13.3.0-6ubuntu2~24.04.1 [2473 kB]
Get:95 http://us-east-1.ec2.ports.ubuntu.com/ubuntu-ports noble-updates/universe arm64 ubuntu-fan all 0.12.16+24.04.1 [34.2 kB]
Get:41 http://us-east-1.ec2.ports.ubuntu.com/ubuntu-ports noble-updates/main arm64 g++-13-aarch64-linux-gnu arm64 13.3.0-6ubuntu2~24.04.1 [10.9 MB]
Preconfiguring packages ...
Get:45 http://ports.ubuntu.com/ubuntu-ports noble-security/universe Translation-en [239 kB]
Get:46 http://ports.ubuntu.com/ubuntu-ports noble-security/universe arm64 Components [76.3 kB]
Get:47 http://ports.ubuntu.com/ubuntu-ports noble-security/universe arm64 c-n-f Metadata [23.7 kB]
Get:48 http://ports.ubuntu.com/ubuntu-ports noble-security/restricted arm64 Packages [1930 kB]
Fetched 155 MB in 8s (19.1 MB/s)
Selecting previously unselected package containerd.
Preparing to unpack .../49-containerd_2.2.1-0ubuntu1~24.04.3_arm64.deb ...
Unpacking containerd (2.2.1-0ubuntu1~24.04.3) ...
(Reading database ... (Reading database ... 5%(Reading database ... 10%(Reading database ... 15%(Reading database ... 20%(Reading database ... 25%(Reading database ... 30%(Reading database ... 35%(Reading database ... 40%(Reading database ... 45%(Reading database ... 50%(Reading database ... 55%Get:36 http://us-east-1.ec2.ports.ubuntu.com/ubuntu-ports noble-updates/main arm64 gcc-13-aarch64-linux-gnu arm64 13.3.0-6ubuntu2~24.04.1 [18.7 MB]
Fetched 37.7 MB in 4s (9633 kB/s)
Reading package lists...(Reading database ... 60%Setting up cpp-aarch64-linux-gnu (4:13.2.0-7ubuntu1) ...
Setting up libgprofng0:arm64 (2.42-4ubuntu2.10) ...
(Reading database ... 65%Setting up libjs-sphinxdoc (7.2.6-6) ...
Setting up libgcc-13-dev:arm64 (13.3.0-6ubuntu2~24.04.1) ...
Setting up libtiff6:arm64 (4.5.1+git230720-4ubuntu2.5) ...
Preconfiguring packages ...
(Reading database ... 70%Setting up libc6-dev:arm64 (2.39-0ubuntu8.8) ...
Setting up libstdc++-13-dev:arm64 (13.3.0-6ubuntu2~24.04.1) ...
Setting up cpp-13 (13.3.0-6ubuntu2~24.04.1) ...
Setting up binutils-aarch64-linux-gnu (2.42-4ubuntu2.10) ...
(Reading database ... 75%Setting up binutils (2.42-4ubuntu2.10) ...
Setting up gcc-13-aarch64-linux-gnu (13.3.0-6ubuntu2~24.04.1) ...
Fetched 155 MB in 7s (21.6 MB/s)
Get:42 http://us-east-1.ec2.ports.ubuntu.com/ubuntu-ports noble-updates/main arm64 g++-13 arm64 13.3.0-6ubuntu2~24.04.1 [16.0 kB]
Get:43 http://us-east-1.ec2.ports.ubuntu.com/ubuntu-ports noble/main arm64 g++-aarch64-linux-gnu arm64 4:13.2.0-7ubuntu1 [962 B]
Get:44 http://us-east-1.ec2.ports.ubuntu.com/ubuntu-ports noble/main arm64 g++ arm64 4:13.2.0-7ubuntu1 [1082 B]
Get:45 http://us-east-1.ec2.ports.ubuntu.com/ubuntu-ports noble/main arm64 make arm64 4.3-4.1build2 [178 kB]
Get:46 http://us-east-1.ec2.ports.ubuntu.com/ubuntu-ports noble-updates/main arm64 libdpkg-perl all 1.22.6ubuntu6.6 [268 kB]
Setting up dpkg-dev (1.22.6ubuntu6.6) ...
Get:47 http://us-east-1.ec2.ports.ubuntu.com/ubuntu-ports noble-updates/main arm64 bzip2 arm64 1.0.8-5.1build0.1 [34.0 kB]
Get:48 http://us-east-1.ec2.ports.ubuntu.com/ubuntu-ports noble/main arm64 lto-disabled-list all 47 [12.4 kB]
Get:49 http://us-east-1.ec2.ports.ubuntu.com/ubuntu-ports noble-updates/main arm64 dpkg-dev all 1.22.6ubuntu6.6 [1074 kB]
Get:50 http://us-east-1.ec2.ports.ubuntu.com/ubuntu-ports noble/main arm64 build-essential arm64 12.10ubuntu1 [4932 B]
Get:51 http://us-east-1.ec2.ports.ubuntu.com/ubuntu-ports noble-updates/main arm64 runc arm64 1.3.4-0ubuntu1~24.04.1 [8578 kB]
Setting up libexpat1-dev:arm64 (2.6.1-2ubuntu0.4) ...
(Reading database ... 80%(Reading database ... Setting up gcc-13 (13.3.0-6ubuntu2~24.04.1) ...
(Reading database ... 5%(Reading database ... 10%(Reading database ... 15%(Reading database ... 20%(Reading database ... 25%(Reading database ... 30%(Reading database ... 35%(Reading database ... 40%(Reading database ... 45%(Reading database ... 50%(Reading database ... 55%Setting up zlib1g-dev:arm64 (1:1.3.dfsg-3.1ubuntu2.1) ...
(Reading database ... 85%Setting up cpp (4:13.2.0-7ubuntu1) ...
Setting up g++-13-aarch64-linux-gnu (13.3.0-6ubuntu2~24.04.1) ...
Get:52 http://us-east-1.ec2.ports.ubuntu.com/ubuntu-ports noble-updates/main arm64 containerd arm64 2.2.1-0ubuntu1~24.04.3 [25.2 MB]
[22:08:55] [plano] ip=54.158.143.115 - waiting for ssh
Setting up gcc-aarch64-linux-gnu (4:13.2.0-7ubuntu1) ...
Setting up g++-13 (13.3.0-6ubuntu2~24.04.1) ...
Setting up libpython3.12-dev:arm64 (3.12.3-1ubuntu0.15) ...
Setting up gcc (4:13.2.0-7ubuntu1) ...
(Reading database ... 90%(Reading database ... 95%(Reading database ... 60%(Reading database ... 65%Setting up python3.12-dev (3.12.3-1ubuntu0.15) ...
(Reading database ... 70%Selecting previously unselected package dns-root-data.
Preparing to unpack .../50-dns-root-data_2024071801~ubuntu0.24.04.1_all.deb ...
Unpacking dns-root-data (2024071801~ubuntu0.24.04.1) ...
Setting up g++-aarch64-linux-gnu (4:13.2.0-7ubuntu1) ...
(Reading database ... 100%(Reading database ... 74109 files and directories currently installed.)
Preparing to unpack .../libc6_2.39-0ubuntu8.8_arm64.deb ...
Setting up libpython3-dev:arm64 (3.12.3-0ubuntu2.1) ...
Selecting previously unselected package dnsmasq-base.
(Reading database ... 75%Setting up python3-dev (3.12.3-0ubuntu2.1) ...
Preparing to unpack .../51-dnsmasq-base_2.90-2ubuntu0.4_arm64.deb ...
Unpacking dnsmasq-base (2.90-2ubuntu0.4) ...
Hit:1 http://us-east-1.ec2.ports.ubuntu.com/ubuntu-ports noble InRelease
Get:2 http://us-east-1.ec2.ports.ubuntu.com/ubuntu-ports noble-updates InRelease [126 kB]
Setting up g++ (4:13.2.0-7ubuntu1) ...
Get:3 http://us-east-1.ec2.ports.ubuntu.com/ubuntu-ports noble-backports InRelease [126 kB]
(Reading database ... 80%update-alternatives: using /usr/bin/g++ to provide /usr/bin/c++ (c++) in auto mode
Get:4 http://ports.ubuntu.com/ubuntu-ports noble-security InRelease [126 kB]
Setting up build-essential (12.10ubuntu1) ...
Get:49 http://ports.ubuntu.com/ubuntu-ports noble-security/restricted Translation-en [290 kB]
Get:50 http://ports.ubuntu.com/ubuntu-ports noble-security/restricted arm64 Components [212 B]
Get:51 http://ports.ubuntu.com/ubuntu-ports noble-security/restricted arm64 c-n-f Metadata [388 B]
Get:52 http://ports.ubuntu.com/ubuntu-ports noble-security/multiverse arm64 Packages [68.7 kB]
(Reading database ... 85%Selecting previously unselected package docker.io.
Setting up libheif-plugin-aomdec:arm64 (1.17.6-1ubuntu4.6) ...
Get:53 http://ports.ubuntu.com/ubuntu-ports noble-security/multiverse Translation-en [10.6 kB]
Preparing to unpack .../52-docker.io_29.1.3-0ubuntu3~24.04.2_arm64.deb ...
Get:54 http://ports.ubuntu.com/ubuntu-ports noble-security/multiverse arm64 Components [208 B]
Get:55 http://ports.ubuntu.com/ubuntu-ports noble-security/multiverse arm64 c-n-f Metadata [456 B]
Unpacking docker.io (29.1.3-0ubuntu3~24.04.2) ...
Setting up libheif1:arm64 (1.17.6-1ubuntu4.6) ...
(Reading database ... 90%Setting up libheif-plugin-aomenc:arm64 (1.17.6-1ubuntu4.6) ...
Processing triggers for libc-bin (2.39-0ubuntu8.8) ...
Unpacking libc6:arm64 (2.39-0ubuntu8.8) over (2.39-0ubuntu8.7) ...
(Reading database ... 95%Get:5 http://us-east-1.ec2.ports.ubuntu.com/ubuntu-ports noble/universe arm64 Packages [15.3 MB]
(Reading database ... 100%(Reading database ... 74109 files and directories currently installed.)
Processing triggers for man-db (2.12.0-4build2) ...
Preparing to unpack .../libc6_2.39-0ubuntu8.8_arm64.deb ...
Get:6 http://us-east-1.ec2.ports.ubuntu.com/ubuntu-ports noble/universe Translation-en [5982 kB]
Unpacking libc6:arm64 (2.39-0ubuntu8.8) over (2.39-0ubuntu8.7) ...
Get:7 http://ports.ubuntu.com/ubuntu-ports noble-security/main arm64 Packages [940 kB]
Get:8 http://us-east-1.ec2.ports.ubuntu.com/ubuntu-ports noble/universe arm64 Components [3573 kB]
Get:9 http://us-east-1.ec2.ports.ubuntu.com/ubuntu-ports noble/universe arm64 c-n-f Metadata [295 kB]
Get:10 http://us-east-1.ec2.ports.ubuntu.com/ubuntu-ports noble/multiverse arm64 Packages [223 kB]
Get:11 http://us-east-1.ec2.ports.ubuntu.com/ubuntu-ports noble/multiverse Translation-en [118 kB]
Get:12 http://us-east-1.ec2.ports.ubuntu.com/ubuntu-ports noble/multiverse arm64 Components [31.6 kB]
Get:13 http://us-east-1.ec2.ports.ubuntu.com/ubuntu-ports noble/multiverse arm64 c-n-f Metadata [7152 B]
Get:14 http://us-east-1.ec2.ports.ubuntu.com/ubuntu-ports noble-updates/main arm64 Packages [1190 kB]
Get:15 http://us-east-1.ec2.ports.ubuntu.com/ubuntu-ports noble-updates/main Translation-en [278 kB]
Get:16 http://us-east-1.ec2.ports.ubuntu.com/ubuntu-ports noble-updates/main arm64 Components [178 kB]
Get:17 http://us-east-1.ec2.ports.ubuntu.com/ubuntu-ports noble-updates/universe arm64 Packages [1704 kB]
Get:18 http://us-east-1.ec2.ports.ubuntu.com/ubuntu-ports noble-updates/universe Translation-en [334 kB]
Get:19 http://us-east-1.ec2.ports.ubuntu.com/ubuntu-ports noble-updates/universe arm64 Components [387 kB]
Get:20 http://us-east-1.ec2.ports.ubuntu.com/ubuntu-ports noble-updates/universe arm64 c-n-f Metadata [33.5 kB]
Get:21 http://us-east-1.ec2.ports.ubuntu.com/ubuntu-ports noble-updates/restricted arm64 Packages [2036 kB]
Get:22 http://us-east-1.ec2.ports.ubuntu.com/ubuntu-ports noble-updates/restricted Translation-en [308 kB]
Get:23 http://us-east-1.ec2.ports.ubuntu.com/ubuntu-ports noble-updates/multiverse arm64 Packages [72.7 kB]
Get:24 http://us-east-1.ec2.ports.ubuntu.com/ubuntu-ports noble-updates/multiverse Translation-en [12.3 kB]
Get:25 http://us-east-1.ec2.ports.ubuntu.com/ubuntu-ports noble-updates/multiverse arm64 Components [212 B]
Get:26 http://us-east-1.ec2.ports.ubuntu.com/ubuntu-ports noble-updates/multiverse arm64 c-n-f Metadata [472 B]
Get:27 http://us-east-1.ec2.ports.ubuntu.com/ubuntu-ports noble-backports/main arm64 Packages [40.6 kB]
Get:28 http://us-east-1.ec2.ports.ubuntu.com/ubuntu-ports noble-backports/main Translation-en [9172 B]
Get:29 http://us-east-1.ec2.ports.ubuntu.com/ubuntu-ports noble-backports/main arm64 Components [3572 B]
Get:30 http://us-east-1.ec2.ports.ubuntu.com/ubuntu-ports noble-backports/main arm64 c-n-f Metadata [372 B]
Get:31 http://us-east-1.ec2.ports.ubuntu.com/ubuntu-ports noble-backports/universe arm64 Packages [32.7 kB]
Get:32 http://us-east-1.ec2.ports.ubuntu.com/ubuntu-ports noble-backports/universe Translation-en [18.6 kB]
Get:33 http://us-east-1.ec2.ports.ubuntu.com/ubuntu-ports noble-backports/universe arm64 Components [12.6 kB]
Get:34 http://us-east-1.ec2.ports.ubuntu.com/ubuntu-ports noble-backports/universe arm64 c-n-f Metadata [1592 B]
Get:35 http://us-east-1.ec2.ports.ubuntu.com/ubuntu-ports noble-backports/restricted arm64 Components [212 B]
Get:36 http://us-east-1.ec2.ports.ubuntu.com/ubuntu-ports noble-backports/restricted arm64 c-n-f Metadata [116 B]
Get:37 http://ports.ubuntu.com/ubuntu-ports noble-security/main Translation-en [198 kB]
Get:38 http://us-east-1.ec2.ports.ubuntu.com/ubuntu-ports noble-backports/multiverse arm64 Packages [748 B]
Get:39 http://us-east-1.ec2.ports.ubuntu.com/ubuntu-ports noble-backports/multiverse Translation-en [340 B]
Get:40 http://us-east-1.ec2.ports.ubuntu.com/ubuntu-ports noble-backports/multiverse arm64 Components [212 B]
Get:41 http://us-east-1.ec2.ports.ubuntu.com/ubuntu-ports noble-backports/multiverse arm64 c-n-f Metadata [116 B]
Get:42 http://ports.ubuntu.com/ubuntu-ports noble-security/main arm64 Components [43.3 kB]
Get:43 http://ports.ubuntu.com/ubuntu-ports noble-security/main arm64 c-n-f Metadata [11.6 kB]
Get:44 http://ports.ubuntu.com/ubuntu-ports noble-security/universe arm64 Packages [1259 kB]
Get:45 http://ports.ubuntu.com/ubuntu-ports noble-security/universe Translation-en [239 kB]
Get:46 http://ports.ubuntu.com/ubuntu-ports noble-security/universe arm64 Components [76.3 kB]
Get:47 http://ports.ubuntu.com/ubuntu-ports noble-security/universe arm64 c-n-f Metadata [23.7 kB]
Get:48 http://ports.ubuntu.com/ubuntu-ports noble-security/restricted arm64 Packages [1930 kB]
Setting up libc6:arm64 (2.39-0ubuntu8.8) ...
Setting up libc6:arm64 (2.39-0ubuntu8.8) ...
Get:49 http://ports.ubuntu.com/ubuntu-ports noble-security/restricted Translation-en [290 kB]
Get:50 http://ports.ubuntu.com/ubuntu-ports noble-security/restricted arm64 Components [212 B]
Get:51 http://ports.ubuntu.com/ubuntu-ports noble-security/restricted arm64 c-n-f Metadata [388 B]
Get:52 http://ports.ubuntu.com/ubuntu-ports noble-security/multiverse arm64 Packages [68.7 kB]
Get:53 http://ports.ubuntu.com/ubuntu-ports noble-security/multiverse Translation-en [10.6 kB]
Get:54 http://ports.ubuntu.com/ubuntu-ports noble-security/multiverse arm64 Components [208 B]
Get:55 http://ports.ubuntu.com/ubuntu-ports noble-security/multiverse arm64 c-n-f Metadata [456 B]

Reading package lists...
Building dependency tree...
Reading state information...
(Reading database ... (Reading database ... 5%(Reading database ... 10%(Reading database ... 15%(Reading database ... 20%(Reading database ... 25%(Reading database ... 30%(Reading database ... 35%(Reading database ... 40%(Reading database ... 45%(Reading database ... 50%(Reading database ... 55%(Reading database ... (Reading database ... (Reading database ... 5%(Reading database ... 10%(Reading database ... 15%(Reading database ... 20%(Reading database ... 25%(Reading database ... 30%(Reading database ... 35%(Reading database ... 40%(Reading database ... 45%60%(Reading database ... 65%(Reading database ... 70%(Reading database ... 75%(Reading database ... 80%(Reading database ... 85%(Reading database ... 90%(Reading database ... 95%(Reading database ... 100%(Reading database ... 74109 files and directories currently installed.)
Preparing to unpack .../libc-bin_2.39-0ubuntu8.8_arm64.deb ...
Unpacking libc-bin (2.39-0ubuntu8.8) over (2.39-0ubuntu8.7) ...
(Reading database ... 50%(Reading database ... 55%(Reading database ... 60%(Reading database ... 65%(Reading database ... 70%(Reading database ... 75%(Reading database ... 80%(Reading database ... 85%(Reading database ... 90%(Reading database ... 95%(Reading database ... 100%(Reading database ... 74109 files and directories currently installed.)
Preparing to unpack .../libc-bin_2.39-0ubuntu8.8_arm64.deb ...
Unpacking libc-bin (2.39-0ubuntu8.8) over (2.39-0ubuntu8.7) ...
Setting up libc-bin (2.39-0ubuntu8.8) ...
Setting up libc-bin (2.39-0ubuntu8.8) ...
Selecting previously unselected package pigz.
(Reading database ... (Reading database ... 5%(Reading database ... 10%(Reading database ... 15%(Reading database ... 20%(Reading database ... 25%(Reading database ... 30%(Reading database ... 35%(Reading database ... 40%(Reading database ... 45%(Reading database ... 50%(Reading database ... 55%(Reading database ... 60%(Reading database ... 65%(Reading database ... 70%(Reading database ... 75%(Reading database ... 80%(Reading database ... 85%(Reading database ... 90%Get:37 http://us-east-1.ec2.ports.ubuntu.com/ubuntu-ports noble-updates/main arm64 gcc-13 arm64 13.3.0-6ubuntu2~24.04.1 [484 kB]
Get:38 http://us-east-1.ec2.ports.ubuntu.com/ubuntu-ports noble/main arm64 gcc-aarch64-linux-gnu arm64 4:13.2.0-7ubuntu1 [1198 B]
Get:39 http://us-east-1.ec2.ports.ubuntu.com/ubuntu-ports noble/main arm64 gcc arm64 4:13.2.0-7ubuntu1 [5018 B]
Get:40 http://us-east-1.ec2.ports.ubuntu.com/ubuntu-ports noble-updates/main arm64 libstdc++-13-dev arm64 13.3.0-6ubuntu2~24.04.1 [2397 kB]
Selecting previously unselected package pigz.
(Reading database ... (Reading database ... 5%(Reading database ... 10%(Reading database ... 15%(Reading database ... 20%(Reading database ... 25%(Reading database ... 30%(Reading database ... 35%(Reading database ... 40%(Reading database ... 45%(Reading database ... 50%(Reading database ... 55%(Reading database ... 95%(Reading database ... 100%(Reading database ... 74109 files and directories currently installed.)
Preparing to unpack .../00-pigz_2.8-1_arm64.deb ...
Unpacking pigz (2.8-1) ...
Preparing to unpack .../01-locales_2.39-0ubuntu8.8_all.deb ...
Unpacking locales (2.39-0ubuntu8.8) over (2.39-0ubuntu8.7) ...
Get:41 http://us-east-1.ec2.ports.ubuntu.com/ubuntu-ports noble-updates/main arm64 g++-13-aarch64-linux-gnu arm64 13.3.0-6ubuntu2~24.04.1 [10.9 MB]
curl is already the newest version (8.5.0-2ubuntu10.11).
curl set to manually installed.
ca-certificates is already the newest version (20260601~24.04.1).
ca-certificates set to manually installed.
jq is already the newest version (1.7.1-3ubuntu0.24.04.2).
jq set to manually installed.
git is already the newest version (1:2.43.0-1ubuntu7.3).
git set to manually installed.
The following additional packages will be installed:
  binutils binutils-aarch64-linux-gnu binutils-common bridge-utils bzip2
  containerd cpp cpp-13 cpp-13-aarch64-linux-gnu cpp-aarch64-linux-gnu
  dns-root-data dnsmasq-base dpkg-dev fakeroot fontconfig-config
  fonts-dejavu-core fonts-dejavu-mono g++ g++-13 g++-13-aarch64-linux-gnu
  g++-aarch64-linux-gnu gcc gcc-13 gcc-13-aarch64-linux-gnu gcc-13-base
  gcc-aarch64-linux-gnu javascript-common libalgorithm-diff-perl
  libalgorithm-diff-xs-perl libalgorithm-merge-perl libaom3 libasan8
  libatomic1 libbinutils libc-bin libc-dev-bin libc-devtools libc6 libc6-dev
  libcc1-0 libcrypt-dev libctf-nobfd0 libctf0 libdeflate0 libdpkg-perl
  libexpat1-dev libfakeroot libfile-fcntllock-perl libfontconfig1
  libgcc-13-dev libgd3 libgomp1 libgprofng0 libheif-plugin-aomdec
  libheif-plugin-aomenc libheif1 libhwasan0 libisl23 libitm1 libjbig0
(Reading database ... 60%(Reading database ... 65%(Reading database ... 70%(Reading database ... 75%(Reading database ... 80%(Reading database ... 85%(Reading database ... 90%(Reading database ... 95%(Reading database ... 100%(Reading database ... 74109 files and directories currently installed.)
Preparing to unpack .../00-pigz_2.8-1_arm64.deb ...
Unpacking pigz (2.8-1) ...
Preparing to unpack .../01-locales_2.39-0ubuntu8.8_all.deb ...
Unpacking locales (2.39-0ubuntu8.8) over (2.39-0ubuntu8.7) ...
  libjpeg-turbo8 libjpeg8 libjs-jquery libjs-sphinxdoc libjs-underscore
  liblerc4 liblsan0 libmpc3 libpython3-dev libpython3.12-dev libsframe1
  libsharpyuv0 libstdc++-13-dev libtiff6 libtsan2 libubsan1 libwebp7 libxpm4
  linux-libc-dev linux-tools-common locales lto-disabled-list make
  manpages-dev pigz python3-dev python3-wheel python3.12-dev rpcsvc-proto runc
  ubuntu-fan zlib1g-dev
Suggested packages:
  binutils-doc gprofng-gui ifupdown bzip2-doc cpp-doc gcc-13-locales
  cpp-13-doc aufs-tools cgroupfs-mount | cgroup-lite debootstrap docker-buildx
  docker-compose-v2 docker-doc rinse zfs-fuse | zfsutils debian-keyring
  gcc-13-doc gcc-multilib autoconf automake libtool flex bison gdb gcc-doc
  gdb-aarch64-linux-gnu apache2 | lighttpd | httpd glibc-doc libnss-nis
  libnss-nisplus bzr libgd-tools libheif-plugin-libde265 libheif-plugin-x265
  libheif-plugin-ffmpegdec libheif-plugin-jpegdec libheif-plugin-jpegenc
  libheif-plugin-j2kdec libheif-plugin-j2kenc libheif-plugin-rav1e
  libheif-plugin-svtenc libstdc++-13-doc make-doc
The following NEW packages will be installed:
  binutils binutils-aarch64-linux-gnu binutils-common bridge-utils
  build-essential bzip2 containerd cpp cpp-13 cpp-13-aarch64-linux-gnu
  cpp-aarch64-linux-gnu dns-root-data dnsmasq-base docker.io dpkg-dev fakeroot
  fontconfig-config fonts-dejavu-core fonts-dejavu-mono g++ g++-13
  g++-13-aarch64-linux-gnu g++-aarch64-linux-gnu gcc gcc-13
  gcc-13-aarch64-linux-gnu gcc-13-base gcc-aarch64-linux-gnu javascript-common
  libalgorithm-diff-perl libalgorithm-diff-xs-perl libalgorithm-merge-perl
  libaom3 libasan8 libatomic1 libbinutils libc-dev-bin libc-devtools libc6-dev
  libcc1-0 libcrypt-dev libctf-nobfd0 libctf0 libdeflate0 libdpkg-perl
  libexpat1-dev libfakeroot libfile-fcntllock-perl libfontconfig1
  libgcc-13-dev libgd3 libgomp1 libgprofng0 libheif-plugin-aomdec
  libheif-plugin-aomenc libheif1 libhwasan0 libisl23 libitm1 libjbig0
  libjpeg-turbo8 libjpeg8 libjs-jquery libjs-sphinxdoc libjs-underscore
  liblerc4 liblsan0 libmpc3 libpython3-dev libpython3.12-dev libsframe1
  libsharpyuv0 libstdc++-13-dev libtiff6 libtsan2 libubsan1 libwebp7 libxpm4
  linux-libc-dev lto-disabled-list make manpages-dev pigz python3-dev
  python3-pip python3-wheel python3.12-dev rpcsvc-proto runc ubuntu-fan
  zlib1g-dev
The following packages will be upgraded:
  libc-bin libc6 linux-tools-common locales
4 upgraded, 91 newly installed, 0 to remove and 30 not upgraded.
Need to get 155 MB of archives.
After this operation, 558 MB of additional disk space will be used.
Get:1 http://us-east-1.ec2.ports.ubuntu.com/ubuntu-ports noble-updates/main arm64 libc6 arm64 2.39-0ubuntu8.8 [2775 kB]
Selecting previously unselected package binutils-common:arm64.
Preparing to unpack .../02-binutils-common_2.42-4ubuntu2.10_arm64.deb ...
Get:42 http://us-east-1.ec2.ports.ubuntu.com/ubuntu-ports noble-updates/main arm64 g++-13 arm64 13.3.0-6ubuntu2~24.04.1 [16.0 kB]
Get:43 http://us-east-1.ec2.ports.ubuntu.com/ubuntu-ports noble/main arm64 g++-aarch64-linux-gnu arm64 4:13.2.0-7ubuntu1 [962 B]
Unpacking binutils-common:arm64 (2.42-4ubuntu2.10) ...
Get:44 http://us-east-1.ec2.ports.ubuntu.com/ubuntu-ports noble/main arm64 g++ arm64 4:13.2.0-7ubuntu1 [1082 B]
Get:45 http://us-east-1.ec2.ports.ubuntu.com/ubuntu-ports noble/main arm64 make arm64 4.3-4.1build2 [178 kB]
Get:46 http://us-east-1.ec2.ports.ubuntu.com/ubuntu-ports noble-updates/main arm64 libdpkg-perl all 1.22.6ubuntu6.6 [268 kB]
Get:47 http://us-east-1.ec2.ports.ubuntu.com/ubuntu-ports noble-updates/main arm64 bzip2 arm64 1.0.8-5.1build0.1 [34.0 kB]
Get:48 http://us-east-1.ec2.ports.ubuntu.com/ubuntu-ports noble/main arm64 lto-disabled-list all 47 [12.4 kB]
Get:49 http://us-east-1.ec2.ports.ubuntu.com/ubuntu-ports noble-updates/main arm64 dpkg-dev all 1.22.6ubuntu6.6 [1074 kB]
Get:2 http://us-east-1.ec2.ports.ubuntu.com/ubuntu-ports noble-updates/main arm64 libc-bin arm64 2.39-0ubuntu8.8 [591 kB]
Selecting previously unselected package libfakeroot:arm64.
Get:50 http://us-east-1.ec2.ports.ubuntu.com/ubuntu-ports noble/main arm64 build-essential arm64 12.10ubuntu1 [4932 B]
Get:51 http://us-east-1.ec2.ports.ubuntu.com/ubuntu-ports noble-updates/main arm64 runc arm64 1.3.4-0ubuntu1~24.04.1 [8578 kB]
Get:3 http://us-east-1.ec2.ports.ubuntu.com/ubuntu-ports noble/universe arm64 pigz arm64 2.8-1 [60.7 kB]
Preparing to unpack .../53-libfakeroot_1.33-1_arm64.deb ...
Get:4 http://us-east-1.ec2.ports.ubuntu.com/ubuntu-ports noble-updates/main arm64 locales all 2.39-0ubuntu8.8 [4231 kB]
Unpacking libfakeroot:arm64 (1.33-1) ...
Selecting previously unselected package libsframe1:arm64.
Preparing to unpack .../03-libsframe1_2.42-4ubuntu2.10_arm64.deb ...
Unpacking libsframe1:arm64 (2.42-4ubuntu2.10) ...
Selecting previously unselected package fakeroot.
Preparing to unpack .../54-fakeroot_1.33-1_arm64.deb ...
Unpacking fakeroot (1.33-1) ...
Selecting previously unselected package binutils-common:arm64.
Preparing to unpack .../02-binutils-common_2.42-4ubuntu2.10_arm64.deb ...
Unpacking binutils-common:arm64 (2.42-4ubuntu2.10) ...
Selecting previously unselected package fonts-dejavu-mono.
Selecting previously unselected package libbinutils:arm64.
Preparing to unpack .../04-libbinutils_2.42-4ubuntu2.10_arm64.deb ...
Preparing to unpack .../55-fonts-dejavu-mono_2.37-8_all.deb ...
Unpacking fonts-dejavu-mono (2.37-8) ...
Unpacking libbinutils:arm64 (2.42-4ubuntu2.10) ...
Selecting previously unselected package libsframe1:arm64.
Preparing to unpack .../03-libsframe1_2.42-4ubuntu2.10_arm64.deb ...
Unpacking libsframe1:arm64 (2.42-4ubuntu2.10) ...
Selecting previously unselected package fonts-dejavu-core.
Preparing to unpack .../56-fonts-dejavu-core_2.37-8_all.deb ...
Selecting previously unselected package libctf-nobfd0:arm64.
Selecting previously unselected package libbinutils:arm64.
Preparing to unpack .../05-libctf-nobfd0_2.42-4ubuntu2.10_arm64.deb ...
Preparing to unpack .../04-libbinutils_2.42-4ubuntu2.10_arm64.deb ...
Unpacking libctf-nobfd0:arm64 (2.42-4ubuntu2.10) ...
Unpacking fonts-dejavu-core (2.37-8) ...
Unpacking libbinutils:arm64 (2.42-4ubuntu2.10) ...
Selecting previously unselected package libctf-nobfd0:arm64.
Selecting previously unselected package libctf0:arm64.
Preparing to unpack .../05-libctf-nobfd0_2.42-4ubuntu2.10_arm64.deb ...
Preparing to unpack .../06-libctf0_2.42-4ubuntu2.10_arm64.deb ...
Unpacking libctf-nobfd0:arm64 (2.42-4ubuntu2.10) ...
Unpacking libctf0:arm64 (2.42-4ubuntu2.10) ...
Selecting previously unselected package libctf0:arm64.
Preparing to unpack .../06-libctf0_2.42-4ubuntu2.10_arm64.deb ...
Unpacking libctf0:arm64 (2.42-4ubuntu2.10) ...
Selecting previously unselected package fontconfig-config.
Selecting previously unselected package libgprofng0:arm64.
Preparing to unpack .../57-fontconfig-config_2.15.0-1.1ubuntu2_arm64.deb ...
Preparing to unpack .../07-libgprofng0_2.42-4ubuntu2.10_arm64.deb ...
Unpacking libgprofng0:arm64 (2.42-4ubuntu2.10) ...
Selecting previously unselected package libgprofng0:arm64.
Preparing to unpack .../07-libgprofng0_2.42-4ubuntu2.10_arm64.deb ...
Selecting previously unselected package binutils-aarch64-linux-gnu.
Preparing to unpack .../08-binutils-aarch64-linux-gnu_2.42-4ubuntu2.10_arm64.deb ...
Unpacking binutils-aarch64-linux-gnu (2.42-4ubuntu2.10) ...
Get:53 http://us-east-1.ec2.ports.ubuntu.com/ubuntu-ports noble-updates/main arm64 dns-root-data all 2024071801~ubuntu0.24.04.1 [5918 B]
Get:54 http://us-east-1.ec2.ports.ubuntu.com/ubuntu-ports noble-updates/main arm64 dnsmasq-base arm64 2.90-2ubuntu0.4 [367 kB]
Unpacking libgprofng0:arm64 (2.42-4ubuntu2.10) ...
Selecting previously unselected package binutils-aarch64-linux-gnu.
Get:55 http://us-east-1.ec2.ports.ubuntu.com/ubuntu-ports noble-updates/universe arm64 docker.io arm64 29.1.3-0ubuntu3~24.04.2 [32.0 MB]
Preparing to unpack .../08-binutils-aarch64-linux-gnu_2.42-4ubuntu2.10_arm64.deb ...
Unpacking binutils-aarch64-linux-gnu (2.42-4ubuntu2.10) ...
Get:5 http://us-east-1.ec2.ports.ubuntu.com/ubuntu-ports noble-updates/main arm64 binutils-common arm64 2.42-4ubuntu2.10 [240 kB]
Get:6 http://us-east-1.ec2.ports.ubuntu.com/ubuntu-ports noble-updates/main arm64 libsframe1 arm64 2.42-4ubuntu2.10 [15.4 kB]
Get:7 http://us-east-1.ec2.ports.ubuntu.com/ubuntu-ports noble-updates/main arm64 libbinutils arm64 2.42-4ubuntu2.10 [766 kB]
Get:8 http://us-east-1.ec2.ports.ubuntu.com/ubuntu-ports noble-updates/main arm64 libctf-nobfd0 arm64 2.42-4ubuntu2.10 [101 kB]
Get:9 http://us-east-1.ec2.ports.ubuntu.com/ubuntu-ports noble-updates/main arm64 libctf0 arm64 2.42-4ubuntu2.10 [95.7 kB]
Get:10 http://us-east-1.ec2.ports.ubuntu.com/ubuntu-ports noble-updates/main arm64 libgprofng0 arm64 2.42-4ubuntu2.10 [776 kB]
Get:11 http://us-east-1.ec2.ports.ubuntu.com/ubuntu-ports noble-updates/main arm64 binutils-aarch64-linux-gnu arm64 2.42-4ubuntu2.10 [3304 kB]
Unpacking fontconfig-config (2.15.0-1.1ubuntu2) ...
[22:08:57] [plano] installing deps (bare base: docker + psutil; the rig is a prebuilt download, and each
[22:08:57] [plano] gateway installs its OWN prereqs via gw_prereqs - no blanket build toolchain on every box)
Selecting previously unselected package binutils.
Selecting previously unselected package javascript-common.
Preparing to unpack .../09-binutils_2.42-4ubuntu2.10_arm64.deb ...
Unpacking binutils (2.42-4ubuntu2.10) ...
Preparing to unpack .../58-javascript-common_11+nmu1_all.deb ...
Unpacking javascript-common (11+nmu1) ...
Selecting previously unselected package bridge-utils.
Selecting previously unselected package libalgorithm-diff-perl.
Preparing to unpack .../10-bridge-utils_1.7.1-1ubuntu2_arm64.deb ...
Preparing to unpack .../59-libalgorithm-diff-perl_1.201-1_all.deb ...
Unpacking bridge-utils (1.7.1-1ubuntu2) ...
Unpacking libalgorithm-diff-perl (1.201-1) ...
Selecting previously unselected package binutils.
Preparing to unpack .../09-binutils_2.42-4ubuntu2.10_arm64.deb ...
Unpacking binutils (2.42-4ubuntu2.10) ...
Selecting previously unselected package libalgorithm-diff-xs-perl:arm64.
Preparing to unpack .../60-libalgorithm-diff-xs-perl_0.04-8build3_arm64.deb ...
Unpacking libalgorithm-diff-xs-perl:arm64 (0.04-8build3) ...
Selecting previously unselected package bridge-utils.
Selecting previously unselected package libc-dev-bin.
Preparing to unpack .../11-libc-dev-bin_2.39-0ubuntu8.8_arm64.deb ...
Preparing to unpack .../10-bridge-utils_1.7.1-1ubuntu2_arm64.deb ...
Unpacking bridge-utils (1.7.1-1ubuntu2) ...
Unpacking libc-dev-bin (2.39-0ubuntu8.8) ...
Selecting previously unselected package libalgorithm-merge-perl.
Preparing to unpack .../61-libalgorithm-merge-perl_0.08-5_all.deb ...
Unpacking libalgorithm-merge-perl (0.08-5) ...
Selecting previously unselected package libc-dev-bin.
Preparing to unpack .../11-libc-dev-bin_2.39-0ubuntu8.8_arm64.deb ...
Unpacking libc-dev-bin (2.39-0ubuntu8.8) ...
Selecting previously unselected package linux-libc-dev:arm64.
Preparing to unpack .../12-linux-libc-dev_6.8.0-136.136_arm64.deb ...
Unpacking linux-libc-dev:arm64 (6.8.0-136.136) ...
Selecting previously unselected package libaom3:arm64.
Get:12 http://us-east-1.ec2.ports.ubuntu.com/ubuntu-ports noble-updates/main arm64 binutils arm64 2.42-4ubuntu2.10 [18.1 kB]
Get:13 http://us-east-1.ec2.ports.ubuntu.com/ubuntu-ports noble/main arm64 bridge-utils arm64 1.7.1-1ubuntu2 [34.2 kB]
Get:14 http://us-east-1.ec2.ports.ubuntu.com/ubuntu-ports noble-updates/main arm64 libc-dev-bin arm64 2.39-0ubuntu8.8 [19.7 kB]
Preparing to unpack .../62-libaom3_3.8.2-2ubuntu0.1_arm64.deb ...
Selecting previously unselected package linux-libc-dev:arm64.
Unpacking libaom3:arm64 (3.8.2-2ubuntu0.1) ...
Get:15 http://us-east-1.ec2.ports.ubuntu.com/ubuntu-ports noble-updates/main arm64 linux-libc-dev arm64 6.8.0-136.136 [1550 kB]
Preparing to unpack .../12-linux-libc-dev_6.8.0-136.136_arm64.deb ...
Unpacking linux-libc-dev:arm64 (6.8.0-136.136) ...
Get:52 http://us-east-1.ec2.ports.ubuntu.com/ubuntu-ports noble-updates/main arm64 containerd arm64 2.2.1-0ubuntu1~24.04.3 [25.2 MB]
Get:16 http://us-east-1.ec2.ports.ubuntu.com/ubuntu-ports noble/main arm64 libcrypt-dev arm64 1:4.4.36-4build1 [118 kB]
Get:17 http://us-east-1.ec2.ports.ubuntu.com/ubuntu-ports noble/main arm64 rpcsvc-proto arm64 1.4.2-0ubuntu7 [64.8 kB]
Get:18 http://us-east-1.ec2.ports.ubuntu.com/ubuntu-ports noble-updates/main arm64 libc6-dev arm64 2.39-0ubuntu8.8 [1596 kB]
Get:19 http://us-east-1.ec2.ports.ubuntu.com/ubuntu-ports noble-updates/main arm64 gcc-13-base arm64 13.3.0-6ubuntu2~24.04.1 [51.6 kB]
Get:20 http://us-east-1.ec2.ports.ubuntu.com/ubuntu-ports noble-updates/main arm64 libisl23 arm64 0.26-3build1.1 [669 kB]
Get:21 http://us-east-1.ec2.ports.ubuntu.com/ubuntu-ports noble-updates/main arm64 libmpc3 arm64 1.3.1-1build1.1 [56.4 kB]
Get:22 http://us-east-1.ec2.ports.ubuntu.com/ubuntu-ports noble-updates/main arm64 cpp-13-aarch64-linux-gnu arm64 13.3.0-6ubuntu2~24.04.1 [9560 kB]
Selecting previously unselected package libfontconfig1:arm64.
Preparing to unpack .../63-libfontconfig1_2.15.0-1.1ubuntu2_arm64.deb ...
Unpacking libfontconfig1:arm64 (2.15.0-1.1ubuntu2) ...
Warning: Permanently added '54.158.143.115' (ED25519) to the list of known hosts.
Selecting previously unselected package libsharpyuv0:arm64.
Preparing to unpack .../64-libsharpyuv0_1.3.2-0.4build3_arm64.deb ...
Unpacking libsharpyuv0:arm64 (1.3.2-0.4build3) ...
Selecting previously unselected package libcrypt-dev:arm64.
Preparing to unpack .../13-libcrypt-dev_1%3a4.4.36-4build1_arm64.deb ...
Unpacking libcrypt-dev:arm64 (1:4.4.36-4build1) ...
Selecting previously unselected package libheif-plugin-aomdec:arm64.
Preparing to unpack .../65-libheif-plugin-aomdec_1.17.6-1ubuntu4.6_arm64.deb ...
Unpacking libheif-plugin-aomdec:arm64 (1.17.6-1ubuntu4.6) ...
Selecting previously unselected package libcrypt-dev:arm64.
Preparing to unpack .../13-libcrypt-dev_1%3a4.4.36-4build1_arm64.deb ...
Unpacking libcrypt-dev:arm64 (1:4.4.36-4build1) ...
Selecting previously unselected package libheif1:arm64.
Preparing to unpack .../66-libheif1_1.17.6-1ubuntu4.6_arm64.deb ...
Unpacking libheif1:arm64 (1.17.6-1ubuntu4.6) ...
Selecting previously unselected package rpcsvc-proto.
Preparing to unpack .../14-rpcsvc-proto_1.4.2-0ubuntu7_arm64.deb ...
Unpacking rpcsvc-proto (1.4.2-0ubuntu7) ...
Get:23 http://us-east-1.ec2.ports.ubuntu.com/ubuntu-ports noble-updates/main arm64 cpp-13 arm64 13.3.0-6ubuntu2~24.04.1 [1038 B]
Get:24 http://us-east-1.ec2.ports.ubuntu.com/ubuntu-ports noble/main arm64 cpp-aarch64-linux-gnu arm64 4:13.2.0-7ubuntu1 [5316 B]
Get:25 http://us-east-1.ec2.ports.ubuntu.com/ubuntu-ports noble/main arm64 cpp arm64 4:13.2.0-7ubuntu1 [22.4 kB]
Get:26 http://us-east-1.ec2.ports.ubuntu.com/ubuntu-ports noble-updates/main arm64 libcc1-0 arm64 14.2.0-4ubuntu2~24.04.1 [49.7 kB]
Get:27 http://us-east-1.ec2.ports.ubuntu.com/ubuntu-ports noble-updates/main arm64 libgomp1 arm64 14.2.0-4ubuntu2~24.04.1 [145 kB]
Get:28 http://us-east-1.ec2.ports.ubuntu.com/ubuntu-ports noble-updates/main arm64 libitm1 arm64 14.2.0-4ubuntu2~24.04.1 [28.2 kB]
Get:29 http://us-east-1.ec2.ports.ubuntu.com/ubuntu-ports noble-updates/main arm64 libatomic1 arm64 14.2.0-4ubuntu2~24.04.1 [11.6 kB]
Get:30 http://us-east-1.ec2.ports.ubuntu.com/ubuntu-ports noble-updates/main arm64 libasan8 arm64 14.2.0-4ubuntu2~24.04.1 [2928 kB]
Selecting previously unselected package libjpeg-turbo8:arm64.
Preparing to unpack .../67-libjpeg-turbo8_2.1.5-2ubuntu2_arm64.deb ...
Unpacking libjpeg-turbo8:arm64 (2.1.5-2ubuntu2) ...
Selecting previously unselected package rpcsvc-proto.
Preparing to unpack .../14-rpcsvc-proto_1.4.2-0ubuntu7_arm64.deb ...
Unpacking rpcsvc-proto (1.4.2-0ubuntu7) ...
Selecting previously unselected package libc6-dev:arm64.
Preparing to unpack .../15-libc6-dev_2.39-0ubuntu8.8_arm64.deb ...
Unpacking libc6-dev:arm64 (2.39-0ubuntu8.8) ...
Selecting previously unselected package libc6-dev:arm64.
Preparing to unpack .../15-libc6-dev_2.39-0ubuntu8.8_arm64.deb ...
Unpacking libc6-dev:arm64 (2.39-0ubuntu8.8) ...
Selecting previously unselected package libjpeg8:arm64.
Get:31 http://us-east-1.ec2.ports.ubuntu.com/ubuntu-ports noble-updates/main arm64 liblsan0 arm64 14.2.0-4ubuntu2~24.04.1 [1289 kB]
Preparing to unpack .../68-libjpeg8_8c-2ubuntu11_arm64.deb ...
Unpacking libjpeg8:arm64 (8c-2ubuntu11) ...
Get:32 http://us-east-1.ec2.ports.ubuntu.com/ubuntu-ports noble-updates/main arm64 libtsan2 arm64 14.2.0-4ubuntu2~24.04.1 [2697 kB]
Selecting previously unselected package libdeflate0:arm64.
Preparing to unpack .../69-libdeflate0_1.19-1build1.1_arm64.deb ...
Unpacking libdeflate0:arm64 (1.19-1build1.1) ...
Get:33 http://us-east-1.ec2.ports.ubuntu.com/ubuntu-ports noble-updates/main arm64 libubsan1 arm64 14.2.0-4ubuntu2~24.04.1 [1157 kB]
Selecting previously unselected package libjbig0:arm64.
Preparing to unpack .../70-libjbig0_2.1-6.1ubuntu2_arm64.deb ...
Get:34 http://us-east-1.ec2.ports.ubuntu.com/ubuntu-ports noble-updates/main arm64 libhwasan0 arm64 14.2.0-4ubuntu2~24.04.1 [1605 kB]
Unpacking libjbig0:arm64 (2.1-6.1ubuntu2) ...
Selecting previously unselected package gcc-13-base:arm64.
Get:35 http://us-east-1.ec2.ports.ubuntu.com/ubuntu-ports noble-updates/main arm64 libgcc-13-dev arm64 13.3.0-6ubuntu2~24.04.1 [2473 kB]
Preparing to unpack .../16-gcc-13-base_13.3.0-6ubuntu2~24.04.1_arm64.deb ...
Unpacking gcc-13-base:arm64 (13.3.0-6ubuntu2~24.04.1) ...
Selecting previously unselected package liblerc4:arm64.
Preparing to unpack .../71-liblerc4_4.0.0+ds-4ubuntu2_arm64.deb ...
Unpacking liblerc4:arm64 (4.0.0+ds-4ubuntu2) ...
Selecting previously unselected package gcc-13-base:arm64.
Preparing to unpack .../16-gcc-13-base_13.3.0-6ubuntu2~24.04.1_arm64.deb ...
Unpacking gcc-13-base:arm64 (13.3.0-6ubuntu2~24.04.1) ...
Fetched 37.7 MB in 4s (9797 kB/s)
Reading package lists...Selecting previously unselected package libisl23:arm64.
Selecting previously unselected package libwebp7:arm64.
Preparing to unpack .../17-libisl23_0.26-3build1.1_arm64.deb ...
Unpacking libisl23:arm64 (0.26-3build1.1) ...
Preparing to unpack .../72-libwebp7_1.3.2-0.4build3_arm64.deb ...
Unpacking libwebp7:arm64 (1.3.2-0.4build3) ...
Selecting previously unselected package libisl23:arm64.
Preparing to unpack .../17-libisl23_0.26-3build1.1_arm64.deb ...
Unpacking libisl23:arm64 (0.26-3build1.1) ...
Selecting previously unselected package libtiff6:arm64.
Get:36 http://us-east-1.ec2.ports.ubuntu.com/ubuntu-ports noble-updates/main arm64 gcc-13-aarch64-linux-gnu arm64 13.3.0-6ubuntu2~24.04.1 [18.7 MB]
Preparing to unpack .../73-libtiff6_4.5.1+git230720-4ubuntu2.5_arm64.deb ...
Unpacking libtiff6:arm64 (4.5.1+git230720-4ubuntu2.5) ...
Selecting previously unselected package libmpc3:arm64.
Preparing to unpack .../18-libmpc3_1.3.1-1build1.1_arm64.deb ...
Unpacking libmpc3:arm64 (1.3.1-1build1.1) ...
Selecting previously unselected package libmpc3:arm64.
Preparing to unpack .../18-libmpc3_1.3.1-1build1.1_arm64.deb ...
Unpacking libmpc3:arm64 (1.3.1-1build1.1) ...
Selecting previously unselected package libxpm4:arm64.
Preparing to unpack .../74-libxpm4_1%3a3.5.17-1ubuntu0.24.04.1_arm64.deb ...
Unpacking libxpm4:arm64 (1:3.5.17-1ubuntu0.24.04.1) ...
Selecting previously unselected package cpp-13-aarch64-linux-gnu.
Selecting previously unselected package cpp-13-aarch64-linux-gnu.
Preparing to unpack .../19-cpp-13-aarch64-linux-gnu_13.3.0-6ubuntu2~24.04.1_arm64.deb ...
Preparing to unpack .../19-cpp-13-aarch64-linux-gnu_13.3.0-6ubuntu2~24.04.1_arm64.deb ...
Unpacking cpp-13-aarch64-linux-gnu (13.3.0-6ubuntu2~24.04.1) ...
Unpacking cpp-13-aarch64-linux-gnu (13.3.0-6ubuntu2~24.04.1) ...
Selecting previously unselected package libgd3:arm64.
Preparing to unpack .../75-libgd3_2.3.3-9ubuntu5_arm64.deb ...
Unpacking libgd3:arm64 (2.3.3-9ubuntu5) ...
Selecting previously unselected package libc-devtools.
Preparing to unpack .../76-libc-devtools_2.39-0ubuntu8.8_arm64.deb ...
Unpacking libc-devtools (2.39-0ubuntu8.8) ...
Selecting previously unselected package libexpat1-dev:arm64.
Preparing to unpack .../77-libexpat1-dev_2.6.1-2ubuntu0.4_arm64.deb ...
Unpacking libexpat1-dev:arm64 (2.6.1-2ubuntu0.4) ...
Selecting previously unselected package libfile-fcntllock-perl.
Preparing to unpack .../78-libfile-fcntllock-perl_0.22-4ubuntu5_arm64.deb ...
Unpacking libfile-fcntllock-perl (0.22-4ubuntu5) ...
Selecting previously unselected package libheif-plugin-aomenc:arm64.
Preparing to unpack .../79-libheif-plugin-aomenc_1.17.6-1ubuntu4.6_arm64.deb ...
Unpacking libheif-plugin-aomenc:arm64 (1.17.6-1ubuntu4.6) ...
Selecting previously unselected package libjs-jquery.
Preparing to unpack .../80-libjs-jquery_3.6.1+dfsg+~3.5.14-1_all.deb ...
Selecting previously unselected package cpp-13.
Preparing to unpack .../20-cpp-13_13.3.0-6ubuntu2~24.04.1_arm64.deb ...
Unpacking cpp-13 (13.3.0-6ubuntu2~24.04.1) ...
Selecting previously unselected package cpp-aarch64-linux-gnu.
Preparing to unpack .../21-cpp-aarch64-linux-gnu_4%3a13.2.0-7ubuntu1_arm64.deb ...
Unpacking cpp-aarch64-linux-gnu (4:13.2.0-7ubuntu1) ...
Selecting previously unselected package cpp.
Preparing to unpack .../22-cpp_4%3a13.2.0-7ubuntu1_arm64.deb ...
Unpacking libjs-jquery (3.6.1+dfsg+~3.5.14-1) ...
Unpacking cpp (4:13.2.0-7ubuntu1) ...
Selecting previously unselected package cpp-13.
Preparing to unpack .../20-cpp-13_13.3.0-6ubuntu2~24.04.1_arm64.deb ...
Unpacking cpp-13 (13.3.0-6ubuntu2~24.04.1) ...
Selecting previously unselected package libcc1-0:arm64.
Selecting previously unselected package libjs-underscore.
Preparing to unpack .../23-libcc1-0_14.2.0-4ubuntu2~24.04.1_arm64.deb ...
Unpacking libcc1-0:arm64 (14.2.0-4ubuntu2~24.04.1) ...
Preparing to unpack .../81-libjs-underscore_1.13.4~dfsg+~1.11.4-3_all.deb ...
Selecting previously unselected package cpp-aarch64-linux-gnu.
Preparing to unpack .../21-cpp-aarch64-linux-gnu_4%3a13.2.0-7ubuntu1_arm64.deb ...
Unpacking cpp-aarch64-linux-gnu (4:13.2.0-7ubuntu1) ...
Unpacking libjs-underscore (1.13.4~dfsg+~1.11.4-3) ...
Selecting previously unselected package libgomp1:arm64.
Preparing to unpack .../24-libgomp1_14.2.0-4ubuntu2~24.04.1_arm64.deb ...
Unpacking libgomp1:arm64 (14.2.0-4ubuntu2~24.04.1) ...
Selecting previously unselected package libjs-sphinxdoc.
Selecting previously unselected package cpp.
Preparing to unpack .../82-libjs-sphinxdoc_7.2.6-6_all.deb ...
Unpacking libjs-sphinxdoc (7.2.6-6) ...
Preparing to unpack .../22-cpp_4%3a13.2.0-7ubuntu1_arm64.deb ...
Selecting previously unselected package libitm1:arm64.
Preparing to unpack .../25-libitm1_14.2.0-4ubuntu2~24.04.1_arm64.deb ...
Unpacking libitm1:arm64 (14.2.0-4ubuntu2~24.04.1) ...
Unpacking cpp (4:13.2.0-7ubuntu1) ...
Selecting previously unselected package zlib1g-dev:arm64.
Selecting previously unselected package libatomic1:arm64.
Preparing to unpack .../83-zlib1g-dev_1%3a1.3.dfsg-3.1ubuntu2.1_arm64.deb ...
Unpacking zlib1g-dev:arm64 (1:1.3.dfsg-3.1ubuntu2.1) ...
Preparing to unpack .../26-libatomic1_14.2.0-4ubuntu2~24.04.1_arm64.deb ...
Unpacking libatomic1:arm64 (14.2.0-4ubuntu2~24.04.1) ...
Selecting previously unselected package libcc1-0:arm64.
Preparing to unpack .../23-libcc1-0_14.2.0-4ubuntu2~24.04.1_arm64.deb ...
Unpacking libcc1-0:arm64 (14.2.0-4ubuntu2~24.04.1) ...
Selecting previously unselected package libasan8:arm64.
Selecting previously unselected package libpython3.12-dev:arm64.
Preparing to unpack .../27-libasan8_14.2.0-4ubuntu2~24.04.1_arm64.deb ...
Unpacking libasan8:arm64 (14.2.0-4ubuntu2~24.04.1) ...
Preparing to unpack .../84-libpython3.12-dev_3.12.3-1ubuntu0.15_arm64.deb ...
Unpacking libpython3.12-dev:arm64 (3.12.3-1ubuntu0.15) ...
Selecting previously unselected package libgomp1:arm64.
Preparing to unpack .../24-libgomp1_14.2.0-4ubuntu2~24.04.1_arm64.deb ...
Unpacking libgomp1:arm64 (14.2.0-4ubuntu2~24.04.1) ...
Selecting previously unselected package libitm1:arm64.
Preparing to unpack .../25-libitm1_14.2.0-4ubuntu2~24.04.1_arm64.deb ...
Unpacking libitm1:arm64 (14.2.0-4ubuntu2~24.04.1) ...
Selecting previously unselected package liblsan0:arm64.
Preparing to unpack .../28-liblsan0_14.2.0-4ubuntu2~24.04.1_arm64.deb ...
Unpacking liblsan0:arm64 (14.2.0-4ubuntu2~24.04.1) ...
Selecting previously unselected package libatomic1:arm64.
Preparing to unpack .../26-libatomic1_14.2.0-4ubuntu2~24.04.1_arm64.deb ...
Unpacking libatomic1:arm64 (14.2.0-4ubuntu2~24.04.1) ...
Selecting previously unselected package libasan8:arm64.
Preparing to unpack .../27-libasan8_14.2.0-4ubuntu2~24.04.1_arm64.deb ...
Unpacking libasan8:arm64 (14.2.0-4ubuntu2~24.04.1) ...
Selecting previously unselected package libtsan2:arm64.
Preparing to unpack .../29-libtsan2_14.2.0-4ubuntu2~24.04.1_arm64.deb ...
Unpacking libtsan2:arm64 (14.2.0-4ubuntu2~24.04.1) ...
Hit:1 http://us-east-1.ec2.ports.ubuntu.com/ubuntu-ports noble InRelease
Get:2 http://us-east-1.ec2.ports.ubuntu.com/ubuntu-ports noble-updates InRelease [126 kB]
Selecting previously unselected package libpython3-dev:arm64.
Preparing to unpack .../85-libpython3-dev_3.12.3-0ubuntu2.1_arm64.deb ...
Unpacking libpython3-dev:arm64 (3.12.3-0ubuntu2.1) ...
Selecting previously unselected package libubsan1:arm64.
Get:3 http://us-east-1.ec2.ports.ubuntu.com/ubuntu-ports noble-backports InRelease [126 kB]
Preparing to unpack .../86-linux-tools-common_6.8.0-136.136_all.deb ...
Preparing to unpack .../30-libubsan1_14.2.0-4ubuntu2~24.04.1_arm64.deb ...
Unpacking linux-tools-common (6.8.0-136.136) over (6.8.0-134.134) ...
Unpacking libubsan1:arm64 (14.2.0-4ubuntu2~24.04.1) ...
Selecting previously unselected package liblsan0:arm64.
Preparing to unpack .../28-liblsan0_14.2.0-4ubuntu2~24.04.1_arm64.deb ...
[22:08:58] [portkey] ip=34.229.228.113 - waiting for ssh
Unpacking liblsan0:arm64 (14.2.0-4ubuntu2~24.04.1) ...
Selecting previously unselected package manpages-dev.
Get:4 http://us-east-1.ec2.ports.ubuntu.com/ubuntu-ports noble/universe arm64 Packages [15.3 MB]
Selecting previously unselected package libtsan2:arm64.
Preparing to unpack .../29-libtsan2_14.2.0-4ubuntu2~24.04.1_arm64.deb ...
Unpacking libtsan2:arm64 (14.2.0-4ubuntu2~24.04.1) ...
Preparing to unpack .../87-manpages-dev_6.7-2_all.deb ...
Unpacking manpages-dev (6.7-2) ...
Processing triggers for dbus (1.14.10-4ubuntu4.1) ...
Selecting previously unselected package libhwasan0:arm64.
Preparing to unpack .../31-libhwasan0_14.2.0-4ubuntu2~24.04.1_arm64.deb ...
Unpacking libhwasan0:arm64 (14.2.0-4ubuntu2~24.04.1) ...
Get:5 http://ports.ubuntu.com/ubuntu-ports noble-security InRelease [126 kB]

Reading package lists...Processing triggers for sgml-base (1.31) ...

Selecting previously unselected package libgcc-13-dev:arm64.
Building dependency tree...Preparing to unpack .../32-libgcc-13-dev_13.3.0-6ubuntu2~24.04.1_arm64.deb ...
Unpacking libgcc-13-dev:arm64 (13.3.0-6ubuntu2~24.04.1) ...
Selecting previously unselected package libubsan1:arm64.
Setting up libfontconfig1:arm64 (2.15.0-1.1ubuntu2) ...
Preparing to unpack .../30-libubsan1_14.2.0-4ubuntu2~24.04.1_arm64.deb ...
Unpacking libubsan1:arm64 (14.2.0-4ubuntu2~24.04.1) ...
Get:56 http://us-east-1.ec2.ports.ubuntu.com/ubuntu-ports noble/main arm64 libfakeroot arm64 1.33-1 [32.5 kB]
Get:57 http://us-east-1.ec2.ports.ubuntu.com/ubuntu-ports noble/main arm64 fakeroot arm64 1.33-1 [66.9 kB]
Get:58 http://us-east-1.ec2.ports.ubuntu.com/ubuntu-ports noble/main arm64 fonts-dejavu-mono all 2.37-8 [502 kB]
Get:59 http://us-east-1.ec2.ports.ubuntu.com/ubuntu-ports noble/main arm64 fonts-dejavu-core all 2.37-8 [835 kB]
Setting up libgd3:arm64 (2.3.3-9ubuntu5) ...
Get:60 http://us-east-1.ec2.ports.ubuntu.com/ubuntu-ports noble/main arm64 fontconfig-config arm64 2.15.0-1.1ubuntu2 [37.4 kB]
Get:61 http://us-east-1.ec2.ports.ubuntu.com/ubuntu-ports noble/main arm64 javascript-common all 11+nmu1 [5936 B]
Get:62 http://us-east-1.ec2.ports.ubuntu.com/ubuntu-ports noble/main arm64 libalgorithm-diff-perl all 1.201-1 [41.8 kB]
Get:63 http://us-east-1.ec2.ports.ubuntu.com/ubuntu-ports noble/main arm64 libalgorithm-diff-xs-perl arm64 0.04-8build3 [10.9 kB]
Get:64 http://us-east-1.ec2.ports.ubuntu.com/ubuntu-ports noble/main arm64 libalgorithm-merge-perl all 0.08-5 [11.4 kB]
Get:65 http://us-east-1.ec2.ports.ubuntu.com/ubuntu-ports noble-updates/main arm64 libaom3 arm64 3.8.2-2ubuntu0.1 [1617 kB]
Setting up libc-devtools (2.39-0ubuntu8.8) ...
Get:53 http://us-east-1.ec2.ports.ubuntu.com/ubuntu-ports noble-updates/main arm64 dns-root-data all 2024071801~ubuntu0.24.04.1 [5918 B]
Get:54 http://us-east-1.ec2.ports.ubuntu.com/ubuntu-ports noble-updates/main arm64 dnsmasq-base arm64 2.90-2ubuntu0.4 [367 kB]
Get:55 http://us-east-1.ec2.ports.ubuntu.com/ubuntu-ports noble-updates/universe arm64 docker.io arm64 29.1.3-0ubuntu3~24.04.2 [32.0 MB]
Selecting previously unselected package libhwasan0:arm64.
Processing triggers for libc-bin (2.39-0ubuntu8.8) ...
Preparing to unpack .../31-libhwasan0_14.2.0-4ubuntu2~24.04.1_arm64.deb ...
Unpacking libhwasan0:arm64 (14.2.0-4ubuntu2~24.04.1) ...
Get:66 http://us-east-1.ec2.ports.ubuntu.com/ubuntu-ports noble/main arm64 libfontconfig1 arm64 2.15.0-1.1ubuntu2 [142 kB]
Selecting previously unselected package gcc-13-aarch64-linux-gnu.
Get:67 http://us-east-1.ec2.ports.ubuntu.com/ubuntu-ports noble/main arm64 libsharpyuv0 arm64 1.3.2-0.4build3 [14.5 kB]
Get:68 http://us-east-1.ec2.ports.ubuntu.com/ubuntu-ports noble-updates/main arm64 libheif-plugin-aomdec arm64 1.17.6-1ubuntu4.6 [11.1 kB]
Preparing to unpack .../33-gcc-13-aarch64-linux-gnu_13.3.0-6ubuntu2~24.04.1_arm64.deb ...
Get:69 http://us-east-1.ec2.ports.ubuntu.com/ubuntu-ports noble-updates/main arm64 libheif1 arm64 1.17.6-1ubuntu4.6 [260 kB]
Unpacking gcc-13-aarch64-linux-gnu (13.3.0-6ubuntu2~24.04.1) ...
Get:70 http://us-east-1.ec2.ports.ubuntu.com/ubuntu-ports noble/main arm64 libjpeg-turbo8 arm64 2.1.5-2ubuntu2 [163 kB]
Get:71 http://us-east-1.ec2.ports.ubuntu.com/ubuntu-ports noble/main arm64 libjpeg8 arm64 8c-2ubuntu11 [2148 B]
Get:72 http://us-east-1.ec2.ports.ubuntu.com/ubuntu-ports noble-updates/main arm64 libdeflate0 arm64 1.19-1build1.1 [43.5 kB]
Get:73 http://us-east-1.ec2.ports.ubuntu.com/ubuntu-ports noble/main arm64 libjbig0 arm64 2.1-6.1ubuntu2 [29.3 kB]
Get:74 http://us-east-1.ec2.ports.ubuntu.com/ubuntu-ports noble/main arm64 liblerc4 arm64 4.0.0+ds-4ubuntu2 [154 kB]
Selecting previously unselected package libgcc-13-dev:arm64.
Get:75 http://us-east-1.ec2.ports.ubuntu.com/ubuntu-ports noble/main arm64 libwebp7 arm64 1.3.2-0.4build3 [191 kB]
Get:6 http://us-east-1.ec2.ports.ubuntu.com/ubuntu-ports noble/universe Translation-en [5982 kB]
Get:76 http://us-east-1.ec2.ports.ubuntu.com/ubuntu-ports noble-updates/main arm64 libtiff6 arm64 4.5.1+git230720-4ubuntu2.5 [192 kB]
Preparing to unpack .../32-libgcc-13-dev_13.3.0-6ubuntu2~24.04.1_arm64.deb ...
Selecting previously unselected package python3.12-dev.
Unpacking libgcc-13-dev:arm64 (13.3.0-6ubuntu2~24.04.1) ...
Get:77 http://us-east-1.ec2.ports.ubuntu.com/ubuntu-ports noble-updates/main arm64 libxpm4 arm64 1:3.5.17-1ubuntu0.24.04.1 [35.3 kB]
Get:78 http://us-east-1.ec2.ports.ubuntu.com/ubuntu-ports noble/main arm64 libgd3 arm64 2.3.3-9ubuntu5 [122 kB]
Get:79 http://us-east-1.ec2.ports.ubuntu.com/ubuntu-ports noble-updates/main arm64 libc-devtools arm64 2.39-0ubuntu8.8 [27.8 kB]
Get:80 http://us-east-1.ec2.ports.ubuntu.com/ubuntu-ports noble-updates/main arm64 libexpat1-dev arm64 2.6.1-2ubuntu0.4 [128 kB]
Preparing to unpack .../88-python3.12-dev_3.12.3-1ubuntu0.15_arm64.deb ...
Get:81 http://us-east-1.ec2.ports.ubuntu.com/ubuntu-ports noble/main arm64 libfile-fcntllock-perl arm64 0.22-4ubuntu5 [30.6 kB]
Get:82 http://us-east-1.ec2.ports.ubuntu.com/ubuntu-ports noble-updates/main arm64 libheif-plugin-aomenc arm64 1.17.6-1ubuntu4.6 [13.7 kB]
Get:83 http://us-east-1.ec2.ports.ubuntu.com/ubuntu-ports noble/main arm64 libjs-jquery all 3.6.1+dfsg+~3.5.14-1 [328 kB]
Unpacking python3.12-dev (3.12.3-1ubuntu0.15) ...
Get:84 http://us-east-1.ec2.ports.ubuntu.com/ubuntu-ports noble/main arm64 libjs-underscore all 1.13.4~dfsg+~1.11.4-3 [118 kB]
Get:85 http://us-east-1.ec2.ports.ubuntu.com/ubuntu-ports noble/main arm64 libjs-sphinxdoc all 7.2.6-6 [149 kB]
Get:7 http://us-east-1.ec2.ports.ubuntu.com/ubuntu-ports noble/universe arm64 Components [3573 kB]
Get:86 http://us-east-1.ec2.ports.ubuntu.com/ubuntu-ports noble-updates/main arm64 zlib1g-dev arm64 1:1.3.dfsg-3.1ubuntu2.1 [894 kB]
Get:87 http://us-east-1.ec2.ports.ubuntu.com/ubuntu-ports noble-updates/main arm64 libpython3.12-dev arm64 3.12.3-1ubuntu0.15 [5538 kB]
Get:8 http://us-east-1.ec2.ports.ubuntu.com/ubuntu-ports noble/universe arm64 c-n-f Metadata [295 kB]
Get:9 http://us-east-1.ec2.ports.ubuntu.com/ubuntu-ports noble/multiverse arm64 Packages [223 kB]
Get:10 http://us-east-1.ec2.ports.ubuntu.com/ubuntu-ports noble/multiverse Translation-en [118 kB]
Get:11 http://us-east-1.ec2.ports.ubuntu.com/ubuntu-ports noble/multiverse arm64 Components [31.6 kB]
Get:12 http://us-east-1.ec2.ports.ubuntu.com/ubuntu-ports noble/multiverse arm64 c-n-f Metadata [7152 B]
Get:13 http://us-east-1.ec2.ports.ubuntu.com/ubuntu-ports noble-updates/main arm64 Packages [1190 kB]
Selecting previously unselected package python3-dev.
Get:14 http://us-east-1.ec2.ports.ubuntu.com/ubuntu-ports noble-updates/main Translation-en [278 kB]
Get:15 http://us-east-1.ec2.ports.ubuntu.com/ubuntu-ports noble-updates/main arm64 Components [178 kB]
Preparing to unpack .../89-python3-dev_3.12.3-0ubuntu2.1_arm64.deb ...
Unpacking python3-dev (3.12.3-0ubuntu2.1) ...
Get:16 http://us-east-1.ec2.ports.ubuntu.com/ubuntu-ports noble-updates/universe arm64 Packages [1704 kB]
Get:17 http://us-east-1.ec2.ports.ubuntu.com/ubuntu-ports noble-updates/universe Translation-en [334 kB]
Get:18 http://us-east-1.ec2.ports.ubuntu.com/ubuntu-ports noble-updates/universe arm64 Components [387 kB]
Get:19 http://us-east-1.ec2.ports.ubuntu.com/ubuntu-ports noble-updates/universe arm64 c-n-f Metadata [33.5 kB]

Reading state information...
Selecting previously unselected package gcc-13-aarch64-linux-gnu.
Preparing to unpack .../33-gcc-13-aarch64-linux-gnu_13.3.0-6ubuntu2~24.04.1_arm64.deb ...
Unpacking gcc-13-aarch64-linux-gnu (13.3.0-6ubuntu2~24.04.1) ...
Get:20 http://us-east-1.ec2.ports.ubuntu.com/ubuntu-ports noble-updates/restricted arm64 Packages [2036 kB]
Get:21 http://us-east-1.ec2.ports.ubuntu.com/ubuntu-ports noble-updates/restricted Translation-en [308 kB]
Get:22 http://us-east-1.ec2.ports.ubuntu.com/ubuntu-ports noble-updates/multiverse arm64 Packages [72.7 kB]
Get:23 http://us-east-1.ec2.ports.ubuntu.com/ubuntu-ports noble-updates/multiverse Translation-en [12.3 kB]
Get:24 http://us-east-1.ec2.ports.ubuntu.com/ubuntu-ports noble-updates/multiverse arm64 Components [212 B]
Get:25 http://us-east-1.ec2.ports.ubuntu.com/ubuntu-ports noble-updates/multiverse arm64 c-n-f Metadata [472 B]
Get:26 http://us-east-1.ec2.ports.ubuntu.com/ubuntu-ports noble-backports/main arm64 Packages [40.6 kB]
Get:27 http://us-east-1.ec2.ports.ubuntu.com/ubuntu-ports noble-backports/main Translation-en [9172 B]
Get:28 http://us-east-1.ec2.ports.ubuntu.com/ubuntu-ports noble-backports/main arm64 Components [3572 B]
Get:29 http://us-east-1.ec2.ports.ubuntu.com/ubuntu-ports noble-backports/main arm64 c-n-f Metadata [372 B]
Get:30 http://us-east-1.ec2.ports.ubuntu.com/ubuntu-ports noble-backports/universe arm64 Packages [32.7 kB]
Selecting previously unselected package python3-wheel.
Get:31 http://us-east-1.ec2.ports.ubuntu.com/ubuntu-ports noble-backports/universe Translation-en [18.6 kB]
Get:32 http://us-east-1.ec2.ports.ubuntu.com/ubuntu-ports noble-backports/universe arm64 Components [12.6 kB]
Get:33 http://us-east-1.ec2.ports.ubuntu.com/ubuntu-ports noble-backports/universe arm64 c-n-f Metadata [1592 B]
Get:34 http://us-east-1.ec2.ports.ubuntu.com/ubuntu-ports noble-backports/restricted arm64 Components [212 B]
Get:35 http://us-east-1.ec2.ports.ubuntu.com/ubuntu-ports noble-backports/restricted arm64 c-n-f Metadata [116 B]
Get:36 http://us-east-1.ec2.ports.ubuntu.com/ubuntu-ports noble-backports/multiverse arm64 Packages [748 B]
Get:37 http://us-east-1.ec2.ports.ubuntu.com/ubuntu-ports noble-backports/multiverse Translation-en [340 B]
Get:38 http://us-east-1.ec2.ports.ubuntu.com/ubuntu-ports noble-backports/multiverse arm64 Components [212 B]
Get:39 http://us-east-1.ec2.ports.ubuntu.com/ubuntu-ports noble-backports/multiverse arm64 c-n-f Metadata [116 B]
Preparing to unpack .../90-python3-wheel_0.42.0-2_all.deb ...
Unpacking python3-wheel (0.42.0-2) ...
Selecting previously unselected package python3-pip.
Preparing to unpack .../91-python3-pip_24.0+dfsg-1ubuntu1.3_all.deb ...
Unpacking python3-pip (24.0+dfsg-1ubuntu1.3) ...
Get:88 http://us-east-1.ec2.ports.ubuntu.com/ubuntu-ports noble-updates/main arm64 libpython3-dev arm64 3.12.3-0ubuntu2.1 [10.4 kB]
Get:89 http://us-east-1.ec2.ports.ubuntu.com/ubuntu-ports noble-updates/main arm64 linux-tools-common all 6.8.0-136.136 [416 kB]
Get:90 http://us-east-1.ec2.ports.ubuntu.com/ubuntu-ports noble/main arm64 manpages-dev all 6.7-2 [2013 kB]
Get:91 http://us-east-1.ec2.ports.ubuntu.com/ubuntu-ports noble-updates/main arm64 python3.12-dev arm64 3.12.3-1ubuntu0.15 [498 kB]
Get:92 http://us-east-1.ec2.ports.ubuntu.com/ubuntu-ports noble-updates/main arm64 python3-dev arm64 3.12.3-0ubuntu2.1 [26.7 kB]
Get:93 http://us-east-1.ec2.ports.ubuntu.com/ubuntu-ports noble/universe arm64 python3-wheel all 0.42.0-2 [53.1 kB]
Get:94 http://us-east-1.ec2.ports.ubuntu.com/ubuntu-ports noble-updates/universe arm64 python3-pip all 24.0+dfsg-1ubuntu1.3 [1320 kB]
Selecting previously unselected package gcc-13.
Preparing to unpack .../34-gcc-13_13.3.0-6ubuntu2~24.04.1_arm64.deb ...
Unpacking gcc-13 (13.3.0-6ubuntu2~24.04.1) ...
Get:95 http://us-east-1.ec2.ports.ubuntu.com/ubuntu-ports noble-updates/universe arm64 ubuntu-fan all 0.12.16+24.04.1 [34.2 kB]
Selecting previously unselected package gcc-aarch64-linux-gnu.
Preparing to unpack .../35-gcc-aarch64-linux-gnu_4%3a13.2.0-7ubuntu1_arm64.deb ...
Unpacking gcc-aarch64-linux-gnu (4:13.2.0-7ubuntu1) ...
Selecting previously unselected package gcc.
curl is already the newest version (8.5.0-2ubuntu10.11).
curl set to manually installed.
ca-certificates is already the newest version (20260601~24.04.1).
ca-certificates set to manually installed.
jq is already the newest version (1.7.1-3ubuntu0.24.04.2).
jq set to manually installed.
git is already the newest version (1:2.43.0-1ubuntu7.3).
git set to manually installed.
The following additional packages will be installed:
  binutils binutils-aarch64-linux-gnu binutils-common bridge-utils bzip2
  containerd cpp cpp-13 cpp-13-aarch64-linux-gnu cpp-aarch64-linux-gnu
  dns-root-data dnsmasq-base dpkg-dev fakeroot fontconfig-config
  fonts-dejavu-core fonts-dejavu-mono g++ g++-13 g++-13-aarch64-linux-gnu
  g++-aarch64-linux-gnu gcc gcc-13 gcc-13-aarch64-linux-gnu gcc-13-base
  gcc-aarch64-linux-gnu javascript-common libalgorithm-diff-perl
  libalgorithm-diff-xs-perl libalgorithm-merge-perl libaom3 libasan8
  libatomic1 libbinutils libc-bin libc-dev-bin libc-devtools libc6 libc6-dev
  libcc1-0 libcrypt-dev libctf-nobfd0 libctf0 libdeflate0 libdpkg-perl
Selecting previously unselected package ubuntu-fan.
Preparing to unpack .../92-ubuntu-fan_0.12.16+24.04.1_all.deb ...
Unpacking ubuntu-fan (0.12.16+24.04.1) ...
Preparing to unpack .../36-gcc_4%3a13.2.0-7ubuntu1_arm64.deb ...
Unpacking gcc (4:13.2.0-7ubuntu1) ...
Selecting previously unselected package libstdc++-13-dev:arm64.
Preparing to unpack .../37-libstdc++-13-dev_13.3.0-6ubuntu2~24.04.1_arm64.deb ...
Unpacking libstdc++-13-dev:arm64 (13.3.0-6ubuntu2~24.04.1) ...
Selecting previously unselected package gcc-13.
Preparing to unpack .../34-gcc-13_13.3.0-6ubuntu2~24.04.1_arm64.deb ...
Unpacking gcc-13 (13.3.0-6ubuntu2~24.04.1) ...
Setting up javascript-common (11+nmu1) ...
Selecting previously unselected package gcc-aarch64-linux-gnu.
Preparing to unpack .../35-gcc-aarch64-linux-gnu_4%3a13.2.0-7ubuntu1_arm64.deb ...
Unpacking gcc-aarch64-linux-gnu (4:13.2.0-7ubuntu1) ...
Setting up libsharpyuv0:arm64 (1.3.2-0.4build3) ...
Setting up libaom3:arm64 (3.8.2-2ubuntu0.1) ...
Setting up manpages-dev (6.7-2) ...
Setting up lto-disabled-list (47) ...
Setting up liblerc4:arm64 (4.0.0+ds-4ubuntu2) ...
Selecting previously unselected package gcc.
Setting up libxpm4:arm64 (1:3.5.17-1ubuntu0.24.04.1) ...
Preparing to unpack .../36-gcc_4%3a13.2.0-7ubuntu1_arm64.deb ...
Unpacking gcc (4:13.2.0-7ubuntu1) ...
  libexpat1-dev libfakeroot libfile-fcntllock-perl libfontconfig1
  libgcc-13-dev libgd3 libgomp1 libgprofng0 libheif-plugin-aomdec
  libheif-plugin-aomenc libheif1 libhwasan0 libisl23 libitm1 libjbig0
  libjpeg-turbo8 libjpeg8 libjs-jquery libjs-sphinxdoc libjs-underscore
  liblerc4 liblsan0 libmpc3 libpython3-dev libpython3.12-dev libsframe1
  libsharpyuv0 libstdc++-13-dev libtiff6 libtsan2 libubsan1 libwebp7 libxpm4
  linux-libc-dev linux-tools-common locales lto-disabled-list make
  manpages-dev pigz python3-dev python3-wheel python3.12-dev rpcsvc-proto runc
  ubuntu-fan zlib1g-dev
Suggested packages:
  binutils-doc gprofng-gui ifupdown bzip2-doc cpp-doc gcc-13-locales
  cpp-13-doc aufs-tools cgroupfs-mount | cgroup-lite debootstrap docker-buildx
  docker-compose-v2 docker-doc rinse zfs-fuse | zfsutils debian-keyring
  gcc-13-doc gcc-multilib autoconf automake libtool flex bison gdb gcc-doc
  gdb-aarch64-linux-gnu apache2 | lighttpd | httpd glibc-doc libnss-nis
  libnss-nisplus bzr libgd-tools libheif-plugin-libde265 libheif-plugin-x265
  libheif-plugin-ffmpegdec libheif-plugin-jpegdec libheif-plugin-jpegenc
  libheif-plugin-j2kdec libheif-plugin-j2kenc libheif-plugin-rav1e
  libheif-plugin-svtenc libstdc++-13-doc make-doc
The following NEW packages will be installed:
  binutils binutils-aarch64-linux-gnu binutils-common bridge-utils
  build-essential bzip2 containerd cpp cpp-13 cpp-13-aarch64-linux-gnu
  cpp-aarch64-linux-gnu dns-root-data dnsmasq-base docker.io dpkg-dev fakeroot
  fontconfig-config fonts-dejavu-core fonts-dejavu-mono g++ g++-13
  g++-13-aarch64-linux-gnu g++-aarch64-linux-gnu gcc gcc-13
  gcc-13-aarch64-linux-gnu gcc-13-base gcc-aarch64-linux-gnu javascript-common
  libalgorithm-diff-perl libalgorithm-diff-xs-perl libalgorithm-merge-perl
  libaom3 libasan8 libatomic1 libbinutils libc-dev-bin libc-devtools libc6-dev
  libcc1-0 libcrypt-dev libctf-nobfd0 libctf0 libdeflate0 libdpkg-perl
  libexpat1-dev libfakeroot libfile-fcntllock-perl libfontconfig1
  libgcc-13-dev libgd3 libgomp1 libgprofng0 libheif-plugin-aomdec
  libheif-plugin-aomenc libheif1 libhwasan0 libisl23 libitm1 libjbig0
  libjpeg-turbo8 libjpeg8 libjs-jquery libjs-sphinxdoc libjs-underscore
  liblerc4 liblsan0 libmpc3 libpython3-dev libpython3.12-dev libsframe1
  libsharpyuv0 libstdc++-13-dev libtiff6 libtsan2 libubsan1 libwebp7 libxpm4
  linux-libc-dev lto-disabled-list make manpages-dev pigz python3-dev
  python3-pip python3-wheel python3.12-dev rpcsvc-proto runc ubuntu-fan
  zlib1g-dev
The following packages will be upgraded:
  libc-bin libc6 linux-tools-common locales
4 upgraded, 91 newly installed, 0 to remove and 30 not upgraded.
Need to get 155 MB of archives.
After this operation, 558 MB of additional disk space will be used.
Get:1 http://us-east-1.ec2.ports.ubuntu.com/ubuntu-ports noble-updates/main arm64 libc6 arm64 2.39-0ubuntu8.8 [2775 kB]
Selecting previously unselected package libstdc++-13-dev:arm64.
Get:40 http://ports.ubuntu.com/ubuntu-ports noble-security/main arm64 Packages [940 kB]
Preparing to unpack .../37-libstdc++-13-dev_13.3.0-6ubuntu2~24.04.1_arm64.deb ...
Unpacking libstdc++-13-dev:arm64 (13.3.0-6ubuntu2~24.04.1) ...
Get:2 http://us-east-1.ec2.ports.ubuntu.com/ubuntu-ports noble-updates/main arm64 libc-bin arm64 2.39-0ubuntu8.8 [591 kB]
Setting up libfile-fcntllock-perl (0.22-4ubuntu5) ...
Get:3 http://us-east-1.ec2.ports.ubuntu.com/ubuntu-ports noble/universe arm64 pigz arm64 2.8-1 [60.7 kB]
Get:4 http://us-east-1.ec2.ports.ubuntu.com/ubuntu-ports noble-updates/main arm64 locales all 2.39-0ubuntu8.8 [4231 kB]
Selecting previously unselected package g++-13-aarch64-linux-gnu.
Setting up libalgorithm-diff-perl (1.201-1) ...
Preparing to unpack .../38-g++-13-aarch64-linux-gnu_13.3.0-6ubuntu2~24.04.1_arm64.deb ...
Unpacking g++-13-aarch64-linux-gnu (13.3.0-6ubuntu2~24.04.1) ...
Setting up binutils-common:arm64 (2.42-4ubuntu2.10) ...
Setting up libdeflate0:arm64 (1.19-1build1.1) ...
Setting up linux-libc-dev:arm64 (6.8.0-136.136) ...
Setting up libctf-nobfd0:arm64 (2.42-4ubuntu2.10) ...
Setting up dnsmasq-base (2.90-2ubuntu0.4) ...
Get:37 http://us-east-1.ec2.ports.ubuntu.com/ubuntu-ports noble-updates/main arm64 gcc-13 arm64 13.3.0-6ubuntu2~24.04.1 [484 kB]
Get:38 http://us-east-1.ec2.ports.ubuntu.com/ubuntu-ports noble/main arm64 gcc-aarch64-linux-gnu arm64 4:13.2.0-7ubuntu1 [1198 B]
Get:39 http://us-east-1.ec2.ports.ubuntu.com/ubuntu-ports noble/main arm64 gcc arm64 4:13.2.0-7ubuntu1 [5018 B]
Get:40 http://us-east-1.ec2.ports.ubuntu.com/ubuntu-ports noble-updates/main arm64 libstdc++-13-dev arm64 13.3.0-6ubuntu2~24.04.1 [2397 kB]
Setting up libgomp1:arm64 (14.2.0-4ubuntu2~24.04.1) ...
Setting up bzip2 (1.0.8-5.1build0.1) ...
Get:41 http://us-east-1.ec2.ports.ubuntu.com/ubuntu-ports noble-updates/main arm64 g++-13-aarch64-linux-gnu arm64 13.3.0-6ubuntu2~24.04.1 [10.9 MB]
Get:5 http://us-east-1.ec2.ports.ubuntu.com/ubuntu-ports noble-updates/main arm64 binutils-common arm64 2.42-4ubuntu2.10 [240 kB]
Setting up locales (2.39-0ubuntu8.8) ...
Get:6 http://us-east-1.ec2.ports.ubuntu.com/ubuntu-ports noble-updates/main arm64 libsframe1 arm64 2.42-4ubuntu2.10 [15.4 kB]
Get:7 http://us-east-1.ec2.ports.ubuntu.com/ubuntu-ports noble-updates/main arm64 libbinutils arm64 2.42-4ubuntu2.10 [766 kB]
Get:8 http://us-east-1.ec2.ports.ubuntu.com/ubuntu-ports noble-updates/main arm64 libctf-nobfd0 arm64 2.42-4ubuntu2.10 [101 kB]
Get:9 http://us-east-1.ec2.ports.ubuntu.com/ubuntu-ports noble-updates/main arm64 libctf0 arm64 2.42-4ubuntu2.10 [95.7 kB]
Get:10 http://us-east-1.ec2.ports.ubuntu.com/ubuntu-ports noble-updates/main arm64 libgprofng0 arm64 2.42-4ubuntu2.10 [776 kB]
Get:11 http://us-east-1.ec2.ports.ubuntu.com/ubuntu-ports noble-updates/main arm64 binutils-aarch64-linux-gnu arm64 2.42-4ubuntu2.10 [3304 kB]
Selecting previously unselected package g++-13-aarch64-linux-gnu.
Preparing to unpack .../38-g++-13-aarch64-linux-gnu_13.3.0-6ubuntu2~24.04.1_arm64.deb ...
Unpacking g++-13-aarch64-linux-gnu (13.3.0-6ubuntu2~24.04.1) ...
Selecting previously unselected package g++-13.
Preparing to unpack .../39-g++-13_13.3.0-6ubuntu2~24.04.1_arm64.deb ...
Unpacking g++-13 (13.3.0-6ubuntu2~24.04.1) ...
Selecting previously unselected package g++-aarch64-linux-gnu.
Preparing to unpack .../40-g++-aarch64-linux-gnu_4%3a13.2.0-7ubuntu1_arm64.deb ...
Preconfiguring packages ...
Unpacking g++-aarch64-linux-gnu (4:13.2.0-7ubuntu1) ...
Selecting previously unselected package g++.
Preparing to unpack .../41-g++_4%3a13.2.0-7ubuntu1_arm64.deb ...
Unpacking g++ (4:13.2.0-7ubuntu1) ...
Selecting previously unselected package make.
Preparing to unpack .../42-make_4.3-4.1build2_arm64.deb ...
Unpacking make (4.3-4.1build2) ...
Selecting previously unselected package libdpkg-perl.
Preparing to unpack .../43-libdpkg-perl_1.22.6ubuntu6.6_all.deb ...
Unpacking libdpkg-perl (1.22.6ubuntu6.6) ...
Fetched 155 MB in 6s (24.9 MB/s)
Selecting previously unselected package bzip2.
Preparing to unpack .../44-bzip2_1.0.8-5.1build0.1_arm64.deb ...
Unpacking bzip2 (1.0.8-5.1build0.1) ...
Selecting previously unselected package lto-disabled-list.
Preparing to unpack .../45-lto-disabled-list_47_all.deb ...
Unpacking lto-disabled-list (47) ...
Selecting previously unselected package g++-13.
Preparing to unpack .../39-g++-13_13.3.0-6ubuntu2~24.04.1_arm64.deb ...
Unpacking g++-13 (13.3.0-6ubuntu2~24.04.1) ...
Selecting previously unselected package g++-aarch64-linux-gnu.
Preparing to unpack .../40-g++-aarch64-linux-gnu_4%3a13.2.0-7ubuntu1_arm64.deb ...
Unpacking g++-aarch64-linux-gnu (4:13.2.0-7ubuntu1) ...
Get:12 http://us-east-1.ec2.ports.ubuntu.com/ubuntu-ports noble-updates/main arm64 binutils arm64 2.42-4ubuntu2.10 [18.1 kB]
Get:13 http://us-east-1.ec2.ports.ubuntu.com/ubuntu-ports noble/main arm64 bridge-utils arm64 1.7.1-1ubuntu2 [34.2 kB]
Get:14 http://us-east-1.ec2.ports.ubuntu.com/ubuntu-ports noble-updates/main arm64 libc-dev-bin arm64 2.39-0ubuntu8.8 [19.7 kB]
Get:15 http://us-east-1.ec2.ports.ubuntu.com/ubuntu-ports noble-updates/main arm64 linux-libc-dev arm64 6.8.0-136.136 [1550 kB]
Get:16 http://us-east-1.ec2.ports.ubuntu.com/ubuntu-ports noble/main arm64 libcrypt-dev arm64 1:4.4.36-4build1 [118 kB]
Get:17 http://us-east-1.ec2.ports.ubuntu.com/ubuntu-ports noble/main arm64 rpcsvc-proto arm64 1.4.2-0ubuntu7 [64.8 kB]
Get:18 http://us-east-1.ec2.ports.ubuntu.com/ubuntu-ports noble-updates/main arm64 libc6-dev arm64 2.39-0ubuntu8.8 [1596 kB]
(Reading database ... (Reading database ... 5%(Reading database ... 10%(Reading database ... 15%(Reading database ... 20%(Reading database ... 25%(Reading database ... 30%(Reading database ... 35%(Reading database ... 40%(Reading database ... 45%(Reading database ... 50%(Reading database ... 55%Selecting previously unselected package g++.
Preparing to unpack .../41-g++_4%3a13.2.0-7ubuntu1_arm64.deb ...
Unpacking g++ (4:13.2.0-7ubuntu1) ...
Get:19 http://us-east-1.ec2.ports.ubuntu.com/ubuntu-ports noble-updates/main arm64 gcc-13-base arm64 13.3.0-6ubuntu2~24.04.1 [51.6 kB]
Get:20 http://us-east-1.ec2.ports.ubuntu.com/ubuntu-ports noble-updates/main arm64 libisl23 arm64 0.26-3build1.1 [669 kB]
Get:21 http://us-east-1.ec2.ports.ubuntu.com/ubuntu-ports noble-updates/main arm64 libmpc3 arm64 1.3.1-1build1.1 [56.4 kB]
Get:22 http://us-east-1.ec2.ports.ubuntu.com/ubuntu-ports noble-updates/main arm64 cpp-13-aarch64-linux-gnu arm64 13.3.0-6ubuntu2~24.04.1 [9560 kB]
Selecting previously unselected package make.
Preparing to unpack .../42-make_4.3-4.1build2_arm64.deb ...
Selecting previously unselected package dpkg-dev.
Unpacking make (4.3-4.1build2) ...
Preparing to unpack .../46-dpkg-dev_1.22.6ubuntu6.6_all.deb ...
(Reading database ... 60%Unpacking dpkg-dev (1.22.6ubuntu6.6) ...
Selecting previously unselected package libdpkg-perl.
Preparing to unpack .../43-libdpkg-perl_1.22.6ubuntu6.6_all.deb ...
Unpacking libdpkg-perl (1.22.6ubuntu6.6) ...
Get:42 http://us-east-1.ec2.ports.ubuntu.com/ubuntu-ports noble-updates/main arm64 g++-13 arm64 13.3.0-6ubuntu2~24.04.1 [16.0 kB]
Get:43 http://us-east-1.ec2.ports.ubuntu.com/ubuntu-ports noble/main arm64 g++-aarch64-linux-gnu arm64 4:13.2.0-7ubuntu1 [962 B]
Get:44 http://us-east-1.ec2.ports.ubuntu.com/ubuntu-ports noble/main arm64 g++ arm64 4:13.2.0-7ubuntu1 [1082 B]
Get:45 http://us-east-1.ec2.ports.ubuntu.com/ubuntu-ports noble/main arm64 make arm64 4.3-4.1build2 [178 kB]
(Reading database ... 65%Get:46 http://us-east-1.ec2.ports.ubuntu.com/ubuntu-ports noble-updates/main arm64 libdpkg-perl all 1.22.6ubuntu6.6 [268 kB]
Get:47 http://us-east-1.ec2.ports.ubuntu.com/ubuntu-ports noble-updates/main arm64 bzip2 arm64 1.0.8-5.1build0.1 [34.0 kB]
Get:48 http://us-east-1.ec2.ports.ubuntu.com/ubuntu-ports noble/main arm64 lto-disabled-list all 47 [12.4 kB]
Get:49 http://us-east-1.ec2.ports.ubuntu.com/ubuntu-ports noble-updates/main arm64 dpkg-dev all 1.22.6ubuntu6.6 [1074 kB]
Get:50 http://us-east-1.ec2.ports.ubuntu.com/ubuntu-ports noble/main arm64 build-essential arm64 12.10ubuntu1 [4932 B]
Get:51 http://us-east-1.ec2.ports.ubuntu.com/ubuntu-ports noble-updates/main arm64 runc arm64 1.3.4-0ubuntu1~24.04.1 [8578 kB]
Selecting previously unselected package bzip2.
Preparing to unpack .../44-bzip2_1.0.8-5.1build0.1_arm64.deb ...
Unpacking bzip2 (1.0.8-5.1build0.1) ...
(Reading database ... 70%Selecting previously unselected package build-essential.
Preparing to unpack .../47-build-essential_12.10ubuntu1_arm64.deb ...
Unpacking build-essential (12.10ubuntu1) ...
Selecting previously unselected package lto-disabled-list.
Preparing to unpack .../45-lto-disabled-list_47_all.deb ...
Unpacking lto-disabled-list (47) ...
Selecting previously unselected package runc.
Preparing to unpack .../48-runc_1.3.4-0ubuntu1~24.04.1_arm64.deb ...
(Reading database ... 75%Unpacking runc (1.3.4-0ubuntu1~24.04.1) ...
Selecting previously unselected package dpkg-dev.
Preparing to unpack .../46-dpkg-dev_1.22.6ubuntu6.6_all.deb ...
Unpacking dpkg-dev (1.22.6ubuntu6.6) ...
(Reading database ... 80%Generating locales (this might take a while)...
  en_US.UTF-8...(Reading database ... 85%Selecting previously unselected package build-essential.
Preparing to unpack .../47-build-essential_12.10ubuntu1_arm64.deb ...
Unpacking build-essential (12.10ubuntu1) ...
Get:56 http://us-east-1.ec2.ports.ubuntu.com/ubuntu-ports noble/main arm64 libfakeroot arm64 1.33-1 [32.5 kB]
Get:57 http://us-east-1.ec2.ports.ubuntu.com/ubuntu-ports noble/main arm64 fakeroot arm64 1.33-1 [66.9 kB]
Get:58 http://us-east-1.ec2.ports.ubuntu.com/ubuntu-ports noble/main arm64 fonts-dejavu-mono all 2.37-8 [502 kB]
Get:59 http://us-east-1.ec2.ports.ubuntu.com/ubuntu-ports noble/main arm64 fonts-dejavu-core all 2.37-8 [835 kB]
(Reading database ... 90%Get:60 http://us-east-1.ec2.ports.ubuntu.com/ubuntu-ports noble/main arm64 fontconfig-config arm64 2.15.0-1.1ubuntu2 [37.4 kB]
Get:61 http://us-east-1.ec2.ports.ubuntu.com/ubuntu-ports noble/main arm64 javascript-common all 11+nmu1 [5936 B]
Get:62 http://us-east-1.ec2.ports.ubuntu.com/ubuntu-ports noble/main arm64 libalgorithm-diff-perl all 1.201-1 [41.8 kB]
Get:63 http://us-east-1.ec2.ports.ubuntu.com/ubuntu-ports noble/main arm64 libalgorithm-diff-xs-perl arm64 0.04-8build3 [10.9 kB]
Get:64 http://us-east-1.ec2.ports.ubuntu.com/ubuntu-ports noble/main arm64 libalgorithm-merge-perl all 0.08-5 [11.4 kB]
Get:65 http://us-east-1.ec2.ports.ubuntu.com/ubuntu-ports noble-updates/main arm64 libaom3 arm64 3.8.2-2ubuntu0.1 [1617 kB]
Selecting previously unselected package runc.
Preparing to unpack .../48-runc_1.3.4-0ubuntu1~24.04.1_arm64.deb ...
Unpacking runc (1.3.4-0ubuntu1~24.04.1) ...
Selecting previously unselected package containerd.
Preparing to unpack .../49-containerd_2.2.1-0ubuntu1~24.04.3_arm64.deb ...
Unpacking containerd (2.2.1-0ubuntu1~24.04.3) ...
(Reading database ... 95%Get:66 http://us-east-1.ec2.ports.ubuntu.com/ubuntu-ports noble/main arm64 libfontconfig1 arm64 2.15.0-1.1ubuntu2 [142 kB]
Get:67 http://us-east-1.ec2.ports.ubuntu.com/ubuntu-ports noble/main arm64 libsharpyuv0 arm64 1.3.2-0.4build3 [14.5 kB]
Get:68 http://us-east-1.ec2.ports.ubuntu.com/ubuntu-ports noble-updates/main arm64 libheif-plugin-aomdec arm64 1.17.6-1ubuntu4.6 [11.1 kB]
Get:69 http://us-east-1.ec2.ports.ubuntu.com/ubuntu-ports noble-updates/main arm64 libheif1 arm64 1.17.6-1ubuntu4.6 [260 kB]
Get:70 http://us-east-1.ec2.ports.ubuntu.com/ubuntu-ports noble/main arm64 libjpeg-turbo8 arm64 2.1.5-2ubuntu2 [163 kB]
Get:71 http://us-east-1.ec2.ports.ubuntu.com/ubuntu-ports noble/main arm64 libjpeg8 arm64 8c-2ubuntu11 [2148 B]
Get:72 http://us-east-1.ec2.ports.ubuntu.com/ubuntu-ports noble-updates/main arm64 libdeflate0 arm64 1.19-1build1.1 [43.5 kB]
Get:73 http://us-east-1.ec2.ports.ubuntu.com/ubuntu-ports noble/main arm64 libjbig0 arm64 2.1-6.1ubuntu2 [29.3 kB]
Get:74 http://us-east-1.ec2.ports.ubuntu.com/ubuntu-ports noble/main arm64 liblerc4 arm64 4.0.0+ds-4ubuntu2 [154 kB]
Get:75 http://us-east-1.ec2.ports.ubuntu.com/ubuntu-ports noble/main arm64 libwebp7 arm64 1.3.2-0.4build3 [191 kB]
Get:76 http://us-east-1.ec2.ports.ubuntu.com/ubuntu-ports noble-updates/main arm64 libtiff6 arm64 4.5.1+git230720-4ubuntu2.5 [192 kB]
Get:77 http://us-east-1.ec2.ports.ubuntu.com/ubuntu-ports noble-updates/main arm64 libxpm4 arm64 1:3.5.17-1ubuntu0.24.04.1 [35.3 kB]
Get:78 http://us-east-1.ec2.ports.ubuntu.com/ubuntu-ports noble/main arm64 libgd3 arm64 2.3.3-9ubuntu5 [122 kB]
Get:79 http://us-east-1.ec2.ports.ubuntu.com/ubuntu-ports noble-updates/main arm64 libc-devtools arm64 2.39-0ubuntu8.8 [27.8 kB]
Get:80 http://us-east-1.ec2.ports.ubuntu.com/ubuntu-ports noble-updates/main arm64 libexpat1-dev arm64 2.6.1-2ubuntu0.4 [128 kB]
Get:81 http://us-east-1.ec2.ports.ubuntu.com/ubuntu-ports noble/main arm64 libfile-fcntllock-perl arm64 0.22-4ubuntu5 [30.6 kB]
Get:82 http://us-east-1.ec2.ports.ubuntu.com/ubuntu-ports noble-updates/main arm64 libheif-plugin-aomenc arm64 1.17.6-1ubuntu4.6 [13.7 kB]
Get:83 http://us-east-1.ec2.ports.ubuntu.com/ubuntu-ports noble/main arm64 libjs-jquery all 3.6.1+dfsg+~3.5.14-1 [328 kB]
Get:84 http://us-east-1.ec2.ports.ubuntu.com/ubuntu-ports noble/main arm64 libjs-underscore all 1.13.4~dfsg+~1.11.4-3 [118 kB]
Get:85 http://us-east-1.ec2.ports.ubuntu.com/ubuntu-ports noble/main arm64 libjs-sphinxdoc all 7.2.6-6 [149 kB]
Get:23 http://us-east-1.ec2.ports.ubuntu.com/ubuntu-ports noble-updates/main arm64 cpp-13 arm64 13.3.0-6ubuntu2~24.04.1 [1038 B]
Get:24 http://us-east-1.ec2.ports.ubuntu.com/ubuntu-ports noble/main arm64 cpp-aarch64-linux-gnu arm64 4:13.2.0-7ubuntu1 [5316 B]
Get:25 http://us-east-1.ec2.ports.ubuntu.com/ubuntu-ports noble/main arm64 cpp arm64 4:13.2.0-7ubuntu1 [22.4 kB]
Get:26 http://us-east-1.ec2.ports.ubuntu.com/ubuntu-ports noble-updates/main arm64 libcc1-0 arm64 14.2.0-4ubuntu2~24.04.1 [49.7 kB]
Get:86 http://us-east-1.ec2.ports.ubuntu.com/ubuntu-ports noble-updates/main arm64 zlib1g-dev arm64 1:1.3.dfsg-3.1ubuntu2.1 [894 kB]
Get:41 http://ports.ubuntu.com/ubuntu-ports noble-security/main Translation-en [198 kB]
Get:27 http://us-east-1.ec2.ports.ubuntu.com/ubuntu-ports noble-updates/main arm64 libgomp1 arm64 14.2.0-4ubuntu2~24.04.1 [145 kB]
Get:28 http://us-east-1.ec2.ports.ubuntu.com/ubuntu-ports noble-updates/main arm64 libitm1 arm64 14.2.0-4ubuntu2~24.04.1 [28.2 kB]
Get:29 http://us-east-1.ec2.ports.ubuntu.com/ubuntu-ports noble-updates/main arm64 libatomic1 arm64 14.2.0-4ubuntu2~24.04.1 [11.6 kB]
Get:30 http://us-east-1.ec2.ports.ubuntu.com/ubuntu-ports noble-updates/main arm64 libasan8 arm64 14.2.0-4ubuntu2~24.04.1 [2928 kB]
Get:87 http://us-east-1.ec2.ports.ubuntu.com/ubuntu-ports noble-updates/main arm64 libpython3.12-dev arm64 3.12.3-1ubuntu0.15 [5538 kB]
Get:42 http://ports.ubuntu.com/ubuntu-ports noble-security/main arm64 Components [43.3 kB]
Get:43 http://ports.ubuntu.com/ubuntu-ports noble-security/main arm64 c-n-f Metadata [11.6 kB]
Get:44 http://ports.ubuntu.com/ubuntu-ports noble-security/universe arm64 Packages [1259 kB]
(Reading database ... 100%(Reading database ... 74109 files and directories currently installed.)
Preparing to unpack .../libc6_2.39-0ubuntu8.8_arm64.deb ...
Get:52 http://us-east-1.ec2.ports.ubuntu.com/ubuntu-ports noble-updates/main arm64 containerd arm64 2.2.1-0ubuntu1~24.04.3 [25.2 MB]
Get:31 http://us-east-1.ec2.ports.ubuntu.com/ubuntu-ports noble-updates/main arm64 liblsan0 arm64 14.2.0-4ubuntu2~24.04.1 [1289 kB]
Get:32 http://us-east-1.ec2.ports.ubuntu.com/ubuntu-ports noble-updates/main arm64 libtsan2 arm64 14.2.0-4ubuntu2~24.04.1 [2697 kB]
Unpacking libc6:arm64 (2.39-0ubuntu8.8) over (2.39-0ubuntu8.7) ...
Get:33 http://us-east-1.ec2.ports.ubuntu.com/ubuntu-ports noble-updates/main arm64 libubsan1 arm64 14.2.0-4ubuntu2~24.04.1 [1157 kB]
Get:34 http://us-east-1.ec2.ports.ubuntu.com/ubuntu-ports noble-updates/main arm64 libhwasan0 arm64 14.2.0-4ubuntu2~24.04.1 [1605 kB]
Get:88 http://us-east-1.ec2.ports.ubuntu.com/ubuntu-ports noble-updates/main arm64 libpython3-dev arm64 3.12.3-0ubuntu2.1 [10.4 kB]
Get:89 http://us-east-1.ec2.ports.ubuntu.com/ubuntu-ports noble-updates/main arm64 linux-tools-common all 6.8.0-136.136 [416 kB]
Get:90 http://us-east-1.ec2.ports.ubuntu.com/ubuntu-ports noble/main arm64 manpages-dev all 6.7-2 [2013 kB]
Get:35 http://us-east-1.ec2.ports.ubuntu.com/ubuntu-ports noble-updates/main arm64 libgcc-13-dev arm64 13.3.0-6ubuntu2~24.04.1 [2473 kB]
Get:91 http://us-east-1.ec2.ports.ubuntu.com/ubuntu-ports noble-updates/main arm64 python3.12-dev arm64 3.12.3-1ubuntu0.15 [498 kB]
Get:92 http://us-east-1.ec2.ports.ubuntu.com/ubuntu-ports noble-updates/main arm64 python3-dev arm64 3.12.3-0ubuntu2.1 [26.7 kB]
Get:93 http://us-east-1.ec2.ports.ubuntu.com/ubuntu-ports noble/universe arm64 python3-wheel all 0.42.0-2 [53.1 kB]
Get:94 http://us-east-1.ec2.ports.ubuntu.com/ubuntu-ports noble-updates/universe arm64 python3-pip all 24.0+dfsg-1ubuntu1.3 [1320 kB]
[22:09:00] [portkey] installing deps (bare base: docker + psutil; the rig is a prebuilt download, and each
[22:09:00] [portkey] gateway installs its OWN prereqs via gw_prereqs - no blanket build toolchain on every box)
Get:36 http://us-east-1.ec2.ports.ubuntu.com/ubuntu-ports noble-updates/main arm64 gcc-13-aarch64-linux-gnu arm64 13.3.0-6ubuntu2~24.04.1 [18.7 MB]
Get:95 http://us-east-1.ec2.ports.ubuntu.com/ubuntu-ports noble-updates/universe arm64 ubuntu-fan all 0.12.16+24.04.1 [34.2 kB]
Selecting previously unselected package containerd.
Preparing to unpack .../49-containerd_2.2.1-0ubuntu1~24.04.3_arm64.deb ...
Unpacking containerd (2.2.1-0ubuntu1~24.04.3) ...
Get:45 http://ports.ubuntu.com/ubuntu-ports noble-security/universe Translation-en [239 kB]
Get:46 http://ports.ubuntu.com/ubuntu-ports noble-security/universe arm64 Components [76.3 kB]
Setting up libc6:arm64 (2.39-0ubuntu8.8) ...
Get:47 http://ports.ubuntu.com/ubuntu-ports noble-security/universe arm64 c-n-f Metadata [23.7 kB]
Get:48 http://ports.ubuntu.com/ubuntu-ports noble-security/restricted arm64 Packages [1930 kB]
Selecting previously unselected package dns-root-data.
Preparing to unpack .../50-dns-root-data_2024071801~ubuntu0.24.04.1_all.deb ...
Unpacking dns-root-data (2024071801~ubuntu0.24.04.1) ...
Selecting previously unselected package dnsmasq-base.
Preparing to unpack .../51-dnsmasq-base_2.90-2ubuntu0.4_arm64.deb ...
Unpacking dnsmasq-base (2.90-2ubuntu0.4) ...
Fetched 37.7 MB in 4s (9278 kB/s)
Reading package lists...Selecting previously unselected package docker.io.
Preparing to unpack .../52-docker.io_29.1.3-0ubuntu3~24.04.2_arm64.deb ...
Unpacking docker.io (29.1.3-0ubuntu3~24.04.2) ...
Warning: Permanently added '34.229.228.113' (ED25519) to the list of known hosts.
Get:49 http://ports.ubuntu.com/ubuntu-ports noble-security/restricted Translation-en [290 kB]
Get:50 http://ports.ubuntu.com/ubuntu-ports noble-security/restricted arm64 Components [212 B]
Get:51 http://ports.ubuntu.com/ubuntu-ports noble-security/restricted arm64 c-n-f Metadata [388 B]
Get:52 http://ports.ubuntu.com/ubuntu-ports noble-security/multiverse arm64 Packages [68.7 kB]
Get:53 http://ports.ubuntu.com/ubuntu-ports noble-security/multiverse Translation-en [10.6 kB]
Get:54 http://ports.ubuntu.com/ubuntu-ports noble-security/multiverse arm64 Components [208 B]
Get:55 http://ports.ubuntu.com/ubuntu-ports noble-security/multiverse arm64 c-n-f Metadata [456 B]

Running kernel seems to be up-to-date.

Restarting services...
(Reading database ... (Reading database ... 5%(Reading database ... 10%(Reading database ... 15%(Reading database ... 20%(Reading database ... 25%(Reading database ... 30%(Reading database ... 35%(Reading database ... 40%(Reading database ... 45%(Reading database ... 50%(Reading database ... 55%(Reading database ... 60%(Reading database ... 65%(Reading database ... 70%(Reading database ... 75%(Reading database ... 80%(Reading database ... 85%(Reading database ... 90%(Reading database ... 95%(Reading database ... 100%(Reading database ... 74109 files and directories currently installed.)
Preparing to unpack .../libc-bin_2.39-0ubuntu8.8_arm64.deb ...
Unpacking libc-bin (2.39-0ubuntu8.8) over (2.39-0ubuntu8.7) ...
Selecting previously unselected package dns-root-data.
Preparing to unpack .../50-dns-root-data_2024071801~ubuntu0.24.04.1_all.deb ...
Unpacking dns-root-data (2024071801~ubuntu0.24.04.1) ...
Preconfiguring packages ...
Selecting previously unselected package dnsmasq-base.
Preparing to unpack .../51-dnsmasq-base_2.90-2ubuntu0.4_arm64.deb ...
 systemctl restart acpid.service chrony.service cron.service irqbalance.service multipathd.service packagekit.service polkit.service rsyslog.service ssh.service systemd-journald.service systemd-networkd.service systemd-resolved.service systemd-udevd.service udisks2.service
Unpacking dnsmasq-base (2.90-2ubuntu0.4) ...
Setting up libc-bin (2.39-0ubuntu8.8) ...
Selecting previously unselected package docker.io.
Preparing to unpack .../52-docker.io_29.1.3-0ubuntu3~24.04.2_arm64.deb ...
Fetched 155 MB in 9s (16.5 MB/s)
Unpacking docker.io (29.1.3-0ubuntu3~24.04.2) ...
Selecting previously unselected package pigz.
(Reading database ... (Reading database ... 5%(Reading database ... 10%(Reading database ... 15%(Reading database ... 20%(Reading database ... 25%(Reading database ... 30%(Reading database ... 35%(Reading database ... 40%(Reading database ... 45%(Reading database ... 50%(Reading database ... 55%(Reading database ... 60%(Reading database ... 65%(Reading database ... 70%(Reading database ... 75%(Reading database ... 80%(Reading database ... 85%(Reading database ... 90%(Reading database ... 95%(Reading database ... 100%(Reading database ... 74109 files and directories currently installed.)(Reading database ... (Reading database ... 5%(Reading database ... 10%(Reading database ... 15%(Reading database ... 20%(Reading database ... 25%(Reading database ... 30%(Reading database ... 35%(Reading database ... 40%(Reading database ... 45%(Reading database ... 50%(Reading database ... 55%
Preparing to unpack .../00-pigz_2.8-1_arm64.deb ...
Unpacking pigz (2.8-1) ...
Preparing to unpack .../01-locales_2.39-0ubuntu8.8_all.deb ...
Unpacking locales (2.39-0ubuntu8.8) over (2.39-0ubuntu8.7) ...

Service restarts being deferred:
 systemctl restart ModemManager.service
 /etc/needrestart/restart.d/dbus.service
 systemctl restart getty@tty1.service
 systemctl restart networkd-dispatcher.service
 systemctl restart serial-getty@ttyS0.service
 systemctl restart systemd-logind.service
 systemctl restart unattended-upgrades.service

No containers need to be restarted.

User sessions running outdated binaries:
 ubuntu @ session #3: sshd[1441,1525]
 ubuntu @ user manager service: systemd[1295]

No VM guests are running outdated hypervisor (qemu) binaries on this host.
(Reading database ... 60%(Reading database ... 65%(Reading database ... 70%(Reading database ... 75%Selecting previously unselected package libfakeroot:arm64.
Preparing to unpack .../53-libfakeroot_1.33-1_arm64.deb ...
Unpacking libfakeroot:arm64 (1.33-1) ...
(Reading database ... 80%Selecting previously unselected package fakeroot.
Selecting previously unselected package binutils-common:arm64.
Preparing to unpack .../54-fakeroot_1.33-1_arm64.deb ...
Unpacking fakeroot (1.33-1) ...
Preparing to unpack .../02-binutils-common_2.42-4ubuntu2.10_arm64.deb ...
Unpacking binutils-common:arm64 (2.42-4ubuntu2.10) ...
Get:53 http://us-east-1.ec2.ports.ubuntu.com/ubuntu-ports noble-updates/main arm64 dns-root-data all 2024071801~ubuntu0.24.04.1 [5918 B]
Get:54 http://us-east-1.ec2.ports.ubuntu.com/ubuntu-ports noble-updates/main arm64 dnsmasq-base arm64 2.90-2ubuntu0.4 [367 kB]
Get:55 http://us-east-1.ec2.ports.ubuntu.com/ubuntu-ports noble-updates/universe arm64 docker.io arm64 29.1.3-0ubuntu3~24.04.2 [32.0 MB]
(Reading database ... 85%Selecting previously unselected package fonts-dejavu-mono.
Preparing to unpack .../55-fonts-dejavu-mono_2.37-8_all.deb ...
Unpacking fonts-dejavu-mono (2.37-8) ...
Selecting previously unselected package libsframe1:arm64.
(Reading database ... 90%Preparing to unpack .../03-libsframe1_2.42-4ubuntu2.10_arm64.deb ...
Get:37 http://us-east-1.ec2.ports.ubuntu.com/ubuntu-ports noble-updates/main arm64 gcc-13 arm64 13.3.0-6ubuntu2~24.04.1 [484 kB]
Selecting previously unselected package fonts-dejavu-core.
Get:38 http://us-east-1.ec2.ports.ubuntu.com/ubuntu-ports noble/main arm64 gcc-aarch64-linux-gnu arm64 4:13.2.0-7ubuntu1 [1198 B]
Get:39 http://us-east-1.ec2.ports.ubuntu.com/ubuntu-ports noble/main arm64 gcc arm64 4:13.2.0-7ubuntu1 [5018 B]
Get:40 http://us-east-1.ec2.ports.ubuntu.com/ubuntu-ports noble-updates/main arm64 libstdc++-13-dev arm64 13.3.0-6ubuntu2~24.04.1 [2397 kB]
Unpacking libsframe1:arm64 (2.42-4ubuntu2.10) ...
Preparing to unpack .../56-fonts-dejavu-core_2.37-8_all.deb ...
Unpacking fonts-dejavu-core (2.37-8) ...
(Reading database ... 95%
Selecting previously unselected package libbinutils:arm64.
Preparing to unpack .../04-libbinutils_2.42-4ubuntu2.10_arm64.deb ...
Reading package lists...Selecting previously unselected package fontconfig-config.
Unpacking libbinutils:arm64 (2.42-4ubuntu2.10) ...
(Reading database ... 100%(Reading database ... 74109 files and directories currently installed.)
Get:41 http://us-east-1.ec2.ports.ubuntu.com/ubuntu-ports noble-updates/main arm64 g++-13-aarch64-linux-gnu arm64 13.3.0-6ubuntu2~24.04.1 [10.9 MB]
Preparing to unpack .../libc6_2.39-0ubuntu8.8_arm64.deb ...

Preparing to unpack .../57-fontconfig-config_2.15.0-1.1ubuntu2_arm64.deb ...
Building dependency tree...Selecting previously unselected package libctf-nobfd0:arm64.
Preparing to unpack .../05-libctf-nobfd0_2.42-4ubuntu2.10_arm64.deb ...
Unpacking libctf-nobfd0:arm64 (2.42-4ubuntu2.10) ...
Get:42 http://us-east-1.ec2.ports.ubuntu.com/ubuntu-ports noble-updates/main arm64 g++-13 arm64 13.3.0-6ubuntu2~24.04.1 [16.0 kB]
Get:43 http://us-east-1.ec2.ports.ubuntu.com/ubuntu-ports noble/main arm64 g++-aarch64-linux-gnu arm64 4:13.2.0-7ubuntu1 [962 B]
Get:44 http://us-east-1.ec2.ports.ubuntu.com/ubuntu-ports noble/main arm64 g++ arm64 4:13.2.0-7ubuntu1 [1082 B]
Get:45 http://us-east-1.ec2.ports.ubuntu.com/ubuntu-ports noble/main arm64 make arm64 4.3-4.1build2 [178 kB]
Get:46 http://us-east-1.ec2.ports.ubuntu.com/ubuntu-ports noble-updates/main arm64 libdpkg-perl all 1.22.6ubuntu6.6 [268 kB]
Get:47 http://us-east-1.ec2.ports.ubuntu.com/ubuntu-ports noble-updates/main arm64 bzip2 arm64 1.0.8-5.1build0.1 [34.0 kB]
Selecting previously unselected package libctf0:arm64.
 done
Generation complete.
Get:48 http://us-east-1.ec2.ports.ubuntu.com/ubuntu-ports noble/main arm64 lto-disabled-list all 47 [12.4 kB]
Get:49 http://us-east-1.ec2.ports.ubuntu.com/ubuntu-ports noble-updates/main arm64 dpkg-dev all 1.22.6ubuntu6.6 [1074 kB]
Preparing to unpack .../06-libctf0_2.42-4ubuntu2.10_arm64.deb ...
Unpacking fontconfig-config (2.15.0-1.1ubuntu2) ...
Unpacking libctf0:arm64 (2.42-4ubuntu2.10) ...
Get:50 http://us-east-1.ec2.ports.ubuntu.com/ubuntu-ports noble/main arm64 build-essential arm64 12.10ubuntu1 [4932 B]
Get:51 http://us-east-1.ec2.ports.ubuntu.com/ubuntu-ports noble-updates/main arm64 runc arm64 1.3.4-0ubuntu1~24.04.1 [8578 kB]
Unpacking libc6:arm64 (2.39-0ubuntu8.8) over (2.39-0ubuntu8.7) ...
Setting up python3-wheel (0.42.0-2) ...
Selecting previously unselected package javascript-common.
Preparing to unpack .../58-javascript-common_11+nmu1_all.deb ...
Unpacking javascript-common (11+nmu1) ...
Selecting previously unselected package libgprofng0:arm64.
Preparing to unpack .../07-libgprofng0_2.42-4ubuntu2.10_arm64.deb ...
Unpacking libgprofng0:arm64 (2.42-4ubuntu2.10) ...
Selecting previously unselected package libalgorithm-diff-perl.
Preparing to unpack .../59-libalgorithm-diff-perl_1.201-1_all.deb ...
[22:09:01] [tensorzero] ip=54.158.213.81 - waiting for ssh

Reading state information...
Unpacking libalgorithm-diff-perl (1.201-1) ...
Get:52 http://us-east-1.ec2.ports.ubuntu.com/ubuntu-ports noble-updates/main arm64 containerd arm64 2.2.1-0ubuntu1~24.04.3 [25.2 MB]
Hit:1 http://us-east-1.ec2.ports.ubuntu.com/ubuntu-ports noble InRelease
Get:2 http://us-east-1.ec2.ports.ubuntu.com/ubuntu-ports noble-updates InRelease [126 kB]
Get:3 http://us-east-1.ec2.ports.ubuntu.com/ubuntu-ports noble-backports InRelease [126 kB]
Selecting previously unselected package libalgorithm-diff-xs-perl:arm64.
Preparing to unpack .../60-libalgorithm-diff-xs-perl_0.04-8build3_arm64.deb ...
Unpacking libalgorithm-diff-xs-perl:arm64 (0.04-8build3) ...
Selecting previously unselected package binutils-aarch64-linux-gnu.
Preparing to unpack .../08-binutils-aarch64-linux-gnu_2.42-4ubuntu2.10_arm64.deb ...
Unpacking binutils-aarch64-linux-gnu (2.42-4ubuntu2.10) ...
Selecting previously unselected package libalgorithm-merge-perl.
Preparing to unpack .../61-libalgorithm-merge-perl_0.08-5_all.deb ...
Unpacking libalgorithm-merge-perl (0.08-5) ...
Selecting previously unselected package libaom3:arm64.
Preparing to unpack .../62-libaom3_3.8.2-2ubuntu0.1_arm64.deb ...
Unpacking libaom3:arm64 (3.8.2-2ubuntu0.1) ...
Get:4 http://us-east-1.ec2.ports.ubuntu.com/ubuntu-ports noble/universe arm64 Packages [15.3 MB]
Setting up libc6:arm64 (2.39-0ubuntu8.8) ...
Setting up libjbig0:arm64 (2.1-6.1ubuntu2) ...
Setting up libsframe1:arm64 (2.42-4ubuntu2.10) ...
Setting up libfakeroot:arm64 (1.33-1) ...
Setting up runc (1.3.4-0ubuntu1~24.04.1) ...
Setting up dns-root-data (2024071801~ubuntu0.24.04.1) ...
Setting up fakeroot (1.33-1) ...
Get:5 http://ports.ubuntu.com/ubuntu-ports noble-security InRelease [126 kB]
Selecting previously unselected package binutils.
Preparing to unpack .../09-binutils_2.42-4ubuntu2.10_arm64.deb ...
Unpacking binutils (2.42-4ubuntu2.10) ...
Selecting previously unselected package libfontconfig1:arm64.
Preparing to unpack .../63-libfontconfig1_2.15.0-1.1ubuntu2_arm64.deb ...
Unpacking libfontconfig1:arm64 (2.15.0-1.1ubuntu2) ...
update-alternatives: using /usr/bin/fakeroot-sysv to provide /usr/bin/fakeroot (fakeroot) in auto mode
Selecting previously unselected package libsharpyuv0:arm64.
Preparing to unpack .../64-libsharpyuv0_1.3.2-0.4build3_arm64.deb ...
Setting up rpcsvc-proto (1.4.2-0ubuntu7) ...
Unpacking libsharpyuv0:arm64 (1.3.2-0.4build3) ...
Setting up gcc-13-base:arm64 (13.3.0-6ubuntu2~24.04.1) ...
Get:6 http://us-east-1.ec2.ports.ubuntu.com/ubuntu-ports noble/universe Translation-en [5982 kB]
Selecting previously unselected package bridge-utils.
Selecting previously unselected package libheif-plugin-aomdec:arm64.
Preparing to unpack .../10-bridge-utils_1.7.1-1ubuntu2_arm64.deb ...
Unpacking bridge-utils (1.7.1-1ubuntu2) ...
curl is already the newest version (8.5.0-2ubuntu10.11).
curl set to manually installed.
ca-certificates is already the newest version (20260601~24.04.1).
ca-certificates set to manually installed.
jq is already the newest version (1.7.1-3ubuntu0.24.04.2).
jq set to manually installed.
git is already the newest version (1:2.43.0-1ubuntu7.3).
git set to manually installed.
The following additional packages will be installed:
  binutils binutils-aarch64-linux-gnu binutils-common bridge-utils bzip2
  containerd cpp cpp-13 cpp-13-aarch64-linux-gnu cpp-aarch64-linux-gnu
  dns-root-data dnsmasq-base dpkg-dev fakeroot fontconfig-config
  fonts-dejavu-core fonts-dejavu-mono g++ g++-13 g++-13-aarch64-linux-gnu
  g++-aarch64-linux-gnu gcc gcc-13 gcc-13-aarch64-linux-gnu gcc-13-base
  gcc-aarch64-linux-gnu javascript-common libalgorithm-diff-perl
  libalgorithm-diff-xs-perl libalgorithm-merge-perl libaom3 libasan8
  libatomic1 libbinutils libc-bin libc-dev-bin libc-devtools libc6 libc6-dev
  libcc1-0 libcrypt-dev libctf-nobfd0 libctf0 libdeflate0 libdpkg-perl
  libexpat1-dev libfakeroot libfile-fcntllock-perl libfontconfig1
Preparing to unpack .../65-libheif-plugin-aomdec_1.17.6-1ubuntu4.6_arm64.deb ...
Unpacking libheif-plugin-aomdec:arm64 (1.17.6-1ubuntu4.6) ...
Get:7 http://us-east-1.ec2.ports.ubuntu.com/ubuntu-ports noble/universe arm64 Components [3573 kB]
Selecting previously unselected package libheif1:arm64.
Setting up make (4.3-4.1build2) ...
Setting up fonts-dejavu-mono (2.37-8) ...
Setting up libmpc3:arm64 (1.3.1-1build1.1) ...
Setting up libatomic1:arm64 (14.2.0-4ubuntu2~24.04.1) ...
Setting up fonts-dejavu-core (2.37-8) ...
Get:8 http://us-east-1.ec2.ports.ubuntu.com/ubuntu-ports noble/universe arm64 c-n-f Metadata [295 kB]
Get:9 http://us-east-1.ec2.ports.ubuntu.com/ubuntu-ports noble/multiverse arm64 Packages [223 kB]
Get:10 http://us-east-1.ec2.ports.ubuntu.com/ubuntu-ports noble/multiverse Translation-en [118 kB]
Get:11 http://us-east-1.ec2.ports.ubuntu.com/ubuntu-ports noble/multiverse arm64 Components [31.6 kB]
Preparing to unpack .../66-libheif1_1.17.6-1ubuntu4.6_arm64.deb ...
Unpacking libheif1:arm64 (1.17.6-1ubuntu4.6) ...
Get:12 http://us-east-1.ec2.ports.ubuntu.com/ubuntu-ports noble/multiverse arm64 c-n-f Metadata [7152 B]
Get:13 http://us-east-1.ec2.ports.ubuntu.com/ubuntu-ports noble-updates/main arm64 Packages [1190 kB]
Get:14 http://us-east-1.ec2.ports.ubuntu.com/ubuntu-ports noble-updates/main Translation-en [278 kB]
Get:15 http://us-east-1.ec2.ports.ubuntu.com/ubuntu-ports noble-updates/main arm64 Components [178 kB]
Selecting previously unselected package libc-dev-bin.
Preparing to unpack .../11-libc-dev-bin_2.39-0ubuntu8.8_arm64.deb ...
Get:16 http://us-east-1.ec2.ports.ubuntu.com/ubuntu-ports noble-updates/universe arm64 Packages [1704 kB]
Get:17 http://us-east-1.ec2.ports.ubuntu.com/ubuntu-ports noble-updates/universe Translation-en [334 kB]
Unpacking libc-dev-bin (2.39-0ubuntu8.8) ...
Setting up python3-pip (24.0+dfsg-1ubuntu1.3) ...
Selecting previously unselected package libjpeg-turbo8:arm64.
Preparing to unpack .../67-libjpeg-turbo8_2.1.5-2ubuntu2_arm64.deb ...
Unpacking libjpeg-turbo8:arm64 (2.1.5-2ubuntu2) ...
  libgcc-13-dev libgd3 libgomp1 libgprofng0 libheif-plugin-aomdec
  libheif-plugin-aomenc libheif1 libhwasan0 libisl23 libitm1 libjbig0
  libjpeg-turbo8 libjpeg8 libjs-jquery libjs-sphinxdoc libjs-underscore
  liblerc4 liblsan0 libmpc3 libpython3-dev libpython3.12-dev libsframe1
  libsharpyuv0 libstdc++-13-dev libtiff6 libtsan2 libubsan1 libwebp7 libxpm4
  linux-libc-dev linux-tools-common locales lto-disabled-list make
  manpages-dev pigz python3-dev python3-wheel python3.12-dev rpcsvc-proto runc
  ubuntu-fan zlib1g-dev
Suggested packages:
  binutils-doc gprofng-gui ifupdown bzip2-doc cpp-doc gcc-13-locales
  cpp-13-doc aufs-tools cgroupfs-mount | cgroup-lite debootstrap docker-buildx
  docker-compose-v2 docker-doc rinse zfs-fuse | zfsutils debian-keyring
  gcc-13-doc gcc-multilib autoconf automake libtool flex bison gdb gcc-doc
  gdb-aarch64-linux-gnu apache2 | lighttpd | httpd glibc-doc libnss-nis
  libnss-nisplus bzr libgd-tools libheif-plugin-libde265 libheif-plugin-x265
  libheif-plugin-ffmpegdec libheif-plugin-jpegdec libheif-plugin-jpegenc
  libheif-plugin-j2kdec libheif-plugin-j2kenc libheif-plugin-rav1e
  libheif-plugin-svtenc libstdc++-13-doc make-doc
The following NEW packages will be installed:
  binutils binutils-aarch64-linux-gnu binutils-common bridge-utils
  build-essential bzip2 containerd cpp cpp-13 cpp-13-aarch64-linux-gnu
  cpp-aarch64-linux-gnu dns-root-data dnsmasq-base docker.io dpkg-dev fakeroot
  fontconfig-config fonts-dejavu-core fonts-dejavu-mono g++ g++-13
  g++-13-aarch64-linux-gnu g++-aarch64-linux-gnu gcc gcc-13
  gcc-13-aarch64-linux-gnu gcc-13-base gcc-aarch64-linux-gnu javascript-common
  libalgorithm-diff-perl libalgorithm-diff-xs-perl libalgorithm-merge-perl
  libaom3 libasan8 libatomic1 libbinutils libc-dev-bin libc-devtools libc6-dev
  libcc1-0 libcrypt-dev libctf-nobfd0 libctf0 libdeflate0 libdpkg-perl
  libexpat1-dev libfakeroot libfile-fcntllock-perl libfontconfig1
  libgcc-13-dev libgd3 libgomp1 libgprofng0 libheif-plugin-aomdec
  libheif-plugin-aomenc libheif1 libhwasan0 libisl23 libitm1 libjbig0
  libjpeg-turbo8 libjpeg8 libjs-jquery libjs-sphinxdoc libjs-underscore
  liblerc4 liblsan0 libmpc3 libpython3-dev libpython3.12-dev libsframe1
  libsharpyuv0 libstdc++-13-dev libtiff6 libtsan2 libubsan1 libwebp7 libxpm4
  linux-libc-dev lto-disabled-list make manpages-dev pigz python3-dev
  python3-pip python3-wheel python3.12-dev rpcsvc-proto runc ubuntu-fan
  zlib1g-dev
The following packages will be upgraded:
  libc-bin libc6 linux-tools-common locales
4 upgraded, 91 newly installed, 0 to remove and 30 not upgraded.
Need to get 155 MB of archives.
After this operation, 558 MB of additional disk space will be used.
Get:1 http://us-east-1.ec2.ports.ubuntu.com/ubuntu-ports noble-updates/main arm64 libc6 arm64 2.39-0ubuntu8.8 [2775 kB]
Get:18 http://us-east-1.ec2.ports.ubuntu.com/ubuntu-ports noble-updates/universe arm64 Components [387 kB]
Get:19 http://us-east-1.ec2.ports.ubuntu.com/ubuntu-ports noble-updates/universe arm64 c-n-f Metadata [33.5 kB]
Get:20 http://us-east-1.ec2.ports.ubuntu.com/ubuntu-ports noble-updates/restricted arm64 Packages [2036 kB]
Get:21 http://us-east-1.ec2.ports.ubuntu.com/ubuntu-ports noble-updates/restricted Translation-en [308 kB]
Get:22 http://us-east-1.ec2.ports.ubuntu.com/ubuntu-ports noble-updates/multiverse arm64 Packages [72.7 kB]
Get:23 http://us-east-1.ec2.ports.ubuntu.com/ubuntu-ports noble-updates/multiverse Translation-en [12.3 kB]
Get:24 http://us-east-1.ec2.ports.ubuntu.com/ubuntu-ports noble-updates/multiverse arm64 Components [212 B]
Get:25 http://us-east-1.ec2.ports.ubuntu.com/ubuntu-ports noble-updates/multiverse arm64 c-n-f Metadata [472 B]
Get:26 http://us-east-1.ec2.ports.ubuntu.com/ubuntu-ports noble-backports/main arm64 Packages [40.6 kB]
Get:27 http://us-east-1.ec2.ports.ubuntu.com/ubuntu-ports noble-backports/main Translation-en [9172 B]
Get:28 http://us-east-1.ec2.ports.ubuntu.com/ubuntu-ports noble-backports/main arm64 Components [3572 B]
Get:29 http://us-east-1.ec2.ports.ubuntu.com/ubuntu-ports noble-backports/main arm64 c-n-f Metadata [372 B]
Get:30 http://us-east-1.ec2.ports.ubuntu.com/ubuntu-ports noble-backports/universe arm64 Packages [32.7 kB]
Get:31 http://us-east-1.ec2.ports.ubuntu.com/ubuntu-ports noble-backports/universe Translation-en [18.6 kB]
Get:32 http://us-east-1.ec2.ports.ubuntu.com/ubuntu-ports noble-backports/universe arm64 Components [12.6 kB]
Get:33 http://us-east-1.ec2.ports.ubuntu.com/ubuntu-ports noble-backports/universe arm64 c-n-f Metadata [1592 B]
Get:34 http://us-east-1.ec2.ports.ubuntu.com/ubuntu-ports noble-backports/restricted arm64 Components [212 B]
Get:35 http://us-east-1.ec2.ports.ubuntu.com/ubuntu-ports noble-backports/restricted arm64 c-n-f Metadata [116 B]
Get:36 http://us-east-1.ec2.ports.ubuntu.com/ubuntu-ports noble-backports/multiverse arm64 Packages [748 B]
Selecting previously unselected package linux-libc-dev:arm64.
Selecting previously unselected package libjpeg8:arm64.
Preparing to unpack .../12-linux-libc-dev_6.8.0-136.136_arm64.deb ...
Unpacking linux-libc-dev:arm64 (6.8.0-136.136) ...
Get:37 http://us-east-1.ec2.ports.ubuntu.com/ubuntu-ports noble-backports/multiverse Translation-en [340 B]
Get:38 http://us-east-1.ec2.ports.ubuntu.com/ubuntu-ports noble-backports/multiverse arm64 Components [212 B]
Get:39 http://us-east-1.ec2.ports.ubuntu.com/ubuntu-ports noble-backports/multiverse arm64 c-n-f Metadata [116 B]
Preparing to unpack .../68-libjpeg8_8c-2ubuntu11_arm64.deb ...
Unpacking libjpeg8:arm64 (8c-2ubuntu11) ...
Get:2 http://us-east-1.ec2.ports.ubuntu.com/ubuntu-ports noble-updates/main arm64 libc-bin arm64 2.39-0ubuntu8.8 [591 kB]
Selecting previously unselected package libdeflate0:arm64.
Get:3 http://us-east-1.ec2.ports.ubuntu.com/ubuntu-ports noble/universe arm64 pigz arm64 2.8-1 [60.7 kB]
Get:4 http://us-east-1.ec2.ports.ubuntu.com/ubuntu-ports noble-updates/main arm64 locales all 2.39-0ubuntu8.8 [4231 kB]
Selecting previously unselected package libfakeroot:arm64.
Preparing to unpack .../69-libdeflate0_1.19-1build1.1_arm64.deb ...
Unpacking libdeflate0:arm64 (1.19-1build1.1) ...
Preparing to unpack .../53-libfakeroot_1.33-1_arm64.deb ...
Unpacking libfakeroot:arm64 (1.33-1) ...
Selecting previously unselected package libjbig0:arm64.
Preparing to unpack .../70-libjbig0_2.1-6.1ubuntu2_arm64.deb ...
Unpacking libjbig0:arm64 (2.1-6.1ubuntu2) ...
Selecting previously unselected package fakeroot.
Preparing to unpack .../54-fakeroot_1.33-1_arm64.deb ...
Selecting previously unselected package liblerc4:arm64.
Unpacking fakeroot (1.33-1) ...
Preparing to unpack .../71-liblerc4_4.0.0+ds-4ubuntu2_arm64.deb ...
Unpacking liblerc4:arm64 (4.0.0+ds-4ubuntu2) ...
Selecting previously unselected package libwebp7:arm64.
Preparing to unpack .../72-libwebp7_1.3.2-0.4build3_arm64.deb ...
Selecting previously unselected package fonts-dejavu-mono.
Unpacking libwebp7:arm64 (1.3.2-0.4build3) ...
Preparing to unpack .../55-fonts-dejavu-mono_2.37-8_all.deb ...
Unpacking fonts-dejavu-mono (2.37-8) ...
Selecting previously unselected package libcrypt-dev:arm64.
Selecting previously unselected package libtiff6:arm64.
(Reading database ... Preparing to unpack .../13-libcrypt-dev_1%3a4.4.36-4build1_arm64.deb ...
(Reading database ... 5%(Reading database ... 10%(Reading database ... 15%(Reading database ... 20%(Reading database ... 25%(Reading database ... 30%(Reading database ... 35%(Reading database ... 40%(Reading database ... 45%(Reading database ... 50%(Reading database ... 55%Preparing to unpack .../73-libtiff6_4.5.1+git230720-4ubuntu2.5_arm64.deb ...
Unpacking libtiff6:arm64 (4.5.1+git230720-4ubuntu2.5) ...
Unpacking libcrypt-dev:arm64 (1:4.4.36-4build1) ...
(Reading database ... 60%(Reading database ... 65%Get:5 http://us-east-1.ec2.ports.ubuntu.com/ubuntu-ports noble-updates/main arm64 binutils-common arm64 2.42-4ubuntu2.10 [240 kB]
Get:6 http://us-east-1.ec2.ports.ubuntu.com/ubuntu-ports noble-updates/main arm64 libsframe1 arm64 2.42-4ubuntu2.10 [15.4 kB]
Get:7 http://us-east-1.ec2.ports.ubuntu.com/ubuntu-ports noble-updates/main arm64 libbinutils arm64 2.42-4ubuntu2.10 [766 kB]
Selecting previously unselected package fonts-dejavu-core.
Preparing to unpack .../56-fonts-dejavu-core_2.37-8_all.deb ...
Selecting previously unselected package libxpm4:arm64.
Preparing to unpack .../74-libxpm4_1%3a3.5.17-1ubuntu0.24.04.1_arm64.deb ...
Unpacking libxpm4:arm64 (1:3.5.17-1ubuntu0.24.04.1) ...
Get:8 http://us-east-1.ec2.ports.ubuntu.com/ubuntu-ports noble-updates/main arm64 libctf-nobfd0 arm64 2.42-4ubuntu2.10 [101 kB]
Get:9 http://us-east-1.ec2.ports.ubuntu.com/ubuntu-ports noble-updates/main arm64 libctf0 arm64 2.42-4ubuntu2.10 [95.7 kB]
Get:10 http://us-east-1.ec2.ports.ubuntu.com/ubuntu-ports noble-updates/main arm64 libgprofng0 arm64 2.42-4ubuntu2.10 [776 kB]
Unpacking fonts-dejavu-core (2.37-8) ...
Get:11 http://us-east-1.ec2.ports.ubuntu.com/ubuntu-ports noble-updates/main arm64 binutils-aarch64-linux-gnu arm64 2.42-4ubuntu2.10 [3304 kB]
Selecting previously unselected package rpcsvc-proto.
Selecting previously unselected package libgd3:arm64.
Preparing to unpack .../14-rpcsvc-proto_1.4.2-0ubuntu7_arm64.deb ...
Preparing to unpack .../75-libgd3_2.3.3-9ubuntu5_arm64.deb ...
Unpacking libgd3:arm64 (2.3.3-9ubuntu5) ...
Unpacking rpcsvc-proto (1.4.2-0ubuntu7) ...
(Reading database ... 70%(Reading database ... 75%(Reading database ... 80%(Reading database ... 85%(Reading database ... 90%(Reading database ... 95%(Reading database ... 100%(Reading database ... 74109 files and directories currently installed.)
Preparing to unpack .../libc-bin_2.39-0ubuntu8.8_arm64.deb ...
Unpacking libc-bin (2.39-0ubuntu8.8) over (2.39-0ubuntu8.7) ...
Selecting previously unselected package libc-devtools.
Preparing to unpack .../76-libc-devtools_2.39-0ubuntu8.8_arm64.deb ...
Selecting previously unselected package fontconfig-config.
Unpacking libc-devtools (2.39-0ubuntu8.8) ...
Preparing to unpack .../57-fontconfig-config_2.15.0-1.1ubuntu2_arm64.deb ...
Get:12 http://us-east-1.ec2.ports.ubuntu.com/ubuntu-ports noble-updates/main arm64 binutils arm64 2.42-4ubuntu2.10 [18.1 kB]
Selecting previously unselected package libc6-dev:arm64.
Get:13 http://us-east-1.ec2.ports.ubuntu.com/ubuntu-ports noble/main arm64 bridge-utils arm64 1.7.1-1ubuntu2 [34.2 kB]
Get:14 http://us-east-1.ec2.ports.ubuntu.com/ubuntu-ports noble-updates/main arm64 libc-dev-bin arm64 2.39-0ubuntu8.8 [19.7 kB]
Preparing to unpack .../15-libc6-dev_2.39-0ubuntu8.8_arm64.deb ...
Get:15 http://us-east-1.ec2.ports.ubuntu.com/ubuntu-ports noble-updates/main arm64 linux-libc-dev arm64 6.8.0-136.136 [1550 kB]
Unpacking libc6-dev:arm64 (2.39-0ubuntu8.8) ...
Selecting previously unselected package libexpat1-dev:arm64.
Preparing to unpack .../77-libexpat1-dev_2.6.1-2ubuntu0.4_arm64.deb ...
Unpacking libexpat1-dev:arm64 (2.6.1-2ubuntu0.4) ...
Get:16 http://us-east-1.ec2.ports.ubuntu.com/ubuntu-ports noble/main arm64 libcrypt-dev arm64 1:4.4.36-4build1 [118 kB]
Get:17 http://us-east-1.ec2.ports.ubuntu.com/ubuntu-ports noble/main arm64 rpcsvc-proto arm64 1.4.2-0ubuntu7 [64.8 kB]
Get:18 http://us-east-1.ec2.ports.ubuntu.com/ubuntu-ports noble-updates/main arm64 libc6-dev arm64 2.39-0ubuntu8.8 [1596 kB]
Setting up libc-bin (2.39-0ubuntu8.8) ...
Selecting previously unselected package libfile-fcntllock-perl.
Get:19 http://us-east-1.ec2.ports.ubuntu.com/ubuntu-ports noble-updates/main arm64 gcc-13-base arm64 13.3.0-6ubuntu2~24.04.1 [51.6 kB]
Preparing to unpack .../78-libfile-fcntllock-perl_0.22-4ubuntu5_arm64.deb ...
Unpacking libfile-fcntllock-perl (0.22-4ubuntu5) ...
Get:20 http://us-east-1.ec2.ports.ubuntu.com/ubuntu-ports noble-updates/main arm64 libisl23 arm64 0.26-3build1.1 [669 kB]
Get:40 http://ports.ubuntu.com/ubuntu-ports noble-security/main arm64 Packages [940 kB]
Get:21 http://us-east-1.ec2.ports.ubuntu.com/ubuntu-ports noble-updates/main arm64 libmpc3 arm64 1.3.1-1build1.1 [56.4 kB]
Get:22 http://us-east-1.ec2.ports.ubuntu.com/ubuntu-ports noble-updates/main arm64 cpp-13-aarch64-linux-gnu arm64 13.3.0-6ubuntu2~24.04.1 [9560 kB]
Selecting previously unselected package libheif-plugin-aomenc:arm64.
Preparing to unpack .../79-libheif-plugin-aomenc_1.17.6-1ubuntu4.6_arm64.deb ...
Unpacking libheif-plugin-aomenc:arm64 (1.17.6-1ubuntu4.6) ...
Selecting previously unselected package libjs-jquery.
Preparing to unpack .../80-libjs-jquery_3.6.1+dfsg+~3.5.14-1_all.deb ...
Unpacking libjs-jquery (3.6.1+dfsg+~3.5.14-1) ...
Selecting previously unselected package pigz.
(Reading database ... Selecting previously unselected package gcc-13-base:arm64.
Preparing to unpack .../16-gcc-13-base_13.3.0-6ubuntu2~24.04.1_arm64.deb ...
Unpacking gcc-13-base:arm64 (13.3.0-6ubuntu2~24.04.1) ...
Unpacking fontconfig-config (2.15.0-1.1ubuntu2) ...
(Reading database ... 5%(Reading database ... 10%(Reading database ... 15%(Reading database ... 20%(Reading database ... 25%(Reading database ... 30%(Reading database ... 35%(Reading database ... 40%(Reading database ... 45%(Reading database ... 50%(Reading database ... 55%(Reading database ... 60%Selecting previously unselected package libjs-underscore.
(Reading database ... 65%(Reading database ... 70%Preparing to unpack .../81-libjs-underscore_1.13.4~dfsg+~1.11.4-3_all.deb ...
(Reading database ... 75%(Reading database ... 80%(Reading database ... 85%(Reading database ... 90%(Reading database ... 95%(Reading database ... 100%(Reading database ... 74109 files and directories currently installed.)
Preparing to unpack .../00-pigz_2.8-1_arm64.deb ...
Unpacking libjs-underscore (1.13.4~dfsg+~1.11.4-3) ...
Unpacking pigz (2.8-1) ...
Selecting previously unselected package libisl23:arm64.
Selecting previously unselected package javascript-common.
Preparing to unpack .../17-libisl23_0.26-3build1.1_arm64.deb ...
Preparing to unpack .../58-javascript-common_11+nmu1_all.deb ...
Unpacking libisl23:arm64 (0.26-3build1.1) ...
Selecting previously unselected package libjs-sphinxdoc.
Unpacking javascript-common (11+nmu1) ...
Preparing to unpack .../82-libjs-sphinxdoc_7.2.6-6_all.deb ...
Unpacking libjs-sphinxdoc (7.2.6-6) ...
Selecting previously unselected package zlib1g-dev:arm64.
Selecting previously unselected package libalgorithm-diff-perl.
Preparing to unpack .../83-zlib1g-dev_1%3a1.3.dfsg-3.1ubuntu2.1_arm64.deb ...
Unpacking zlib1g-dev:arm64 (1:1.3.dfsg-3.1ubuntu2.1) ...
Preparing to unpack .../59-libalgorithm-diff-perl_1.201-1_all.deb ...
Unpacking libalgorithm-diff-perl (1.201-1) ...
Preparing to unpack .../01-locales_2.39-0ubuntu8.8_all.deb ...
Selecting previously unselected package libmpc3:arm64.
Preparing to unpack .../18-libmpc3_1.3.1-1build1.1_arm64.deb ...
Unpacking libmpc3:arm64 (1.3.1-1build1.1) ...
Unpacking locales (2.39-0ubuntu8.8) over (2.39-0ubuntu8.7) ...
Selecting previously unselected package libpython3.12-dev:arm64.
Preparing to unpack .../84-libpython3.12-dev_3.12.3-1ubuntu0.15_arm64.deb ...
Selecting previously unselected package libalgorithm-diff-xs-perl:arm64.
Unpacking libpython3.12-dev:arm64 (3.12.3-1ubuntu0.15) ...
Preparing to unpack .../60-libalgorithm-diff-xs-perl_0.04-8build3_arm64.deb ...
Unpacking libalgorithm-diff-xs-perl:arm64 (0.04-8build3) ...
Selecting previously unselected package cpp-13-aarch64-linux-gnu.
Preparing to unpack .../19-cpp-13-aarch64-linux-gnu_13.3.0-6ubuntu2~24.04.1_arm64.deb ...
Unpacking cpp-13-aarch64-linux-gnu (13.3.0-6ubuntu2~24.04.1) ...
Selecting previously unselected package libalgorithm-merge-perl.
Preparing to unpack .../61-libalgorithm-merge-perl_0.08-5_all.deb ...
Unpacking libalgorithm-merge-perl (0.08-5) ...
Selecting previously unselected package libaom3:arm64.
Get:56 http://us-east-1.ec2.ports.ubuntu.com/ubuntu-ports noble/main arm64 libfakeroot arm64 1.33-1 [32.5 kB]
Get:57 http://us-east-1.ec2.ports.ubuntu.com/ubuntu-ports noble/main arm64 fakeroot arm64 1.33-1 [66.9 kB]
Get:58 http://us-east-1.ec2.ports.ubuntu.com/ubuntu-ports noble/main arm64 fonts-dejavu-mono all 2.37-8 [502 kB]
Preparing to unpack .../62-libaom3_3.8.2-2ubuntu0.1_arm64.deb ...
Get:59 http://us-east-1.ec2.ports.ubuntu.com/ubuntu-ports noble/main arm64 fonts-dejavu-core all 2.37-8 [835 kB]
Unpacking libaom3:arm64 (3.8.2-2ubuntu0.1) ...
Get:60 http://us-east-1.ec2.ports.ubuntu.com/ubuntu-ports noble/main arm64 fontconfig-config arm64 2.15.0-1.1ubuntu2 [37.4 kB]
Get:61 http://us-east-1.ec2.ports.ubuntu.com/ubuntu-ports noble/main arm64 javascript-common all 11+nmu1 [5936 B]
Get:62 http://us-east-1.ec2.ports.ubuntu.com/ubuntu-ports noble/main arm64 libalgorithm-diff-perl all 1.201-1 [41.8 kB]
Get:63 http://us-east-1.ec2.ports.ubuntu.com/ubuntu-ports noble/main arm64 libalgorithm-diff-xs-perl arm64 0.04-8build3 [10.9 kB]
Get:64 http://us-east-1.ec2.ports.ubuntu.com/ubuntu-ports noble/main arm64 libalgorithm-merge-perl all 0.08-5 [11.4 kB]
Get:65 http://us-east-1.ec2.ports.ubuntu.com/ubuntu-ports noble-updates/main arm64 libaom3 arm64 3.8.2-2ubuntu0.1 [1617 kB]
Get:66 http://us-east-1.ec2.ports.ubuntu.com/ubuntu-ports noble/main arm64 libfontconfig1 arm64 2.15.0-1.1ubuntu2 [142 kB]
Get:67 http://us-east-1.ec2.ports.ubuntu.com/ubuntu-ports noble/main arm64 libsharpyuv0 arm64 1.3.2-0.4build3 [14.5 kB]
Get:68 http://us-east-1.ec2.ports.ubuntu.com/ubuntu-ports noble-updates/main arm64 libheif-plugin-aomdec arm64 1.17.6-1ubuntu4.6 [11.1 kB]
Get:69 http://us-east-1.ec2.ports.ubuntu.com/ubuntu-ports noble-updates/main arm64 libheif1 arm64 1.17.6-1ubuntu4.6 [260 kB]
Get:70 http://us-east-1.ec2.ports.ubuntu.com/ubuntu-ports noble/main arm64 libjpeg-turbo8 arm64 2.1.5-2ubuntu2 [163 kB]
Get:71 http://us-east-1.ec2.ports.ubuntu.com/ubuntu-ports noble/main arm64 libjpeg8 arm64 8c-2ubuntu11 [2148 B]
Get:72 http://us-east-1.ec2.ports.ubuntu.com/ubuntu-ports noble-updates/main arm64 libdeflate0 arm64 1.19-1build1.1 [43.5 kB]
Get:73 http://us-east-1.ec2.ports.ubuntu.com/ubuntu-ports noble/main arm64 libjbig0 arm64 2.1-6.1ubuntu2 [29.3 kB]
Selecting previously unselected package libfontconfig1:arm64.
Get:74 http://us-east-1.ec2.ports.ubuntu.com/ubuntu-ports noble/main arm64 liblerc4 arm64 4.0.0+ds-4ubuntu2 [154 kB]
Get:75 http://us-east-1.ec2.ports.ubuntu.com/ubuntu-ports noble/main arm64 libwebp7 arm64 1.3.2-0.4build3 [191 kB]
Preparing to unpack .../63-libfontconfig1_2.15.0-1.1ubuntu2_arm64.deb ...
Unpacking libfontconfig1:arm64 (2.15.0-1.1ubuntu2) ...
Get:23 http://us-east-1.ec2.ports.ubuntu.com/ubuntu-ports noble-updates/main arm64 cpp-13 arm64 13.3.0-6ubuntu2~24.04.1 [1038 B]
Get:24 http://us-east-1.ec2.ports.ubuntu.com/ubuntu-ports noble/main arm64 cpp-aarch64-linux-gnu arm64 4:13.2.0-7ubuntu1 [5316 B]
Get:25 http://us-east-1.ec2.ports.ubuntu.com/ubuntu-ports noble/main arm64 cpp arm64 4:13.2.0-7ubuntu1 [22.4 kB]
Get:76 http://us-east-1.ec2.ports.ubuntu.com/ubuntu-ports noble-updates/main arm64 libtiff6 arm64 4.5.1+git230720-4ubuntu2.5 [192 kB]
Selecting previously unselected package binutils-common:arm64.
Get:77 http://us-east-1.ec2.ports.ubuntu.com/ubuntu-ports noble-updates/main arm64 libxpm4 arm64 1:3.5.17-1ubuntu0.24.04.1 [35.3 kB]
Get:78 http://us-east-1.ec2.ports.ubuntu.com/ubuntu-ports noble/main arm64 libgd3 arm64 2.3.3-9ubuntu5 [122 kB]
Preparing to unpack .../02-binutils-common_2.42-4ubuntu2.10_arm64.deb ...
Get:79 http://us-east-1.ec2.ports.ubuntu.com/ubuntu-ports noble-updates/main arm64 libc-devtools arm64 2.39-0ubuntu8.8 [27.8 kB]
Selecting previously unselected package cpp-13.
Get:80 http://us-east-1.ec2.ports.ubuntu.com/ubuntu-ports noble-updates/main arm64 libexpat1-dev arm64 2.6.1-2ubuntu0.4 [128 kB]
Unpacking binutils-common:arm64 (2.42-4ubuntu2.10) ...
Get:26 http://us-east-1.ec2.ports.ubuntu.com/ubuntu-ports noble-updates/main arm64 libcc1-0 arm64 14.2.0-4ubuntu2~24.04.1 [49.7 kB]
Selecting previously unselected package libpython3-dev:arm64.
Preparing to unpack .../20-cpp-13_13.3.0-6ubuntu2~24.04.1_arm64.deb ...
Get:81 http://us-east-1.ec2.ports.ubuntu.com/ubuntu-ports noble/main arm64 libfile-fcntllock-perl arm64 0.22-4ubuntu5 [30.6 kB]
Unpacking cpp-13 (13.3.0-6ubuntu2~24.04.1) ...
Get:82 http://us-east-1.ec2.ports.ubuntu.com/ubuntu-ports noble-updates/main arm64 libheif-plugin-aomenc arm64 1.17.6-1ubuntu4.6 [13.7 kB]
Preparing to unpack .../85-libpython3-dev_3.12.3-0ubuntu2.1_arm64.deb ...
Get:83 http://us-east-1.ec2.ports.ubuntu.com/ubuntu-ports noble/main arm64 libjs-jquery all 3.6.1+dfsg+~3.5.14-1 [328 kB]
Unpacking libpython3-dev:arm64 (3.12.3-0ubuntu2.1) ...
Get:27 http://us-east-1.ec2.ports.ubuntu.com/ubuntu-ports noble-updates/main arm64 libgomp1 arm64 14.2.0-4ubuntu2~24.04.1 [145 kB]
Get:84 http://us-east-1.ec2.ports.ubuntu.com/ubuntu-ports noble/main arm64 libjs-underscore all 1.13.4~dfsg+~1.11.4-3 [118 kB]
Get:85 http://us-east-1.ec2.ports.ubuntu.com/ubuntu-ports noble/main arm64 libjs-sphinxdoc all 7.2.6-6 [149 kB]
Selecting previously unselected package libsharpyuv0:arm64.
Get:86 http://us-east-1.ec2.ports.ubuntu.com/ubuntu-ports noble-updates/main arm64 zlib1g-dev arm64 1:1.3.dfsg-3.1ubuntu2.1 [894 kB]
Get:28 http://us-east-1.ec2.ports.ubuntu.com/ubuntu-ports noble-updates/main arm64 libitm1 arm64 14.2.0-4ubuntu2~24.04.1 [28.2 kB]
Selecting previously unselected package cpp-aarch64-linux-gnu.
Preparing to unpack .../64-libsharpyuv0_1.3.2-0.4build3_arm64.deb ...
Preparing to unpack .../21-cpp-aarch64-linux-gnu_4%3a13.2.0-7ubuntu1_arm64.deb ...
Unpacking cpp-aarch64-linux-gnu (4:13.2.0-7ubuntu1) ...
Unpacking libsharpyuv0:arm64 (1.3.2-0.4build3) ...
Get:29 http://us-east-1.ec2.ports.ubuntu.com/ubuntu-ports noble-updates/main arm64 libatomic1 arm64 14.2.0-4ubuntu2~24.04.1 [11.6 kB]
Get:30 http://us-east-1.ec2.ports.ubuntu.com/ubuntu-ports noble-updates/main arm64 libasan8 arm64 14.2.0-4ubuntu2~24.04.1 [2928 kB]
Preparing to unpack .../86-linux-tools-common_6.8.0-136.136_all.deb ...
Get:87 http://us-east-1.ec2.ports.ubuntu.com/ubuntu-ports noble-updates/main arm64 libpython3.12-dev arm64 3.12.3-1ubuntu0.15 [5538 kB]
Selecting previously unselected package libsframe1:arm64.
Unpacking linux-tools-common (6.8.0-136.136) over (6.8.0-134.134) ...
Preparing to unpack .../03-libsframe1_2.42-4ubuntu2.10_arm64.deb ...
Selecting previously unselected package libheif-plugin-aomdec:arm64.
Selecting previously unselected package cpp.
Unpacking libsframe1:arm64 (2.42-4ubuntu2.10) ...
Preparing to unpack .../65-libheif-plugin-aomdec_1.17.6-1ubuntu4.6_arm64.deb ...
Unpacking libheif-plugin-aomdec:arm64 (1.17.6-1ubuntu4.6) ...
Preparing to unpack .../22-cpp_4%3a13.2.0-7ubuntu1_arm64.deb ...
Get:31 http://us-east-1.ec2.ports.ubuntu.com/ubuntu-ports noble-updates/main arm64 liblsan0 arm64 14.2.0-4ubuntu2~24.04.1 [1289 kB]
Unpacking cpp (4:13.2.0-7ubuntu1) ...
Get:32 http://us-east-1.ec2.ports.ubuntu.com/ubuntu-ports noble-updates/main arm64 libtsan2 arm64 14.2.0-4ubuntu2~24.04.1 [2697 kB]
Selecting previously unselected package manpages-dev.
Preparing to unpack .../87-manpages-dev_6.7-2_all.deb ...
Unpacking manpages-dev (6.7-2) ...
Selecting previously unselected package libheif1:arm64.
Selecting previously unselected package libbinutils:arm64.
Preparing to unpack .../66-libheif1_1.17.6-1ubuntu4.6_arm64.deb ...
Selecting previously unselected package libcc1-0:arm64.
Preparing to unpack .../04-libbinutils_2.42-4ubuntu2.10_arm64.deb ...
Unpacking libheif1:arm64 (1.17.6-1ubuntu4.6) ...
Preparing to unpack .../23-libcc1-0_14.2.0-4ubuntu2~24.04.1_arm64.deb ...
Unpacking libcc1-0:arm64 (14.2.0-4ubuntu2~24.04.1) ...
Unpacking libbinutils:arm64 (2.42-4ubuntu2.10) ...
Selecting previously unselected package libjpeg-turbo8:arm64.
Preparing to unpack .../67-libjpeg-turbo8_2.1.5-2ubuntu2_arm64.deb ...
Unpacking libjpeg-turbo8:arm64 (2.1.5-2ubuntu2) ...
Get:41 http://ports.ubuntu.com/ubuntu-ports noble-security/main Translation-en [198 kB]
Selecting previously unselected package libgomp1:arm64.
Preparing to unpack .../24-libgomp1_14.2.0-4ubuntu2~24.04.1_arm64.deb ...
Unpacking libgomp1:arm64 (14.2.0-4ubuntu2~24.04.1) ...
Get:42 http://ports.ubuntu.com/ubuntu-ports noble-security/main arm64 Components [43.3 kB]
Get:43 http://ports.ubuntu.com/ubuntu-ports noble-security/main arm64 c-n-f Metadata [11.6 kB]
Get:44 http://ports.ubuntu.com/ubuntu-ports noble-security/universe arm64 Packages [1259 kB]
Selecting previously unselected package libitm1:arm64.
Preparing to unpack .../25-libitm1_14.2.0-4ubuntu2~24.04.1_arm64.deb ...
Unpacking libitm1:arm64 (14.2.0-4ubuntu2~24.04.1) ...
Get:88 http://us-east-1.ec2.ports.ubuntu.com/ubuntu-ports noble-updates/main arm64 libpython3-dev arm64 3.12.3-0ubuntu2.1 [10.4 kB]
Get:89 http://us-east-1.ec2.ports.ubuntu.com/ubuntu-ports noble-updates/main arm64 linux-tools-common all 6.8.0-136.136 [416 kB]
Selecting previously unselected package libctf-nobfd0:arm64.
Preparing to unpack .../05-libctf-nobfd0_2.42-4ubuntu2.10_arm64.deb ...
Unpacking libctf-nobfd0:arm64 (2.42-4ubuntu2.10) ...
Selecting previously unselected package libjpeg8:arm64.
Preparing to unpack .../68-libjpeg8_8c-2ubuntu11_arm64.deb ...
Unpacking libjpeg8:arm64 (8c-2ubuntu11) ...
Get:33 http://us-east-1.ec2.ports.ubuntu.com/ubuntu-ports noble-updates/main arm64 libubsan1 arm64 14.2.0-4ubuntu2~24.04.1 [1157 kB]
Get:34 http://us-east-1.ec2.ports.ubuntu.com/ubuntu-ports noble-updates/main arm64 libhwasan0 arm64 14.2.0-4ubuntu2~24.04.1 [1605 kB]
Get:90 http://us-east-1.ec2.ports.ubuntu.com/ubuntu-ports noble/main arm64 manpages-dev all 6.7-2 [2013 kB]
Selecting previously unselected package libdeflate0:arm64.
Selecting previously unselected package libatomic1:arm64.
Preparing to unpack .../26-libatomic1_14.2.0-4ubuntu2~24.04.1_arm64.deb ...
Preparing to unpack .../69-libdeflate0_1.19-1build1.1_arm64.deb ...
Unpacking libdeflate0:arm64 (1.19-1build1.1) ...
Unpacking libatomic1:arm64 (14.2.0-4ubuntu2~24.04.1) ...
Selecting previously unselected package libctf0:arm64.
Get:35 http://us-east-1.ec2.ports.ubuntu.com/ubuntu-ports noble-updates/main arm64 libgcc-13-dev arm64 13.3.0-6ubuntu2~24.04.1 [2473 kB]
Preparing to unpack .../06-libctf0_2.42-4ubuntu2.10_arm64.deb ...
Unpacking libctf0:arm64 (2.42-4ubuntu2.10) ...
Get:91 http://us-east-1.ec2.ports.ubuntu.com/ubuntu-ports noble-updates/main arm64 python3.12-dev arm64 3.12.3-1ubuntu0.15 [498 kB]
Selecting previously unselected package python3.12-dev.
Selecting previously unselected package libasan8:arm64.
Preparing to unpack .../88-python3.12-dev_3.12.3-1ubuntu0.15_arm64.deb ...
Get:92 http://us-east-1.ec2.ports.ubuntu.com/ubuntu-ports noble-updates/main arm64 python3-dev arm64 3.12.3-0ubuntu2.1 [26.7 kB]
Preparing to unpack .../27-libasan8_14.2.0-4ubuntu2~24.04.1_arm64.deb ...
Unpacking python3.12-dev (3.12.3-1ubuntu0.15) ...
Selecting previously unselected package libjbig0:arm64.
Get:93 http://us-east-1.ec2.ports.ubuntu.com/ubuntu-ports noble/universe arm64 python3-wheel all 0.42.0-2 [53.1 kB]
Get:94 http://us-east-1.ec2.ports.ubuntu.com/ubuntu-ports noble-updates/universe arm64 python3-pip all 24.0+dfsg-1ubuntu1.3 [1320 kB]
Unpacking libasan8:arm64 (14.2.0-4ubuntu2~24.04.1) ...
Preparing to unpack .../70-libjbig0_2.1-6.1ubuntu2_arm64.deb ...
Unpacking libjbig0:arm64 (2.1-6.1ubuntu2) ...
Selecting previously unselected package libgprofng0:arm64.
Get:95 http://us-east-1.ec2.ports.ubuntu.com/ubuntu-ports noble-updates/universe arm64 ubuntu-fan all 0.12.16+24.04.1 [34.2 kB]
Selecting previously unselected package python3-dev.
Preparing to unpack .../07-libgprofng0_2.42-4ubuntu2.10_arm64.deb ...
Preparing to unpack .../89-python3-dev_3.12.3-0ubuntu2.1_arm64.deb ...
Unpacking libgprofng0:arm64 (2.42-4ubuntu2.10) ...
Selecting previously unselected package liblerc4:arm64.
Unpacking python3-dev (3.12.3-0ubuntu2.1) ...
Get:53 http://us-east-1.ec2.ports.ubuntu.com/ubuntu-ports noble-updates/main arm64 dns-root-data all 2024071801~ubuntu0.24.04.1 [5918 B]
Get:54 http://us-east-1.ec2.ports.ubuntu.com/ubuntu-ports noble-updates/main arm64 dnsmasq-base arm64 2.90-2ubuntu0.4 [367 kB]
Get:55 http://us-east-1.ec2.ports.ubuntu.com/ubuntu-ports noble-updates/universe arm64 docker.io arm64 29.1.3-0ubuntu3~24.04.2 [32.0 MB]
Preparing to unpack .../71-liblerc4_4.0.0+ds-4ubuntu2_arm64.deb ...
Unpacking liblerc4:arm64 (4.0.0+ds-4ubuntu2) ...
Get:36 http://us-east-1.ec2.ports.ubuntu.com/ubuntu-ports noble-updates/main arm64 gcc-13-aarch64-linux-gnu arm64 13.3.0-6ubuntu2~24.04.1 [18.7 MB]
Selecting previously unselected package python3-wheel.
Selecting previously unselected package libwebp7:arm64.
Selecting previously unselected package liblsan0:arm64.
Preparing to unpack .../28-liblsan0_14.2.0-4ubuntu2~24.04.1_arm64.deb ...
Preparing to unpack .../90-python3-wheel_0.42.0-2_all.deb ...
Preparing to unpack .../72-libwebp7_1.3.2-0.4build3_arm64.deb ...
Unpacking liblsan0:arm64 (14.2.0-4ubuntu2~24.04.1) ...
Unpacking libwebp7:arm64 (1.3.2-0.4build3) ...
Selecting previously unselected package binutils-aarch64-linux-gnu.
Unpacking python3-wheel (0.42.0-2) ...
Preparing to unpack .../08-binutils-aarch64-linux-gnu_2.42-4ubuntu2.10_arm64.deb ...
Get:45 http://ports.ubuntu.com/ubuntu-ports noble-security/universe Translation-en [239 kB]
Unpacking binutils-aarch64-linux-gnu (2.42-4ubuntu2.10) ...
Get:46 http://ports.ubuntu.com/ubuntu-ports noble-security/universe arm64 Components [76.3 kB]
Get:47 http://ports.ubuntu.com/ubuntu-ports noble-security/universe arm64 c-n-f Metadata [23.7 kB]
Get:48 http://ports.ubuntu.com/ubuntu-ports noble-security/restricted arm64 Packages [1930 kB]
Selecting previously unselected package libtiff6:arm64.
Preparing to unpack .../73-libtiff6_4.5.1+git230720-4ubuntu2.5_arm64.deb ...
Unpacking libtiff6:arm64 (4.5.1+git230720-4ubuntu2.5) ...
Selecting previously unselected package libtsan2:arm64.
Selecting previously unselected package python3-pip.
Preparing to unpack .../29-libtsan2_14.2.0-4ubuntu2~24.04.1_arm64.deb ...
Preparing to unpack .../91-python3-pip_24.0+dfsg-1ubuntu1.3_all.deb ...
Unpacking libtsan2:arm64 (14.2.0-4ubuntu2~24.04.1) ...
Unpacking python3-pip (24.0+dfsg-1ubuntu1.3) ...
Selecting previously unselected package libxpm4:arm64.
Preparing to unpack .../74-libxpm4_1%3a3.5.17-1ubuntu0.24.04.1_arm64.deb ...
Unpacking libxpm4:arm64 (1:3.5.17-1ubuntu0.24.04.1) ...
Selecting previously unselected package libgd3:arm64.
Preparing to unpack .../75-libgd3_2.3.3-9ubuntu5_arm64.deb ...
Selecting previously unselected package binutils.
Unpacking libgd3:arm64 (2.3.3-9ubuntu5) ...
Selecting previously unselected package libubsan1:arm64.
Preparing to unpack .../09-binutils_2.42-4ubuntu2.10_arm64.deb ...
Preparing to unpack .../30-libubsan1_14.2.0-4ubuntu2~24.04.1_arm64.deb ...
Unpacking binutils (2.42-4ubuntu2.10) ...
Unpacking libubsan1:arm64 (14.2.0-4ubuntu2~24.04.1) ...
Selecting previously unselected package ubuntu-fan.
Selecting previously unselected package libc-devtools.
Preparing to unpack .../92-ubuntu-fan_0.12.16+24.04.1_all.deb ...
Preparing to unpack .../76-libc-devtools_2.39-0ubuntu8.8_arm64.deb ...
Unpacking ubuntu-fan (0.12.16+24.04.1) ...
Unpacking libc-devtools (2.39-0ubuntu8.8) ...
Get:49 http://ports.ubuntu.com/ubuntu-ports noble-security/restricted Translation-en [290 kB]
Get:50 http://ports.ubuntu.com/ubuntu-ports noble-security/restricted arm64 Components [212 B]
Get:51 http://ports.ubuntu.com/ubuntu-ports noble-security/restricted arm64 c-n-f Metadata [388 B]
Selecting previously unselected package bridge-utils.
Get:52 http://ports.ubuntu.com/ubuntu-ports noble-security/multiverse arm64 Packages [68.7 kB]
Get:53 http://ports.ubuntu.com/ubuntu-ports noble-security/multiverse Translation-en [10.6 kB]
Preparing to unpack .../10-bridge-utils_1.7.1-1ubuntu2_arm64.deb ...
Get:54 http://ports.ubuntu.com/ubuntu-ports noble-security/multiverse arm64 Components [208 B]
Get:55 http://ports.ubuntu.com/ubuntu-ports noble-security/multiverse arm64 c-n-f Metadata [456 B]
Selecting previously unselected package libhwasan0:arm64.
Unpacking bridge-utils (1.7.1-1ubuntu2) ...
Preparing to unpack .../31-libhwasan0_14.2.0-4ubuntu2~24.04.1_arm64.deb ...
Selecting previously unselected package libexpat1-dev:arm64.
Unpacking libhwasan0:arm64 (14.2.0-4ubuntu2~24.04.1) ...
Preparing to unpack .../77-libexpat1-dev_2.6.1-2ubuntu0.4_arm64.deb ...
Setting up javascript-common (11+nmu1) ...
Unpacking libexpat1-dev:arm64 (2.6.1-2ubuntu0.4) ...
Setting up libsharpyuv0:arm64 (1.3.2-0.4build3) ...
Setting up libaom3:arm64 (3.8.2-2ubuntu0.1) ...
Selecting previously unselected package libc-dev-bin.
Setting up manpages-dev (6.7-2) ...
Selecting previously unselected package libfile-fcntllock-perl.
Preparing to unpack .../11-libc-dev-bin_2.39-0ubuntu8.8_arm64.deb ...
Setting up lto-disabled-list (47) ...
Preparing to unpack .../78-libfile-fcntllock-perl_0.22-4ubuntu5_arm64.deb ...
Unpacking libc-dev-bin (2.39-0ubuntu8.8) ...
Setting up liblerc4:arm64 (4.0.0+ds-4ubuntu2) ...
Unpacking libfile-fcntllock-perl (0.22-4ubuntu5) ...
Setting up libxpm4:arm64 (1:3.5.17-1ubuntu0.24.04.1) ...
Selecting previously unselected package libgcc-13-dev:arm64.
Setting up libfile-fcntllock-perl (0.22-4ubuntu5) ...
Preparing to unpack .../32-libgcc-13-dev_13.3.0-6ubuntu2~24.04.1_arm64.deb ...
Setting up libalgorithm-diff-perl (1.201-1) ...
Unpacking libgcc-13-dev:arm64 (13.3.0-6ubuntu2~24.04.1) ...
[22:09:03] [tensorzero] installing deps (bare base: docker + psutil; the rig is a prebuilt download, and each
[22:09:03] [tensorzero] gateway installs its OWN prereqs via gw_prereqs - no blanket build toolchain on every box)
Setting up binutils-common:arm64 (2.42-4ubuntu2.10) ...
Setting up libdeflate0:arm64 (1.19-1build1.1) ...
Selecting previously unselected package libheif-plugin-aomenc:arm64.
Selecting previously unselected package linux-libc-dev:arm64.
Setting up linux-libc-dev:arm64 (6.8.0-136.136) ...
Preparing to unpack .../79-libheif-plugin-aomenc_1.17.6-1ubuntu4.6_arm64.deb ...
Unpacking libheif-plugin-aomenc:arm64 (1.17.6-1ubuntu4.6) ...
Setting up libctf-nobfd0:arm64 (2.42-4ubuntu2.10) ...
Preparing to unpack .../12-linux-libc-dev_6.8.0-136.136_arm64.deb ...
Setting up dnsmasq-base (2.90-2ubuntu0.4) ...
Setting up libgomp1:arm64 (14.2.0-4ubuntu2~24.04.1) ...
Setting up libjpeg-turbo8:arm64 (2.1.5-2ubuntu2) ...
Setting up bridge-utils (1.7.1-1ubuntu2) ...
Unpacking linux-libc-dev:arm64 (6.8.0-136.136) ...
Selecting previously unselected package libjs-jquery.
Preparing to unpack .../80-libjs-jquery_3.6.1+dfsg+~3.5.14-1_all.deb ...
Setting up bzip2 (1.0.8-5.1build0.1) ...
Setting up locales (2.39-0ubuntu8.8) ...
Unpacking libjs-jquery (3.6.1+dfsg+~3.5.14-1) ...
Selecting previously unselected package gcc-13-aarch64-linux-gnu.
Preparing to unpack .../33-gcc-13-aarch64-linux-gnu_13.3.0-6ubuntu2~24.04.1_arm64.deb ...
Unpacking gcc-13-aarch64-linux-gnu (13.3.0-6ubuntu2~24.04.1) ...
Selecting previously unselected package libjs-underscore.
Preparing to unpack .../81-libjs-underscore_1.13.4~dfsg+~1.11.4-3_all.deb ...
Unpacking libjs-underscore (1.13.4~dfsg+~1.11.4-3) ...
Setting up libdpkg-perl (1.22.6ubuntu6.6) ...
Setting up libwebp7:arm64 (1.3.2-0.4build3) ...
Setting up libubsan1:arm64 (14.2.0-4ubuntu2~24.04.1) ...
Setting up libhwasan0:arm64 (14.2.0-4ubuntu2~24.04.1) ...
Selecting previously unselected package libjs-sphinxdoc.
Get:37 http://us-east-1.ec2.ports.ubuntu.com/ubuntu-ports noble-updates/main arm64 gcc-13 arm64 13.3.0-6ubuntu2~24.04.1 [484 kB]
Setting up pigz (2.8-1) ...
Get:38 http://us-east-1.ec2.ports.ubuntu.com/ubuntu-ports noble/main arm64 gcc-aarch64-linux-gnu arm64 4:13.2.0-7ubuntu1 [1198 B]
Get:39 http://us-east-1.ec2.ports.ubuntu.com/ubuntu-ports noble/main arm64 gcc arm64 4:13.2.0-7ubuntu1 [5018 B]
Get:40 http://us-east-1.ec2.ports.ubuntu.com/ubuntu-ports noble-updates/main arm64 libstdc++-13-dev arm64 13.3.0-6ubuntu2~24.04.1 [2397 kB]
Preparing to unpack .../82-libjs-sphinxdoc_7.2.6-6_all.deb ...
Setting up libcrypt-dev:arm64 (1:4.4.36-4build1) ...
Unpacking libjs-sphinxdoc (7.2.6-6) ...
Setting up libasan8:arm64 (14.2.0-4ubuntu2~24.04.1) ...
Setting up libtsan2:arm64 (14.2.0-4ubuntu2~24.04.1) ...
Setting up libjs-jquery (3.6.1+dfsg+~3.5.14-1) ...
Selecting previously unselected package libcrypt-dev:arm64.
Selecting previously unselected package zlib1g-dev:arm64.
Preparing to unpack .../13-libcrypt-dev_1%3a4.4.36-4build1_arm64.deb ...
Setting up libbinutils:arm64 (2.42-4ubuntu2.10) ...
Preparing to unpack .../83-zlib1g-dev_1%3a1.3.dfsg-3.1ubuntu2.1_arm64.deb ...
Unpacking zlib1g-dev:arm64 (1:1.3.dfsg-3.1ubuntu2.1) ...
Setting up libisl23:arm64 (0.26-3build1.1) ...
Unpacking libcrypt-dev:arm64 (1:4.4.36-4build1) ...
Setting up libc-dev-bin (2.39-0ubuntu8.8) ...
Setting up containerd (2.2.1-0ubuntu1~24.04.3) ...
Get:41 http://us-east-1.ec2.ports.ubuntu.com/ubuntu-ports noble-updates/main arm64 g++-13-aarch64-linux-gnu arm64 13.3.0-6ubuntu2~24.04.1 [10.9 MB]
Selecting previously unselected package libpython3.12-dev:arm64.
Preparing to unpack .../84-libpython3.12-dev_3.12.3-1ubuntu0.15_arm64.deb ...
Unpacking libpython3.12-dev:arm64 (3.12.3-1ubuntu0.15) ...
Selecting previously unselected package rpcsvc-proto.
Preparing to unpack .../14-rpcsvc-proto_1.4.2-0ubuntu7_arm64.deb ...
Preconfiguring packages ...
Unpacking rpcsvc-proto (1.4.2-0ubuntu7) ...
Selecting previously unselected package libc6-dev:arm64.
Preparing to unpack .../15-libc6-dev_2.39-0ubuntu8.8_arm64.deb ...
Unpacking libc6-dev:arm64 (2.39-0ubuntu8.8) ...
Warning: Permanently added '54.158.213.81' (ED25519) to the list of known hosts.
Fetched 155 MB in 6s (24.6 MB/s)
Created symlink /etc/systemd/system/multi-user.target.wants/containerd.service → /usr/lib/systemd/system/containerd.service.
Selecting previously unselected package gcc-13.
Preparing to unpack .../34-gcc-13_13.3.0-6ubuntu2~24.04.1_arm64.deb ...
Unpacking gcc-13 (13.3.0-6ubuntu2~24.04.1) ...
Selecting previously unselected package gcc-aarch64-linux-gnu.
Preparing to unpack .../35-gcc-aarch64-linux-gnu_4%3a13.2.0-7ubuntu1_arm64.deb ...
(Reading database ... Unpacking gcc-aarch64-linux-gnu (4:13.2.0-7ubuntu1) ...
Selecting previously unselected package gcc-13-base:arm64.
Preparing to unpack .../16-gcc-13-base_13.3.0-6ubuntu2~24.04.1_arm64.deb ...
(Reading database ... 5%(Reading database ... 10%(Reading database ... 15%(Reading database ... 20%(Reading database ... 25%(Reading database ... 30%(Reading database ... 35%(Reading database ... 40%(Reading database ... 45%(Reading database ... 50%(Reading database ... 55%Unpacking gcc-13-base:arm64 (13.3.0-6ubuntu2~24.04.1) ...
Selecting previously unselected package gcc.
Preparing to unpack .../36-gcc_4%3a13.2.0-7ubuntu1_arm64.deb ...
Unpacking gcc (4:13.2.0-7ubuntu1) ...
Selecting previously unselected package libpython3-dev:arm64.
Preparing to unpack .../85-libpython3-dev_3.12.3-0ubuntu2.1_arm64.deb ...
Unpacking libpython3-dev:arm64 (3.12.3-0ubuntu2.1) ...
Get:42 http://us-east-1.ec2.ports.ubuntu.com/ubuntu-ports noble-updates/main arm64 g++-13 arm64 13.3.0-6ubuntu2~24.04.1 [16.0 kB]
Get:43 http://us-east-1.ec2.ports.ubuntu.com/ubuntu-ports noble/main arm64 g++-aarch64-linux-gnu arm64 4:13.2.0-7ubuntu1 [962 B]
Get:44 http://us-east-1.ec2.ports.ubuntu.com/ubuntu-ports noble/main arm64 g++ arm64 4:13.2.0-7ubuntu1 [1082 B]
Selecting previously unselected package libstdc++-13-dev:arm64.
Generating locales (this might take a while)...
Get:45 http://us-east-1.ec2.ports.ubuntu.com/ubuntu-ports noble/main arm64 make arm64 4.3-4.1build2 [178 kB]
Selecting previously unselected package libisl23:arm64.
Get:46 http://us-east-1.ec2.ports.ubuntu.com/ubuntu-ports noble-updates/main arm64 libdpkg-perl all 1.22.6ubuntu6.6 [268 kB]
Preparing to unpack .../37-libstdc++-13-dev_13.3.0-6ubuntu2~24.04.1_arm64.deb ...
Get:47 http://us-east-1.ec2.ports.ubuntu.com/ubuntu-ports noble-updates/main arm64 bzip2 arm64 1.0.8-5.1build0.1 [34.0 kB]
Get:48 http://us-east-1.ec2.ports.ubuntu.com/ubuntu-ports noble/main arm64 lto-disabled-list all 47 [12.4 kB]
Get:49 http://us-east-1.ec2.ports.ubuntu.com/ubuntu-ports noble-updates/main arm64 dpkg-dev all 1.22.6ubuntu6.6 [1074 kB]
Preparing to unpack .../17-libisl23_0.26-3build1.1_arm64.deb ...
Unpacking libstdc++-13-dev:arm64 (13.3.0-6ubuntu2~24.04.1) ...
  en_US.UTF-8...Unpacking libisl23:arm64 (0.26-3build1.1) ...
Preparing to unpack .../86-linux-tools-common_6.8.0-136.136_all.deb ...
Get:50 http://us-east-1.ec2.ports.ubuntu.com/ubuntu-ports noble/main arm64 build-essential arm64 12.10ubuntu1 [4932 B]
Get:51 http://us-east-1.ec2.ports.ubuntu.com/ubuntu-ports noble-updates/main arm64 runc arm64 1.3.4-0ubuntu1~24.04.1 [8578 kB]
Unpacking linux-tools-common (6.8.0-136.136) over (6.8.0-134.134) ...
Selecting previously unselected package manpages-dev.
Selecting previously unselected package libmpc3:arm64.
Preparing to unpack .../18-libmpc3_1.3.1-1build1.1_arm64.deb ...
Unpacking libmpc3:arm64 (1.3.1-1build1.1) ...
Preparing to unpack .../87-manpages-dev_6.7-2_all.deb ...
Selecting previously unselected package cpp-13-aarch64-linux-gnu.
Preparing to unpack .../19-cpp-13-aarch64-linux-gnu_13.3.0-6ubuntu2~24.04.1_arm64.deb ...
Unpacking cpp-13-aarch64-linux-gnu (13.3.0-6ubuntu2~24.04.1) ...
(Reading database ... 60%(Reading database ... 65%Fetched 37.7 MB in 4s (9683 kB/s)
Reading package lists...Unpacking manpages-dev (6.7-2) ...
Selecting previously unselected package g++-13-aarch64-linux-gnu.
Preparing to unpack .../38-g++-13-aarch64-linux-gnu_13.3.0-6ubuntu2~24.04.1_arm64.deb ...
(Reading database ... 70%Unpacking g++-13-aarch64-linux-gnu (13.3.0-6ubuntu2~24.04.1) ...
(Reading database ... 75%Setting up linux-tools-common (6.8.0-136.136) ...
Get:52 http://us-east-1.ec2.ports.ubuntu.com/ubuntu-ports noble-updates/main arm64 containerd arm64 2.2.1-0ubuntu1~24.04.3 [25.2 MB]
Setting up libalgorithm-diff-xs-perl:arm64 (0.04-8build3) ...
Setting up libcc1-0:arm64 (14.2.0-4ubuntu2~24.04.1) ...
Setting up liblsan0:arm64 (14.2.0-4ubuntu2~24.04.1) ...
Setting up libitm1:arm64 (14.2.0-4ubuntu2~24.04.1) ...
(Reading database ... 80%Setting up libjs-underscore (1.13.4~dfsg+~1.11.4-3) ...
Selecting previously unselected package python3.12-dev.
Setting up libalgorithm-merge-perl (0.08-5) ...
Preparing to unpack .../88-python3.12-dev_3.12.3-1ubuntu0.15_arm64.deb ...
Unpacking python3.12-dev (3.12.3-1ubuntu0.15) ...
Setting up libctf0:arm64 (2.42-4ubuntu2.10) ...
Selecting previously unselected package cpp-13.
Setting up libjpeg8:arm64 (8c-2ubuntu11) ...
Setting up ubuntu-fan (0.12.16+24.04.1) ...
Preparing to unpack .../20-cpp-13_13.3.0-6ubuntu2~24.04.1_arm64.deb ...
Unpacking cpp-13 (13.3.0-6ubuntu2~24.04.1) ...
(Reading database ... 85%Selecting previously unselected package python3-dev.
Preparing to unpack .../89-python3-dev_3.12.3-0ubuntu2.1_arm64.deb ...
Unpacking python3-dev (3.12.3-0ubuntu2.1) ...
Selecting previously unselected package cpp-aarch64-linux-gnu.
Preparing to unpack .../21-cpp-aarch64-linux-gnu_4%3a13.2.0-7ubuntu1_arm64.deb ...
Selecting previously unselected package g++-13.
Unpacking cpp-aarch64-linux-gnu (4:13.2.0-7ubuntu1) ...
Preparing to unpack .../39-g++-13_13.3.0-6ubuntu2~24.04.1_arm64.deb ...
Unpacking g++-13 (13.3.0-6ubuntu2~24.04.1) ...
(Reading database ... 90%Selecting previously unselected package python3-wheel.
Preparing to unpack .../90-python3-wheel_0.42.0-2_all.deb ...
Unpacking python3-wheel (0.42.0-2) ...
Selecting previously unselected package g++-aarch64-linux-gnu.
Preparing to unpack .../40-g++-aarch64-linux-gnu_4%3a13.2.0-7ubuntu1_arm64.deb ...
Unpacking g++-aarch64-linux-gnu (4:13.2.0-7ubuntu1) ...
Selecting previously unselected package cpp.
Preparing to unpack .../22-cpp_4%3a13.2.0-7ubuntu1_arm64.deb ...
(Reading database ... 95%Selecting previously unselected package python3-pip.
Unpacking cpp (4:13.2.0-7ubuntu1) ...
Preparing to unpack .../91-python3-pip_24.0+dfsg-1ubuntu1.3_all.deb ...
Selecting previously unselected package g++.
Unpacking python3-pip (24.0+dfsg-1ubuntu1.3) ...
Preparing to unpack .../41-g++_4%3a13.2.0-7ubuntu1_arm64.deb ...
Unpacking g++ (4:13.2.0-7ubuntu1) ...
Created symlink /etc/systemd/system/multi-user.target.wants/ubuntu-fan.service → /usr/lib/systemd/system/ubuntu-fan.service.
Selecting previously unselected package make.
(Reading database ... 100%(Reading database ... 74109 files and directories currently installed.)
Preparing to unpack .../libc6_2.39-0ubuntu8.8_arm64.deb ...
Preparing to unpack .../42-make_4.3-4.1build2_arm64.deb ...
Selecting previously unselected package libcc1-0:arm64.
Unpacking make (4.3-4.1build2) ...
Preparing to unpack .../23-libcc1-0_14.2.0-4ubuntu2~24.04.1_arm64.deb ...
Unpacking libcc1-0:arm64 (14.2.0-4ubuntu2~24.04.1) ...
Selecting previously unselected package libdpkg-perl.
Preparing to unpack .../43-libdpkg-perl_1.22.6ubuntu6.6_all.deb ...
Unpacking libdpkg-perl (1.22.6ubuntu6.6) ...
Selecting previously unselected package libgomp1:arm64.
Selecting previously unselected package ubuntu-fan.
Preparing to unpack .../24-libgomp1_14.2.0-4ubuntu2~24.04.1_arm64.deb ...
Preparing to unpack .../92-ubuntu-fan_0.12.16+24.04.1_all.deb ...
Unpacking libgomp1:arm64 (14.2.0-4ubuntu2~24.04.1) ...
Unpacking ubuntu-fan (0.12.16+24.04.1) ...
Selecting previously unselected package bzip2.
Preparing to unpack .../44-bzip2_1.0.8-5.1build0.1_arm64.deb ...
Unpacking bzip2 (1.0.8-5.1build0.1) ...
Setting up javascript-common (11+nmu1) ...
Selecting previously unselected package libitm1:arm64.
Unpacking libc6:arm64 (2.39-0ubuntu8.8) over (2.39-0ubuntu8.7) ...
Preparing to unpack .../25-libitm1_14.2.0-4ubuntu2~24.04.1_arm64.deb ...
Selecting previously unselected package lto-disabled-list.
Unpacking libitm1:arm64 (14.2.0-4ubuntu2~24.04.1) ...
Preparing to unpack .../45-lto-disabled-list_47_all.deb ...
Unpacking lto-disabled-list (47) ...
Setting up libsharpyuv0:arm64 (1.3.2-0.4build3) ...
Setting up libaom3:arm64 (3.8.2-2ubuntu0.1) ...
Setting up manpages-dev (6.7-2) ...
Selecting previously unselected package dpkg-dev.
Preparing to unpack .../46-dpkg-dev_1.22.6ubuntu6.6_all.deb ...
Unpacking dpkg-dev (1.22.6ubuntu6.6) ...
Setting up lto-disabled-list (47) ...
Setting up liblerc4:arm64 (4.0.0+ds-4ubuntu2) ...
Setting up libxpm4:arm64 (1:3.5.17-1ubuntu0.24.04.1) ...
Selecting previously unselected package libatomic1:arm64.
Preparing to unpack .../26-libatomic1_14.2.0-4ubuntu2~24.04.1_arm64.deb ...
Setting up libfile-fcntllock-perl (0.22-4ubuntu5) ...
Setting up libalgorithm-diff-perl (1.201-1) ...
Setting up binutils-common:arm64 (2.42-4ubuntu2.10) ...
Setting up libdeflate0:arm64 (1.19-1build1.1) ...
Setting up linux-libc-dev:arm64 (6.8.0-136.136) ...
Unpacking libatomic1:arm64 (14.2.0-4ubuntu2~24.04.1) ...
Selecting previously unselected package libasan8:arm64.
Setting up libctf-nobfd0:arm64 (2.42-4ubuntu2.10) ...
Preparing to unpack .../27-libasan8_14.2.0-4ubuntu2~24.04.1_arm64.deb ...
Unpacking libasan8:arm64 (14.2.0-4ubuntu2~24.04.1) ...
Setting up dnsmasq-base (2.90-2ubuntu0.4) ...
Selecting previously unselected package build-essential.
Preparing to unpack .../47-build-essential_12.10ubuntu1_arm64.deb ...
Unpacking build-essential (12.10ubuntu1) ...
Setting up libc6:arm64 (2.39-0ubuntu8.8) ...
Setting up libgomp1:arm64 (14.2.0-4ubuntu2~24.04.1) ...
Setting up bzip2 (1.0.8-5.1build0.1) ...
Selecting previously unselected package runc.
Preparing to unpack .../48-runc_1.3.4-0ubuntu1~24.04.1_arm64.deb ...
Unpacking runc (1.3.4-0ubuntu1~24.04.1) ...
Setting up locales (2.39-0ubuntu8.8) ...
Selecting previously unselected package liblsan0:arm64.
Preparing to unpack .../28-liblsan0_14.2.0-4ubuntu2~24.04.1_arm64.deb ...
Unpacking liblsan0:arm64 (14.2.0-4ubuntu2~24.04.1) ...
Setting up cpp-13-aarch64-linux-gnu (13.3.0-6ubuntu2~24.04.1) ...
Setting up fontconfig-config (2.15.0-1.1ubuntu2) ...
Hit:1 http://us-east-1.ec2.ports.ubuntu.com/ubuntu-ports noble InRelease
Get:2 http://us-east-1.ec2.ports.ubuntu.com/ubuntu-ports noble-updates InRelease [126 kB]
Get:3 http://us-east-1.ec2.ports.ubuntu.com/ubuntu-ports noble-backports InRelease [126 kB]
Selecting previously unselected package libtsan2:arm64.
Preparing to unpack .../29-libtsan2_14.2.0-4ubuntu2~24.04.1_arm64.deb ...
Get:4 http://ports.ubuntu.com/ubuntu-ports noble-security InRelease [126 kB]
Unpacking libtsan2:arm64 (14.2.0-4ubuntu2~24.04.1) ...
Selecting previously unselected package containerd.
Get:5 http://us-east-1.ec2.ports.ubuntu.com/ubuntu-ports noble/universe arm64 Packages [15.3 MB]
Preparing to unpack .../49-containerd_2.2.1-0ubuntu1~24.04.3_arm64.deb ...
Unpacking containerd (2.2.1-0ubuntu1~24.04.3) ...
Selecting previously unselected package libubsan1:arm64.
Preparing to unpack .../30-libubsan1_14.2.0-4ubuntu2~24.04.1_arm64.deb ...
Unpacking libubsan1:arm64 (14.2.0-4ubuntu2~24.04.1) ...

Reading package lists...
Building dependency tree...Setting up docker.io (29.1.3-0ubuntu3~24.04.2) ...
Selecting previously unselected package libhwasan0:arm64.
Preparing to unpack .../31-libhwasan0_14.2.0-4ubuntu2~24.04.1_arm64.deb ...
Unpacking libhwasan0:arm64 (14.2.0-4ubuntu2~24.04.1) ...
(Reading database ... (Reading database ... 5%(Reading database ... 10%(Reading database ... 15%(Reading database ... 20%(Reading database ... 25%(Reading database ... 30%(Reading database ... 35%(Reading database ... 40%(Reading database ... 45%(Reading database ... 50%(Reading database ... 55%Get:6 http://ports.ubuntu.com/ubuntu-ports noble-security/main arm64 Packages [940 kB]
Selecting previously unselected package libgcc-13-dev:arm64.
(Reading database ... 60%(Reading database ... 65%(Reading database ... 70%Preparing to unpack .../32-libgcc-13-dev_13.3.0-6ubuntu2~24.04.1_arm64.deb ...
Get:7 http://us-east-1.ec2.ports.ubuntu.com/ubuntu-ports noble/universe Translation-en [5982 kB]
Unpacking libgcc-13-dev:arm64 (13.3.0-6ubuntu2~24.04.1) ...
Get:8 http://us-east-1.ec2.ports.ubuntu.com/ubuntu-ports noble/universe arm64 Components [3573 kB]
info: Selecting GID from range 100 to 999 ...
info: Adding group `docker' (GID 112) ...
Get:9 http://us-east-1.ec2.ports.ubuntu.com/ubuntu-ports noble/universe arm64 c-n-f Metadata [295 kB]
Get:10 http://us-east-1.ec2.ports.ubuntu.com/ubuntu-ports noble/multiverse arm64 Packages [223 kB]
Get:11 http://us-east-1.ec2.ports.ubuntu.com/ubuntu-ports noble/multiverse Translation-en [118 kB]
Get:12 http://us-east-1.ec2.ports.ubuntu.com/ubuntu-ports noble/multiverse arm64 Components [31.6 kB]
Get:13 http://us-east-1.ec2.ports.ubuntu.com/ubuntu-ports noble/multiverse arm64 c-n-f Metadata [7152 B]
Get:14 http://us-east-1.ec2.ports.ubuntu.com/ubuntu-ports noble-updates/main arm64 Packages [1190 kB]
Get:15 http://us-east-1.ec2.ports.ubuntu.com/ubuntu-ports noble-updates/main Translation-en [278 kB]
Get:16 http://ports.ubuntu.com/ubuntu-ports noble-security/main Translation-en [198 kB]
Get:17 http://us-east-1.ec2.ports.ubuntu.com/ubuntu-ports noble-updates/main arm64 Components [178 kB]
Get:18 http://us-east-1.ec2.ports.ubuntu.com/ubuntu-ports noble-updates/universe arm64 Packages [1704 kB]
Get:19 http://ports.ubuntu.com/ubuntu-ports noble-security/main arm64 Components [43.3 kB]
Get:20 http://ports.ubuntu.com/ubuntu-ports noble-security/main arm64 c-n-f Metadata [11.6 kB]
Get:21 http://ports.ubuntu.com/ubuntu-ports noble-security/universe arm64 Packages [1259 kB]
Get:22 http://us-east-1.ec2.ports.ubuntu.com/ubuntu-ports noble-updates/universe Translation-en [334 kB]
 done
Generation complete.
(Reading database ... 75%(Reading database ... 80%(Reading database ... 85%(Reading database ... 90%(Reading database ... 95%(Reading database ... 100%(Reading database ... 74109 files and directories currently installed.)
Preparing to unpack .../libc-bin_2.39-0ubuntu8.8_arm64.deb ...
Unpacking libc-bin (2.39-0ubuntu8.8) over (2.39-0ubuntu8.7) ...
Setting up libc-bin (2.39-0ubuntu8.8) ...

Reading state information...Selecting previously unselected package gcc-13-aarch64-linux-gnu.
Preparing to unpack .../33-gcc-13-aarch64-linux-gnu_13.3.0-6ubuntu2~24.04.1_arm64.deb ...
Generating locales (this might take a while)...
  en_US.UTF-8...
Unpacking gcc-13-aarch64-linux-gnu (13.3.0-6ubuntu2~24.04.1) ...
Setting up python3-wheel (0.42.0-2) ...
Selecting previously unselected package pigz.
(Reading database ... (Reading database ... 5%(Reading database ... 10%(Reading database ... 15%(Reading database ... 20%(Reading database ... 25%(Reading database ... 30%(Reading database ... 35%(Reading database ... 40%(Reading database ... 45%(Reading database ... 50%(Reading database ... 55%(Reading database ... 60%(Reading database ... 65%(Reading database ... 70%Get:23 http://us-east-1.ec2.ports.ubuntu.com/ubuntu-ports noble-updates/universe arm64 Components [387 kB]
Get:24 http://us-east-1.ec2.ports.ubuntu.com/ubuntu-ports noble-updates/universe arm64 c-n-f Metadata [33.5 kB]
Get:25 http://us-east-1.ec2.ports.ubuntu.com/ubuntu-ports noble-updates/restricted arm64 Packages [2036 kB]
Get:26 http://us-east-1.ec2.ports.ubuntu.com/ubuntu-ports noble-updates/restricted Translation-en [308 kB]
Get:27 http://us-east-1.ec2.ports.ubuntu.com/ubuntu-ports noble-updates/multiverse arm64 Packages [72.7 kB]
Get:28 http://us-east-1.ec2.ports.ubuntu.com/ubuntu-ports noble-updates/multiverse Translation-en [12.3 kB]
Get:29 http://us-east-1.ec2.ports.ubuntu.com/ubuntu-ports noble-updates/multiverse arm64 Components [212 B]
Get:30 http://us-east-1.ec2.ports.ubuntu.com/ubuntu-ports noble-updates/multiverse arm64 c-n-f Metadata [472 B]
Get:31 http://us-east-1.ec2.ports.ubuntu.com/ubuntu-ports noble-backports/main arm64 Packages [40.6 kB]
Get:32 http://us-east-1.ec2.ports.ubuntu.com/ubuntu-ports noble-backports/main Translation-en [9172 B]
Get:33 http://us-east-1.ec2.ports.ubuntu.com/ubuntu-ports noble-backports/main arm64 Components [3572 B]
Get:34 http://us-east-1.ec2.ports.ubuntu.com/ubuntu-ports noble-backports/main arm64 c-n-f Metadata [372 B]
Get:35 http://us-east-1.ec2.ports.ubuntu.com/ubuntu-ports noble-backports/universe arm64 Packages [32.7 kB]
Get:36 http://us-east-1.ec2.ports.ubuntu.com/ubuntu-ports noble-backports/universe Translation-en [18.6 kB]
Get:37 http://us-east-1.ec2.ports.ubuntu.com/ubuntu-ports noble-backports/universe arm64 Components [12.6 kB]
Get:38 http://us-east-1.ec2.ports.ubuntu.com/ubuntu-ports noble-backports/universe arm64 c-n-f Metadata [1592 B]
Get:39 http://us-east-1.ec2.ports.ubuntu.com/ubuntu-ports noble-backports/restricted arm64 Components [212 B]
Get:40 http://us-east-1.ec2.ports.ubuntu.com/ubuntu-ports noble-backports/restricted arm64 c-n-f Metadata [116 B]
Get:41 http://us-east-1.ec2.ports.ubuntu.com/ubuntu-ports noble-backports/multiverse arm64 Packages [748 B]
(Reading database ... 75%Get:42 http://us-east-1.ec2.ports.ubuntu.com/ubuntu-ports noble-backports/multiverse Translation-en [340 B]
Get:43 http://us-east-1.ec2.ports.ubuntu.com/ubuntu-ports noble-backports/multiverse arm64 Components [212 B]
Get:44 http://us-east-1.ec2.ports.ubuntu.com/ubuntu-ports noble-backports/multiverse arm64 c-n-f Metadata [116 B]
Get:45 http://ports.ubuntu.com/ubuntu-ports noble-security/universe Translation-en [239 kB]
Get:46 http://ports.ubuntu.com/ubuntu-ports noble-security/universe arm64 Components [76.3 kB]
Get:47 http://ports.ubuntu.com/ubuntu-ports noble-security/universe arm64 c-n-f Metadata [23.7 kB]
Get:48 http://ports.ubuntu.com/ubuntu-ports noble-security/restricted arm64 Packages [1930 kB]
Get:49 http://ports.ubuntu.com/ubuntu-ports noble-security/restricted Translation-en [290 kB]
Get:50 http://ports.ubuntu.com/ubuntu-ports noble-security/restricted arm64 Components [212 B]
Get:51 http://ports.ubuntu.com/ubuntu-ports noble-security/restricted arm64 c-n-f Metadata [388 B]
Get:52 http://ports.ubuntu.com/ubuntu-ports noble-security/multiverse arm64 Packages [68.7 kB]
Get:53 http://ports.ubuntu.com/ubuntu-ports noble-security/multiverse Translation-en [10.6 kB]
Get:54 http://ports.ubuntu.com/ubuntu-ports noble-security/multiverse arm64 Components [208 B]
Get:55 http://ports.ubuntu.com/ubuntu-ports noble-security/multiverse arm64 c-n-f Metadata [456 B]
Created symlink /etc/systemd/system/multi-user.target.wants/docker.service → /usr/lib/systemd/system/docker.service.
(Reading database ... 80%(Reading database ... 85%(Reading database ... 90%(Reading database ... 95%(Reading database ... 100%(Reading database ... 74109 files and directories currently installed.)
Preparing to unpack .../00-pigz_2.8-1_arm64.deb ...
Unpacking pigz (2.8-1) ...
Preparing to unpack .../01-locales_2.39-0ubuntu8.8_all.deb ...
Unpacking locales (2.39-0ubuntu8.8) over (2.39-0ubuntu8.7) ...
Setting up libjbig0:arm64 (2.1-6.1ubuntu2) ...
Created symlink /etc/systemd/system/sockets.target.wants/docker.socket → /usr/lib/systemd/system/docker.socket.
Setting up libsframe1:arm64 (2.42-4ubuntu2.10) ...
Setting up libfakeroot:arm64 (1.33-1) ...
Selecting previously unselected package dns-root-data.
Preparing to unpack .../50-dns-root-data_2024071801~ubuntu0.24.04.1_all.deb ...
Unpacking dns-root-data (2024071801~ubuntu0.24.04.1) ...
Setting up runc (1.3.4-0ubuntu1~24.04.1) ...
curl is already the newest version (8.5.0-2ubuntu10.11).
curl set to manually installed.
ca-certificates is already the newest version (20260601~24.04.1).
ca-certificates set to manually installed.
jq is already the newest version (1.7.1-3ubuntu0.24.04.2).
jq set to manually installed.
git is already the newest version (1:2.43.0-1ubuntu7.3).
git set to manually installed.
The following additional packages will be installed:
  binutils binutils-aarch64-linux-gnu binutils-common bridge-utils bzip2
  containerd cpp cpp-13 cpp-13-aarch64-linux-gnu cpp-aarch64-linux-gnu
  dns-root-data dnsmasq-base dpkg-dev fakeroot fontconfig-config
  fonts-dejavu-core fonts-dejavu-mono g++ g++-13 g++-13-aarch64-linux-gnu
  g++-aarch64-linux-gnu gcc gcc-13 gcc-13-aarch64-linux-gnu gcc-13-base
  gcc-aarch64-linux-gnu javascript-common libalgorithm-diff-perl
  libalgorithm-diff-xs-perl libalgorithm-merge-perl libaom3 libasan8
  libatomic1 libbinutils libc-bin libc-dev-bin libc-devtools libc6 libc6-dev
  libcc1-0 libcrypt-dev libctf-nobfd0 libctf0 libdeflate0 libdpkg-perl
  libexpat1-dev libfakeroot libfile-fcntllock-perl libfontconfig1
Setting up dns-root-data (2024071801~ubuntu0.24.04.1) ...
Setting up fakeroot (1.33-1) ...
Selecting previously unselected package dnsmasq-base.
Preparing to unpack .../51-dnsmasq-base_2.90-2ubuntu0.4_arm64.deb ...
Unpacking dnsmasq-base (2.90-2ubuntu0.4) ...
Selecting previously unselected package gcc-13.
Preparing to unpack .../34-gcc-13_13.3.0-6ubuntu2~24.04.1_arm64.deb ...
update-alternatives: using /usr/bin/fakeroot-sysv to provide /usr/bin/fakeroot (fakeroot) in auto mode
Unpacking gcc-13 (13.3.0-6ubuntu2~24.04.1) ...
  libgcc-13-dev libgd3 libgomp1 libgprofng0 libheif-plugin-aomdec
  libheif-plugin-aomenc libheif1 libhwasan0 libisl23 libitm1 libjbig0
  libjpeg-turbo8 libjpeg8 libjs-jquery libjs-sphinxdoc libjs-underscore
  liblerc4 liblsan0 libmpc3 libpython3-dev libpython3.12-dev libsframe1
  libsharpyuv0 libstdc++-13-dev libtiff6 libtsan2 libubsan1 libwebp7 libxpm4
  linux-libc-dev linux-tools-common locales lto-disabled-list make
  manpages-dev pigz python3-dev python3-wheel python3.12-dev rpcsvc-proto runc
  ubuntu-fan zlib1g-dev
Suggested packages:
  binutils-doc gprofng-gui ifupdown bzip2-doc cpp-doc gcc-13-locales
  cpp-13-doc aufs-tools cgroupfs-mount | cgroup-lite debootstrap docker-buildx
  docker-compose-v2 docker-doc rinse zfs-fuse | zfsutils debian-keyring
  gcc-13-doc gcc-multilib autoconf automake libtool flex bison gdb gcc-doc
  gdb-aarch64-linux-gnu apache2 | lighttpd | httpd glibc-doc libnss-nis
  libnss-nisplus bzr libgd-tools libheif-plugin-libde265 libheif-plugin-x265
  libheif-plugin-ffmpegdec libheif-plugin-jpegdec libheif-plugin-jpegenc
  libheif-plugin-j2kdec libheif-plugin-j2kenc libheif-plugin-rav1e
  libheif-plugin-svtenc libstdc++-13-doc make-doc
The following NEW packages will be installed:
  binutils binutils-aarch64-linux-gnu binutils-common bridge-utils
  build-essential bzip2 containerd cpp cpp-13 cpp-13-aarch64-linux-gnu
  cpp-aarch64-linux-gnu dns-root-data dnsmasq-base docker.io dpkg-dev fakeroot
  fontconfig-config fonts-dejavu-core fonts-dejavu-mono g++ g++-13
  g++-13-aarch64-linux-gnu g++-aarch64-linux-gnu gcc gcc-13
  gcc-13-aarch64-linux-gnu gcc-13-base gcc-aarch64-linux-gnu javascript-common
  libalgorithm-diff-perl libalgorithm-diff-xs-perl libalgorithm-merge-perl
  libaom3 libasan8 libatomic1 libbinutils libc-dev-bin libc-devtools libc6-dev
  libcc1-0 libcrypt-dev libctf-nobfd0 libctf0 libdeflate0 libdpkg-perl
  libexpat1-dev libfakeroot libfile-fcntllock-perl libfontconfig1
  libgcc-13-dev libgd3 libgomp1 libgprofng0 libheif-plugin-aomdec
  libheif-plugin-aomenc libheif1 libhwasan0 libisl23 libitm1 libjbig0
  libjpeg-turbo8 libjpeg8 libjs-jquery libjs-sphinxdoc libjs-underscore
  liblerc4 liblsan0 libmpc3 libpython3-dev libpython3.12-dev libsframe1
  libsharpyuv0 libstdc++-13-dev libtiff6 libtsan2 libubsan1 libwebp7 libxpm4
  linux-libc-dev lto-disabled-list make manpages-dev pigz python3-dev
  python3-pip python3-wheel python3.12-dev rpcsvc-proto runc ubuntu-fan
  zlib1g-dev
The following packages will be upgraded:
  libc-bin libc6 linux-tools-common locales
4 upgraded, 91 newly installed, 0 to remove and 30 not upgraded.
Need to get 155 MB of archives.
After this operation, 558 MB of additional disk space will be used.
Get:1 http://us-east-1.ec2.ports.ubuntu.com/ubuntu-ports noble-updates/main arm64 libc6 arm64 2.39-0ubuntu8.8 [2775 kB]
Setting up rpcsvc-proto (1.4.2-0ubuntu7) ...
Get:53 http://us-east-1.ec2.ports.ubuntu.com/ubuntu-ports noble-updates/main arm64 dns-root-data all 2024071801~ubuntu0.24.04.1 [5918 B]
Get:54 http://us-east-1.ec2.ports.ubuntu.com/ubuntu-ports noble-updates/main arm64 dnsmasq-base arm64 2.90-2ubuntu0.4 [367 kB]
Get:55 http://us-east-1.ec2.ports.ubuntu.com/ubuntu-ports noble-updates/universe arm64 docker.io arm64 29.1.3-0ubuntu3~24.04.2 [32.0 MB]
Selecting previously unselected package docker.io.
Setting up gcc-13-base:arm64 (13.3.0-6ubuntu2~24.04.1) ...
Selecting previously unselected package gcc-aarch64-linux-gnu.
Preparing to unpack .../52-docker.io_29.1.3-0ubuntu3~24.04.2_arm64.deb ...
Unpacking docker.io (29.1.3-0ubuntu3~24.04.2) ...
Preparing to unpack .../35-gcc-aarch64-linux-gnu_4%3a13.2.0-7ubuntu1_arm64.deb ...
Unpacking gcc-aarch64-linux-gnu (4:13.2.0-7ubuntu1) ...
Setting up make (4.3-4.1build2) ...
Setting up fonts-dejavu-mono (2.37-8) ...
Get:2 http://us-east-1.ec2.ports.ubuntu.com/ubuntu-ports noble-updates/main arm64 libc-bin arm64 2.39-0ubuntu8.8 [591 kB]
Selecting previously unselected package gcc.
Preparing to unpack .../36-gcc_4%3a13.2.0-7ubuntu1_arm64.deb ...
Unpacking gcc (4:13.2.0-7ubuntu1) ...
Setting up libmpc3:arm64 (1.3.1-1build1.1) ...
Get:3 http://us-east-1.ec2.ports.ubuntu.com/ubuntu-ports noble/universe arm64 pigz arm64 2.8-1 [60.7 kB]
Get:4 http://us-east-1.ec2.ports.ubuntu.com/ubuntu-ports noble-updates/main arm64 locales all 2.39-0ubuntu8.8 [4231 kB]
Setting up libatomic1:arm64 (14.2.0-4ubuntu2~24.04.1) ...
Setting up fonts-dejavu-core (2.37-8) ...
Selecting previously unselected package libstdc++-13-dev:arm64.
Preparing to unpack .../37-libstdc++-13-dev_13.3.0-6ubuntu2~24.04.1_arm64.deb ...
Unpacking libstdc++-13-dev:arm64 (13.3.0-6ubuntu2~24.04.1) ...
Selecting previously unselected package binutils-common:arm64.
Preparing to unpack .../02-binutils-common_2.42-4ubuntu2.10_arm64.deb ...
Unpacking binutils-common:arm64 (2.42-4ubuntu2.10) ...
Selecting previously unselected package libsframe1:arm64.
Preparing to unpack .../03-libsframe1_2.42-4ubuntu2.10_arm64.deb ...
Unpacking libsframe1:arm64 (2.42-4ubuntu2.10) ...
Setting up python3-pip (24.0+dfsg-1ubuntu1.3) ...
Get:5 http://us-east-1.ec2.ports.ubuntu.com/ubuntu-ports noble-updates/main arm64 binutils-common arm64 2.42-4ubuntu2.10 [240 kB]
Selecting previously unselected package libbinutils:arm64.
Get:6 http://us-east-1.ec2.ports.ubuntu.com/ubuntu-ports noble-updates/main arm64 libsframe1 arm64 2.42-4ubuntu2.10 [15.4 kB]
Get:7 http://us-east-1.ec2.ports.ubuntu.com/ubuntu-ports noble-updates/main arm64 libbinutils arm64 2.42-4ubuntu2.10 [766 kB]
Preparing to unpack .../04-libbinutils_2.42-4ubuntu2.10_arm64.deb ...
Unpacking libbinutils:arm64 (2.42-4ubuntu2.10) ...
Get:8 http://us-east-1.ec2.ports.ubuntu.com/ubuntu-ports noble-updates/main arm64 libctf-nobfd0 arm64 2.42-4ubuntu2.10 [101 kB]
Get:9 http://us-east-1.ec2.ports.ubuntu.com/ubuntu-ports noble-updates/main arm64 libctf0 arm64 2.42-4ubuntu2.10 [95.7 kB]
Get:10 http://us-east-1.ec2.ports.ubuntu.com/ubuntu-ports noble-updates/main arm64 libgprofng0 arm64 2.42-4ubuntu2.10 [776 kB]
Get:11 http://us-east-1.ec2.ports.ubuntu.com/ubuntu-ports noble-updates/main arm64 binutils-aarch64-linux-gnu arm64 2.42-4ubuntu2.10 [3304 kB]
Selecting previously unselected package libctf-nobfd0:arm64.
Preparing to unpack .../05-libctf-nobfd0_2.42-4ubuntu2.10_arm64.deb ...
Unpacking libctf-nobfd0:arm64 (2.42-4ubuntu2.10) ...
Get:56 http://us-east-1.ec2.ports.ubuntu.com/ubuntu-ports noble/main arm64 libfakeroot arm64 1.33-1 [32.5 kB]
Get:57 http://us-east-1.ec2.ports.ubuntu.com/ubuntu-ports noble/main arm64 fakeroot arm64 1.33-1 [66.9 kB]
Get:58 http://us-east-1.ec2.ports.ubuntu.com/ubuntu-ports noble/main arm64 fonts-dejavu-mono all 2.37-8 [502 kB]
Get:59 http://us-east-1.ec2.ports.ubuntu.com/ubuntu-ports noble/main arm64 fonts-dejavu-core all 2.37-8 [835 kB]
Get:60 http://us-east-1.ec2.ports.ubuntu.com/ubuntu-ports noble/main arm64 fontconfig-config arm64 2.15.0-1.1ubuntu2 [37.4 kB]
Get:61 http://us-east-1.ec2.ports.ubuntu.com/ubuntu-ports noble/main arm64 javascript-common all 11+nmu1 [5936 B]
Get:62 http://us-east-1.ec2.ports.ubuntu.com/ubuntu-ports noble/main arm64 libalgorithm-diff-perl all 1.201-1 [41.8 kB]
Get:63 http://us-east-1.ec2.ports.ubuntu.com/ubuntu-ports noble/main arm64 libalgorithm-diff-xs-perl arm64 0.04-8build3 [10.9 kB]
Get:64 http://us-east-1.ec2.ports.ubuntu.com/ubuntu-ports noble/main arm64 libalgorithm-merge-perl all 0.08-5 [11.4 kB]
Get:65 http://us-east-1.ec2.ports.ubuntu.com/ubuntu-ports noble-updates/main arm64 libaom3 arm64 3.8.2-2ubuntu0.1 [1617 kB]
Selecting previously unselected package g++-13-aarch64-linux-gnu.
Preparing to unpack .../38-g++-13-aarch64-linux-gnu_13.3.0-6ubuntu2~24.04.1_arm64.deb ...
Selecting previously unselected package libctf0:arm64.
Unpacking g++-13-aarch64-linux-gnu (13.3.0-6ubuntu2~24.04.1) ...
Preparing to unpack .../06-libctf0_2.42-4ubuntu2.10_arm64.deb ...
Unpacking libctf0:arm64 (2.42-4ubuntu2.10) ...
Selecting previously unselected package libgprofng0:arm64.
Preparing to unpack .../07-libgprofng0_2.42-4ubuntu2.10_arm64.deb ...
Unpacking libgprofng0:arm64 (2.42-4ubuntu2.10) ...
Get:66 http://us-east-1.ec2.ports.ubuntu.com/ubuntu-ports noble/main arm64 libfontconfig1 arm64 2.15.0-1.1ubuntu2 [142 kB]
Get:67 http://us-east-1.ec2.ports.ubuntu.com/ubuntu-ports noble/main arm64 libsharpyuv0 arm64 1.3.2-0.4build3 [14.5 kB]
Get:68 http://us-east-1.ec2.ports.ubuntu.com/ubuntu-ports noble-updates/main arm64 libheif-plugin-aomdec arm64 1.17.6-1ubuntu4.6 [11.1 kB]
Get:69 http://us-east-1.ec2.ports.ubuntu.com/ubuntu-ports noble-updates/main arm64 libheif1 arm64 1.17.6-1ubuntu4.6 [260 kB]
Get:70 http://us-east-1.ec2.ports.ubuntu.com/ubuntu-ports noble/main arm64 libjpeg-turbo8 arm64 2.1.5-2ubuntu2 [163 kB]
Get:71 http://us-east-1.ec2.ports.ubuntu.com/ubuntu-ports noble/main arm64 libjpeg8 arm64 8c-2ubuntu11 [2148 B]
Get:72 http://us-east-1.ec2.ports.ubuntu.com/ubuntu-ports noble-updates/main arm64 libdeflate0 arm64 1.19-1build1.1 [43.5 kB]
Get:73 http://us-east-1.ec2.ports.ubuntu.com/ubuntu-ports noble/main arm64 libjbig0 arm64 2.1-6.1ubuntu2 [29.3 kB]
Get:74 http://us-east-1.ec2.ports.ubuntu.com/ubuntu-ports noble/main arm64 liblerc4 arm64 4.0.0+ds-4ubuntu2 [154 kB]
Get:12 http://us-east-1.ec2.ports.ubuntu.com/ubuntu-ports noble-updates/main arm64 binutils arm64 2.42-4ubuntu2.10 [18.1 kB]
Get:75 http://us-east-1.ec2.ports.ubuntu.com/ubuntu-ports noble/main arm64 libwebp7 arm64 1.3.2-0.4build3 [191 kB]
Get:13 http://us-east-1.ec2.ports.ubuntu.com/ubuntu-ports noble/main arm64 bridge-utils arm64 1.7.1-1ubuntu2 [34.2 kB]
Get:14 http://us-east-1.ec2.ports.ubuntu.com/ubuntu-ports noble-updates/main arm64 libc-dev-bin arm64 2.39-0ubuntu8.8 [19.7 kB]
Get:76 http://us-east-1.ec2.ports.ubuntu.com/ubuntu-ports noble-updates/main arm64 libtiff6 arm64 4.5.1+git230720-4ubuntu2.5 [192 kB]
Get:15 http://us-east-1.ec2.ports.ubuntu.com/ubuntu-ports noble-updates/main arm64 linux-libc-dev arm64 6.8.0-136.136 [1550 kB]
Get:77 http://us-east-1.ec2.ports.ubuntu.com/ubuntu-ports noble-updates/main arm64 libxpm4 arm64 1:3.5.17-1ubuntu0.24.04.1 [35.3 kB]
Get:78 http://us-east-1.ec2.ports.ubuntu.com/ubuntu-ports noble/main arm64 libgd3 arm64 2.3.3-9ubuntu5 [122 kB]
Get:79 http://us-east-1.ec2.ports.ubuntu.com/ubuntu-ports noble-updates/main arm64 libc-devtools arm64 2.39-0ubuntu8.8 [27.8 kB]
Get:80 http://us-east-1.ec2.ports.ubuntu.com/ubuntu-ports noble-updates/main arm64 libexpat1-dev arm64 2.6.1-2ubuntu0.4 [128 kB]
Get:81 http://us-east-1.ec2.ports.ubuntu.com/ubuntu-ports noble/main arm64 libfile-fcntllock-perl arm64 0.22-4ubuntu5 [30.6 kB]
Selecting previously unselected package binutils-aarch64-linux-gnu.
Get:82 http://us-east-1.ec2.ports.ubuntu.com/ubuntu-ports noble-updates/main arm64 libheif-plugin-aomenc arm64 1.17.6-1ubuntu4.6 [13.7 kB]
Get:83 http://us-east-1.ec2.ports.ubuntu.com/ubuntu-ports noble/main arm64 libjs-jquery all 3.6.1+dfsg+~3.5.14-1 [328 kB]
Preparing to unpack .../08-binutils-aarch64-linux-gnu_2.42-4ubuntu2.10_arm64.deb ...
Unpacking binutils-aarch64-linux-gnu (2.42-4ubuntu2.10) ...
Get:84 http://us-east-1.ec2.ports.ubuntu.com/ubuntu-ports noble/main arm64 libjs-underscore all 1.13.4~dfsg+~1.11.4-3 [118 kB]
Get:85 http://us-east-1.ec2.ports.ubuntu.com/ubuntu-ports noble/main arm64 libjs-sphinxdoc all 7.2.6-6 [149 kB]
Get:86 http://us-east-1.ec2.ports.ubuntu.com/ubuntu-ports noble-updates/main arm64 zlib1g-dev arm64 1:1.3.dfsg-3.1ubuntu2.1 [894 kB]
Get:16 http://us-east-1.ec2.ports.ubuntu.com/ubuntu-ports noble/main arm64 libcrypt-dev arm64 1:4.4.36-4build1 [118 kB]
Get:87 http://us-east-1.ec2.ports.ubuntu.com/ubuntu-ports noble-updates/main arm64 libpython3.12-dev arm64 3.12.3-1ubuntu0.15 [5538 kB]
Get:17 http://us-east-1.ec2.ports.ubuntu.com/ubuntu-ports noble/main arm64 rpcsvc-proto arm64 1.4.2-0ubuntu7 [64.8 kB]
Get:18 http://us-east-1.ec2.ports.ubuntu.com/ubuntu-ports noble-updates/main arm64 libc6-dev arm64 2.39-0ubuntu8.8 [1596 kB]
Get:19 http://us-east-1.ec2.ports.ubuntu.com/ubuntu-ports noble-updates/main arm64 gcc-13-base arm64 13.3.0-6ubuntu2~24.04.1 [51.6 kB]
Get:20 http://us-east-1.ec2.ports.ubuntu.com/ubuntu-ports noble-updates/main arm64 libisl23 arm64 0.26-3build1.1 [669 kB]
Get:21 http://us-east-1.ec2.ports.ubuntu.com/ubuntu-ports noble-updates/main arm64 libmpc3 arm64 1.3.1-1build1.1 [56.4 kB]
Get:22 http://us-east-1.ec2.ports.ubuntu.com/ubuntu-ports noble-updates/main arm64 cpp-13-aarch64-linux-gnu arm64 13.3.0-6ubuntu2~24.04.1 [9560 kB]
Setting up cpp-aarch64-linux-gnu (4:13.2.0-7ubuntu1) ...
Setting up libgprofng0:arm64 (2.42-4ubuntu2.10) ...
Selecting previously unselected package g++-13.
Setting up libjs-sphinxdoc (7.2.6-6) ...
Preparing to unpack .../39-g++-13_13.3.0-6ubuntu2~24.04.1_arm64.deb ...
Unpacking g++-13 (13.3.0-6ubuntu2~24.04.1) ...
Setting up libgcc-13-dev:arm64 (13.3.0-6ubuntu2~24.04.1) ...
Selecting previously unselected package binutils.
Setting up libtiff6:arm64 (4.5.1+git230720-4ubuntu2.5) ...
Setting up libc6-dev:arm64 (2.39-0ubuntu8.8) ...
Preparing to unpack .../09-binutils_2.42-4ubuntu2.10_arm64.deb ...
Unpacking binutils (2.42-4ubuntu2.10) ...
Setting up libstdc++-13-dev:arm64 (13.3.0-6ubuntu2~24.04.1) ...
Setting up cpp-13 (13.3.0-6ubuntu2~24.04.1) ...
Setting up binutils-aarch64-linux-gnu (2.42-4ubuntu2.10) ...
Selecting previously unselected package g++-aarch64-linux-gnu.
Preparing to unpack .../40-g++-aarch64-linux-gnu_4%3a13.2.0-7ubuntu1_arm64.deb ...
Selecting previously unselected package bridge-utils.
Unpacking g++-aarch64-linux-gnu (4:13.2.0-7ubuntu1) ...
Preparing to unpack .../10-bridge-utils_1.7.1-1ubuntu2_arm64.deb ...
Unpacking bridge-utils (1.7.1-1ubuntu2) ...
Setting up binutils (2.42-4ubuntu2.10) ...
Setting up gcc-13-aarch64-linux-gnu (13.3.0-6ubuntu2~24.04.1) ...
Setting up dpkg-dev (1.22.6ubuntu6.6) ...
Setting up libexpat1-dev:arm64 (2.6.1-2ubuntu0.4) ...
Setting up gcc-13 (13.3.0-6ubuntu2~24.04.1) ...
Selecting previously unselected package libc-dev-bin.
Selecting previously unselected package g++.
Preparing to unpack .../11-libc-dev-bin_2.39-0ubuntu8.8_arm64.deb ...
Setting up zlib1g-dev:arm64 (1:1.3.dfsg-3.1ubuntu2.1) ...
Unpacking libc-dev-bin (2.39-0ubuntu8.8) ...
Preparing to unpack .../41-g++_4%3a13.2.0-7ubuntu1_arm64.deb ...
Setting up cpp (4:13.2.0-7ubuntu1) ...
Unpacking g++ (4:13.2.0-7ubuntu1) ...
Setting up g++-13-aarch64-linux-gnu (13.3.0-6ubuntu2~24.04.1) ...
Selecting previously unselected package linux-libc-dev:arm64.
Setting up gcc-aarch64-linux-gnu (4:13.2.0-7ubuntu1) ...
Preparing to unpack .../12-linux-libc-dev_6.8.0-136.136_arm64.deb ...
Unpacking linux-libc-dev:arm64 (6.8.0-136.136) ...
Setting up g++-13 (13.3.0-6ubuntu2~24.04.1) ...
Selecting previously unselected package make.
Setting up libpython3.12-dev:arm64 (3.12.3-1ubuntu0.15) ...
Preparing to unpack .../42-make_4.3-4.1build2_arm64.deb ...
Setting up gcc (4:13.2.0-7ubuntu1) ...
Unpacking make (4.3-4.1build2) ...
Setting up python3.12-dev (3.12.3-1ubuntu0.15) ...
Selecting previously unselected package libfakeroot:arm64.
Preparing to unpack .../53-libfakeroot_1.33-1_arm64.deb ...
Setting up g++-aarch64-linux-gnu (4:13.2.0-7ubuntu1) ...
Unpacking libfakeroot:arm64 (1.33-1) ...
Setting up libpython3-dev:arm64 (3.12.3-0ubuntu2.1) ...
Setting up python3-dev (3.12.3-0ubuntu2.1) ...
Setting up g++ (4:13.2.0-7ubuntu1) ...
Selecting previously unselected package libdpkg-perl.
update-alternatives: using /usr/bin/g++ to provide /usr/bin/c++ (c++) in auto mode
Preparing to unpack .../43-libdpkg-perl_1.22.6ubuntu6.6_all.deb ...
Unpacking libdpkg-perl (1.22.6ubuntu6.6) ...
Selecting previously unselected package fakeroot.
Preparing to unpack .../54-fakeroot_1.33-1_arm64.deb ...
Unpacking fakeroot (1.33-1) ...
Setting up build-essential (12.10ubuntu1) ...
Setting up libheif-plugin-aomdec:arm64 (1.17.6-1ubuntu4.6) ...
Setting up libheif1:arm64 (1.17.6-1ubuntu4.6) ...
Selecting previously unselected package bzip2.
Preparing to unpack .../44-bzip2_1.0.8-5.1build0.1_arm64.deb ...
Selecting previously unselected package libcrypt-dev:arm64.
Preparing to unpack .../13-libcrypt-dev_1%3a4.4.36-4build1_arm64.deb ...
Unpacking libcrypt-dev:arm64 (1:4.4.36-4build1) ...
Selecting previously unselected package fonts-dejavu-mono.
Preparing to unpack .../55-fonts-dejavu-mono_2.37-8_all.deb ...
Unpacking fonts-dejavu-mono (2.37-8) ...
Setting up libheif-plugin-aomenc:arm64 (1.17.6-1ubuntu4.6) ...
Processing triggers for libc-bin (2.39-0ubuntu8.8) ...
Processing triggers for man-db (2.12.0-4build2) ...
Unpacking bzip2 (1.0.8-5.1build0.1) ...
Selecting previously unselected package rpcsvc-proto.
Preparing to unpack .../14-rpcsvc-proto_1.4.2-0ubuntu7_arm64.deb ...
Unpacking rpcsvc-proto (1.4.2-0ubuntu7) ...
Selecting previously unselected package fonts-dejavu-core.
Preparing to unpack .../56-fonts-dejavu-core_2.37-8_all.deb ...
Selecting previously unselected package lto-disabled-list.
Preparing to unpack .../45-lto-disabled-list_47_all.deb ...
Unpacking fonts-dejavu-core (2.37-8) ...
Unpacking lto-disabled-list (47) ...
Selecting previously unselected package libc6-dev:arm64.
Preparing to unpack .../15-libc6-dev_2.39-0ubuntu8.8_arm64.deb ...
Unpacking libc6-dev:arm64 (2.39-0ubuntu8.8) ...
 done
Generation complete.
Selecting previously unselected package dpkg-dev.
Selecting previously unselected package fontconfig-config.
Setting up python3-wheel (0.42.0-2) ...
Preparing to unpack .../57-fontconfig-config_2.15.0-1.1ubuntu2_arm64.deb ...
Preparing to unpack .../46-dpkg-dev_1.22.6ubuntu6.6_all.deb ...
Unpacking dpkg-dev (1.22.6ubuntu6.6) ...
Selecting previously unselected package gcc-13-base:arm64.
Preparing to unpack .../16-gcc-13-base_13.3.0-6ubuntu2~24.04.1_arm64.deb ...
Unpacking gcc-13-base:arm64 (13.3.0-6ubuntu2~24.04.1) ...
Selecting previously unselected package libisl23:arm64.
Selecting previously unselected package build-essential.
Preparing to unpack .../17-libisl23_0.26-3build1.1_arm64.deb ...
Unpacking libisl23:arm64 (0.26-3build1.1) ...
Preparing to unpack .../47-build-essential_12.10ubuntu1_arm64.deb ...
Unpacking fontconfig-config (2.15.0-1.1ubuntu2) ...
Unpacking build-essential (12.10ubuntu1) ...
Setting up libjbig0:arm64 (2.1-6.1ubuntu2) ...
Selecting previously unselected package runc.
Preparing to unpack .../48-runc_1.3.4-0ubuntu1~24.04.1_arm64.deb ...
Selecting previously unselected package javascript-common.
Unpacking runc (1.3.4-0ubuntu1~24.04.1) ...
Selecting previously unselected package libmpc3:arm64.
Preparing to unpack .../58-javascript-common_11+nmu1_all.deb ...
Setting up libsframe1:arm64 (2.42-4ubuntu2.10) ...
Preparing to unpack .../18-libmpc3_1.3.1-1build1.1_arm64.deb ...
Unpacking libmpc3:arm64 (1.3.1-1build1.1) ...
Unpacking javascript-common (11+nmu1) ...
Setting up libfakeroot:arm64 (1.33-1) ...
Selecting previously unselected package libalgorithm-diff-perl.
Setting up runc (1.3.4-0ubuntu1~24.04.1) ...
Preparing to unpack .../59-libalgorithm-diff-perl_1.201-1_all.deb ...
Unpacking libalgorithm-diff-perl (1.201-1) ...
Selecting previously unselected package cpp-13-aarch64-linux-gnu.
Preparing to unpack .../19-cpp-13-aarch64-linux-gnu_13.3.0-6ubuntu2~24.04.1_arm64.deb ...
Setting up dns-root-data (2024071801~ubuntu0.24.04.1) ...
Unpacking cpp-13-aarch64-linux-gnu (13.3.0-6ubuntu2~24.04.1) ...
Setting up fakeroot (1.33-1) ...
Selecting previously unselected package libalgorithm-diff-xs-perl:arm64.
Preparing to unpack .../60-libalgorithm-diff-xs-perl_0.04-8build3_arm64.deb ...
Unpacking libalgorithm-diff-xs-perl:arm64 (0.04-8build3) ...
update-alternatives: using /usr/bin/fakeroot-sysv to provide /usr/bin/fakeroot (fakeroot) in auto mode
Selecting previously unselected package libalgorithm-merge-perl.
Preparing to unpack .../61-libalgorithm-merge-perl_0.08-5_all.deb ...
Setting up rpcsvc-proto (1.4.2-0ubuntu7) ...
Unpacking libalgorithm-merge-perl (0.08-5) ...
Setting up gcc-13-base:arm64 (13.3.0-6ubuntu2~24.04.1) ...
Setting up make (4.3-4.1build2) ...
Selecting previously unselected package libaom3:arm64.
Preparing to unpack .../62-libaom3_3.8.2-2ubuntu0.1_arm64.deb ...
Unpacking libaom3:arm64 (3.8.2-2ubuntu0.1) ...
Setting up fonts-dejavu-mono (2.37-8) ...
Selecting previously unselected package containerd.
Preparing to unpack .../49-containerd_2.2.1-0ubuntu1~24.04.3_arm64.deb ...
Unpacking containerd (2.2.1-0ubuntu1~24.04.3) ...
Setting up libmpc3:arm64 (1.3.1-1build1.1) ...
Setting up libatomic1:arm64 (14.2.0-4ubuntu2~24.04.1) ...
Selecting previously unselected package libfontconfig1:arm64.
Preparing to unpack .../63-libfontconfig1_2.15.0-1.1ubuntu2_arm64.deb ...
Unpacking libfontconfig1:arm64 (2.15.0-1.1ubuntu2) ...
Get:88 http://us-east-1.ec2.ports.ubuntu.com/ubuntu-ports noble-updates/main arm64 libpython3-dev arm64 3.12.3-0ubuntu2.1 [10.4 kB]
Get:89 http://us-east-1.ec2.ports.ubuntu.com/ubuntu-ports noble-updates/main arm64 linux-tools-common all 6.8.0-136.136 [416 kB]
Selecting previously unselected package libsharpyuv0:arm64.
Preparing to unpack .../64-libsharpyuv0_1.3.2-0.4build3_arm64.deb ...
Unpacking libsharpyuv0:arm64 (1.3.2-0.4build3) ...
Selecting previously unselected package cpp-13.
Preparing to unpack .../20-cpp-13_13.3.0-6ubuntu2~24.04.1_arm64.deb ...
Unpacking cpp-13 (13.3.0-6ubuntu2~24.04.1) ...
Setting up fonts-dejavu-core (2.37-8) ...
Get:90 http://us-east-1.ec2.ports.ubuntu.com/ubuntu-ports noble/main arm64 manpages-dev all 6.7-2 [2013 kB]
Selecting previously unselected package cpp-aarch64-linux-gnu.
Preparing to unpack .../21-cpp-aarch64-linux-gnu_4%3a13.2.0-7ubuntu1_arm64.deb ...
Selecting previously unselected package libheif-plugin-aomdec:arm64.
Unpacking cpp-aarch64-linux-gnu (4:13.2.0-7ubuntu1) ...
Get:91 http://us-east-1.ec2.ports.ubuntu.com/ubuntu-ports noble-updates/main arm64 python3.12-dev arm64 3.12.3-1ubuntu0.15 [498 kB]
Preparing to unpack .../65-libheif-plugin-aomdec_1.17.6-1ubuntu4.6_arm64.deb ...
Unpacking libheif-plugin-aomdec:arm64 (1.17.6-1ubuntu4.6) ...
Get:92 http://us-east-1.ec2.ports.ubuntu.com/ubuntu-ports noble-updates/main arm64 python3-dev arm64 3.12.3-0ubuntu2.1 [26.7 kB]
Get:93 http://us-east-1.ec2.ports.ubuntu.com/ubuntu-ports noble/universe arm64 python3-wheel all 0.42.0-2 [53.1 kB]
Get:94 http://us-east-1.ec2.ports.ubuntu.com/ubuntu-ports noble-updates/universe arm64 python3-pip all 24.0+dfsg-1ubuntu1.3 [1320 kB]
Setting up python3-pip (24.0+dfsg-1ubuntu1.3) ...
Setting up libjpeg-turbo8:arm64 (2.1.5-2ubuntu2) ...
Selecting previously unselected package cpp.
Setting up bridge-utils (1.7.1-1ubuntu2) ...
Get:95 http://us-east-1.ec2.ports.ubuntu.com/ubuntu-ports noble-updates/universe arm64 ubuntu-fan all 0.12.16+24.04.1 [34.2 kB]
Selecting previously unselected package libheif1:arm64.
Preparing to unpack .../22-cpp_4%3a13.2.0-7ubuntu1_arm64.deb ...
Unpacking cpp (4:13.2.0-7ubuntu1) ...
Preparing to unpack .../66-libheif1_1.17.6-1ubuntu4.6_arm64.deb ...
Unpacking libheif1:arm64 (1.17.6-1ubuntu4.6) ...
Get:23 http://us-east-1.ec2.ports.ubuntu.com/ubuntu-ports noble-updates/main arm64 cpp-13 arm64 13.3.0-6ubuntu2~24.04.1 [1038 B]
Get:24 http://us-east-1.ec2.ports.ubuntu.com/ubuntu-ports noble/main arm64 cpp-aarch64-linux-gnu arm64 4:13.2.0-7ubuntu1 [5316 B]
Get:25 http://us-east-1.ec2.ports.ubuntu.com/ubuntu-ports noble/main arm64 cpp arm64 4:13.2.0-7ubuntu1 [22.4 kB]
Get:26 http://us-east-1.ec2.ports.ubuntu.com/ubuntu-ports noble-updates/main arm64 libcc1-0 arm64 14.2.0-4ubuntu2~24.04.1 [49.7 kB]
Get:27 http://us-east-1.ec2.ports.ubuntu.com/ubuntu-ports noble-updates/main arm64 libgomp1 arm64 14.2.0-4ubuntu2~24.04.1 [145 kB]
Get:28 http://us-east-1.ec2.ports.ubuntu.com/ubuntu-ports noble-updates/main arm64 libitm1 arm64 14.2.0-4ubuntu2~24.04.1 [28.2 kB]
Get:29 http://us-east-1.ec2.ports.ubuntu.com/ubuntu-ports noble-updates/main arm64 libatomic1 arm64 14.2.0-4ubuntu2~24.04.1 [11.6 kB]
Get:30 http://us-east-1.ec2.ports.ubuntu.com/ubuntu-ports noble-updates/main arm64 libasan8 arm64 14.2.0-4ubuntu2~24.04.1 [2928 kB]
Selecting previously unselected package libcc1-0:arm64.
Selecting previously unselected package libjpeg-turbo8:arm64.
Preparing to unpack .../23-libcc1-0_14.2.0-4ubuntu2~24.04.1_arm64.deb ...
Unpacking libcc1-0:arm64 (14.2.0-4ubuntu2~24.04.1) ...
Preparing to unpack .../67-libjpeg-turbo8_2.1.5-2ubuntu2_arm64.deb ...
Unpacking libjpeg-turbo8:arm64 (2.1.5-2ubuntu2) ...
Selecting previously unselected package libgomp1:arm64.
Selecting previously unselected package libjpeg8:arm64.
Setting up libdpkg-perl (1.22.6ubuntu6.6) ...
Preparing to unpack .../24-libgomp1_14.2.0-4ubuntu2~24.04.1_arm64.deb ...
Preparing to unpack .../68-libjpeg8_8c-2ubuntu11_arm64.deb ...
Unpacking libgomp1:arm64 (14.2.0-4ubuntu2~24.04.1) ...
Unpacking libjpeg8:arm64 (8c-2ubuntu11) ...
Setting up libwebp7:arm64 (1.3.2-0.4build3) ...
Get:31 http://us-east-1.ec2.ports.ubuntu.com/ubuntu-ports noble-updates/main arm64 liblsan0 arm64 14.2.0-4ubuntu2~24.04.1 [1289 kB]
Setting up libubsan1:arm64 (14.2.0-4ubuntu2~24.04.1) ...
Selecting previously unselected package libitm1:arm64.
Get:56 http://us-east-1.ec2.ports.ubuntu.com/ubuntu-ports noble/main arm64 libfakeroot arm64 1.33-1 [32.5 kB]
Get:57 http://us-east-1.ec2.ports.ubuntu.com/ubuntu-ports noble/main arm64 fakeroot arm64 1.33-1 [66.9 kB]
Get:58 http://us-east-1.ec2.ports.ubuntu.com/ubuntu-ports noble/main arm64 fonts-dejavu-mono all 2.37-8 [502 kB]
Selecting previously unselected package libdeflate0:arm64.
Get:32 http://us-east-1.ec2.ports.ubuntu.com/ubuntu-ports noble-updates/main arm64 libtsan2 arm64 14.2.0-4ubuntu2~24.04.1 [2697 kB]
Preparing to unpack .../25-libitm1_14.2.0-4ubuntu2~24.04.1_arm64.deb ...
Get:59 http://us-east-1.ec2.ports.ubuntu.com/ubuntu-ports noble/main arm64 fonts-dejavu-core all 2.37-8 [835 kB]
Preparing to unpack .../69-libdeflate0_1.19-1build1.1_arm64.deb ...
Unpacking libitm1:arm64 (14.2.0-4ubuntu2~24.04.1) ...
Get:60 http://us-east-1.ec2.ports.ubuntu.com/ubuntu-ports noble/main arm64 fontconfig-config arm64 2.15.0-1.1ubuntu2 [37.4 kB]
Setting up libhwasan0:arm64 (14.2.0-4ubuntu2~24.04.1) ...
Unpacking libdeflate0:arm64 (1.19-1build1.1) ...
Get:61 http://us-east-1.ec2.ports.ubuntu.com/ubuntu-ports noble/main arm64 javascript-common all 11+nmu1 [5936 B]
Get:62 http://us-east-1.ec2.ports.ubuntu.com/ubuntu-ports noble/main arm64 libalgorithm-diff-perl all 1.201-1 [41.8 kB]
Get:63 http://us-east-1.ec2.ports.ubuntu.com/ubuntu-ports noble/main arm64 libalgorithm-diff-xs-perl arm64 0.04-8build3 [10.9 kB]
Get:64 http://us-east-1.ec2.ports.ubuntu.com/ubuntu-ports noble/main arm64 libalgorithm-merge-perl all 0.08-5 [11.4 kB]
Get:65 http://us-east-1.ec2.ports.ubuntu.com/ubuntu-ports noble-updates/main arm64 libaom3 arm64 3.8.2-2ubuntu0.1 [1617 kB]
Setting up pigz (2.8-1) ...
Selecting previously unselected package libatomic1:arm64.
Setting up libcrypt-dev:arm64 (1:4.4.36-4build1) ...
Selecting previously unselected package libjbig0:arm64.
Preparing to unpack .../26-libatomic1_14.2.0-4ubuntu2~24.04.1_arm64.deb ...
Unpacking libatomic1:arm64 (14.2.0-4ubuntu2~24.04.1) ...
Preparing to unpack .../70-libjbig0_2.1-6.1ubuntu2_arm64.deb ...
Unpacking libjbig0:arm64 (2.1-6.1ubuntu2) ...
Get:33 http://us-east-1.ec2.ports.ubuntu.com/ubuntu-ports noble-updates/main arm64 libubsan1 arm64 14.2.0-4ubuntu2~24.04.1 [1157 kB]
Setting up libasan8:arm64 (14.2.0-4ubuntu2~24.04.1) ...
Get:34 http://us-east-1.ec2.ports.ubuntu.com/ubuntu-ports noble-updates/main arm64 libhwasan0 arm64 14.2.0-4ubuntu2~24.04.1 [1605 kB]
Get:66 http://us-east-1.ec2.ports.ubuntu.com/ubuntu-ports noble/main arm64 libfontconfig1 arm64 2.15.0-1.1ubuntu2 [142 kB]
Get:67 http://us-east-1.ec2.ports.ubuntu.com/ubuntu-ports noble/main arm64 libsharpyuv0 arm64 1.3.2-0.4build3 [14.5 kB]
Get:68 http://us-east-1.ec2.ports.ubuntu.com/ubuntu-ports noble-updates/main arm64 libheif-plugin-aomdec arm64 1.17.6-1ubuntu4.6 [11.1 kB]
Get:69 http://us-east-1.ec2.ports.ubuntu.com/ubuntu-ports noble-updates/main arm64 libheif1 arm64 1.17.6-1ubuntu4.6 [260 kB]
Get:70 http://us-east-1.ec2.ports.ubuntu.com/ubuntu-ports noble/main arm64 libjpeg-turbo8 arm64 2.1.5-2ubuntu2 [163 kB]
Get:71 http://us-east-1.ec2.ports.ubuntu.com/ubuntu-ports noble/main arm64 libjpeg8 arm64 8c-2ubuntu11 [2148 B]
Get:72 http://us-east-1.ec2.ports.ubuntu.com/ubuntu-ports noble-updates/main arm64 libdeflate0 arm64 1.19-1build1.1 [43.5 kB]
Get:73 http://us-east-1.ec2.ports.ubuntu.com/ubuntu-ports noble/main arm64 libjbig0 arm64 2.1-6.1ubuntu2 [29.3 kB]
Get:74 http://us-east-1.ec2.ports.ubuntu.com/ubuntu-ports noble/main arm64 liblerc4 arm64 4.0.0+ds-4ubuntu2 [154 kB]
Get:75 http://us-east-1.ec2.ports.ubuntu.com/ubuntu-ports noble/main arm64 libwebp7 arm64 1.3.2-0.4build3 [191 kB]
Get:76 http://us-east-1.ec2.ports.ubuntu.com/ubuntu-ports noble-updates/main arm64 libtiff6 arm64 4.5.1+git230720-4ubuntu2.5 [192 kB]
Get:77 http://us-east-1.ec2.ports.ubuntu.com/ubuntu-ports noble-updates/main arm64 libxpm4 arm64 1:3.5.17-1ubuntu0.24.04.1 [35.3 kB]
Get:78 http://us-east-1.ec2.ports.ubuntu.com/ubuntu-ports noble/main arm64 libgd3 arm64 2.3.3-9ubuntu5 [122 kB]
Get:79 http://us-east-1.ec2.ports.ubuntu.com/ubuntu-ports noble-updates/main arm64 libc-devtools arm64 2.39-0ubuntu8.8 [27.8 kB]
Get:80 http://us-east-1.ec2.ports.ubuntu.com/ubuntu-ports noble-updates/main arm64 libexpat1-dev arm64 2.6.1-2ubuntu0.4 [128 kB]
Get:81 http://us-east-1.ec2.ports.ubuntu.com/ubuntu-ports noble/main arm64 libfile-fcntllock-perl arm64 0.22-4ubuntu5 [30.6 kB]
Get:82 http://us-east-1.ec2.ports.ubuntu.com/ubuntu-ports noble-updates/main arm64 libheif-plugin-aomenc arm64 1.17.6-1ubuntu4.6 [13.7 kB]
Get:83 http://us-east-1.ec2.ports.ubuntu.com/ubuntu-ports noble/main arm64 libjs-jquery all 3.6.1+dfsg+~3.5.14-1 [328 kB]
Setting up libtsan2:arm64 (14.2.0-4ubuntu2~24.04.1) ...
Selecting previously unselected package libasan8:arm64.
Get:35 http://us-east-1.ec2.ports.ubuntu.com/ubuntu-ports noble-updates/main arm64 libgcc-13-dev arm64 13.3.0-6ubuntu2~24.04.1 [2473 kB]
Get:84 http://us-east-1.ec2.ports.ubuntu.com/ubuntu-ports noble/main arm64 libjs-underscore all 1.13.4~dfsg+~1.11.4-3 [118 kB]
Preparing to unpack .../27-libasan8_14.2.0-4ubuntu2~24.04.1_arm64.deb ...
Unpacking libasan8:arm64 (14.2.0-4ubuntu2~24.04.1) ...
Get:85 http://us-east-1.ec2.ports.ubuntu.com/ubuntu-ports noble/main arm64 libjs-sphinxdoc all 7.2.6-6 [149 kB]
Selecting previously unselected package liblerc4:arm64.
Get:86 http://us-east-1.ec2.ports.ubuntu.com/ubuntu-ports noble-updates/main arm64 zlib1g-dev arm64 1:1.3.dfsg-3.1ubuntu2.1 [894 kB]
Preparing to unpack .../71-liblerc4_4.0.0+ds-4ubuntu2_arm64.deb ...
Setting up libjs-jquery (3.6.1+dfsg+~3.5.14-1) ...
Unpacking liblerc4:arm64 (4.0.0+ds-4ubuntu2) ...
Get:87 http://us-east-1.ec2.ports.ubuntu.com/ubuntu-ports noble-updates/main arm64 libpython3.12-dev arm64 3.12.3-1ubuntu0.15 [5538 kB]
Setting up libbinutils:arm64 (2.42-4ubuntu2.10) ...
Get:36 http://us-east-1.ec2.ports.ubuntu.com/ubuntu-ports noble-updates/main arm64 gcc-13-aarch64-linux-gnu arm64 13.3.0-6ubuntu2~24.04.1 [18.7 MB]
Setting up libisl23:arm64 (0.26-3build1.1) ...
Selecting previously unselected package libwebp7:arm64.
Preparing to unpack .../72-libwebp7_1.3.2-0.4build3_arm64.deb ...
Unpacking libwebp7:arm64 (1.3.2-0.4build3) ...
Setting up libc-dev-bin (2.39-0ubuntu8.8) ...
Selecting previously unselected package dns-root-data.
Setting up containerd (2.2.1-0ubuntu1~24.04.3) ...
Preparing to unpack .../50-dns-root-data_2024071801~ubuntu0.24.04.1_all.deb ...
Unpacking dns-root-data (2024071801~ubuntu0.24.04.1) ...
Selecting previously unselected package liblsan0:arm64.
Selecting previously unselected package libtiff6:arm64.
Preparing to unpack .../28-liblsan0_14.2.0-4ubuntu2~24.04.1_arm64.deb ...
Unpacking liblsan0:arm64 (14.2.0-4ubuntu2~24.04.1) ...
Preparing to unpack .../73-libtiff6_4.5.1+git230720-4ubuntu2.5_arm64.deb ...
Unpacking libtiff6:arm64 (4.5.1+git230720-4ubuntu2.5) ...
Get:88 http://us-east-1.ec2.ports.ubuntu.com/ubuntu-ports noble-updates/main arm64 libpython3-dev arm64 3.12.3-0ubuntu2.1 [10.4 kB]
Get:89 http://us-east-1.ec2.ports.ubuntu.com/ubuntu-ports noble-updates/main arm64 linux-tools-common all 6.8.0-136.136 [416 kB]
Get:90 http://us-east-1.ec2.ports.ubuntu.com/ubuntu-ports noble/main arm64 manpages-dev all 6.7-2 [2013 kB]
Selecting previously unselected package dnsmasq-base.
Selecting previously unselected package libxpm4:arm64.
Fetched 37.7 MB in 4s (9988 kB/s)
Reading package lists...Preparing to unpack .../51-dnsmasq-base_2.90-2ubuntu0.4_arm64.deb ...
Preparing to unpack .../74-libxpm4_1%3a3.5.17-1ubuntu0.24.04.1_arm64.deb ...
Get:91 http://us-east-1.ec2.ports.ubuntu.com/ubuntu-ports noble-updates/main arm64 python3.12-dev arm64 3.12.3-1ubuntu0.15 [498 kB]
Unpacking libxpm4:arm64 (1:3.5.17-1ubuntu0.24.04.1) ...
Get:92 http://us-east-1.ec2.ports.ubuntu.com/ubuntu-ports noble-updates/main arm64 python3-dev arm64 3.12.3-0ubuntu2.1 [26.7 kB]
Get:93 http://us-east-1.ec2.ports.ubuntu.com/ubuntu-ports noble/universe arm64 python3-wheel all 0.42.0-2 [53.1 kB]
Unpacking dnsmasq-base (2.90-2ubuntu0.4) ...
Selecting previously unselected package libtsan2:arm64.
Get:94 http://us-east-1.ec2.ports.ubuntu.com/ubuntu-ports noble-updates/universe arm64 python3-pip all 24.0+dfsg-1ubuntu1.3 [1320 kB]
Preparing to unpack .../29-libtsan2_14.2.0-4ubuntu2~24.04.1_arm64.deb ...
Unpacking libtsan2:arm64 (14.2.0-4ubuntu2~24.04.1) ...
Get:95 http://us-east-1.ec2.ports.ubuntu.com/ubuntu-ports noble-updates/universe arm64 ubuntu-fan all 0.12.16+24.04.1 [34.2 kB]
Selecting previously unselected package libgd3:arm64.
Preparing to unpack .../75-libgd3_2.3.3-9ubuntu5_arm64.deb ...
Unpacking libgd3:arm64 (2.3.3-9ubuntu5) ...
Selecting previously unselected package libc-devtools.
Preparing to unpack .../76-libc-devtools_2.39-0ubuntu8.8_arm64.deb ...
Unpacking libc-devtools (2.39-0ubuntu8.8) ...
Created symlink /etc/systemd/system/multi-user.target.wants/containerd.service → /usr/lib/systemd/system/containerd.service.
Selecting previously unselected package docker.io.
Preparing to unpack .../52-docker.io_29.1.3-0ubuntu3~24.04.2_arm64.deb ...
Unpacking docker.io (29.1.3-0ubuntu3~24.04.2) ...
Selecting previously unselected package libubsan1:arm64.
Preparing to unpack .../30-libubsan1_14.2.0-4ubuntu2~24.04.1_arm64.deb ...
Unpacking libubsan1:arm64 (14.2.0-4ubuntu2~24.04.1) ...
Selecting previously unselected package libexpat1-dev:arm64.
Preparing to unpack .../77-libexpat1-dev_2.6.1-2ubuntu0.4_arm64.deb ...
Unpacking libexpat1-dev:arm64 (2.6.1-2ubuntu0.4) ...
Selecting previously unselected package libhwasan0:arm64.
Selecting previously unselected package libfile-fcntllock-perl.
Preparing to unpack .../31-libhwasan0_14.2.0-4ubuntu2~24.04.1_arm64.deb ...
Unpacking libhwasan0:arm64 (14.2.0-4ubuntu2~24.04.1) ...
Preparing to unpack .../78-libfile-fcntllock-perl_0.22-4ubuntu5_arm64.deb ...
Unpacking libfile-fcntllock-perl (0.22-4ubuntu5) ...
Preconfiguring packages ...
Selecting previously unselected package libheif-plugin-aomenc:arm64.
Preparing to unpack .../79-libheif-plugin-aomenc_1.17.6-1ubuntu4.6_arm64.deb ...
Unpacking libheif-plugin-aomenc:arm64 (1.17.6-1ubuntu4.6) ...
Selecting previously unselected package libgcc-13-dev:arm64.
Preparing to unpack .../32-libgcc-13-dev_13.3.0-6ubuntu2~24.04.1_arm64.deb ...
Unpacking libgcc-13-dev:arm64 (13.3.0-6ubuntu2~24.04.1) ...
Selecting previously unselected package libjs-jquery.
Preparing to unpack .../80-libjs-jquery_3.6.1+dfsg+~3.5.14-1_all.deb ...
Unpacking libjs-jquery (3.6.1+dfsg+~3.5.14-1) ...
Get:37 http://us-east-1.ec2.ports.ubuntu.com/ubuntu-ports noble-updates/main arm64 gcc-13 arm64 13.3.0-6ubuntu2~24.04.1 [484 kB]
Get:38 http://us-east-1.ec2.ports.ubuntu.com/ubuntu-ports noble/main arm64 gcc-aarch64-linux-gnu arm64 4:13.2.0-7ubuntu1 [1198 B]
Get:39 http://us-east-1.ec2.ports.ubuntu.com/ubuntu-ports noble/main arm64 gcc arm64 4:13.2.0-7ubuntu1 [5018 B]
Get:40 http://us-east-1.ec2.ports.ubuntu.com/ubuntu-ports noble-updates/main arm64 libstdc++-13-dev arm64 13.3.0-6ubuntu2~24.04.1 [2397 kB]
Get:41 http://us-east-1.ec2.ports.ubuntu.com/ubuntu-ports noble-updates/main arm64 g++-13-aarch64-linux-gnu arm64 13.3.0-6ubuntu2~24.04.1 [10.9 MB]
Selecting previously unselected package libjs-underscore.
Preparing to unpack .../81-libjs-underscore_1.13.4~dfsg+~1.11.4-3_all.deb ...
Fetched 155 MB in 7s (21.1 MB/s)
Unpacking libjs-underscore (1.13.4~dfsg+~1.11.4-3) ...
Selecting previously unselected package gcc-13-aarch64-linux-gnu.
Preparing to unpack .../33-gcc-13-aarch64-linux-gnu_13.3.0-6ubuntu2~24.04.1_arm64.deb ...
Unpacking gcc-13-aarch64-linux-gnu (13.3.0-6ubuntu2~24.04.1) ...
Selecting previously unselected package libjs-sphinxdoc.
Preparing to unpack .../82-libjs-sphinxdoc_7.2.6-6_all.deb ...
Unpacking libjs-sphinxdoc (7.2.6-6) ...
(Reading database ... Selecting previously unselected package zlib1g-dev:arm64.
Preparing to unpack .../83-zlib1g-dev_1%3a1.3.dfsg-3.1ubuntu2.1_arm64.deb ...
(Reading database ... 5%(Reading database ... 10%(Reading database ... 15%(Reading database ... 20%(Reading database ... 25%(Reading database ... 30%(Reading database ... 35%(Reading database ... 40%(Reading database ... 45%(Reading database ... 50%(Reading database ... 55%Unpacking zlib1g-dev:arm64 (1:1.3.dfsg-3.1ubuntu2.1) ...
Selecting previously unselected package libpython3.12-dev:arm64.
Preparing to unpack .../84-libpython3.12-dev_3.12.3-1ubuntu0.15_arm64.deb ...
Setting up linux-tools-common (6.8.0-136.136) ...
Unpacking libpython3.12-dev:arm64 (3.12.3-1ubuntu0.15) ...
Get:42 http://us-east-1.ec2.ports.ubuntu.com/ubuntu-ports noble-updates/main arm64 g++-13 arm64 13.3.0-6ubuntu2~24.04.1 [16.0 kB]
Get:43 http://us-east-1.ec2.ports.ubuntu.com/ubuntu-ports noble/main arm64 g++-aarch64-linux-gnu arm64 4:13.2.0-7ubuntu1 [962 B]
Get:44 http://us-east-1.ec2.ports.ubuntu.com/ubuntu-ports noble/main arm64 g++ arm64 4:13.2.0-7ubuntu1 [1082 B]
Get:45 http://us-east-1.ec2.ports.ubuntu.com/ubuntu-ports noble/main arm64 make arm64 4.3-4.1build2 [178 kB]
Get:46 http://us-east-1.ec2.ports.ubuntu.com/ubuntu-ports noble-updates/main arm64 libdpkg-perl all 1.22.6ubuntu6.6 [268 kB]
Get:47 http://us-east-1.ec2.ports.ubuntu.com/ubuntu-ports noble-updates/main arm64 bzip2 arm64 1.0.8-5.1build0.1 [34.0 kB]
Get:48 http://us-east-1.ec2.ports.ubuntu.com/ubuntu-ports noble/main arm64 lto-disabled-list all 47 [12.4 kB]
Get:49 http://us-east-1.ec2.ports.ubuntu.com/ubuntu-ports noble-updates/main arm64 dpkg-dev all 1.22.6ubuntu6.6 [1074 kB]
Get:50 http://us-east-1.ec2.ports.ubuntu.com/ubuntu-ports noble/main arm64 build-essential arm64 12.10ubuntu1 [4932 B]
Setting up libalgorithm-diff-xs-perl:arm64 (0.04-8build3) ...
Get:51 http://us-east-1.ec2.ports.ubuntu.com/ubuntu-ports noble-updates/main arm64 runc arm64 1.3.4-0ubuntu1~24.04.1 [8578 kB]
Setting up libcc1-0:arm64 (14.2.0-4ubuntu2~24.04.1) ...
Setting up liblsan0:arm64 (14.2.0-4ubuntu2~24.04.1) ...
(Reading database ... 60%Setting up libitm1:arm64 (14.2.0-4ubuntu2~24.04.1) ...
Setting up libjs-underscore (1.13.4~dfsg+~1.11.4-3) ...
(Reading database ... 65%Setting up libalgorithm-merge-perl (0.08-5) ...
Setting up libctf0:arm64 (2.42-4ubuntu2.10) ...
Get:52 http://us-east-1.ec2.ports.ubuntu.com/ubuntu-ports noble-updates/main arm64 containerd arm64 2.2.1-0ubuntu1~24.04.3 [25.2 MB]
(Reading database ... 70%Setting up libjpeg8:arm64 (8c-2ubuntu11) ...
Setting up ubuntu-fan (0.12.16+24.04.1) ...
Selecting previously unselected package libpython3-dev:arm64.
Preparing to unpack .../85-libpython3-dev_3.12.3-0ubuntu2.1_arm64.deb ...
Unpacking libpython3-dev:arm64 (3.12.3-0ubuntu2.1) ...
(Reading database ... 75%Preparing to unpack .../86-linux-tools-common_6.8.0-136.136_all.deb ...
(Reading database ... 80%Unpacking linux-tools-common (6.8.0-136.136) over (6.8.0-134.134) ...
Selecting previously unselected package manpages-dev.
(Reading database ... 85%Selecting previously unselected package gcc-13.
Preparing to unpack .../34-gcc-13_13.3.0-6ubuntu2~24.04.1_arm64.deb ...
Unpacking gcc-13 (13.3.0-6ubuntu2~24.04.1) ...
Preconfiguring packages ...
Preparing to unpack .../87-manpages-dev_6.7-2_all.deb ...
Unpacking manpages-dev (6.7-2) ...
Selecting previously unselected package gcc-aarch64-linux-gnu.
Preparing to unpack .../35-gcc-aarch64-linux-gnu_4%3a13.2.0-7ubuntu1_arm64.deb ...
Unpacking gcc-aarch64-linux-gnu (4:13.2.0-7ubuntu1) ...
(Reading database ... 90%Selecting previously unselected package libfakeroot:arm64.
Preparing to unpack .../53-libfakeroot_1.33-1_arm64.deb ...
Created symlink /etc/systemd/system/multi-user.target.wants/ubuntu-fan.service → /usr/lib/systemd/system/ubuntu-fan.service.
Unpacking libfakeroot:arm64 (1.33-1) ...
Fetched 155 MB in 5s (30.9 MB/s)
Selecting previously unselected package gcc.
(Reading database ... 95%Preparing to unpack .../36-gcc_4%3a13.2.0-7ubuntu1_arm64.deb ...
Unpacking gcc (4:13.2.0-7ubuntu1) ...
(Reading database ... 100%(Reading database ... 74109 files and directories currently installed.)
Preparing to unpack .../libc6_2.39-0ubuntu8.8_arm64.deb ...
Selecting previously unselected package fakeroot.
Preparing to unpack .../54-fakeroot_1.33-1_arm64.deb ...
Selecting previously unselected package libstdc++-13-dev:arm64.
Unpacking fakeroot (1.33-1) ...
Preparing to unpack .../37-libstdc++-13-dev_13.3.0-6ubuntu2~24.04.1_arm64.deb ...
(Reading database ... Unpacking libstdc++-13-dev:arm64 (13.3.0-6ubuntu2~24.04.1) ...
(Reading database ... 5%(Reading database ... 10%(Reading database ... 15%(Reading database ... 20%(Reading database ... 25%(Reading database ... 30%(Reading database ... 35%(Reading database ... 40%(Reading database ... 45%(Reading database ... 50%(Reading database ... 55%Selecting previously unselected package fonts-dejavu-mono.
Preparing to unpack .../55-fonts-dejavu-mono_2.37-8_all.deb ...
Unpacking fonts-dejavu-mono (2.37-8) ...
Selecting previously unselected package python3.12-dev.

Preparing to unpack .../88-python3.12-dev_3.12.3-1ubuntu0.15_arm64.deb ...
Unpacking python3.12-dev (3.12.3-1ubuntu0.15) ...
Unpacking libc6:arm64 (2.39-0ubuntu8.8) over (2.39-0ubuntu8.7) ...
Setting up libjpeg-turbo8:arm64 (2.1.5-2ubuntu2) ...
Reading package lists...Selecting previously unselected package fonts-dejavu-core.

Preparing to unpack .../56-fonts-dejavu-core_2.37-8_all.deb ...
Building dependency tree...Setting up bridge-utils (1.7.1-1ubuntu2) ...
Selecting previously unselected package python3-dev.
Unpacking fonts-dejavu-core (2.37-8) ...
Preparing to unpack .../89-python3-dev_3.12.3-0ubuntu2.1_arm64.deb ...
Unpacking python3-dev (3.12.3-0ubuntu2.1) ...
(Reading database ... 60%Selecting previously unselected package g++-13-aarch64-linux-gnu.
Preparing to unpack .../38-g++-13-aarch64-linux-gnu_13.3.0-6ubuntu2~24.04.1_arm64.deb ...
Unpacking g++-13-aarch64-linux-gnu (13.3.0-6ubuntu2~24.04.1) ...
(Reading database ... 65%Selecting previously unselected package python3-wheel.
Preparing to unpack .../90-python3-wheel_0.42.0-2_all.deb ...
Unpacking python3-wheel (0.42.0-2) ...
Selecting previously unselected package fontconfig-config.
Preparing to unpack .../57-fontconfig-config_2.15.0-1.1ubuntu2_arm64.deb ...
Setting up libdpkg-perl (1.22.6ubuntu6.6) ...
(Reading database ... 70%Setting up cpp-13-aarch64-linux-gnu (13.3.0-6ubuntu2~24.04.1) ...
Setting up libwebp7:arm64 (1.3.2-0.4build3) ...
Setting up fontconfig-config (2.15.0-1.1ubuntu2) ...
Selecting previously unselected package python3-pip.
Setting up libubsan1:arm64 (14.2.0-4ubuntu2~24.04.1) ...
Preparing to unpack .../91-python3-pip_24.0+dfsg-1ubuntu1.3_all.deb ...
Setting up libhwasan0:arm64 (14.2.0-4ubuntu2~24.04.1) ...
Unpacking python3-pip (24.0+dfsg-1ubuntu1.3) ...
Setting up pigz (2.8-1) ...
(Reading database ... 75%Setting up libcrypt-dev:arm64 (1:4.4.36-4build1) ...
Setting up libc6:arm64 (2.39-0ubuntu8.8) ...
Setting up libasan8:arm64 (14.2.0-4ubuntu2~24.04.1) ...
Setting up libtsan2:arm64 (14.2.0-4ubuntu2~24.04.1) ...
Setting up libjs-jquery (3.6.1+dfsg+~3.5.14-1) ...

Reading state information...(Reading database ... 80%
Setting up libbinutils:arm64 (2.42-4ubuntu2.10) ...
Setting up libisl23:arm64 (0.26-3build1.1) ...
Unpacking fontconfig-config (2.15.0-1.1ubuntu2) ...
Setting up libc-dev-bin (2.39-0ubuntu8.8) ...
(Reading database ... 85%Setting up containerd (2.2.1-0ubuntu1~24.04.3) ...
Selecting previously unselected package g++-13.
Preparing to unpack .../39-g++-13_13.3.0-6ubuntu2~24.04.1_arm64.deb ...
Selecting previously unselected package ubuntu-fan.
Unpacking g++-13 (13.3.0-6ubuntu2~24.04.1) ...
Preparing to unpack .../92-ubuntu-fan_0.12.16+24.04.1_all.deb ...
Selecting previously unselected package g++-aarch64-linux-gnu.
Preparing to unpack .../40-g++-aarch64-linux-gnu_4%3a13.2.0-7ubuntu1_arm64.deb ...
Selecting previously unselected package javascript-common.
(Reading database ... 90%Setting up docker.io (29.1.3-0ubuntu3~24.04.2) ...
Unpacking ubuntu-fan (0.12.16+24.04.1) ...
Setting up javascript-common (11+nmu1) ...
Preparing to unpack .../58-javascript-common_11+nmu1_all.deb ...
Unpacking javascript-common (11+nmu1) ...
Unpacking g++-aarch64-linux-gnu (4:13.2.0-7ubuntu1) ...
Selecting previously unselected package g++.
Preparing to unpack .../41-g++_4%3a13.2.0-7ubuntu1_arm64.deb ...
Unpacking g++ (4:13.2.0-7ubuntu1) ...
(Reading database ... 95%Get:53 http://us-east-1.ec2.ports.ubuntu.com/ubuntu-ports noble-updates/main arm64 dns-root-data all 2024071801~ubuntu0.24.04.1 [5918 B]
Get:54 http://us-east-1.ec2.ports.ubuntu.com/ubuntu-ports noble-updates/main arm64 dnsmasq-base arm64 2.90-2ubuntu0.4 [367 kB]
Get:55 http://us-east-1.ec2.ports.ubuntu.com/ubuntu-ports noble-updates/universe arm64 docker.io arm64 29.1.3-0ubuntu3~24.04.2 [32.0 MB]
Selecting previously unselected package libalgorithm-diff-perl.
Selecting previously unselected package make.
Preparing to unpack .../59-libalgorithm-diff-perl_1.201-1_all.deb ...
Preparing to unpack .../42-make_4.3-4.1build2_arm64.deb ...
Unpacking libalgorithm-diff-perl (1.201-1) ...
Unpacking make (4.3-4.1build2) ...
(Reading database ... 100%(Reading database ... 74109 files and directories currently installed.)
Preparing to unpack .../libc6_2.39-0ubuntu8.8_arm64.deb ...
Setting up libsharpyuv0:arm64 (1.3.2-0.4build3) ...
Created symlink /etc/systemd/system/multi-user.target.wants/containerd.service → /usr/lib/systemd/system/containerd.service.
info: Selecting GID from range 100 to 999 ...
Selecting previously unselected package libdpkg-perl.
Setting up libaom3:arm64 (3.8.2-2ubuntu0.1) ...
info: Adding group `docker' (GID 112) ...
Preparing to unpack .../43-libdpkg-perl_1.22.6ubuntu6.6_all.deb ...
Unpacking libdpkg-perl (1.22.6ubuntu6.6) ...
Selecting previously unselected package libalgorithm-diff-xs-perl:arm64.
Setting up manpages-dev (6.7-2) ...
Preparing to unpack .../60-libalgorithm-diff-xs-perl_0.04-8build3_arm64.deb ...
Unpacking libalgorithm-diff-xs-perl:arm64 (0.04-8build3) ...
Setting up lto-disabled-list (47) ...
Setting up liblerc4:arm64 (4.0.0+ds-4ubuntu2) ...
curl is already the newest version (8.5.0-2ubuntu10.11).
curl set to manually installed.
ca-certificates is already the newest version (20260601~24.04.1).
ca-certificates set to manually installed.
jq is already the newest version (1.7.1-3ubuntu0.24.04.2).
jq set to manually installed.
git is already the newest version (1:2.43.0-1ubuntu7.3).
git set to manually installed.
The following additional packages will be installed:
  binutils binutils-aarch64-linux-gnu binutils-common bridge-utils bzip2
  containerd cpp cpp-13 cpp-13-aarch64-linux-gnu cpp-aarch64-linux-gnu
  dns-root-data dnsmasq-base dpkg-dev fakeroot fontconfig-config
  fonts-dejavu-core fonts-dejavu-mono g++ g++-13 g++-13-aarch64-linux-gnu
  g++-aarch64-linux-gnu gcc gcc-13 gcc-13-aarch64-linux-gnu gcc-13-base
  gcc-aarch64-linux-gnu javascript-common libalgorithm-diff-perl
  libalgorithm-diff-xs-perl libalgorithm-merge-perl libaom3 libasan8
Selecting previously unselected package bzip2.
  libatomic1 libbinutils libc-bin libc-dev-bin libc-devtools libc6 libc6-dev
  libcc1-0 libcrypt-dev libctf-nobfd0 libctf0 libdeflate0 libdpkg-perl
  libexpat1-dev libfakeroot libfile-fcntllock-perl libfontconfig1
Preparing to unpack .../44-bzip2_1.0.8-5.1build0.1_arm64.deb ...
Unpacking bzip2 (1.0.8-5.1build0.1) ...
Setting up libxpm4:arm64 (1:3.5.17-1ubuntu0.24.04.1) ...
Selecting previously unselected package libalgorithm-merge-perl.
Preparing to unpack .../61-libalgorithm-merge-perl_0.08-5_all.deb ...
Unpacking libalgorithm-merge-perl (0.08-5) ...
Setting up libfile-fcntllock-perl (0.22-4ubuntu5) ...
Selecting previously unselected package lto-disabled-list.
Preparing to unpack .../45-lto-disabled-list_47_all.deb ...
Unpacking lto-disabled-list (47) ...
Setting up libalgorithm-diff-perl (1.201-1) ...
Unpacking libc6:arm64 (2.39-0ubuntu8.8) over (2.39-0ubuntu8.7) ...
Setting up binutils-common:arm64 (2.42-4ubuntu2.10) ...
Selecting previously unselected package dpkg-dev.
  libgcc-13-dev libgd3 libgomp1 libgprofng0 libheif-plugin-aomdec
  libheif-plugin-aomenc libheif1 libhwasan0 libisl23 libitm1 libjbig0
  libjpeg-turbo8 libjpeg8 libjs-jquery libjs-sphinxdoc libjs-underscore
  liblerc4 liblsan0 libmpc3 libpython3-dev libpython3.12-dev libsframe1
  libsharpyuv0 libstdc++-13-dev libtiff6 libtsan2 libubsan1 libwebp7 libxpm4
  linux-libc-dev linux-tools-common locales lto-disabled-list make
  manpages-dev pigz python3-dev python3-wheel python3.12-dev rpcsvc-proto runc
  ubuntu-fan zlib1g-dev
Suggested packages:
  binutils-doc gprofng-gui ifupdown bzip2-doc cpp-doc gcc-13-locales
  cpp-13-doc aufs-tools cgroupfs-mount | cgroup-lite debootstrap docker-buildx
  docker-compose-v2 docker-doc rinse zfs-fuse | zfsutils debian-keyring
  gcc-13-doc gcc-multilib autoconf automake libtool flex bison gdb gcc-doc
  gdb-aarch64-linux-gnu apache2 | lighttpd | httpd glibc-doc libnss-nis
  libnss-nisplus bzr libgd-tools libheif-plugin-libde265 libheif-plugin-x265
  libheif-plugin-ffmpegdec libheif-plugin-jpegdec libheif-plugin-jpegenc
  libheif-plugin-j2kdec libheif-plugin-j2kenc libheif-plugin-rav1e
  libheif-plugin-svtenc libstdc++-13-doc make-doc
The following NEW packages will be installed:
  binutils binutils-aarch64-linux-gnu binutils-common bridge-utils
  build-essential bzip2 containerd cpp cpp-13 cpp-13-aarch64-linux-gnu
  cpp-aarch64-linux-gnu dns-root-data dnsmasq-base docker.io dpkg-dev fakeroot
  fontconfig-config fonts-dejavu-core fonts-dejavu-mono g++ g++-13
  g++-13-aarch64-linux-gnu g++-aarch64-linux-gnu gcc gcc-13
  gcc-13-aarch64-linux-gnu gcc-13-base gcc-aarch64-linux-gnu javascript-common
  libalgorithm-diff-perl libalgorithm-diff-xs-perl libalgorithm-merge-perl
  libaom3 libasan8 libatomic1 libbinutils libc-dev-bin libc-devtools libc6-dev
  libcc1-0 libcrypt-dev libctf-nobfd0 libctf0 libdeflate0 libdpkg-perl
  libexpat1-dev libfakeroot libfile-fcntllock-perl libfontconfig1
  libgcc-13-dev libgd3 libgomp1 libgprofng0 libheif-plugin-aomdec
  libheif-plugin-aomenc libheif1 libhwasan0 libisl23 libitm1 libjbig0
  libjpeg-turbo8 libjpeg8 libjs-jquery libjs-sphinxdoc libjs-underscore
  liblerc4 liblsan0 libmpc3 libpython3-dev libpython3.12-dev libsframe1
  libsharpyuv0 libstdc++-13-dev libtiff6 libtsan2 libubsan1 libwebp7 libxpm4
  linux-libc-dev lto-disabled-list make manpages-dev pigz python3-dev
  python3-pip python3-wheel python3.12-dev rpcsvc-proto runc ubuntu-fan
  zlib1g-dev
The following packages will be upgraded:
  libc-bin libc6 linux-tools-common locales
Selecting previously unselected package libaom3:arm64.
Preparing to unpack .../46-dpkg-dev_1.22.6ubuntu6.6_all.deb ...
4 upgraded, 91 newly installed, 0 to remove and 30 not upgraded.
Need to get 155 MB of archives.
After this operation, 558 MB of additional disk space will be used.
Get:1 http://us-east-1.ec2.ports.ubuntu.com/ubuntu-ports noble-updates/main arm64 libc6 arm64 2.39-0ubuntu8.8 [2775 kB]
Unpacking dpkg-dev (1.22.6ubuntu6.6) ...
Created symlink /etc/systemd/system/multi-user.target.wants/docker.service → /usr/lib/systemd/system/docker.service.
Setting up libdeflate0:arm64 (1.19-1build1.1) ...
Preparing to unpack .../62-libaom3_3.8.2-2ubuntu0.1_arm64.deb ...
Unpacking libaom3:arm64 (3.8.2-2ubuntu0.1) ...
Setting up linux-libc-dev:arm64 (6.8.0-136.136) ...
(Reading database ... (Reading database ... 5%(Reading database ... 10%(Reading database ... 15%(Reading database ... 20%(Reading database ... 25%(Reading database ... 30%(Reading database ... 35%(Reading database ... 40%(Reading database ... 45%(Reading database ... 50%(Reading database ... 55%Setting up libctf-nobfd0:arm64 (2.42-4ubuntu2.10) ...
(Reading database ... 60%(Reading database ... 65%Get:2 http://us-east-1.ec2.ports.ubuntu.com/ubuntu-ports noble-updates/main arm64 libc-bin arm64 2.39-0ubuntu8.8 [591 kB]
Setting up dnsmasq-base (2.90-2ubuntu0.4) ...
Get:3 http://us-east-1.ec2.ports.ubuntu.com/ubuntu-ports noble/universe arm64 pigz arm64 2.8-1 [60.7 kB]
Get:4 http://us-east-1.ec2.ports.ubuntu.com/ubuntu-ports noble-updates/main arm64 locales all 2.39-0ubuntu8.8 [4231 kB]
Selecting previously unselected package libfontconfig1:arm64.
Selecting previously unselected package build-essential.
Preparing to unpack .../63-libfontconfig1_2.15.0-1.1ubuntu2_arm64.deb ...
Unpacking libfontconfig1:arm64 (2.15.0-1.1ubuntu2) ...
Preparing to unpack .../47-build-essential_12.10ubuntu1_arm64.deb ...
Unpacking build-essential (12.10ubuntu1) ...
Created symlink /etc/systemd/system/sockets.target.wants/docker.socket → /usr/lib/systemd/system/docker.socket.
(Reading database ... 70%(Reading database ... 75%(Reading database ... 80%(Reading database ... 85%(Reading database ... 90%(Reading database ... 95%(Reading database ... 100%(Reading database ... 74109 files and directories currently installed.)
Preparing to unpack .../libc-bin_2.39-0ubuntu8.8_arm64.deb ...
Unpacking libc-bin (2.39-0ubuntu8.8) over (2.39-0ubuntu8.7) ...
Setting up libgomp1:arm64 (14.2.0-4ubuntu2~24.04.1) ...
Selecting previously unselected package runc.
Setting up bzip2 (1.0.8-5.1build0.1) ...
Preparing to unpack .../48-runc_1.3.4-0ubuntu1~24.04.1_arm64.deb ...
Unpacking runc (1.3.4-0ubuntu1~24.04.1) ...
Setting up libc6:arm64 (2.39-0ubuntu8.8) ...
Setting up locales (2.39-0ubuntu8.8) ...
Selecting previously unselected package libsharpyuv0:arm64.
Preparing to unpack .../64-libsharpyuv0_1.3.2-0.4build3_arm64.deb ...
Unpacking libsharpyuv0:arm64 (1.3.2-0.4build3) ...
Setting up libc-bin (2.39-0ubuntu8.8) ...
Setting up linux-tools-common (6.8.0-136.136) ...
Selecting previously unselected package libheif-plugin-aomdec:arm64.
Preparing to unpack .../65-libheif-plugin-aomdec_1.17.6-1ubuntu4.6_arm64.deb ...
Setting up libalgorithm-diff-xs-perl:arm64 (0.04-8build3) ...
Unpacking libheif-plugin-aomdec:arm64 (1.17.6-1ubuntu4.6) ...
Setting up libcc1-0:arm64 (14.2.0-4ubuntu2~24.04.1) ...
Setting up liblsan0:arm64 (14.2.0-4ubuntu2~24.04.1) ...
Processing triggers for dbus (1.14.10-4ubuntu4.1) ...
Setting up libitm1:arm64 (14.2.0-4ubuntu2~24.04.1) ...
Setting up libjs-underscore (1.13.4~dfsg+~1.11.4-3) ...
Get:56 http://us-east-1.ec2.ports.ubuntu.com/ubuntu-ports noble/main arm64 libfakeroot arm64 1.33-1 [32.5 kB]
Get:57 http://us-east-1.ec2.ports.ubuntu.com/ubuntu-ports noble/main arm64 fakeroot arm64 1.33-1 [66.9 kB]
Get:58 http://us-east-1.ec2.ports.ubuntu.com/ubuntu-ports noble/main arm64 fonts-dejavu-mono all 2.37-8 [502 kB]
Get:59 http://us-east-1.ec2.ports.ubuntu.com/ubuntu-ports noble/main arm64 fonts-dejavu-core all 2.37-8 [835 kB]
Processing triggers for sgml-base (1.31) ...
Setting up libalgorithm-merge-perl (0.08-5) ...
Selecting previously unselected package libheif1:arm64.
Get:60 http://us-east-1.ec2.ports.ubuntu.com/ubuntu-ports noble/main arm64 fontconfig-config arm64 2.15.0-1.1ubuntu2 [37.4 kB]
Get:61 http://us-east-1.ec2.ports.ubuntu.com/ubuntu-ports noble/main arm64 javascript-common all 11+nmu1 [5936 B]
Get:62 http://us-east-1.ec2.ports.ubuntu.com/ubuntu-ports noble/main arm64 libalgorithm-diff-perl all 1.201-1 [41.8 kB]
Get:63 http://us-east-1.ec2.ports.ubuntu.com/ubuntu-ports noble/main arm64 libalgorithm-diff-xs-perl arm64 0.04-8build3 [10.9 kB]
Get:64 http://us-east-1.ec2.ports.ubuntu.com/ubuntu-ports noble/main arm64 libalgorithm-merge-perl all 0.08-5 [11.4 kB]
Get:65 http://us-east-1.ec2.ports.ubuntu.com/ubuntu-ports noble-updates/main arm64 libaom3 arm64 3.8.2-2ubuntu0.1 [1617 kB]
Setting up libctf0:arm64 (2.42-4ubuntu2.10) ...
Preparing to unpack .../66-libheif1_1.17.6-1ubuntu4.6_arm64.deb ...
Unpacking libheif1:arm64 (1.17.6-1ubuntu4.6) ...
Setting up libjpeg8:arm64 (8c-2ubuntu11) ...
Setting up libfontconfig1:arm64 (2.15.0-1.1ubuntu2) ...
Setting up ubuntu-fan (0.12.16+24.04.1) ...
Setting up libgd3:arm64 (2.3.3-9ubuntu5) ...
Get:5 http://us-east-1.ec2.ports.ubuntu.com/ubuntu-ports noble-updates/main arm64 binutils-common arm64 2.42-4ubuntu2.10 [240 kB]
Get:6 http://us-east-1.ec2.ports.ubuntu.com/ubuntu-ports noble-updates/main arm64 libsframe1 arm64 2.42-4ubuntu2.10 [15.4 kB]
Selecting previously unselected package pigz.
(Reading database ... Setting up libc-devtools (2.39-0ubuntu8.8) ...
Get:7 http://us-east-1.ec2.ports.ubuntu.com/ubuntu-ports noble-updates/main arm64 libbinutils arm64 2.42-4ubuntu2.10 [766 kB]
(Reading database ... 5%(Reading database ... 10%(Reading database ... 15%(Reading database ... 20%(Reading database ... 25%(Reading database ... 30%(Reading database ... 35%(Reading database ... 40%(Reading database ... 45%(Reading database ... 50%(Reading database ... 55%Get:8 http://us-east-1.ec2.ports.ubuntu.com/ubuntu-ports noble-updates/main arm64 libctf-nobfd0 arm64 2.42-4ubuntu2.10 [101 kB]
Get:9 http://us-east-1.ec2.ports.ubuntu.com/ubuntu-ports noble-updates/main arm64 libctf0 arm64 2.42-4ubuntu2.10 [95.7 kB]
Get:10 http://us-east-1.ec2.ports.ubuntu.com/ubuntu-ports noble-updates/main arm64 libgprofng0 arm64 2.42-4ubuntu2.10 [776 kB]
Processing triggers for libc-bin (2.39-0ubuntu8.8) ...
(Reading database ... 60%(Reading database ... 65%(Reading database ... 70%(Reading database ... 75%Get:11 http://us-east-1.ec2.ports.ubuntu.com/ubuntu-ports noble-updates/main arm64 binutils-aarch64-linux-gnu arm64 2.42-4ubuntu2.10 [3304 kB]
(Reading database ... 80%(Reading database ... 85%(Reading database ... 90%Get:66 http://us-east-1.ec2.ports.ubuntu.com/ubuntu-ports noble/main arm64 libfontconfig1 arm64 2.15.0-1.1ubuntu2 [142 kB]
Get:67 http://us-east-1.ec2.ports.ubuntu.com/ubuntu-ports noble/main arm64 libsharpyuv0 arm64 1.3.2-0.4build3 [14.5 kB]
Get:68 http://us-east-1.ec2.ports.ubuntu.com/ubuntu-ports noble-updates/main arm64 libheif-plugin-aomdec arm64 1.17.6-1ubuntu4.6 [11.1 kB]
Get:69 http://us-east-1.ec2.ports.ubuntu.com/ubuntu-ports noble-updates/main arm64 libheif1 arm64 1.17.6-1ubuntu4.6 [260 kB]
Get:70 http://us-east-1.ec2.ports.ubuntu.com/ubuntu-ports noble/main arm64 libjpeg-turbo8 arm64 2.1.5-2ubuntu2 [163 kB]
Get:71 http://us-east-1.ec2.ports.ubuntu.com/ubuntu-ports noble/main arm64 libjpeg8 arm64 8c-2ubuntu11 [2148 B]
Get:72 http://us-east-1.ec2.ports.ubuntu.com/ubuntu-ports noble-updates/main arm64 libdeflate0 arm64 1.19-1build1.1 [43.5 kB]
Get:73 http://us-east-1.ec2.ports.ubuntu.com/ubuntu-ports noble/main arm64 libjbig0 arm64 2.1-6.1ubuntu2 [29.3 kB]
Get:74 http://us-east-1.ec2.ports.ubuntu.com/ubuntu-ports noble/main arm64 liblerc4 arm64 4.0.0+ds-4ubuntu2 [154 kB]
Get:75 http://us-east-1.ec2.ports.ubuntu.com/ubuntu-ports noble/main arm64 libwebp7 arm64 1.3.2-0.4build3 [191 kB]
Get:76 http://us-east-1.ec2.ports.ubuntu.com/ubuntu-ports noble-updates/main arm64 libtiff6 arm64 4.5.1+git230720-4ubuntu2.5 [192 kB]
Get:77 http://us-east-1.ec2.ports.ubuntu.com/ubuntu-ports noble-updates/main arm64 libxpm4 arm64 1:3.5.17-1ubuntu0.24.04.1 [35.3 kB]
Get:78 http://us-east-1.ec2.ports.ubuntu.com/ubuntu-ports noble/main arm64 libgd3 arm64 2.3.3-9ubuntu5 [122 kB]
Get:79 http://us-east-1.ec2.ports.ubuntu.com/ubuntu-ports noble-updates/main arm64 libc-devtools arm64 2.39-0ubuntu8.8 [27.8 kB]
Get:80 http://us-east-1.ec2.ports.ubuntu.com/ubuntu-ports noble-updates/main arm64 libexpat1-dev arm64 2.6.1-2ubuntu0.4 [128 kB]
Get:81 http://us-east-1.ec2.ports.ubuntu.com/ubuntu-ports noble/main arm64 libfile-fcntllock-perl arm64 0.22-4ubuntu5 [30.6 kB]
Get:82 http://us-east-1.ec2.ports.ubuntu.com/ubuntu-ports noble-updates/main arm64 libheif-plugin-aomenc arm64 1.17.6-1ubuntu4.6 [13.7 kB]
Get:83 http://us-east-1.ec2.ports.ubuntu.com/ubuntu-ports noble/main arm64 libjs-jquery all 3.6.1+dfsg+~3.5.14-1 [328 kB]
Get:84 http://us-east-1.ec2.ports.ubuntu.com/ubuntu-ports noble/main arm64 libjs-underscore all 1.13.4~dfsg+~1.11.4-3 [118 kB]
Get:85 http://us-east-1.ec2.ports.ubuntu.com/ubuntu-ports noble/main arm64 libjs-sphinxdoc all 7.2.6-6 [149 kB]
Get:86 http://us-east-1.ec2.ports.ubuntu.com/ubuntu-ports noble-updates/main arm64 zlib1g-dev arm64 1:1.3.dfsg-3.1ubuntu2.1 [894 kB]
Get:87 http://us-east-1.ec2.ports.ubuntu.com/ubuntu-ports noble-updates/main arm64 libpython3.12-dev arm64 3.12.3-1ubuntu0.15 [5538 kB]
Selecting previously unselected package containerd.
Preparing to unpack .../49-containerd_2.2.1-0ubuntu1~24.04.3_arm64.deb ...
Unpacking containerd (2.2.1-0ubuntu1~24.04.3) ...
Selecting previously unselected package libjpeg-turbo8:arm64.
Preparing to unpack .../67-libjpeg-turbo8_2.1.5-2ubuntu2_arm64.deb ...
Unpacking libjpeg-turbo8:arm64 (2.1.5-2ubuntu2) ...
Selecting previously unselected package libjpeg8:arm64.
Preparing to unpack .../68-libjpeg8_8c-2ubuntu11_arm64.deb ...
Unpacking libjpeg8:arm64 (8c-2ubuntu11) ...
(Reading database ... 95%(Reading database ... 100%(Reading database ... 74109 files and directories currently installed.)
Preparing to unpack .../00-pigz_2.8-1_arm64.deb ...
Unpacking pigz (2.8-1) ...
Preparing to unpack .../01-locales_2.39-0ubuntu8.8_all.deb ...
Get:88 http://us-east-1.ec2.ports.ubuntu.com/ubuntu-ports noble-updates/main arm64 libpython3-dev arm64 3.12.3-0ubuntu2.1 [10.4 kB]
Get:89 http://us-east-1.ec2.ports.ubuntu.com/ubuntu-ports noble-updates/main arm64 linux-tools-common all 6.8.0-136.136 [416 kB]
Get:90 http://us-east-1.ec2.ports.ubuntu.com/ubuntu-ports noble/main arm64 manpages-dev all 6.7-2 [2013 kB]
Get:91 http://us-east-1.ec2.ports.ubuntu.com/ubuntu-ports noble-updates/main arm64 python3.12-dev arm64 3.12.3-1ubuntu0.15 [498 kB]
Get:92 http://us-east-1.ec2.ports.ubuntu.com/ubuntu-ports noble-updates/main arm64 python3-dev arm64 3.12.3-0ubuntu2.1 [26.7 kB]
Get:93 http://us-east-1.ec2.ports.ubuntu.com/ubuntu-ports noble/universe arm64 python3-wheel all 0.42.0-2 [53.1 kB]
Get:94 http://us-east-1.ec2.ports.ubuntu.com/ubuntu-ports noble-updates/universe arm64 python3-pip all 24.0+dfsg-1ubuntu1.3 [1320 kB]
Get:95 http://us-east-1.ec2.ports.ubuntu.com/ubuntu-ports noble-updates/universe arm64 ubuntu-fan all 0.12.16+24.04.1 [34.2 kB]
Unpacking locales (2.39-0ubuntu8.8) over (2.39-0ubuntu8.7) ...
Created symlink /etc/systemd/system/multi-user.target.wants/ubuntu-fan.service → /usr/lib/systemd/system/ubuntu-fan.service.
Selecting previously unselected package libdeflate0:arm64.
Preparing to unpack .../69-libdeflate0_1.19-1build1.1_arm64.deb ...
Get:12 http://us-east-1.ec2.ports.ubuntu.com/ubuntu-ports noble-updates/main arm64 binutils arm64 2.42-4ubuntu2.10 [18.1 kB]
Get:13 http://us-east-1.ec2.ports.ubuntu.com/ubuntu-ports noble/main arm64 bridge-utils arm64 1.7.1-1ubuntu2 [34.2 kB]
Unpacking libdeflate0:arm64 (1.19-1build1.1) ...
Get:14 http://us-east-1.ec2.ports.ubuntu.com/ubuntu-ports noble-updates/main arm64 libc-dev-bin arm64 2.39-0ubuntu8.8 [19.7 kB]
Get:15 http://us-east-1.ec2.ports.ubuntu.com/ubuntu-ports noble-updates/main arm64 linux-libc-dev arm64 6.8.0-136.136 [1550 kB]
Get:16 http://us-east-1.ec2.ports.ubuntu.com/ubuntu-ports noble/main arm64 libcrypt-dev arm64 1:4.4.36-4build1 [118 kB]
Get:17 http://us-east-1.ec2.ports.ubuntu.com/ubuntu-ports noble/main arm64 rpcsvc-proto arm64 1.4.2-0ubuntu7 [64.8 kB]
Get:18 http://us-east-1.ec2.ports.ubuntu.com/ubuntu-ports noble-updates/main arm64 libc6-dev arm64 2.39-0ubuntu8.8 [1596 kB]
Get:19 http://us-east-1.ec2.ports.ubuntu.com/ubuntu-ports noble-updates/main arm64 gcc-13-base arm64 13.3.0-6ubuntu2~24.04.1 [51.6 kB]
Get:20 http://us-east-1.ec2.ports.ubuntu.com/ubuntu-ports noble-updates/main arm64 libisl23 arm64 0.26-3build1.1 [669 kB]
Get:21 http://us-east-1.ec2.ports.ubuntu.com/ubuntu-ports noble-updates/main arm64 libmpc3 arm64 1.3.1-1build1.1 [56.4 kB]
Get:22 http://us-east-1.ec2.ports.ubuntu.com/ubuntu-ports noble-updates/main arm64 cpp-13-aarch64-linux-gnu arm64 13.3.0-6ubuntu2~24.04.1 [9560 kB]
Selecting previously unselected package libjbig0:arm64.
(Reading database ... Preparing to unpack .../70-libjbig0_2.1-6.1ubuntu2_arm64.deb ...
(Reading database ... 5%(Reading database ... 10%(Reading database ... 15%(Reading database ... 20%(Reading database ... 25%(Reading database ... 30%(Reading database ... 35%(Reading database ... 40%(Reading database ... 45%(Reading database ... 50%(Reading database ... 55%Unpacking libjbig0:arm64 (2.1-6.1ubuntu2) ...
(Reading database ... 60%(Reading database ... 65%(Reading database ... 70%Selecting previously unselected package liblerc4:arm64.
Preparing to unpack .../71-liblerc4_4.0.0+ds-4ubuntu2_arm64.deb ...
Generating locales (this might take a while)...
Unpacking liblerc4:arm64 (4.0.0+ds-4ubuntu2) ...
(Reading database ... 75%(Reading database ... 80%(Reading database ... 85%(Reading database ... 90%(Reading database ... 95%(Reading database ... 100%(Reading database ... 74109 files and directories currently installed.)
Preparing to unpack .../libc-bin_2.39-0ubuntu8.8_arm64.deb ...
Unpacking libc-bin (2.39-0ubuntu8.8) over (2.39-0ubuntu8.7) ...
  en_US.UTF-8...Selecting previously unselected package binutils-common:arm64.
Preparing to unpack .../02-binutils-common_2.42-4ubuntu2.10_arm64.deb ...
Selecting previously unselected package libwebp7:arm64.
Unpacking binutils-common:arm64 (2.42-4ubuntu2.10) ...
Setting up libc-bin (2.39-0ubuntu8.8) ...
Preparing to unpack .../72-libwebp7_1.3.2-0.4build3_arm64.deb ...
Setting up cpp-aarch64-linux-gnu (4:13.2.0-7ubuntu1) ...
Unpacking libwebp7:arm64 (1.3.2-0.4build3) ...
Setting up libgprofng0:arm64 (2.42-4ubuntu2.10) ...
Setting up libjs-sphinxdoc (7.2.6-6) ...
Selecting previously unselected package libsframe1:arm64.
Selecting previously unselected package pigz.
(Reading database ... Setting up libgcc-13-dev:arm64 (13.3.0-6ubuntu2~24.04.1) ...
(Reading database ... 5%(Reading database ... 10%(Reading database ... 15%(Reading database ... 20%(Reading database ... 25%(Reading database ... 30%(Reading database ... 35%(Reading database ... 40%(Reading database ... 45%(Reading database ... 50%(Reading database ... 55%Preparing to unpack .../03-libsframe1_2.42-4ubuntu2.10_arm64.deb ...
Selecting previously unselected package libtiff6:arm64.
Preparing to unpack .../73-libtiff6_4.5.1+git230720-4ubuntu2.5_arm64.deb ...
(Reading database ... 60%(Reading database ... 65%Setting up libtiff6:arm64 (4.5.1+git230720-4ubuntu2.5) ...
Unpacking libsframe1:arm64 (2.42-4ubuntu2.10) ...
(Reading database ... 70%Unpacking libtiff6:arm64 (4.5.1+git230720-4ubuntu2.5) ...
(Reading database ... 75%(Reading database ... 80%(Reading database ... 85%(Reading database ... 90%(Reading database ... 95%(Reading database ... 100%(Reading database ... 74109 files and directories currently installed.)Setting up libc6-dev:arm64 (2.39-0ubuntu8.8) ...
Setting up cpp-13-aarch64-linux-gnu (13.3.0-6ubuntu2~24.04.1) ...
Setting up libstdc++-13-dev:arm64 (13.3.0-6ubuntu2~24.04.1) ...
Setting up fontconfig-config (2.15.0-1.1ubuntu2) ...
Selecting previously unselected package libbinutils:arm64.
Setting up cpp-13 (13.3.0-6ubuntu2~24.04.1) ...
Preparing to unpack .../04-libbinutils_2.42-4ubuntu2.10_arm64.deb ...
Unpacking libbinutils:arm64 (2.42-4ubuntu2.10) ...

Preparing to unpack .../00-pigz_2.8-1_arm64.deb ...
Unpacking pigz (2.8-1) ...
Preparing to unpack .../01-locales_2.39-0ubuntu8.8_all.deb ...
Selecting previously unselected package libxpm4:arm64.
Unpacking locales (2.39-0ubuntu8.8) over (2.39-0ubuntu8.7) ...
Preparing to unpack .../74-libxpm4_1%3a3.5.17-1ubuntu0.24.04.1_arm64.deb ...
Setting up binutils-aarch64-linux-gnu (2.42-4ubuntu2.10) ...
Unpacking libxpm4:arm64 (1:3.5.17-1ubuntu0.24.04.1) ...
Setting up binutils (2.42-4ubuntu2.10) ...
Setting up gcc-13-aarch64-linux-gnu (13.3.0-6ubuntu2~24.04.1) ...
Selecting previously unselected package libctf-nobfd0:arm64.
Setting up dpkg-dev (1.22.6ubuntu6.6) ...
Selecting previously unselected package dns-root-data.
Preparing to unpack .../05-libctf-nobfd0_2.42-4ubuntu2.10_arm64.deb ...
Selecting previously unselected package libgd3:arm64.
Preparing to unpack .../50-dns-root-data_2024071801~ubuntu0.24.04.1_all.deb ...
Unpacking libctf-nobfd0:arm64 (2.42-4ubuntu2.10) ...
Unpacking dns-root-data (2024071801~ubuntu0.24.04.1) ...
Preparing to unpack .../75-libgd3_2.3.3-9ubuntu5_arm64.deb ...
Unpacking libgd3:arm64 (2.3.3-9ubuntu5) ...
Setting up libexpat1-dev:arm64 (2.6.1-2ubuntu0.4) ...
Selecting previously unselected package dnsmasq-base.
Setting up gcc-13 (13.3.0-6ubuntu2~24.04.1) ...
Preparing to unpack .../51-dnsmasq-base_2.90-2ubuntu0.4_arm64.deb ...
Unpacking dnsmasq-base (2.90-2ubuntu0.4) ...
Setting up docker.io (29.1.3-0ubuntu3~24.04.2) ...
Setting up zlib1g-dev:arm64 (1:1.3.dfsg-3.1ubuntu2.1) ...
Selecting previously unselected package libc-devtools.
Preparing to unpack .../76-libc-devtools_2.39-0ubuntu8.8_arm64.deb ...
Selecting previously unselected package libctf0:arm64.
Preparing to unpack .../06-libctf0_2.42-4ubuntu2.10_arm64.deb ...
Unpacking libctf0:arm64 (2.42-4ubuntu2.10) ...
Unpacking libc-devtools (2.39-0ubuntu8.8) ...
Selecting previously unselected package libexpat1-dev:arm64.
Preparing to unpack .../77-libexpat1-dev_2.6.1-2ubuntu0.4_arm64.deb ...
Selecting previously unselected package docker.io.
Preparing to unpack .../52-docker.io_29.1.3-0ubuntu3~24.04.2_arm64.deb ...
Unpacking docker.io (29.1.3-0ubuntu3~24.04.2) ...
Setting up cpp (4:13.2.0-7ubuntu1) ...
Setting up g++-13-aarch64-linux-gnu (13.3.0-6ubuntu2~24.04.1) ...
Selecting previously unselected package libgprofng0:arm64.
Preparing to unpack .../07-libgprofng0_2.42-4ubuntu2.10_arm64.deb ...
Unpacking libgprofng0:arm64 (2.42-4ubuntu2.10) ...
Setting up gcc-aarch64-linux-gnu (4:13.2.0-7ubuntu1) ...
Unpacking libexpat1-dev:arm64 (2.6.1-2ubuntu0.4) ...
Selecting previously unselected package binutils-common:arm64.
Preparing to unpack .../02-binutils-common_2.42-4ubuntu2.10_arm64.deb ...
Unpacking binutils-common:arm64 (2.42-4ubuntu2.10) ...
Setting up g++-13 (13.3.0-6ubuntu2~24.04.1) ...
Setting up libpython3.12-dev:arm64 (3.12.3-1ubuntu0.15) ...
info: Selecting GID from range 100 to 999 ...
info: Adding group `docker' (GID 112) ...
Selecting previously unselected package libsframe1:arm64.
Selecting previously unselected package libfile-fcntllock-perl.
Preparing to unpack .../03-libsframe1_2.42-4ubuntu2.10_arm64.deb ...
Setting up gcc (4:13.2.0-7ubuntu1) ...
Preparing to unpack .../78-libfile-fcntllock-perl_0.22-4ubuntu5_arm64.deb ...
Selecting previously unselected package binutils-aarch64-linux-gnu.
Unpacking libsframe1:arm64 (2.42-4ubuntu2.10) ...
Unpacking libfile-fcntllock-perl (0.22-4ubuntu5) ...
Preparing to unpack .../08-binutils-aarch64-linux-gnu_2.42-4ubuntu2.10_arm64.deb ...
Unpacking binutils-aarch64-linux-gnu (2.42-4ubuntu2.10) ...
Selecting previously unselected package libbinutils:arm64.
Setting up python3.12-dev (3.12.3-1ubuntu0.15) ...
Preparing to unpack .../04-libbinutils_2.42-4ubuntu2.10_arm64.deb ...
Unpacking libbinutils:arm64 (2.42-4ubuntu2.10) ...
Preconfiguring packages ...
Setting up g++-aarch64-linux-gnu (4:13.2.0-7ubuntu1) ...
Selecting previously unselected package libheif-plugin-aomenc:arm64.
Preparing to unpack .../79-libheif-plugin-aomenc_1.17.6-1ubuntu4.6_arm64.deb ...
Setting up libpython3-dev:arm64 (3.12.3-0ubuntu2.1) ...
Unpacking libheif-plugin-aomenc:arm64 (1.17.6-1ubuntu4.6) ...
Selecting previously unselected package libctf-nobfd0:arm64.
Preparing to unpack .../05-libctf-nobfd0_2.42-4ubuntu2.10_arm64.deb ...
Setting up python3-dev (3.12.3-0ubuntu2.1) ...
Unpacking libctf-nobfd0:arm64 (2.42-4ubuntu2.10) ...
Setting up g++ (4:13.2.0-7ubuntu1) ...
Created symlink /etc/systemd/system/multi-user.target.wants/docker.service → /usr/lib/systemd/system/docker.service.
update-alternatives: using /usr/bin/g++ to provide /usr/bin/c++ (c++) in auto mode
Selecting previously unselected package libctf0:arm64.
Selecting previously unselected package libjs-jquery.
Setting up build-essential (12.10ubuntu1) ...
Preparing to unpack .../06-libctf0_2.42-4ubuntu2.10_arm64.deb ...
Unpacking libctf0:arm64 (2.42-4ubuntu2.10) ...
Preparing to unpack .../80-libjs-jquery_3.6.1+dfsg+~3.5.14-1_all.deb ...
Unpacking libjs-jquery (3.6.1+dfsg+~3.5.14-1) ...
Setting up libheif-plugin-aomdec:arm64 (1.17.6-1ubuntu4.6) ...
Selecting previously unselected package binutils.
Preparing to unpack .../09-binutils_2.42-4ubuntu2.10_arm64.deb ...
Selecting previously unselected package libgprofng0:arm64.
Fetched 155 MB in 3s (46.2 MB/s)
Setting up libheif1:arm64 (1.17.6-1ubuntu4.6) ...
Unpacking binutils (2.42-4ubuntu2.10) ...
Preparing to unpack .../07-libgprofng0_2.42-4ubuntu2.10_arm64.deb ...
Unpacking libgprofng0:arm64 (2.42-4ubuntu2.10) ...
Setting up libheif-plugin-aomenc:arm64 (1.17.6-1ubuntu4.6) ...
Selecting previously unselected package libjs-underscore.
Preparing to unpack .../81-libjs-underscore_1.13.4~dfsg+~1.11.4-3_all.deb ...
Processing triggers for libc-bin (2.39-0ubuntu8.8) ...
Selecting previously unselected package binutils-aarch64-linux-gnu.
Created symlink /etc/systemd/system/sockets.target.wants/docker.socket → /usr/lib/systemd/system/docker.socket.
Selecting previously unselected package bridge-utils.
Preparing to unpack .../08-binutils-aarch64-linux-gnu_2.42-4ubuntu2.10_arm64.deb ...
Unpacking binutils-aarch64-linux-gnu (2.42-4ubuntu2.10) ...
Preparing to unpack .../10-bridge-utils_1.7.1-1ubuntu2_arm64.deb ...
Unpacking libjs-underscore (1.13.4~dfsg+~1.11.4-3) ...
Unpacking bridge-utils (1.7.1-1ubuntu2) ...
Processing triggers for man-db (2.12.0-4build2) ...
(Reading database ... Selecting previously unselected package libjs-sphinxdoc.
Selecting previously unselected package libc-dev-bin.
(Reading database ... 5%(Reading database ... 10%(Reading database ... 15%(Reading database ... 20%(Reading database ... 25%(Reading database ... 30%(Reading database ... 35%(Reading database ... 40%(Reading database ... 45%(Reading database ... 50%(Reading database ... 55%Get:23 http://us-east-1.ec2.ports.ubuntu.com/ubuntu-ports noble-updates/main arm64 cpp-13 arm64 13.3.0-6ubuntu2~24.04.1 [1038 B]
Preparing to unpack .../82-libjs-sphinxdoc_7.2.6-6_all.deb ...
Get:24 http://us-east-1.ec2.ports.ubuntu.com/ubuntu-ports noble/main arm64 cpp-aarch64-linux-gnu arm64 4:13.2.0-7ubuntu1 [5316 B]
Get:25 http://us-east-1.ec2.ports.ubuntu.com/ubuntu-ports noble/main arm64 cpp arm64 4:13.2.0-7ubuntu1 [22.4 kB]
Get:26 http://us-east-1.ec2.ports.ubuntu.com/ubuntu-ports noble-updates/main arm64 libcc1-0 arm64 14.2.0-4ubuntu2~24.04.1 [49.7 kB]
Get:27 http://us-east-1.ec2.ports.ubuntu.com/ubuntu-ports noble-updates/main arm64 libgomp1 arm64 14.2.0-4ubuntu2~24.04.1 [145 kB]
Preparing to unpack .../11-libc-dev-bin_2.39-0ubuntu8.8_arm64.deb ...
Get:28 http://us-east-1.ec2.ports.ubuntu.com/ubuntu-ports noble-updates/main arm64 libitm1 arm64 14.2.0-4ubuntu2~24.04.1 [28.2 kB]
Get:29 http://us-east-1.ec2.ports.ubuntu.com/ubuntu-ports noble-updates/main arm64 libatomic1 arm64 14.2.0-4ubuntu2~24.04.1 [11.6 kB]
Get:30 http://us-east-1.ec2.ports.ubuntu.com/ubuntu-ports noble-updates/main arm64 libasan8 arm64 14.2.0-4ubuntu2~24.04.1 [2928 kB]
Unpacking libjs-sphinxdoc (7.2.6-6) ...
Unpacking libc-dev-bin (2.39-0ubuntu8.8) ...
Selecting previously unselected package linux-libc-dev:arm64.
Selecting previously unselected package zlib1g-dev:arm64.
Selecting previously unselected package binutils.
Preparing to unpack .../12-linux-libc-dev_6.8.0-136.136_arm64.deb ...
Preparing to unpack .../83-zlib1g-dev_1%3a1.3.dfsg-3.1ubuntu2.1_arm64.deb ...
Unpacking linux-libc-dev:arm64 (6.8.0-136.136) ...
Preparing to unpack .../09-binutils_2.42-4ubuntu2.10_arm64.deb ...
Unpacking zlib1g-dev:arm64 (1:1.3.dfsg-3.1ubuntu2.1) ...
Unpacking binutils (2.42-4ubuntu2.10) ...
Selecting previously unselected package bridge-utils.
Preparing to unpack .../10-bridge-utils_1.7.1-1ubuntu2_arm64.deb ...
Unpacking bridge-utils (1.7.1-1ubuntu2) ...
Selecting previously unselected package libpython3.12-dev:arm64.
Preparing to unpack .../84-libpython3.12-dev_3.12.3-1ubuntu0.15_arm64.deb ...
Selecting previously unselected package libc-dev-bin.
Unpacking libpython3.12-dev:arm64 (3.12.3-1ubuntu0.15) ...
Preparing to unpack .../11-libc-dev-bin_2.39-0ubuntu8.8_arm64.deb ...
Unpacking libc-dev-bin (2.39-0ubuntu8.8) ...
(Reading database ... 60%Selecting previously unselected package linux-libc-dev:arm64.
Preparing to unpack .../12-linux-libc-dev_6.8.0-136.136_arm64.deb ...
Unpacking linux-libc-dev:arm64 (6.8.0-136.136) ...
Selecting previously unselected package libcrypt-dev:arm64.
Preparing to unpack .../13-libcrypt-dev_1%3a4.4.36-4build1_arm64.deb ...
Unpacking libcrypt-dev:arm64 (1:4.4.36-4build1) ...
(Reading database ... 65%Selecting previously unselected package rpcsvc-proto.
Preparing to unpack .../14-rpcsvc-proto_1.4.2-0ubuntu7_arm64.deb ...
Selecting previously unselected package libpython3-dev:arm64.
Unpacking rpcsvc-proto (1.4.2-0ubuntu7) ...
Preparing to unpack .../85-libpython3-dev_3.12.3-0ubuntu2.1_arm64.deb ...
Unpacking libpython3-dev:arm64 (3.12.3-0ubuntu2.1) ...
Selecting previously unselected package libcrypt-dev:arm64.
Preparing to unpack .../13-libcrypt-dev_1%3a4.4.36-4build1_arm64.deb ...
Unpacking libcrypt-dev:arm64 (1:4.4.36-4build1) ...
Selecting previously unselected package libfakeroot:arm64.
(Reading database ... 70%Preparing to unpack .../53-libfakeroot_1.33-1_arm64.deb ...
Unpacking libfakeroot:arm64 (1.33-1) ...
Selecting previously unselected package libc6-dev:arm64.
Preparing to unpack .../15-libc6-dev_2.39-0ubuntu8.8_arm64.deb ...
Unpacking libc6-dev:arm64 (2.39-0ubuntu8.8) ...
Preparing to unpack .../86-linux-tools-common_6.8.0-136.136_all.deb ...
Selecting previously unselected package fakeroot.
Selecting previously unselected package rpcsvc-proto.
Unpacking linux-tools-common (6.8.0-136.136) over (6.8.0-134.134) ...
Preparing to unpack .../54-fakeroot_1.33-1_arm64.deb ...
Unpacking fakeroot (1.33-1) ...
Preparing to unpack .../14-rpcsvc-proto_1.4.2-0ubuntu7_arm64.deb ...
Unpacking rpcsvc-proto (1.4.2-0ubuntu7) ...
Selecting previously unselected package fonts-dejavu-mono.
Selecting previously unselected package libc6-dev:arm64.
Preparing to unpack .../55-fonts-dejavu-mono_2.37-8_all.deb ...
Unpacking fonts-dejavu-mono (2.37-8) ...
Preparing to unpack .../15-libc6-dev_2.39-0ubuntu8.8_arm64.deb ...
Unpacking libc6-dev:arm64 (2.39-0ubuntu8.8) ...
(Reading database ... 75%Selecting previously unselected package manpages-dev.
Preparing to unpack .../87-manpages-dev_6.7-2_all.deb ...
Selecting previously unselected package fonts-dejavu-core.
Unpacking manpages-dev (6.7-2) ...
Preparing to unpack .../56-fonts-dejavu-core_2.37-8_all.deb ...
Selecting previously unselected package gcc-13-base:arm64.
Preparing to unpack .../16-gcc-13-base_13.3.0-6ubuntu2~24.04.1_arm64.deb ...
Unpacking gcc-13-base:arm64 (13.3.0-6ubuntu2~24.04.1) ...
Unpacking fonts-dejavu-core (2.37-8) ...
(Reading database ... 80%Setting up cpp-aarch64-linux-gnu (4:13.2.0-7ubuntu1) ...
Selecting previously unselected package fontconfig-config.
Setting up libgprofng0:arm64 (2.42-4ubuntu2.10) ...
Selecting previously unselected package libisl23:arm64.
Preparing to unpack .../57-fontconfig-config_2.15.0-1.1ubuntu2_arm64.deb ...
Preparing to unpack .../17-libisl23_0.26-3build1.1_arm64.deb ...
Setting up libjs-sphinxdoc (7.2.6-6) ...
Unpacking libisl23:arm64 (0.26-3build1.1) ...
Selecting previously unselected package gcc-13-base:arm64.
Preparing to unpack .../16-gcc-13-base_13.3.0-6ubuntu2~24.04.1_arm64.deb ...
Unpacking gcc-13-base:arm64 (13.3.0-6ubuntu2~24.04.1) ...
Setting up libgcc-13-dev:arm64 (13.3.0-6ubuntu2~24.04.1) ...
Setting up libtiff6:arm64 (4.5.1+git230720-4ubuntu2.5) ...
(Reading database ... 85%Setting up libc6-dev:arm64 (2.39-0ubuntu8.8) ...
 done
Generation complete.
Setting up libstdc++-13-dev:arm64 (13.3.0-6ubuntu2~24.04.1) ...
Selecting previously unselected package libisl23:arm64.
Preparing to unpack .../17-libisl23_0.26-3build1.1_arm64.deb ...
Unpacking libisl23:arm64 (0.26-3build1.1) ...
Setting up cpp-13 (13.3.0-6ubuntu2~24.04.1) ...
Setting up binutils-aarch64-linux-gnu (2.42-4ubuntu2.10) ...
Setting up python3-wheel (0.42.0-2) ...
Selecting previously unselected package libmpc3:arm64.
Setting up binutils (2.42-4ubuntu2.10) ...
Get:31 http://us-east-1.ec2.ports.ubuntu.com/ubuntu-ports noble-updates/main arm64 liblsan0 arm64 14.2.0-4ubuntu2~24.04.1 [1289 kB]
Preparing to unpack .../18-libmpc3_1.3.1-1build1.1_arm64.deb ...
Unpacking libmpc3:arm64 (1.3.1-1build1.1) ...
(Reading database ... 90%Get:32 http://us-east-1.ec2.ports.ubuntu.com/ubuntu-ports noble-updates/main arm64 libtsan2 arm64 14.2.0-4ubuntu2~24.04.1 [2697 kB]
Setting up gcc-13-aarch64-linux-gnu (13.3.0-6ubuntu2~24.04.1) ...
Setting up dpkg-dev (1.22.6ubuntu6.6) ...
Selecting previously unselected package libmpc3:arm64.
Preparing to unpack .../18-libmpc3_1.3.1-1build1.1_arm64.deb ...
Unpacking libmpc3:arm64 (1.3.1-1build1.1) ...
Setting up libexpat1-dev:arm64 (2.6.1-2ubuntu0.4) ...
Setting up gcc-13 (13.3.0-6ubuntu2~24.04.1) ...
Get:33 http://us-east-1.ec2.ports.ubuntu.com/ubuntu-ports noble-updates/main arm64 libubsan1 arm64 14.2.0-4ubuntu2~24.04.1 [1157 kB]
Selecting previously unselected package cpp-13-aarch64-linux-gnu.
Get:34 http://us-east-1.ec2.ports.ubuntu.com/ubuntu-ports noble-updates/main arm64 libhwasan0 arm64 14.2.0-4ubuntu2~24.04.1 [1605 kB]
Preparing to unpack .../19-cpp-13-aarch64-linux-gnu_13.3.0-6ubuntu2~24.04.1_arm64.deb ...
Unpacking fontconfig-config (2.15.0-1.1ubuntu2) ...
Unpacking cpp-13-aarch64-linux-gnu (13.3.0-6ubuntu2~24.04.1) ...
Get:35 http://us-east-1.ec2.ports.ubuntu.com/ubuntu-ports noble-updates/main arm64 libgcc-13-dev arm64 13.3.0-6ubuntu2~24.04.1 [2473 kB]
Selecting previously unselected package cpp-13-aarch64-linux-gnu.
Setting up zlib1g-dev:arm64 (1:1.3.dfsg-3.1ubuntu2.1) ...
(Reading database ... 95%Preparing to unpack .../19-cpp-13-aarch64-linux-gnu_13.3.0-6ubuntu2~24.04.1_arm64.deb ...
Setting up cpp (4:13.2.0-7ubuntu1) ...
Selecting previously unselected package python3.12-dev.
Unpacking cpp-13-aarch64-linux-gnu (13.3.0-6ubuntu2~24.04.1) ...
Preparing to unpack .../88-python3.12-dev_3.12.3-1ubuntu0.15_arm64.deb ...
Unpacking python3.12-dev (3.12.3-1ubuntu0.15) ...
Setting up g++-13-aarch64-linux-gnu (13.3.0-6ubuntu2~24.04.1) ...
Get:36 http://us-east-1.ec2.ports.ubuntu.com/ubuntu-ports noble-updates/main arm64 gcc-13-aarch64-linux-gnu arm64 13.3.0-6ubuntu2~24.04.1 [18.7 MB]
Selecting previously unselected package javascript-common.
Setting up gcc-aarch64-linux-gnu (4:13.2.0-7ubuntu1) ...
Preparing to unpack .../58-javascript-common_11+nmu1_all.deb ...
Setting up g++-13 (13.3.0-6ubuntu2~24.04.1) ...
Unpacking javascript-common (11+nmu1) ...
Setting up libpython3.12-dev:arm64 (3.12.3-1ubuntu0.15) ...
Setting up gcc (4:13.2.0-7ubuntu1) ...
Selecting previously unselected package python3-dev.
(Reading database ... 100%(Reading database ... 74109 files and directories currently installed.)
Preparing to unpack .../libc6_2.39-0ubuntu8.8_arm64.deb ...
Setting up python3.12-dev (3.12.3-1ubuntu0.15) ...
Setting up g++-aarch64-linux-gnu (4:13.2.0-7ubuntu1) ...
Setting up libpython3-dev:arm64 (3.12.3-0ubuntu2.1) ...
Setting up python3-dev (3.12.3-0ubuntu2.1) ...
Setting up g++ (4:13.2.0-7ubuntu1) ...
Setting up libjbig0:arm64 (2.1-6.1ubuntu2) ...
Setting up libsframe1:arm64 (2.42-4ubuntu2.10) ...
Preparing to unpack .../89-python3-dev_3.12.3-0ubuntu2.1_arm64.deb ...
Unpacking python3-dev (3.12.3-0ubuntu2.1) ...
Selecting previously unselected package libalgorithm-diff-perl.
Preparing to unpack .../59-libalgorithm-diff-perl_1.201-1_all.deb ...
Unpacking libalgorithm-diff-perl (1.201-1) ...
Selecting previously unselected package libalgorithm-diff-xs-perl:arm64.
Preparing to unpack .../60-libalgorithm-diff-xs-perl_0.04-8build3_arm64.deb ...
Unpacking libalgorithm-diff-xs-perl:arm64 (0.04-8build3) ...
Fetched 37.7 MB in 4s (9629 kB/s)
Reading package lists...update-alternatives: using /usr/bin/g++ to provide /usr/bin/c++ (c++) in auto mode
Selecting previously unselected package python3-wheel.
Setting up build-essential (12.10ubuntu1) ...
Preparing to unpack .../90-python3-wheel_0.42.0-2_all.deb ...
Selecting previously unselected package libalgorithm-merge-perl.
Setting up libfakeroot:arm64 (1.33-1) ...
Unpacking python3-wheel (0.42.0-2) ...
Preparing to unpack .../61-libalgorithm-merge-perl_0.08-5_all.deb ...
Setting up libheif-plugin-aomdec:arm64 (1.17.6-1ubuntu4.6) ...
Unpacking libalgorithm-merge-perl (0.08-5) ...
Selecting previously unselected package cpp-13.
Preparing to unpack .../20-cpp-13_13.3.0-6ubuntu2~24.04.1_arm64.deb ...
Setting up libheif1:arm64 (1.17.6-1ubuntu4.6) ...
Unpacking cpp-13 (13.3.0-6ubuntu2~24.04.1) ...
Setting up runc (1.3.4-0ubuntu1~24.04.1) ...
Setting up libheif-plugin-aomenc:arm64 (1.17.6-1ubuntu4.6) ...
Setting up dns-root-data (2024071801~ubuntu0.24.04.1) ...
Selecting previously unselected package cpp-aarch64-linux-gnu.
Selecting previously unselected package libaom3:arm64.
Processing triggers for libc-bin (2.39-0ubuntu8.8) ...
Preparing to unpack .../21-cpp-aarch64-linux-gnu_4%3a13.2.0-7ubuntu1_arm64.deb ...
Preparing to unpack .../62-libaom3_3.8.2-2ubuntu0.1_arm64.deb ...
Unpacking cpp-aarch64-linux-gnu (4:13.2.0-7ubuntu1) ...
Selecting previously unselected package python3-pip.
Setting up fakeroot (1.33-1) ...
Unpacking libc6:arm64 (2.39-0ubuntu8.8) over (2.39-0ubuntu8.7) ...
Preparing to unpack .../91-python3-pip_24.0+dfsg-1ubuntu1.3_all.deb ...
Unpacking libaom3:arm64 (3.8.2-2ubuntu0.1) ...
Processing triggers for man-db (2.12.0-4build2) ...
Unpacking python3-pip (24.0+dfsg-1ubuntu1.3) ...
Selecting previously unselected package cpp.
Preparing to unpack .../22-cpp_4%3a13.2.0-7ubuntu1_arm64.deb ...
Unpacking cpp (4:13.2.0-7ubuntu1) ...
Selecting previously unselected package cpp-13.
update-alternatives: using /usr/bin/fakeroot-sysv to provide /usr/bin/fakeroot (fakeroot) in auto mode
Preparing to unpack .../20-cpp-13_13.3.0-6ubuntu2~24.04.1_arm64.deb ...
Unpacking cpp-13 (13.3.0-6ubuntu2~24.04.1) ...
Selecting previously unselected package libfontconfig1:arm64.
Preparing to unpack .../63-libfontconfig1_2.15.0-1.1ubuntu2_arm64.deb ...
Unpacking libfontconfig1:arm64 (2.15.0-1.1ubuntu2) ...
Setting up rpcsvc-proto (1.4.2-0ubuntu7) ...
Selecting previously unselected package libcc1-0:arm64.
Preparing to unpack .../23-libcc1-0_14.2.0-4ubuntu2~24.04.1_arm64.deb ...
Selecting previously unselected package cpp-aarch64-linux-gnu.
Unpacking libcc1-0:arm64 (14.2.0-4ubuntu2~24.04.1) ...
Setting up gcc-13-base:arm64 (13.3.0-6ubuntu2~24.04.1) ...
Preparing to unpack .../21-cpp-aarch64-linux-gnu_4%3a13.2.0-7ubuntu1_arm64.deb ...
Unpacking cpp-aarch64-linux-gnu (4:13.2.0-7ubuntu1) ...
Selecting previously unselected package libsharpyuv0:arm64.
Setting up make (4.3-4.1build2) ...
Preparing to unpack .../64-libsharpyuv0_1.3.2-0.4build3_arm64.deb ...
Unpacking libsharpyuv0:arm64 (1.3.2-0.4build3) ...
Selecting previously unselected package libgomp1:arm64.
Setting up fonts-dejavu-mono (2.37-8) ...
Preparing to unpack .../24-libgomp1_14.2.0-4ubuntu2~24.04.1_arm64.deb ...
Unpacking libgomp1:arm64 (14.2.0-4ubuntu2~24.04.1) ...
Selecting previously unselected package cpp.
Selecting previously unselected package libheif-plugin-aomdec:arm64.
Preparing to unpack .../22-cpp_4%3a13.2.0-7ubuntu1_arm64.deb ...
Preparing to unpack .../65-libheif-plugin-aomdec_1.17.6-1ubuntu4.6_arm64.deb ...
Unpacking libheif-plugin-aomdec:arm64 (1.17.6-1ubuntu4.6) ...
Unpacking cpp (4:13.2.0-7ubuntu1) ...
Setting up libmpc3:arm64 (1.3.1-1build1.1) ...
Selecting previously unselected package ubuntu-fan.
Get:37 http://us-east-1.ec2.ports.ubuntu.com/ubuntu-ports noble-updates/main arm64 gcc-13 arm64 13.3.0-6ubuntu2~24.04.1 [484 kB]
Get:38 http://us-east-1.ec2.ports.ubuntu.com/ubuntu-ports noble/main arm64 gcc-aarch64-linux-gnu arm64 4:13.2.0-7ubuntu1 [1198 B]
Get:39 http://us-east-1.ec2.ports.ubuntu.com/ubuntu-ports noble/main arm64 gcc arm64 4:13.2.0-7ubuntu1 [5018 B]
Get:40 http://us-east-1.ec2.ports.ubuntu.com/ubuntu-ports noble-updates/main arm64 libstdc++-13-dev arm64 13.3.0-6ubuntu2~24.04.1 [2397 kB]
Preparing to unpack .../92-ubuntu-fan_0.12.16+24.04.1_all.deb ...
Selecting previously unselected package libheif1:arm64.
Selecting previously unselected package libitm1:arm64.
Preparing to unpack .../66-libheif1_1.17.6-1ubuntu4.6_arm64.deb ...
Unpacking ubuntu-fan (0.12.16+24.04.1) ...
Setting up libatomic1:arm64 (14.2.0-4ubuntu2~24.04.1) ...
Unpacking libheif1:arm64 (1.17.6-1ubuntu4.6) ...
Selecting previously unselected package libcc1-0:arm64.
Preparing to unpack .../25-libitm1_14.2.0-4ubuntu2~24.04.1_arm64.deb ...
Get:41 http://us-east-1.ec2.ports.ubuntu.com/ubuntu-ports noble-updates/main arm64 g++-13-aarch64-linux-gnu arm64 13.3.0-6ubuntu2~24.04.1 [10.9 MB]
Unpacking libitm1:arm64 (14.2.0-4ubuntu2~24.04.1) ...
Preparing to unpack .../23-libcc1-0_14.2.0-4ubuntu2~24.04.1_arm64.deb ...
Unpacking libcc1-0:arm64 (14.2.0-4ubuntu2~24.04.1) ...
Setting up libc6:arm64 (2.39-0ubuntu8.8) ...
Setting up fonts-dejavu-core (2.37-8) ...
Selecting previously unselected package libjpeg-turbo8:arm64.
Preparing to unpack .../67-libjpeg-turbo8_2.1.5-2ubuntu2_arm64.deb ...
Selecting previously unselected package libgomp1:arm64.
Unpacking libjpeg-turbo8:arm64 (2.1.5-2ubuntu2) ...
Preparing to unpack .../24-libgomp1_14.2.0-4ubuntu2~24.04.1_arm64.deb ...
Unpacking libgomp1:arm64 (14.2.0-4ubuntu2~24.04.1) ...
Selecting previously unselected package libatomic1:arm64.
Setting up javascript-common (11+nmu1) ...
Preparing to unpack .../26-libatomic1_14.2.0-4ubuntu2~24.04.1_arm64.deb ...
Unpacking libatomic1:arm64 (14.2.0-4ubuntu2~24.04.1) ...
Selecting previously unselected package libjpeg8:arm64.
Preparing to unpack .../68-libjpeg8_8c-2ubuntu11_arm64.deb ...
Unpacking libjpeg8:arm64 (8c-2ubuntu11) ...
Selecting previously unselected package libitm1:arm64.
Preparing to unpack .../25-libitm1_14.2.0-4ubuntu2~24.04.1_arm64.deb ...
Unpacking libitm1:arm64 (14.2.0-4ubuntu2~24.04.1) ...
Setting up python3-pip (24.0+dfsg-1ubuntu1.3) ...
Setting up libsharpyuv0:arm64 (1.3.2-0.4build3) ...
Selecting previously unselected package libdeflate0:arm64.
Preparing to unpack .../69-libdeflate0_1.19-1build1.1_arm64.deb ...
Unpacking libdeflate0:arm64 (1.19-1build1.1) ...
Selecting previously unselected package libatomic1:arm64.
Setting up libaom3:arm64 (3.8.2-2ubuntu0.1) ...
Selecting previously unselected package libasan8:arm64.
Preparing to unpack .../26-libatomic1_14.2.0-4ubuntu2~24.04.1_arm64.deb ...
Preparing to unpack .../27-libasan8_14.2.0-4ubuntu2~24.04.1_arm64.deb ...
Unpacking libatomic1:arm64 (14.2.0-4ubuntu2~24.04.1) ...
Unpacking libasan8:arm64 (14.2.0-4ubuntu2~24.04.1) ...
Setting up manpages-dev (6.7-2) ...
Selecting previously unselected package libjbig0:arm64.
Preparing to unpack .../70-libjbig0_2.1-6.1ubuntu2_arm64.deb ...
Setting up lto-disabled-list (47) ...
Unpacking libjbig0:arm64 (2.1-6.1ubuntu2) ...
Selecting previously unselected package libasan8:arm64.
Preparing to unpack .../27-libasan8_14.2.0-4ubuntu2~24.04.1_arm64.deb ...
Setting up liblerc4:arm64 (4.0.0+ds-4ubuntu2) ...
Unpacking libasan8:arm64 (14.2.0-4ubuntu2~24.04.1) ...
Selecting previously unselected package liblerc4:arm64.
Setting up libxpm4:arm64 (1:3.5.17-1ubuntu0.24.04.1) ...
Preparing to unpack .../71-liblerc4_4.0.0+ds-4ubuntu2_arm64.deb ...
Unpacking liblerc4:arm64 (4.0.0+ds-4ubuntu2) ...
Setting up libfile-fcntllock-perl (0.22-4ubuntu5) ...
Setting up libalgorithm-diff-perl (1.201-1) ...
Selecting previously unselected package liblsan0:arm64.
Selecting previously unselected package libwebp7:arm64.
Preparing to unpack .../28-liblsan0_14.2.0-4ubuntu2~24.04.1_arm64.deb ...
Preparing to unpack .../72-libwebp7_1.3.2-0.4build3_arm64.deb ...
Unpacking libwebp7:arm64 (1.3.2-0.4build3) ...
Unpacking liblsan0:arm64 (14.2.0-4ubuntu2~24.04.1) ...
Setting up binutils-common:arm64 (2.42-4ubuntu2.10) ...
Setting up libdeflate0:arm64 (1.19-1build1.1) ...
Selecting previously unselected package libtiff6:arm64.
Preparing to unpack .../73-libtiff6_4.5.1+git230720-4ubuntu2.5_arm64.deb ...
Unpacking libtiff6:arm64 (4.5.1+git230720-4ubuntu2.5) ...
Setting up linux-libc-dev:arm64 (6.8.0-136.136) ...
Setting up libctf-nobfd0:arm64 (2.42-4ubuntu2.10) ...
Selecting previously unselected package liblsan0:arm64.
Preparing to unpack .../28-liblsan0_14.2.0-4ubuntu2~24.04.1_arm64.deb ...
Unpacking liblsan0:arm64 (14.2.0-4ubuntu2~24.04.1) ...
Setting up dnsmasq-base (2.90-2ubuntu0.4) ...
Selecting previously unselected package libxpm4:arm64.
Preparing to unpack .../74-libxpm4_1%3a3.5.17-1ubuntu0.24.04.1_arm64.deb ...
Unpacking libxpm4:arm64 (1:3.5.17-1ubuntu0.24.04.1) ...
Selecting previously unselected package libgd3:arm64.
Preparing to unpack .../75-libgd3_2.3.3-9ubuntu5_arm64.deb ...
Selecting previously unselected package libtsan2:arm64.
Preparing to unpack .../29-libtsan2_14.2.0-4ubuntu2~24.04.1_arm64.deb ...
Unpacking libtsan2:arm64 (14.2.0-4ubuntu2~24.04.1) ...
Selecting previously unselected package libtsan2:arm64.
Preparing to unpack .../29-libtsan2_14.2.0-4ubuntu2~24.04.1_arm64.deb ...
Unpacking libtsan2:arm64 (14.2.0-4ubuntu2~24.04.1) ...
Unpacking libgd3:arm64 (2.3.3-9ubuntu5) ...
Setting up libgomp1:arm64 (14.2.0-4ubuntu2~24.04.1) ...
Selecting previously unselected package libc-devtools.
Setting up bzip2 (1.0.8-5.1build0.1) ...
Preparing to unpack .../76-libc-devtools_2.39-0ubuntu8.8_arm64.deb ...
Unpacking libc-devtools (2.39-0ubuntu8.8) ...
Setting up locales (2.39-0ubuntu8.8) ...
Selecting previously unselected package libubsan1:arm64.
Preparing to unpack .../30-libubsan1_14.2.0-4ubuntu2~24.04.1_arm64.deb ...

Running kernel seems to be up-to-date.

Restarting services...
Selecting previously unselected package libexpat1-dev:arm64.
(Reading database ... Unpacking libubsan1:arm64 (14.2.0-4ubuntu2~24.04.1) ...
(Reading database ... 5%(Reading database ... 10%(Reading database ... 15%(Reading database ... 20%(Reading database ... 25%(Reading database ... 30%(Reading database ... 35%(Reading database ... 40%(Reading database ... 45%(Reading database ... 50%(Reading database ... 55%Preparing to unpack .../77-libexpat1-dev_2.6.1-2ubuntu0.4_arm64.deb ...
Unpacking libexpat1-dev:arm64 (2.6.1-2ubuntu0.4) ...
(Reading database ... 60%(Reading database ... 65%Selecting previously unselected package libubsan1:arm64.
Preparing to unpack .../30-libubsan1_14.2.0-4ubuntu2~24.04.1_arm64.deb ...
Unpacking libubsan1:arm64 (14.2.0-4ubuntu2~24.04.1) ...
Selecting previously unselected package libfile-fcntllock-perl.
Preparing to unpack .../78-libfile-fcntllock-perl_0.22-4ubuntu5_arm64.deb ...
Unpacking libfile-fcntllock-perl (0.22-4ubuntu5) ...
Selecting previously unselected package libhwasan0:arm64.
Preparing to unpack .../31-libhwasan0_14.2.0-4ubuntu2~24.04.1_arm64.deb ...
Selecting previously unselected package libheif-plugin-aomenc:arm64.
Unpacking libhwasan0:arm64 (14.2.0-4ubuntu2~24.04.1) ...
(Reading database ... 70%(Reading database ... 75%(Reading database ... 80%(Reading database ... 85%(Reading database ... 90%(Reading database ... 95%(Reading database ... 100%(Reading database ... 74109 files and directories currently installed.)
Preparing to unpack .../libc-bin_2.39-0ubuntu8.8_arm64.deb ...
Unpacking libc-bin (2.39-0ubuntu8.8) over (2.39-0ubuntu8.7) ...
Selecting previously unselected package libhwasan0:arm64.
Preparing to unpack .../31-libhwasan0_14.2.0-4ubuntu2~24.04.1_arm64.deb ...
Preparing to unpack .../79-libheif-plugin-aomenc_1.17.6-1ubuntu4.6_arm64.deb ...
Unpacking libheif-plugin-aomenc:arm64 (1.17.6-1ubuntu4.6) ...
Unpacking libhwasan0:arm64 (14.2.0-4ubuntu2~24.04.1) ...
Selecting previously unselected package libjs-jquery.
Preparing to unpack .../80-libjs-jquery_3.6.1+dfsg+~3.5.14-1_all.deb ...
Unpacking libjs-jquery (3.6.1+dfsg+~3.5.14-1) ...
Selecting previously unselected package libgcc-13-dev:arm64.
Selecting previously unselected package libgcc-13-dev:arm64.
Preparing to unpack .../32-libgcc-13-dev_13.3.0-6ubuntu2~24.04.1_arm64.deb ...
Unpacking libgcc-13-dev:arm64 (13.3.0-6ubuntu2~24.04.1) ...
Preparing to unpack .../32-libgcc-13-dev_13.3.0-6ubuntu2~24.04.1_arm64.deb ...
Setting up libc-bin (2.39-0ubuntu8.8) ...
Unpacking libgcc-13-dev:arm64 (13.3.0-6ubuntu2~24.04.1) ...
Selecting previously unselected package libjs-underscore.
Preparing to unpack .../81-libjs-underscore_1.13.4~dfsg+~1.11.4-3_all.deb ...
Unpacking libjs-underscore (1.13.4~dfsg+~1.11.4-3) ...
 systemctl restart acpid.service chrony.service cron.service irqbalance.service multipathd.service packagekit.service polkit.service rsyslog.service ssh.service systemd-journald.service systemd-networkd.service systemd-resolved.service systemd-udevd.service udisks2.service
Selecting previously unselected package libjs-sphinxdoc.
Preparing to unpack .../82-libjs-sphinxdoc_7.2.6-6_all.deb ...
Unpacking libjs-sphinxdoc (7.2.6-6) ...
Selecting previously unselected package pigz.
(Reading database ... (Reading database ... 5%(Reading database ... 10%(Reading database ... 15%(Reading database ... 20%(Reading database ... 25%(Reading database ... 30%(Reading database ... 35%(Reading database ... 40%(Reading database ... 45%(Reading database ... 50%(Reading database ... 55%Selecting previously unselected package gcc-13-aarch64-linux-gnu.
Preparing to unpack .../33-gcc-13-aarch64-linux-gnu_13.3.0-6ubuntu2~24.04.1_arm64.deb ...
Selecting previously unselected package zlib1g-dev:arm64.
(Reading database ... 60%(Reading database ... 65%(Reading database ... 70%Preparing to unpack .../83-zlib1g-dev_1%3a1.3.dfsg-3.1ubuntu2.1_arm64.deb ...
Unpacking zlib1g-dev:arm64 (1:1.3.dfsg-3.1ubuntu2.1) ...
Unpacking gcc-13-aarch64-linux-gnu (13.3.0-6ubuntu2~24.04.1) ...
(Reading database ... 75%(Reading database ... 80%(Reading database ... 85%(Reading database ... 90%Selecting previously unselected package gcc-13-aarch64-linux-gnu.
Preparing to unpack .../33-gcc-13-aarch64-linux-gnu_13.3.0-6ubuntu2~24.04.1_arm64.deb ...
Unpacking gcc-13-aarch64-linux-gnu (13.3.0-6ubuntu2~24.04.1) ...

Selecting previously unselected package libpython3.12-dev:arm64.
Preparing to unpack .../84-libpython3.12-dev_3.12.3-1ubuntu0.15_arm64.deb ...
Unpacking libpython3.12-dev:arm64 (3.12.3-1ubuntu0.15) ...
(Reading database ... 95%(Reading database ... 100%(Reading database ... 74109 files and directories currently installed.)
Preparing to unpack .../00-pigz_2.8-1_arm64.deb ...
Unpacking pigz (2.8-1) ...
Preparing to unpack .../01-locales_2.39-0ubuntu8.8_all.deb ...
Reading package lists...
Building dependency tree...Unpacking locales (2.39-0ubuntu8.8) over (2.39-0ubuntu8.7) ...
Get:42 http://us-east-1.ec2.ports.ubuntu.com/ubuntu-ports noble-updates/main arm64 g++-13 arm64 13.3.0-6ubuntu2~24.04.1 [16.0 kB]
Get:43 http://us-east-1.ec2.ports.ubuntu.com/ubuntu-ports noble/main arm64 g++-aarch64-linux-gnu arm64 4:13.2.0-7ubuntu1 [962 B]
Get:44 http://us-east-1.ec2.ports.ubuntu.com/ubuntu-ports noble/main arm64 g++ arm64 4:13.2.0-7ubuntu1 [1082 B]
Get:45 http://us-east-1.ec2.ports.ubuntu.com/ubuntu-ports noble/main arm64 make arm64 4.3-4.1build2 [178 kB]
Get:46 http://us-east-1.ec2.ports.ubuntu.com/ubuntu-ports noble-updates/main arm64 libdpkg-perl all 1.22.6ubuntu6.6 [268 kB]
Get:47 http://us-east-1.ec2.ports.ubuntu.com/ubuntu-ports noble-updates/main arm64 bzip2 arm64 1.0.8-5.1build0.1 [34.0 kB]
Get:48 http://us-east-1.ec2.ports.ubuntu.com/ubuntu-ports noble/main arm64 lto-disabled-list all 47 [12.4 kB]
Get:49 http://us-east-1.ec2.ports.ubuntu.com/ubuntu-ports noble-updates/main arm64 dpkg-dev all 1.22.6ubuntu6.6 [1074 kB]
Get:50 http://us-east-1.ec2.ports.ubuntu.com/ubuntu-ports noble/main arm64 build-essential arm64 12.10ubuntu1 [4932 B]
Get:51 http://us-east-1.ec2.ports.ubuntu.com/ubuntu-ports noble-updates/main arm64 runc arm64 1.3.4-0ubuntu1~24.04.1 [8578 kB]
Generating locales (this might take a while)...
  en_US.UTF-8...Selecting previously unselected package libpython3-dev:arm64.
Preparing to unpack .../85-libpython3-dev_3.12.3-0ubuntu2.1_arm64.deb ...
Unpacking libpython3-dev:arm64 (3.12.3-0ubuntu2.1) ...
Preparing to unpack .../86-linux-tools-common_6.8.0-136.136_all.deb ...
Unpacking linux-tools-common (6.8.0-136.136) over (6.8.0-134.134) ...
Selecting previously unselected package binutils-common:arm64.
Preparing to unpack .../02-binutils-common_2.42-4ubuntu2.10_arm64.deb ...
Unpacking binutils-common:arm64 (2.42-4ubuntu2.10) ...

Reading state information...
Selecting previously unselected package gcc-13.
Selecting previously unselected package manpages-dev.
Preparing to unpack .../34-gcc-13_13.3.0-6ubuntu2~24.04.1_arm64.deb ...
Preparing to unpack .../87-manpages-dev_6.7-2_all.deb ...
Unpacking gcc-13 (13.3.0-6ubuntu2~24.04.1) ...
Unpacking manpages-dev (6.7-2) ...
Selecting previously unselected package gcc-aarch64-linux-gnu.
Selecting previously unselected package libsframe1:arm64.
Preparing to unpack .../35-gcc-aarch64-linux-gnu_4%3a13.2.0-7ubuntu1_arm64.deb ...
Unpacking gcc-aarch64-linux-gnu (4:13.2.0-7ubuntu1) ...
Preparing to unpack .../03-libsframe1_2.42-4ubuntu2.10_arm64.deb ...
Unpacking libsframe1:arm64 (2.42-4ubuntu2.10) ...
Selecting previously unselected package gcc.
Preparing to unpack .../36-gcc_4%3a13.2.0-7ubuntu1_arm64.deb ...
Unpacking gcc (4:13.2.0-7ubuntu1) ...
Selecting previously unselected package libbinutils:arm64.
Preparing to unpack .../04-libbinutils_2.42-4ubuntu2.10_arm64.deb ...
Unpacking libbinutils:arm64 (2.42-4ubuntu2.10) ...
Selecting previously unselected package libstdc++-13-dev:arm64.
Preparing to unpack .../37-libstdc++-13-dev_13.3.0-6ubuntu2~24.04.1_arm64.deb ...
Unpacking libstdc++-13-dev:arm64 (13.3.0-6ubuntu2~24.04.1) ...

Service restarts being deferred:
 systemctl restart ModemManager.service
 /etc/needrestart/restart.d/dbus.service
 systemctl restart getty@tty1.service
 systemctl restart networkd-dispatcher.service
 systemctl restart serial-getty@ttyS0.service
 systemctl restart systemd-logind.service
 systemctl restart unattended-upgrades.service

No containers need to be restarted.

User sessions running outdated binaries:
 ubuntu @ session #3: sshd[1410,1503]
 ubuntu @ user manager service: systemd[1189]

No VM guests are running outdated hypervisor (qemu) binaries on this host.
Selecting previously unselected package libctf-nobfd0:arm64.
Preparing to unpack .../05-libctf-nobfd0_2.42-4ubuntu2.10_arm64.deb ...
Unpacking libctf-nobfd0:arm64 (2.42-4ubuntu2.10) ...
Selecting previously unselected package gcc-13.
Preparing to unpack .../34-gcc-13_13.3.0-6ubuntu2~24.04.1_arm64.deb ...
Unpacking gcc-13 (13.3.0-6ubuntu2~24.04.1) ...
Selecting previously unselected package libctf0:arm64.
Preparing to unpack .../06-libctf0_2.42-4ubuntu2.10_arm64.deb ...
Unpacking libctf0:arm64 (2.42-4ubuntu2.10) ...
Selecting previously unselected package gcc-aarch64-linux-gnu.
Preparing to unpack .../35-gcc-aarch64-linux-gnu_4%3a13.2.0-7ubuntu1_arm64.deb ...
Unpacking gcc-aarch64-linux-gnu (4:13.2.0-7ubuntu1) ...
Selecting previously unselected package python3.12-dev.
Preparing to unpack .../88-python3.12-dev_3.12.3-1ubuntu0.15_arm64.deb ...
Selecting previously unselected package libgprofng0:arm64.
Unpacking python3.12-dev (3.12.3-1ubuntu0.15) ...
Selecting previously unselected package gcc.
Selecting previously unselected package g++-13-aarch64-linux-gnu.
Preparing to unpack .../07-libgprofng0_2.42-4ubuntu2.10_arm64.deb ...
Preparing to unpack .../36-gcc_4%3a13.2.0-7ubuntu1_arm64.deb ...
Unpacking libgprofng0:arm64 (2.42-4ubuntu2.10) ...
Preparing to unpack .../38-g++-13-aarch64-linux-gnu_13.3.0-6ubuntu2~24.04.1_arm64.deb ...
Unpacking gcc (4:13.2.0-7ubuntu1) ...
Unpacking g++-13-aarch64-linux-gnu (13.3.0-6ubuntu2~24.04.1) ...
Selecting previously unselected package python3-dev.
Setting up libjpeg-turbo8:arm64 (2.1.5-2ubuntu2) ...
Selecting previously unselected package libstdc++-13-dev:arm64.
Preparing to unpack .../89-python3-dev_3.12.3-0ubuntu2.1_arm64.deb ...
Preparing to unpack .../37-libstdc++-13-dev_13.3.0-6ubuntu2~24.04.1_arm64.deb ...
Unpacking libstdc++-13-dev:arm64 (13.3.0-6ubuntu2~24.04.1) ...
Unpacking python3-dev (3.12.3-0ubuntu2.1) ...
Setting up bridge-utils (1.7.1-1ubuntu2) ...
curl is already the newest version (8.5.0-2ubuntu10.11).
curl set to manually installed.
ca-certificates is already the newest version (20260601~24.04.1).
ca-certificates set to manually installed.
jq is already the newest version (1.7.1-3ubuntu0.24.04.2).
jq set to manually installed.
git is already the newest version (1:2.43.0-1ubuntu7.3).
git set to manually installed.
The following additional packages will be installed:
  binutils binutils-aarch64-linux-gnu binutils-common bridge-utils bzip2
  containerd cpp cpp-13 cpp-13-aarch64-linux-gnu cpp-aarch64-linux-gnu
  dns-root-data dnsmasq-base dpkg-dev fakeroot fontconfig-config
  fonts-dejavu-core fonts-dejavu-mono g++ g++-13 g++-13-aarch64-linux-gnu
  g++-aarch64-linux-gnu gcc gcc-13 gcc-13-aarch64-linux-gnu gcc-13-base
  gcc-aarch64-linux-gnu javascript-common libalgorithm-diff-perl
  libalgorithm-diff-xs-perl libalgorithm-merge-perl libaom3 libasan8
  libatomic1 libbinutils libc-bin libc-dev-bin libc-devtools libc6 libc6-dev
  libcc1-0 libcrypt-dev libctf-nobfd0 libctf0 libdeflate0 libdpkg-perl
  libexpat1-dev libfakeroot libfile-fcntllock-perl libfontconfig1
Selecting previously unselected package binutils-aarch64-linux-gnu.
Preparing to unpack .../08-binutils-aarch64-linux-gnu_2.42-4ubuntu2.10_arm64.deb ...
Unpacking binutils-aarch64-linux-gnu (2.42-4ubuntu2.10) ...
Selecting previously unselected package python3-wheel.
Preparing to unpack .../90-python3-wheel_0.42.0-2_all.deb ...
Unpacking python3-wheel (0.42.0-2) ...
sudo: a terminal is required to read the password; either use the -S option to read from standard input or configure an askpass helper
sudo: a password is required
  libgcc-13-dev libgd3 libgomp1 libgprofng0 libheif-plugin-aomdec
  libheif-plugin-aomenc libheif1 libhwasan0 libisl23 libitm1 libjbig0
  libjpeg-turbo8 libjpeg8 libjs-jquery libjs-sphinxdoc libjs-underscore
  liblerc4 liblsan0 libmpc3 libpython3-dev libpython3.12-dev libsframe1
  libsharpyuv0 libstdc++-13-dev libtiff6 libtsan2 libubsan1 libwebp7 libxpm4
  linux-libc-dev linux-tools-common locales lto-disabled-list make
  manpages-dev pigz python3-dev python3-wheel python3.12-dev rpcsvc-proto runc
  ubuntu-fan zlib1g-dev
Suggested packages:
  binutils-doc gprofng-gui ifupdown bzip2-doc cpp-doc gcc-13-locales
  cpp-13-doc aufs-tools cgroupfs-mount | cgroup-lite debootstrap docker-buildx
  docker-compose-v2 docker-doc rinse zfs-fuse | zfsutils debian-keyring
  gcc-13-doc gcc-multilib autoconf automake libtool flex bison gdb gcc-doc
  gdb-aarch64-linux-gnu apache2 | lighttpd | httpd glibc-doc libnss-nis
  libnss-nisplus bzr libgd-tools libheif-plugin-libde265 libheif-plugin-x265
  libheif-plugin-ffmpegdec libheif-plugin-jpegdec libheif-plugin-jpegenc
  libheif-plugin-j2kdec libheif-plugin-j2kenc libheif-plugin-rav1e
  libheif-plugin-svtenc libstdc++-13-doc make-doc
The following NEW packages will be installed:
  binutils binutils-aarch64-linux-gnu binutils-common bridge-utils
  build-essential bzip2 containerd cpp cpp-13 cpp-13-aarch64-linux-gnu
  cpp-aarch64-linux-gnu dns-root-data dnsmasq-base docker.io dpkg-dev fakeroot
  fontconfig-config fonts-dejavu-core fonts-dejavu-mono g++ g++-13
  g++-13-aarch64-linux-gnu g++-aarch64-linux-gnu gcc gcc-13
  gcc-13-aarch64-linux-gnu gcc-13-base gcc-aarch64-linux-gnu javascript-common
  libalgorithm-diff-perl libalgorithm-diff-xs-perl libalgorithm-merge-perl
  libaom3 libasan8 libatomic1 libbinutils libc-dev-bin libc-devtools libc6-dev
  libcc1-0 libcrypt-dev libctf-nobfd0 libctf0 libdeflate0 libdpkg-perl
  libexpat1-dev libfakeroot libfile-fcntllock-perl libfontconfig1
  libgcc-13-dev libgd3 libgomp1 libgprofng0 libheif-plugin-aomdec
  libheif-plugin-aomenc libheif1 libhwasan0 libisl23 libitm1 libjbig0
  libjpeg-turbo8 libjpeg8 libjs-jquery libjs-sphinxdoc libjs-underscore
  liblerc4 liblsan0 libmpc3 libpython3-dev libpython3.12-dev libsframe1
  libsharpyuv0 libstdc++-13-dev libtiff6 libtsan2 libubsan1 libwebp7 libxpm4
  linux-libc-dev lto-disabled-list make manpages-dev pigz python3-dev
  python3-pip python3-wheel python3.12-dev rpcsvc-proto runc ubuntu-fan
  zlib1g-dev
The following packages will be upgraded:
  libc-bin libc6 linux-tools-common locales
sudo: a terminal is required to read the password; either use the -S option to read from standard input or configure an askpass helper
sudo: a password is required
Setting up libdpkg-perl (1.22.6ubuntu6.6) ...
sudo: a terminal is required to read the password; either use the -S option to read from standard input or configure an askpass helper
sudo: a password is required
Setting up libwebp7:arm64 (1.3.2-0.4build3) ...
Selecting previously unselected package python3-pip.
Preparing to unpack .../91-python3-pip_24.0+dfsg-1ubuntu1.3_all.deb ...
Unpacking python3-pip (24.0+dfsg-1ubuntu1.3) ...
4 upgraded, 91 newly installed, 0 to remove and 30 not upgraded.
Need to get 155 MB of archives.
After this operation, 558 MB of additional disk space will be used.
Get:1 http://us-east-1.ec2.ports.ubuntu.com/ubuntu-ports noble-updates/main arm64 libc6 arm64 2.39-0ubuntu8.8 [2775 kB]
Setting up libubsan1:arm64 (14.2.0-4ubuntu2~24.04.1) ...
Setting up libhwasan0:arm64 (14.2.0-4ubuntu2~24.04.1) ...
Setting up pigz (2.8-1) ...
Setting up libcrypt-dev:arm64 (1:4.4.36-4build1) ...
Selecting previously unselected package g++-13-aarch64-linux-gnu.
Preparing to unpack .../38-g++-13-aarch64-linux-gnu_13.3.0-6ubuntu2~24.04.1_arm64.deb ...
Unpacking g++-13-aarch64-linux-gnu (13.3.0-6ubuntu2~24.04.1) ...
Selecting previously unselected package g++-13.
Preparing to unpack .../39-g++-13_13.3.0-6ubuntu2~24.04.1_arm64.deb ...
Unpacking g++-13 (13.3.0-6ubuntu2~24.04.1) ...
Selecting previously unselected package g++-aarch64-linux-gnu.
Preparing to unpack .../40-g++-aarch64-linux-gnu_4%3a13.2.0-7ubuntu1_arm64.deb ...
Unpacking g++-aarch64-linux-gnu (4:13.2.0-7ubuntu1) ...
Setting up libasan8:arm64 (14.2.0-4ubuntu2~24.04.1) ...
Selecting previously unselected package g++.
Setting up libtsan2:arm64 (14.2.0-4ubuntu2~24.04.1) ...
Preparing to unpack .../41-g++_4%3a13.2.0-7ubuntu1_arm64.deb ...
Unpacking g++ (4:13.2.0-7ubuntu1) ...
Selecting previously unselected package binutils.
Setting up libjs-jquery (3.6.1+dfsg+~3.5.14-1) ...
Preparing to unpack .../09-binutils_2.42-4ubuntu2.10_arm64.deb ...
Selecting previously unselected package make.
Unpacking binutils (2.42-4ubuntu2.10) ...
Setting up libbinutils:arm64 (2.42-4ubuntu2.10) ...
Preparing to unpack .../42-make_4.3-4.1build2_arm64.deb ...
Unpacking make (4.3-4.1build2) ...
Selecting previously unselected package ubuntu-fan.
Preparing to unpack .../92-ubuntu-fan_0.12.16+24.04.1_all.deb ...
Setting up libisl23:arm64 (0.26-3build1.1) ...
Selecting previously unselected package bridge-utils.
Unpacking ubuntu-fan (0.12.16+24.04.1) ...
Selecting previously unselected package libdpkg-perl.
Preparing to unpack .../10-bridge-utils_1.7.1-1ubuntu2_arm64.deb ...
Setting up libc-dev-bin (2.39-0ubuntu8.8) ...
Preparing to unpack .../43-libdpkg-perl_1.22.6ubuntu6.6_all.deb ...
Unpacking bridge-utils (1.7.1-1ubuntu2) ...
Unpacking libdpkg-perl (1.22.6ubuntu6.6) ...
Get:52 http://us-east-1.ec2.ports.ubuntu.com/ubuntu-ports noble-updates/main arm64 containerd arm64 2.2.1-0ubuntu1~24.04.3 [25.2 MB]
Get:2 http://us-east-1.ec2.ports.ubuntu.com/ubuntu-ports noble-updates/main arm64 libc-bin arm64 2.39-0ubuntu8.8 [591 kB]
[22:09:12] [agentgateway] fetching agentgateway + rig.sh @ dd26a545026b ...
Setting up containerd (2.2.1-0ubuntu1~24.04.3) ...
Selecting previously unselected package libc-dev-bin.
Get:3 http://us-east-1.ec2.ports.ubuntu.com/ubuntu-ports noble/universe arm64 pigz arm64 2.8-1 [60.7 kB]
Selecting previously unselected package bzip2.
Get:4 http://us-east-1.ec2.ports.ubuntu.com/ubuntu-ports noble-updates/main arm64 locales all 2.39-0ubuntu8.8 [4231 kB]
Preparing to unpack .../11-libc-dev-bin_2.39-0ubuntu8.8_arm64.deb ...
Unpacking libc-dev-bin (2.39-0ubuntu8.8) ...
Preparing to unpack .../44-bzip2_1.0.8-5.1build0.1_arm64.deb ...
Setting up javascript-common (11+nmu1) ...
Unpacking bzip2 (1.0.8-5.1build0.1) ...
Selecting previously unselected package linux-libc-dev:arm64.
Selecting previously unselected package lto-disabled-list.
Preparing to unpack .../12-linux-libc-dev_6.8.0-136.136_arm64.deb ...
Preparing to unpack .../45-lto-disabled-list_47_all.deb ...
Unpacking lto-disabled-list (47) ...
Unpacking linux-libc-dev:arm64 (6.8.0-136.136) ...
Setting up libsharpyuv0:arm64 (1.3.2-0.4build3) ...
Selecting previously unselected package dpkg-dev.
Setting up libaom3:arm64 (3.8.2-2ubuntu0.1) ...
Preparing to unpack .../46-dpkg-dev_1.22.6ubuntu6.6_all.deb ...
Unpacking dpkg-dev (1.22.6ubuntu6.6) ...
Setting up manpages-dev (6.7-2) ...
Processing triggers for dbus (1.14.10-4ubuntu4.1) ...
Setting up lto-disabled-list (47) ...
Created symlink /etc/systemd/system/multi-user.target.wants/containerd.service → /usr/lib/systemd/system/containerd.service.
Setting up liblerc4:arm64 (4.0.0+ds-4ubuntu2) ...
Processing triggers for sgml-base (1.31) ...
Setting up libxpm4:arm64 (1:3.5.17-1ubuntu0.24.04.1) ...
Setting up libfontconfig1:arm64 (2.15.0-1.1ubuntu2) ...
Setting up libfile-fcntllock-perl (0.22-4ubuntu5) ...
Selecting previously unselected package build-essential.
Preparing to unpack .../47-build-essential_12.10ubuntu1_arm64.deb ...
Selecting previously unselected package g++-13.
Setting up libalgorithm-diff-perl (1.201-1) ...
Unpacking build-essential (12.10ubuntu1) ...
Get:5 http://us-east-1.ec2.ports.ubuntu.com/ubuntu-ports noble-updates/main arm64 binutils-common arm64 2.42-4ubuntu2.10 [240 kB]
Preparing to unpack .../39-g++-13_13.3.0-6ubuntu2~24.04.1_arm64.deb ...
Setting up libgd3:arm64 (2.3.3-9ubuntu5) ...
Unpacking g++-13 (13.3.0-6ubuntu2~24.04.1) ...
Get:6 http://us-east-1.ec2.ports.ubuntu.com/ubuntu-ports noble-updates/main arm64 libsframe1 arm64 2.42-4ubuntu2.10 [15.4 kB]
Get:7 http://us-east-1.ec2.ports.ubuntu.com/ubuntu-ports noble-updates/main arm64 libbinutils arm64 2.42-4ubuntu2.10 [766 kB]
Setting up binutils-common:arm64 (2.42-4ubuntu2.10) ...
Setting up libc-devtools (2.39-0ubuntu8.8) ...
Selecting previously unselected package g++-aarch64-linux-gnu.
Selecting previously unselected package runc.
Preparing to unpack .../40-g++-aarch64-linux-gnu_4%3a13.2.0-7ubuntu1_arm64.deb ...
Setting up libdeflate0:arm64 (1.19-1build1.1) ...
Selecting previously unselected package libcrypt-dev:arm64.
Processing triggers for libc-bin (2.39-0ubuntu8.8) ...
Get:8 http://us-east-1.ec2.ports.ubuntu.com/ubuntu-ports noble-updates/main arm64 libctf-nobfd0 arm64 2.42-4ubuntu2.10 [101 kB]
Preparing to unpack .../48-runc_1.3.4-0ubuntu1~24.04.1_arm64.deb ...
Preparing to unpack .../13-libcrypt-dev_1%3a4.4.36-4build1_arm64.deb ...
Unpacking g++-aarch64-linux-gnu (4:13.2.0-7ubuntu1) ...
Get:9 http://us-east-1.ec2.ports.ubuntu.com/ubuntu-ports noble-updates/main arm64 libctf0 arm64 2.42-4ubuntu2.10 [95.7 kB]
Unpacking runc (1.3.4-0ubuntu1~24.04.1) ...
Get:10 http://us-east-1.ec2.ports.ubuntu.com/ubuntu-ports noble-updates/main arm64 libgprofng0 arm64 2.42-4ubuntu2.10 [776 kB]
Setting up linux-libc-dev:arm64 (6.8.0-136.136) ...
Unpacking libcrypt-dev:arm64 (1:4.4.36-4build1) ...
Selecting previously unselected package g++.
Setting up libctf-nobfd0:arm64 (2.42-4ubuntu2.10) ...
Preparing to unpack .../41-g++_4%3a13.2.0-7ubuntu1_arm64.deb ...
Unpacking g++ (4:13.2.0-7ubuntu1) ...
Get:11 http://us-east-1.ec2.ports.ubuntu.com/ubuntu-ports noble-updates/main arm64 binutils-aarch64-linux-gnu arm64 2.42-4ubuntu2.10 [3304 kB]
Setting up dnsmasq-base (2.90-2ubuntu0.4) ...
Selecting previously unselected package make.
Preparing to unpack .../42-make_4.3-4.1build2_arm64.deb ...
Unpacking make (4.3-4.1build2) ...
Selecting previously unselected package rpcsvc-proto.
Preparing to unpack .../14-rpcsvc-proto_1.4.2-0ubuntu7_arm64.deb ...
Unpacking rpcsvc-proto (1.4.2-0ubuntu7) ...
Selecting previously unselected package libdpkg-perl.
Setting up libgomp1:arm64 (14.2.0-4ubuntu2~24.04.1) ...
Preparing to unpack .../43-libdpkg-perl_1.22.6ubuntu6.6_all.deb ...
Unpacking libdpkg-perl (1.22.6ubuntu6.6) ...
Setting up bzip2 (1.0.8-5.1build0.1) ...
Selecting previously unselected package libc6-dev:arm64.
Setting up locales (2.39-0ubuntu8.8) ...
Preparing to unpack .../15-libc6-dev_2.39-0ubuntu8.8_arm64.deb ...
Unpacking libc6-dev:arm64 (2.39-0ubuntu8.8) ...
Selecting previously unselected package bzip2.
Preparing to unpack .../44-bzip2_1.0.8-5.1build0.1_arm64.deb ...
Get:53 http://us-east-1.ec2.ports.ubuntu.com/ubuntu-ports noble-updates/main arm64 dns-root-data all 2024071801~ubuntu0.24.04.1 [5918 B]
Get:54 http://us-east-1.ec2.ports.ubuntu.com/ubuntu-ports noble-updates/main arm64 dnsmasq-base arm64 2.90-2ubuntu0.4 [367 kB]
Get:55 http://us-east-1.ec2.ports.ubuntu.com/ubuntu-ports noble-updates/universe arm64 docker.io arm64 29.1.3-0ubuntu3~24.04.2 [32.0 MB]
Get:12 http://us-east-1.ec2.ports.ubuntu.com/ubuntu-ports noble-updates/main arm64 binutils arm64 2.42-4ubuntu2.10 [18.1 kB]
Get:13 http://us-east-1.ec2.ports.ubuntu.com/ubuntu-ports noble/main arm64 bridge-utils arm64 1.7.1-1ubuntu2 [34.2 kB]
Unpacking bzip2 (1.0.8-5.1build0.1) ...
Get:14 http://us-east-1.ec2.ports.ubuntu.com/ubuntu-ports noble-updates/main arm64 libc-dev-bin arm64 2.39-0ubuntu8.8 [19.7 kB]
Get:15 http://us-east-1.ec2.ports.ubuntu.com/ubuntu-ports noble-updates/main arm64 linux-libc-dev arm64 6.8.0-136.136 [1550 kB]
Selecting previously unselected package containerd.
Preparing to unpack .../49-containerd_2.2.1-0ubuntu1~24.04.3_arm64.deb ...
Unpacking containerd (2.2.1-0ubuntu1~24.04.3) ...
Selecting previously unselected package lto-disabled-list.
Preparing to unpack .../45-lto-disabled-list_47_all.deb ...
Unpacking lto-disabled-list (47) ...
Selecting previously unselected package dpkg-dev.
Preparing to unpack .../46-dpkg-dev_1.22.6ubuntu6.6_all.deb ...
Unpacking dpkg-dev (1.22.6ubuntu6.6) ...
Get:16 http://us-east-1.ec2.ports.ubuntu.com/ubuntu-ports noble/main arm64 libcrypt-dev arm64 1:4.4.36-4build1 [118 kB]
Get:17 http://us-east-1.ec2.ports.ubuntu.com/ubuntu-ports noble/main arm64 rpcsvc-proto arm64 1.4.2-0ubuntu7 [64.8 kB]
Get:18 http://us-east-1.ec2.ports.ubuntu.com/ubuntu-ports noble-updates/main arm64 libc6-dev arm64 2.39-0ubuntu8.8 [1596 kB]
Setting up linux-tools-common (6.8.0-136.136) ...
Get:19 http://us-east-1.ec2.ports.ubuntu.com/ubuntu-ports noble-updates/main arm64 gcc-13-base arm64 13.3.0-6ubuntu2~24.04.1 [51.6 kB]
Get:20 http://us-east-1.ec2.ports.ubuntu.com/ubuntu-ports noble-updates/main arm64 libisl23 arm64 0.26-3build1.1 [669 kB]
Setting up libalgorithm-diff-xs-perl:arm64 (0.04-8build3) ...
Get:21 http://us-east-1.ec2.ports.ubuntu.com/ubuntu-ports noble-updates/main arm64 libmpc3 arm64 1.3.1-1build1.1 [56.4 kB]
Get:22 http://us-east-1.ec2.ports.ubuntu.com/ubuntu-ports noble-updates/main arm64 cpp-13-aarch64-linux-gnu arm64 13.3.0-6ubuntu2~24.04.1 [9560 kB]
 done
Generation complete.
Setting up libcc1-0:arm64 (14.2.0-4ubuntu2~24.04.1) ...
Setting up liblsan0:arm64 (14.2.0-4ubuntu2~24.04.1) ...
Selecting previously unselected package build-essential.
Setting up python3-wheel (0.42.0-2) ...
Preparing to unpack .../47-build-essential_12.10ubuntu1_arm64.deb ...
Setting up libitm1:arm64 (14.2.0-4ubuntu2~24.04.1) ...
Unpacking build-essential (12.10ubuntu1) ...
Selecting previously unselected package gcc-13-base:arm64.
Preparing to unpack .../16-gcc-13-base_13.3.0-6ubuntu2~24.04.1_arm64.deb ...
Unpacking gcc-13-base:arm64 (13.3.0-6ubuntu2~24.04.1) ...
Setting up libjs-underscore (1.13.4~dfsg+~1.11.4-3) ...
Selecting previously unselected package runc.
Preparing to unpack .../48-runc_1.3.4-0ubuntu1~24.04.1_arm64.deb ...
Unpacking runc (1.3.4-0ubuntu1~24.04.1) ...
Setting up libalgorithm-merge-perl (0.08-5) ...
Selecting previously unselected package libisl23:arm64.
Preparing to unpack .../17-libisl23_0.26-3build1.1_arm64.deb ...
Setting up libctf0:arm64 (2.42-4ubuntu2.10) ...
Setting up libjpeg8:arm64 (8c-2ubuntu11) ...
Unpacking libisl23:arm64 (0.26-3build1.1) ...
Setting up ubuntu-fan (0.12.16+24.04.1) ...
Selecting previously unselected package libmpc3:arm64.
Preparing to unpack .../18-libmpc3_1.3.1-1build1.1_arm64.deb ...
Unpacking libmpc3:arm64 (1.3.1-1build1.1) ...
Selecting previously unselected package cpp-13-aarch64-linux-gnu.
Preparing to unpack .../19-cpp-13-aarch64-linux-gnu_13.3.0-6ubuntu2~24.04.1_arm64.deb ...
Unpacking cpp-13-aarch64-linux-gnu (13.3.0-6ubuntu2~24.04.1) ...
Selecting previously unselected package containerd.
Created symlink /etc/systemd/system/multi-user.target.wants/ubuntu-fan.service → /usr/lib/systemd/system/ubuntu-fan.service.
Preparing to unpack .../49-containerd_2.2.1-0ubuntu1~24.04.3_arm64.deb ...
Unpacking containerd (2.2.1-0ubuntu1~24.04.3) ...
Generating locales (this might take a while)...
  en_US.UTF-8...Setting up libjbig0:arm64 (2.1-6.1ubuntu2) ...
Selecting previously unselected package dns-root-data.
Preparing to unpack .../50-dns-root-data_2024071801~ubuntu0.24.04.1_all.deb ...
Unpacking dns-root-data (2024071801~ubuntu0.24.04.1) ...
Selecting previously unselected package dnsmasq-base.
Preparing to unpack .../51-dnsmasq-base_2.90-2ubuntu0.4_arm64.deb ...
Unpacking dnsmasq-base (2.90-2ubuntu0.4) ...
Get:56 http://us-east-1.ec2.ports.ubuntu.com/ubuntu-ports noble/main arm64 libfakeroot arm64 1.33-1 [32.5 kB]
Get:57 http://us-east-1.ec2.ports.ubuntu.com/ubuntu-ports noble/main arm64 fakeroot arm64 1.33-1 [66.9 kB]
Get:58 http://us-east-1.ec2.ports.ubuntu.com/ubuntu-ports noble/main arm64 fonts-dejavu-mono all 2.37-8 [502 kB]
Get:59 http://us-east-1.ec2.ports.ubuntu.com/ubuntu-ports noble/main arm64 fonts-dejavu-core all 2.37-8 [835 kB]
Get:60 http://us-east-1.ec2.ports.ubuntu.com/ubuntu-ports noble/main arm64 fontconfig-config arm64 2.15.0-1.1ubuntu2 [37.4 kB]
Get:61 http://us-east-1.ec2.ports.ubuntu.com/ubuntu-ports noble/main arm64 javascript-common all 11+nmu1 [5936 B]
Get:62 http://us-east-1.ec2.ports.ubuntu.com/ubuntu-ports noble/main arm64 libalgorithm-diff-perl all 1.201-1 [41.8 kB]
Get:63 http://us-east-1.ec2.ports.ubuntu.com/ubuntu-ports noble/main arm64 libalgorithm-diff-xs-perl arm64 0.04-8build3 [10.9 kB]
Get:64 http://us-east-1.ec2.ports.ubuntu.com/ubuntu-ports noble/main arm64 libalgorithm-merge-perl all 0.08-5 [11.4 kB]
Get:65 http://us-east-1.ec2.ports.ubuntu.com/ubuntu-ports noble-updates/main arm64 libaom3 arm64 3.8.2-2ubuntu0.1 [1617 kB]
Selecting previously unselected package cpp-13.
Selecting previously unselected package docker.io.
Get:23 http://us-east-1.ec2.ports.ubuntu.com/ubuntu-ports noble-updates/main arm64 cpp-13 arm64 13.3.0-6ubuntu2~24.04.1 [1038 B]
Get:24 http://us-east-1.ec2.ports.ubuntu.com/ubuntu-ports noble/main arm64 cpp-aarch64-linux-gnu arm64 4:13.2.0-7ubuntu1 [5316 B]
Get:25 http://us-east-1.ec2.ports.ubuntu.com/ubuntu-ports noble/main arm64 cpp arm64 4:13.2.0-7ubuntu1 [22.4 kB]
Get:26 http://us-east-1.ec2.ports.ubuntu.com/ubuntu-ports noble-updates/main arm64 libcc1-0 arm64 14.2.0-4ubuntu2~24.04.1 [49.7 kB]
Get:27 http://us-east-1.ec2.ports.ubuntu.com/ubuntu-ports noble-updates/main arm64 libgomp1 arm64 14.2.0-4ubuntu2~24.04.1 [145 kB]
Preparing to unpack .../52-docker.io_29.1.3-0ubuntu3~24.04.2_arm64.deb ...
Unpacking docker.io (29.1.3-0ubuntu3~24.04.2) ...
Get:28 http://us-east-1.ec2.ports.ubuntu.com/ubuntu-ports noble-updates/main arm64 libitm1 arm64 14.2.0-4ubuntu2~24.04.1 [28.2 kB]
Get:29 http://us-east-1.ec2.ports.ubuntu.com/ubuntu-ports noble-updates/main arm64 libatomic1 arm64 14.2.0-4ubuntu2~24.04.1 [11.6 kB]
Get:30 http://us-east-1.ec2.ports.ubuntu.com/ubuntu-ports noble-updates/main arm64 libasan8 arm64 14.2.0-4ubuntu2~24.04.1 [2928 kB]
Preparing to unpack .../20-cpp-13_13.3.0-6ubuntu2~24.04.1_arm64.deb ...
Unpacking cpp-13 (13.3.0-6ubuntu2~24.04.1) ...
Selecting previously unselected package cpp-aarch64-linux-gnu.
Preparing to unpack .../21-cpp-aarch64-linux-gnu_4%3a13.2.0-7ubuntu1_arm64.deb ...
Unpacking cpp-aarch64-linux-gnu (4:13.2.0-7ubuntu1) ...
Get:66 http://us-east-1.ec2.ports.ubuntu.com/ubuntu-ports noble/main arm64 libfontconfig1 arm64 2.15.0-1.1ubuntu2 [142 kB]
Get:67 http://us-east-1.ec2.ports.ubuntu.com/ubuntu-ports noble/main arm64 libsharpyuv0 arm64 1.3.2-0.4build3 [14.5 kB]
Get:68 http://us-east-1.ec2.ports.ubuntu.com/ubuntu-ports noble-updates/main arm64 libheif-plugin-aomdec arm64 1.17.6-1ubuntu4.6 [11.1 kB]
Get:69 http://us-east-1.ec2.ports.ubuntu.com/ubuntu-ports noble-updates/main arm64 libheif1 arm64 1.17.6-1ubuntu4.6 [260 kB]
Get:70 http://us-east-1.ec2.ports.ubuntu.com/ubuntu-ports noble/main arm64 libjpeg-turbo8 arm64 2.1.5-2ubuntu2 [163 kB]
Get:71 http://us-east-1.ec2.ports.ubuntu.com/ubuntu-ports noble/main arm64 libjpeg8 arm64 8c-2ubuntu11 [2148 B]
Get:72 http://us-east-1.ec2.ports.ubuntu.com/ubuntu-ports noble-updates/main arm64 libdeflate0 arm64 1.19-1build1.1 [43.5 kB]
Get:73 http://us-east-1.ec2.ports.ubuntu.com/ubuntu-ports noble/main arm64 libjbig0 arm64 2.1-6.1ubuntu2 [29.3 kB]
Get:74 http://us-east-1.ec2.ports.ubuntu.com/ubuntu-ports noble/main arm64 liblerc4 arm64 4.0.0+ds-4ubuntu2 [154 kB]
Get:75 http://us-east-1.ec2.ports.ubuntu.com/ubuntu-ports noble/main arm64 libwebp7 arm64 1.3.2-0.4build3 [191 kB]
Get:76 http://us-east-1.ec2.ports.ubuntu.com/ubuntu-ports noble-updates/main arm64 libtiff6 arm64 4.5.1+git230720-4ubuntu2.5 [192 kB]
Get:77 http://us-east-1.ec2.ports.ubuntu.com/ubuntu-ports noble-updates/main arm64 libxpm4 arm64 1:3.5.17-1ubuntu0.24.04.1 [35.3 kB]
Get:78 http://us-east-1.ec2.ports.ubuntu.com/ubuntu-ports noble/main arm64 libgd3 arm64 2.3.3-9ubuntu5 [122 kB]
Get:79 http://us-east-1.ec2.ports.ubuntu.com/ubuntu-ports noble-updates/main arm64 libc-devtools arm64 2.39-0ubuntu8.8 [27.8 kB]
Get:80 http://us-east-1.ec2.ports.ubuntu.com/ubuntu-ports noble-updates/main arm64 libexpat1-dev arm64 2.6.1-2ubuntu0.4 [128 kB]
Get:81 http://us-east-1.ec2.ports.ubuntu.com/ubuntu-ports noble/main arm64 libfile-fcntllock-perl arm64 0.22-4ubuntu5 [30.6 kB]
Get:82 http://us-east-1.ec2.ports.ubuntu.com/ubuntu-ports noble-updates/main arm64 libheif-plugin-aomenc arm64 1.17.6-1ubuntu4.6 [13.7 kB]
Get:83 http://us-east-1.ec2.ports.ubuntu.com/ubuntu-ports noble/main arm64 libjs-jquery all 3.6.1+dfsg+~3.5.14-1 [328 kB]
Get:84 http://us-east-1.ec2.ports.ubuntu.com/ubuntu-ports noble/main arm64 libjs-underscore all 1.13.4~dfsg+~1.11.4-3 [118 kB]
Get:85 http://us-east-1.ec2.ports.ubuntu.com/ubuntu-ports noble/main arm64 libjs-sphinxdoc all 7.2.6-6 [149 kB]
Get:86 http://us-east-1.ec2.ports.ubuntu.com/ubuntu-ports noble-updates/main arm64 zlib1g-dev arm64 1:1.3.dfsg-3.1ubuntu2.1 [894 kB]
Get:87 http://us-east-1.ec2.ports.ubuntu.com/ubuntu-ports noble-updates/main arm64 libpython3.12-dev arm64 3.12.3-1ubuntu0.15 [5538 kB]
Selecting previously unselected package cpp.
Preparing to unpack .../22-cpp_4%3a13.2.0-7ubuntu1_arm64.deb ...
Unpacking cpp (4:13.2.0-7ubuntu1) ...
Setting up libsframe1:arm64 (2.42-4ubuntu2.10) ...
Setting up libfakeroot:arm64 (1.33-1) ...
Setting up cpp-13-aarch64-linux-gnu (13.3.0-6ubuntu2~24.04.1) ...
Selecting previously unselected package libcc1-0:arm64.
Setting up fontconfig-config (2.15.0-1.1ubuntu2) ...
Setting up runc (1.3.4-0ubuntu1~24.04.1) ...
Preparing to unpack .../23-libcc1-0_14.2.0-4ubuntu2~24.04.1_arm64.deb ...
Unpacking libcc1-0:arm64 (14.2.0-4ubuntu2~24.04.1) ...
Setting up dns-root-data (2024071801~ubuntu0.24.04.1) ...
Setting up fakeroot (1.33-1) ...
Get:88 http://us-east-1.ec2.ports.ubuntu.com/ubuntu-ports noble-updates/main arm64 libpython3-dev arm64 3.12.3-0ubuntu2.1 [10.4 kB]
Get:89 http://us-east-1.ec2.ports.ubuntu.com/ubuntu-ports noble-updates/main arm64 linux-tools-common all 6.8.0-136.136 [416 kB]
Selecting previously unselected package libgomp1:arm64.
Get:90 http://us-east-1.ec2.ports.ubuntu.com/ubuntu-ports noble/main arm64 manpages-dev all 6.7-2 [2013 kB]
Preparing to unpack .../24-libgomp1_14.2.0-4ubuntu2~24.04.1_arm64.deb ...
Get:31 http://us-east-1.ec2.ports.ubuntu.com/ubuntu-ports noble-updates/main arm64 liblsan0 arm64 14.2.0-4ubuntu2~24.04.1 [1289 kB]
Unpacking libgomp1:arm64 (14.2.0-4ubuntu2~24.04.1) ...
update-alternatives: using /usr/bin/fakeroot-sysv to provide /usr/bin/fakeroot (fakeroot) in auto mode
Get:91 http://us-east-1.ec2.ports.ubuntu.com/ubuntu-ports noble-updates/main arm64 python3.12-dev arm64 3.12.3-1ubuntu0.15 [498 kB]
Get:92 http://us-east-1.ec2.ports.ubuntu.com/ubuntu-ports noble-updates/main arm64 python3-dev arm64 3.12.3-0ubuntu2.1 [26.7 kB]
Get:93 http://us-east-1.ec2.ports.ubuntu.com/ubuntu-ports noble/universe arm64 python3-wheel all 0.42.0-2 [53.1 kB]
Get:94 http://us-east-1.ec2.ports.ubuntu.com/ubuntu-ports noble-updates/universe arm64 python3-pip all 24.0+dfsg-1ubuntu1.3 [1320 kB]
Setting up rpcsvc-proto (1.4.2-0ubuntu7) ...
Selecting previously unselected package libitm1:arm64.
Get:95 http://us-east-1.ec2.ports.ubuntu.com/ubuntu-ports noble-updates/universe arm64 ubuntu-fan all 0.12.16+24.04.1 [34.2 kB]
Preparing to unpack .../25-libitm1_14.2.0-4ubuntu2~24.04.1_arm64.deb ...
Setting up gcc-13-base:arm64 (13.3.0-6ubuntu2~24.04.1) ...
Unpacking libitm1:arm64 (14.2.0-4ubuntu2~24.04.1) ...
Setting up make (4.3-4.1build2) ...
Get:32 http://us-east-1.ec2.ports.ubuntu.com/ubuntu-ports noble-updates/main arm64 libtsan2 arm64 14.2.0-4ubuntu2~24.04.1 [2697 kB]
Setting up fonts-dejavu-mono (2.37-8) ...
Selecting previously unselected package libatomic1:arm64.
Preparing to unpack .../26-libatomic1_14.2.0-4ubuntu2~24.04.1_arm64.deb ...
Unpacking libatomic1:arm64 (14.2.0-4ubuntu2~24.04.1) ...
Setting up docker.io (29.1.3-0ubuntu3~24.04.2) ...
Setting up libmpc3:arm64 (1.3.1-1build1.1) ...
Setting up libatomic1:arm64 (14.2.0-4ubuntu2~24.04.1) ...
Selecting previously unselected package libasan8:arm64.
Setting up fonts-dejavu-core (2.37-8) ...
Preparing to unpack .../27-libasan8_14.2.0-4ubuntu2~24.04.1_arm64.deb ...
Selecting previously unselected package dns-root-data.
Unpacking libasan8:arm64 (14.2.0-4ubuntu2~24.04.1) ...
Preparing to unpack .../50-dns-root-data_2024071801~ubuntu0.24.04.1_all.deb ...
Unpacking dns-root-data (2024071801~ubuntu0.24.04.1) ...
Selecting previously unselected package dnsmasq-base.
Preparing to unpack .../51-dnsmasq-base_2.90-2ubuntu0.4_arm64.deb ...
Unpacking dnsmasq-base (2.90-2ubuntu0.4) ...
info: Selecting GID from range 100 to 999 ...
info: Adding group `docker' (GID 112) ...
Setting up python3-pip (24.0+dfsg-1ubuntu1.3) ...
Selecting previously unselected package docker.io.
Preparing to unpack .../52-docker.io_29.1.3-0ubuntu3~24.04.2_arm64.deb ...
Unpacking docker.io (29.1.3-0ubuntu3~24.04.2) ...
Get:33 http://us-east-1.ec2.ports.ubuntu.com/ubuntu-ports noble-updates/main arm64 libubsan1 arm64 14.2.0-4ubuntu2~24.04.1 [1157 kB]
[22:09:13] [agentgateway] fetched 5 file(s) in 1s
[22:09:13] [agentgateway] qualify: performed by the engine (published as rig.box_qualify in the snapshot)
[22:09:13] [agentgateway] running agentgateway (latency + RPS + memory) - detached on box; pulling each suite as it completes
Selecting previously unselected package liblsan0:arm64.
Preparing to unpack .../28-liblsan0_14.2.0-4ubuntu2~24.04.1_arm64.deb ...
Get:34 http://us-east-1.ec2.ports.ubuntu.com/ubuntu-ports noble-updates/main arm64 libhwasan0 arm64 14.2.0-4ubuntu2~24.04.1 [1605 kB]
Unpacking liblsan0:arm64 (14.2.0-4ubuntu2~24.04.1) ...
Created symlink /etc/systemd/system/multi-user.target.wants/docker.service → /usr/lib/systemd/system/docker.service.
Selecting previously unselected package libtsan2:arm64.
Preparing to unpack .../29-libtsan2_14.2.0-4ubuntu2~24.04.1_arm64.deb ...
Unpacking libtsan2:arm64 (14.2.0-4ubuntu2~24.04.1) ...
Get:35 http://us-east-1.ec2.ports.ubuntu.com/ubuntu-ports noble-updates/main arm64 libgcc-13-dev arm64 13.3.0-6ubuntu2~24.04.1 [2473 kB]
Created symlink /etc/systemd/system/sockets.target.wants/docker.socket → /usr/lib/systemd/system/docker.socket.
Selecting previously unselected package libfakeroot:arm64.
Preparing to unpack .../53-libfakeroot_1.33-1_arm64.deb ...
Unpacking libfakeroot:arm64 (1.33-1) ...
Processing triggers for dbus (1.14.10-4ubuntu4.1) ...
Processing triggers for sgml-base (1.31) ...
Selecting previously unselected package fakeroot.
Preparing to unpack .../54-fakeroot_1.33-1_arm64.deb ...
Unpacking fakeroot (1.33-1) ...
Setting up libfontconfig1:arm64 (2.15.0-1.1ubuntu2) ...
Setting up libgd3:arm64 (2.3.3-9ubuntu5) ...
Selecting previously unselected package fonts-dejavu-mono.
Selecting previously unselected package libubsan1:arm64.
Preparing to unpack .../55-fonts-dejavu-mono_2.37-8_all.deb ...
Setting up libc-devtools (2.39-0ubuntu8.8) ...
Unpacking fonts-dejavu-mono (2.37-8) ...
Preparing to unpack .../30-libubsan1_14.2.0-4ubuntu2~24.04.1_arm64.deb ...
Unpacking libubsan1:arm64 (14.2.0-4ubuntu2~24.04.1) ...
Processing triggers for libc-bin (2.39-0ubuntu8.8) ...
Get:36 http://us-east-1.ec2.ports.ubuntu.com/ubuntu-ports noble-updates/main arm64 gcc-13-aarch64-linux-gnu arm64 13.3.0-6ubuntu2~24.04.1 [18.7 MB]
Selecting previously unselected package fonts-dejavu-core.
Preparing to unpack .../56-fonts-dejavu-core_2.37-8_all.deb ...
Unpacking fonts-dejavu-core (2.37-8) ...
Selecting previously unselected package libhwasan0:arm64.
Preparing to unpack .../31-libhwasan0_14.2.0-4ubuntu2~24.04.1_arm64.deb ...
Unpacking libhwasan0:arm64 (14.2.0-4ubuntu2~24.04.1) ...
Selecting previously unselected package fontconfig-config.
Preparing to unpack .../57-fontconfig-config_2.15.0-1.1ubuntu2_arm64.deb ...
Selecting previously unselected package libgcc-13-dev:arm64.
Preparing to unpack .../32-libgcc-13-dev_13.3.0-6ubuntu2~24.04.1_arm64.deb ...
Unpacking libgcc-13-dev:arm64 (13.3.0-6ubuntu2~24.04.1) ...
Preconfiguring packages ...
Selecting previously unselected package gcc-13-aarch64-linux-gnu.
Unpacking fontconfig-config (2.15.0-1.1ubuntu2) ...
Preparing to unpack .../33-gcc-13-aarch64-linux-gnu_13.3.0-6ubuntu2~24.04.1_arm64.deb ...
Unpacking gcc-13-aarch64-linux-gnu (13.3.0-6ubuntu2~24.04.1) ...
Selecting previously unselected package javascript-common.
Preparing to unpack .../58-javascript-common_11+nmu1_all.deb ...
Unpacking javascript-common (11+nmu1) ...
Fetched 155 MB in 5s (32.8 MB/s)
Selecting previously unselected package libalgorithm-diff-perl.
Preparing to unpack .../59-libalgorithm-diff-perl_1.201-1_all.deb ...
Unpacking libalgorithm-diff-perl (1.201-1) ...
Selecting previously unselected package libalgorithm-diff-xs-perl:arm64.
Preparing to unpack .../60-libalgorithm-diff-xs-perl_0.04-8build3_arm64.deb ...
Unpacking libalgorithm-diff-xs-perl:arm64 (0.04-8build3) ...
(Reading database ... (Reading database ... 5%(Reading database ... 10%(Reading database ... 15%(Reading database ... 20%(Reading database ... 25%(Reading database ... 30%(Reading database ... 35%(Reading database ... 40%(Reading database ... 45%(Reading database ... 50%(Reading database ... 55%Selecting previously unselected package libalgorithm-merge-perl.
Preparing to unpack .../61-libalgorithm-merge-perl_0.08-5_all.deb ...
Unpacking libalgorithm-merge-perl (0.08-5) ...
 done
Generation complete.
Setting up cpp-aarch64-linux-gnu (4:13.2.0-7ubuntu1) ...
Setting up libgprofng0:arm64 (2.42-4ubuntu2.10) ...
Setting up python3-wheel (0.42.0-2) ...
Selecting previously unselected package libaom3:arm64.
Preparing to unpack .../62-libaom3_3.8.2-2ubuntu0.1_arm64.deb ...
Unpacking libaom3:arm64 (3.8.2-2ubuntu0.1) ...
Selecting previously unselected package libfontconfig1:arm64.
Preparing to unpack .../63-libfontconfig1_2.15.0-1.1ubuntu2_arm64.deb ...
Unpacking libfontconfig1:arm64 (2.15.0-1.1ubuntu2) ...
Setting up libjs-sphinxdoc (7.2.6-6) ...
Setting up libgcc-13-dev:arm64 (13.3.0-6ubuntu2~24.04.1) ...
Setting up libtiff6:arm64 (4.5.1+git230720-4ubuntu2.5) ...
Setting up libc6-dev:arm64 (2.39-0ubuntu8.8) ...
Selecting previously unselected package libsharpyuv0:arm64.
Preparing to unpack .../64-libsharpyuv0_1.3.2-0.4build3_arm64.deb ...
Unpacking libsharpyuv0:arm64 (1.3.2-0.4build3) ...
Setting up libstdc++-13-dev:arm64 (13.3.0-6ubuntu2~24.04.1) ...
Setting up cpp-13 (13.3.0-6ubuntu2~24.04.1) ...
Selecting previously unselected package libheif-plugin-aomdec:arm64.
(Reading database ... 60%Preparing to unpack .../65-libheif-plugin-aomdec_1.17.6-1ubuntu4.6_arm64.deb ...
Unpacking libheif-plugin-aomdec:arm64 (1.17.6-1ubuntu4.6) ...
Setting up binutils-aarch64-linux-gnu (2.42-4ubuntu2.10) ...
Setting up binutils (2.42-4ubuntu2.10) ...
Selecting previously unselected package libheif1:arm64.
Preparing to unpack .../66-libheif1_1.17.6-1ubuntu4.6_arm64.deb ...
Setting up gcc-13-aarch64-linux-gnu (13.3.0-6ubuntu2~24.04.1) ...
Setting up libjbig0:arm64 (2.1-6.1ubuntu2) ...
Unpacking libheif1:arm64 (1.17.6-1ubuntu4.6) ...
(Reading database ... 65%Setting up dpkg-dev (1.22.6ubuntu6.6) ...
Setting up libsframe1:arm64 (2.42-4ubuntu2.10) ...
Selecting previously unselected package libjpeg-turbo8:arm64.
Selecting previously unselected package gcc-13.
Preparing to unpack .../67-libjpeg-turbo8_2.1.5-2ubuntu2_arm64.deb ...
Preparing to unpack .../34-gcc-13_13.3.0-6ubuntu2~24.04.1_arm64.deb ...
Unpacking libjpeg-turbo8:arm64 (2.1.5-2ubuntu2) ...
Unpacking gcc-13 (13.3.0-6ubuntu2~24.04.1) ...
Setting up libexpat1-dev:arm64 (2.6.1-2ubuntu0.4) ...
Setting up libfakeroot:arm64 (1.33-1) ...
Setting up gcc-13 (13.3.0-6ubuntu2~24.04.1) ...
Selecting previously unselected package libjpeg8:arm64.
Setting up runc (1.3.4-0ubuntu1~24.04.1) ...
Preparing to unpack .../68-libjpeg8_8c-2ubuntu11_arm64.deb ...
Unpacking libjpeg8:arm64 (8c-2ubuntu11) ...
(Reading database ... 70%Selecting previously unselected package gcc-aarch64-linux-gnu.
Setting up dns-root-data (2024071801~ubuntu0.24.04.1) ...
Preparing to unpack .../35-gcc-aarch64-linux-gnu_4%3a13.2.0-7ubuntu1_arm64.deb ...
Unpacking gcc-aarch64-linux-gnu (4:13.2.0-7ubuntu1) ...
Setting up zlib1g-dev:arm64 (1:1.3.dfsg-3.1ubuntu2.1) ...
Selecting previously unselected package libdeflate0:arm64.
Setting up fakeroot (1.33-1) ...
Preparing to unpack .../69-libdeflate0_1.19-1build1.1_arm64.deb ...
Unpacking libdeflate0:arm64 (1.19-1build1.1) ...
Setting up cpp (4:13.2.0-7ubuntu1) ...
Selecting previously unselected package libjbig0:arm64.
update-alternatives: using /usr/bin/fakeroot-sysv to provide /usr/bin/fakeroot (fakeroot) in auto mode
Selecting previously unselected package gcc.
Setting up g++-13-aarch64-linux-gnu (13.3.0-6ubuntu2~24.04.1) ...
Preparing to unpack .../70-libjbig0_2.1-6.1ubuntu2_arm64.deb ...
Unpacking libjbig0:arm64 (2.1-6.1ubuntu2) ...
Preparing to unpack .../36-gcc_4%3a13.2.0-7ubuntu1_arm64.deb ...
Unpacking gcc (4:13.2.0-7ubuntu1) ...
Setting up rpcsvc-proto (1.4.2-0ubuntu7) ...
Fetched 37.7 MB in 4s (10.0 MB/s)
Reading package lists...
Running kernel seems to be up-to-date.

Restarting services...
Setting up gcc-aarch64-linux-gnu (4:13.2.0-7ubuntu1) ...
(Reading database ... 75%Setting up gcc-13-base:arm64 (13.3.0-6ubuntu2~24.04.1) ...
Selecting previously unselected package liblerc4:arm64.
Preparing to unpack .../71-liblerc4_4.0.0+ds-4ubuntu2_arm64.deb ...
Unpacking liblerc4:arm64 (4.0.0+ds-4ubuntu2) ...
Setting up g++-13 (13.3.0-6ubuntu2~24.04.1) ...
Setting up make (4.3-4.1build2) ...
Selecting previously unselected package libstdc++-13-dev:arm64.
Preparing to unpack .../37-libstdc++-13-dev_13.3.0-6ubuntu2~24.04.1_arm64.deb ...
Unpacking libstdc++-13-dev:arm64 (13.3.0-6ubuntu2~24.04.1) ...
Setting up libpython3.12-dev:arm64 (3.12.3-1ubuntu0.15) ...
Setting up fonts-dejavu-mono (2.37-8) ...
Selecting previously unselected package libwebp7:arm64.
Setting up gcc (4:13.2.0-7ubuntu1) ...
Preparing to unpack .../72-libwebp7_1.3.2-0.4build3_arm64.deb ...
Unpacking libwebp7:arm64 (1.3.2-0.4build3) ...
(Reading database ... 80%Setting up libmpc3:arm64 (1.3.1-1build1.1) ...
Selecting previously unselected package libtiff6:arm64.
Setting up python3.12-dev (3.12.3-1ubuntu0.15) ...
Preparing to unpack .../73-libtiff6_4.5.1+git230720-4ubuntu2.5_arm64.deb ...
Unpacking libtiff6:arm64 (4.5.1+git230720-4ubuntu2.5) ...
Setting up libatomic1:arm64 (14.2.0-4ubuntu2~24.04.1) ...
Setting up g++-aarch64-linux-gnu (4:13.2.0-7ubuntu1) ...
Setting up fonts-dejavu-core (2.37-8) ...
(Reading database ... 85%Selecting previously unselected package libxpm4:arm64.
Setting up libpython3-dev:arm64 (3.12.3-0ubuntu2.1) ...
Preparing to unpack .../74-libxpm4_1%3a3.5.17-1ubuntu0.24.04.1_arm64.deb ...
Unpacking libxpm4:arm64 (1:3.5.17-1ubuntu0.24.04.1) ...
 systemctl restart acpid.service chrony.service cron.service irqbalance.service multipathd.service packagekit.service polkit.service rsyslog.service ssh.service systemd-journald.service systemd-networkd.service systemd-resolved.service systemd-udevd.service udisks2.service
Setting up python3-dev (3.12.3-0ubuntu2.1) ...
Selecting previously unselected package libgd3:arm64.
Setting up g++ (4:13.2.0-7ubuntu1) ...
(Reading database ... 90%Preparing to unpack .../75-libgd3_2.3.3-9ubuntu5_arm64.deb ...
Unpacking libgd3:arm64 (2.3.3-9ubuntu5) ...
Setting up libjpeg-turbo8:arm64 (2.1.5-2ubuntu2) ...
update-alternatives: using /usr/bin/g++ to provide /usr/bin/c++ (c++) in auto mode
Setting up bridge-utils (1.7.1-1ubuntu2) ...
Setting up python3-pip (24.0+dfsg-1ubuntu1.3) ...
Setting up build-essential (12.10ubuntu1) ...
Setting up libheif-plugin-aomdec:arm64 (1.17.6-1ubuntu4.6) ...
Selecting previously unselected package libc-devtools.
Preparing to unpack .../76-libc-devtools_2.39-0ubuntu8.8_arm64.deb ...
Unpacking libc-devtools (2.39-0ubuntu8.8) ...
Setting up libheif1:arm64 (1.17.6-1ubuntu4.6) ...
(Reading database ... 95%Selecting previously unselected package libexpat1-dev:arm64.
Preparing to unpack .../77-libexpat1-dev_2.6.1-2ubuntu0.4_arm64.deb ...
Unpacking libexpat1-dev:arm64 (2.6.1-2ubuntu0.4) ...
Setting up libheif-plugin-aomenc:arm64 (1.17.6-1ubuntu4.6) ...
Selecting previously unselected package g++-13-aarch64-linux-gnu.
Selecting previously unselected package libfile-fcntllock-perl.
Preparing to unpack .../78-libfile-fcntllock-perl_0.22-4ubuntu5_arm64.deb ...
Unpacking libfile-fcntllock-perl (0.22-4ubuntu5) ...
Selecting previously unselected package libheif-plugin-aomenc:arm64.
Preparing to unpack .../79-libheif-plugin-aomenc_1.17.6-1ubuntu4.6_arm64.deb ...
Unpacking libheif-plugin-aomenc:arm64 (1.17.6-1ubuntu4.6) ...
Processing triggers for libc-bin (2.39-0ubuntu8.8) ...
Processing triggers for man-db (2.12.0-4build2) ...
(Reading database ... 100%(Reading database ... 74109 files and directories currently installed.)
Preparing to unpack .../libc6_2.39-0ubuntu8.8_arm64.deb ...
Setting up libdpkg-perl (1.22.6ubuntu6.6) ...
Setting up libwebp7:arm64 (1.3.2-0.4build3) ...
Preparing to unpack .../38-g++-13-aarch64-linux-gnu_13.3.0-6ubuntu2~24.04.1_arm64.deb ...
Unpacking g++-13-aarch64-linux-gnu (13.3.0-6ubuntu2~24.04.1) ...
Setting up libubsan1:arm64 (14.2.0-4ubuntu2~24.04.1) ...
Selecting previously unselected package libjs-jquery.
Setting up libhwasan0:arm64 (14.2.0-4ubuntu2~24.04.1) ...
Preparing to unpack .../80-libjs-jquery_3.6.1+dfsg+~3.5.14-1_all.deb ...
Unpacking libjs-jquery (3.6.1+dfsg+~3.5.14-1) ...
Setting up pigz (2.8-1) ...
Setting up libcrypt-dev:arm64 (1:4.4.36-4build1) ...
Selecting previously unselected package libjs-underscore.
Preparing to unpack .../81-libjs-underscore_1.13.4~dfsg+~1.11.4-3_all.deb ...
Selecting previously unselected package libfakeroot:arm64.
Unpacking libjs-underscore (1.13.4~dfsg+~1.11.4-3) ...
Unpacking libc6:arm64 (2.39-0ubuntu8.8) over (2.39-0ubuntu8.7) ...
Preparing to unpack .../53-libfakeroot_1.33-1_arm64.deb ...
Setting up libasan8:arm64 (14.2.0-4ubuntu2~24.04.1) ...
Unpacking libfakeroot:arm64 (1.33-1) ...
Setting up libtsan2:arm64 (14.2.0-4ubuntu2~24.04.1) ...
Selecting previously unselected package libjs-sphinxdoc.
Preparing to unpack .../82-libjs-sphinxdoc_7.2.6-6_all.deb ...
Setting up libjs-jquery (3.6.1+dfsg+~3.5.14-1) ...
Unpacking libjs-sphinxdoc (7.2.6-6) ...
Selecting previously unselected package fakeroot.
Preparing to unpack .../54-fakeroot_1.33-1_arm64.deb ...
Unpacking fakeroot (1.33-1) ...
Setting up libbinutils:arm64 (2.42-4ubuntu2.10) ...
Selecting previously unselected package zlib1g-dev:arm64.
Preparing to unpack .../83-zlib1g-dev_1%3a1.3.dfsg-3.1ubuntu2.1_arm64.deb ...
Selecting previously unselected package fonts-dejavu-mono.
Setting up libisl23:arm64 (0.26-3build1.1) ...
Unpacking zlib1g-dev:arm64 (1:1.3.dfsg-3.1ubuntu2.1) ...
Preparing to unpack .../55-fonts-dejavu-mono_2.37-8_all.deb ...
Unpacking fonts-dejavu-mono (2.37-8) ...
Get:37 http://us-east-1.ec2.ports.ubuntu.com/ubuntu-ports noble-updates/main arm64 gcc-13 arm64 13.3.0-6ubuntu2~24.04.1 [484 kB]
Setting up libc-dev-bin (2.39-0ubuntu8.8) ...
Get:38 http://us-east-1.ec2.ports.ubuntu.com/ubuntu-ports noble/main arm64 gcc-aarch64-linux-gnu arm64 4:13.2.0-7ubuntu1 [1198 B]
Get:39 http://us-east-1.ec2.ports.ubuntu.com/ubuntu-ports noble/main arm64 gcc arm64 4:13.2.0-7ubuntu1 [5018 B]
Get:40 http://us-east-1.ec2.ports.ubuntu.com/ubuntu-ports noble-updates/main arm64 libstdc++-13-dev arm64 13.3.0-6ubuntu2~24.04.1 [2397 kB]
Setting up containerd (2.2.1-0ubuntu1~24.04.3) ...
Selecting previously unselected package fonts-dejavu-core.
Selecting previously unselected package g++-13.
Preparing to unpack .../39-g++-13_13.3.0-6ubuntu2~24.04.1_arm64.deb ...
Selecting previously unselected package libpython3.12-dev:arm64.
Preparing to unpack .../84-libpython3.12-dev_3.12.3-1ubuntu0.15_arm64.deb ...
Preparing to unpack .../56-fonts-dejavu-core_2.37-8_all.deb ...
Unpacking libpython3.12-dev:arm64 (3.12.3-1ubuntu0.15) ...
Unpacking g++-13 (13.3.0-6ubuntu2~24.04.1) ...
Unpacking fonts-dejavu-core (2.37-8) ...
Selecting previously unselected package g++-aarch64-linux-gnu.
Get:41 http://us-east-1.ec2.ports.ubuntu.com/ubuntu-ports noble-updates/main arm64 g++-13-aarch64-linux-gnu arm64 13.3.0-6ubuntu2~24.04.1 [10.9 MB]
Preparing to unpack .../40-g++-aarch64-linux-gnu_4%3a13.2.0-7ubuntu1_arm64.deb ...
Setting up libc6:arm64 (2.39-0ubuntu8.8) ...
Unpacking g++-aarch64-linux-gnu (4:13.2.0-7ubuntu1) ...
Selecting previously unselected package fontconfig-config.
Preparing to unpack .../57-fontconfig-config_2.15.0-1.1ubuntu2_arm64.deb ...
Selecting previously unselected package g++.

Service restarts being deferred:
 systemctl restart ModemManager.service
 /etc/needrestart/restart.d/dbus.service
 systemctl restart getty@tty1.service
 systemctl restart networkd-dispatcher.service
 systemctl restart serial-getty@ttyS0.service
 systemctl restart systemd-logind.service
 systemctl restart unattended-upgrades.service

No containers need to be restarted.

User sessions running outdated binaries:
 ubuntu @ session #3: sshd[1442,1526]
 ubuntu @ user manager service: systemd[1333]

No VM guests are running outdated hypervisor (qemu) binaries on this host.
Preparing to unpack .../41-g++_4%3a13.2.0-7ubuntu1_arm64.deb ...
Unpacking g++ (4:13.2.0-7ubuntu1) ...
Created symlink /etc/systemd/system/multi-user.target.wants/containerd.service → /usr/lib/systemd/system/containerd.service.
Selecting previously unselected package make.
Preparing to unpack .../42-make_4.3-4.1build2_arm64.deb ...
Unpacking make (4.3-4.1build2) ...
Selecting previously unselected package libdpkg-perl.
Selecting previously unselected package libpython3-dev:arm64.
Preparing to unpack .../43-libdpkg-perl_1.22.6ubuntu6.6_all.deb ...
Preparing to unpack .../85-libpython3-dev_3.12.3-0ubuntu2.1_arm64.deb ...
Unpacking libpython3-dev:arm64 (3.12.3-0ubuntu2.1) ...
Unpacking libdpkg-perl (1.22.6ubuntu6.6) ...
Unpacking fontconfig-config (2.15.0-1.1ubuntu2) ...
Preparing to unpack .../86-linux-tools-common_6.8.0-136.136_all.deb ...
Unpacking linux-tools-common (6.8.0-136.136) over (6.8.0-134.134) ...
Selecting previously unselected package javascript-common.
Selecting previously unselected package bzip2.
Preparing to unpack .../58-javascript-common_11+nmu1_all.deb ...
Preparing to unpack .../44-bzip2_1.0.8-5.1build0.1_arm64.deb ...
Unpacking javascript-common (11+nmu1) ...
Unpacking bzip2 (1.0.8-5.1build0.1) ...
Selecting previously unselected package libalgorithm-diff-perl.
Selecting previously unselected package lto-disabled-list.
Preparing to unpack .../59-libalgorithm-diff-perl_1.201-1_all.deb ...
Unpacking libalgorithm-diff-perl (1.201-1) ...
Preparing to unpack .../45-lto-disabled-list_47_all.deb ...
Selecting previously unselected package manpages-dev.
Unpacking lto-disabled-list (47) ...
Preparing to unpack .../87-manpages-dev_6.7-2_all.deb ...
Unpacking manpages-dev (6.7-2) ...
Selecting previously unselected package libalgorithm-diff-xs-perl:arm64.
Preparing to unpack .../60-libalgorithm-diff-xs-perl_0.04-8build3_arm64.deb ...
Unpacking libalgorithm-diff-xs-perl:arm64 (0.04-8build3) ...
Selecting previously unselected package dpkg-dev.
Selecting previously unselected package libalgorithm-merge-perl.
Preparing to unpack .../61-libalgorithm-merge-perl_0.08-5_all.deb ...
Unpacking libalgorithm-merge-perl (0.08-5) ...
Preparing to unpack .../46-dpkg-dev_1.22.6ubuntu6.6_all.deb ...
Unpacking dpkg-dev (1.22.6ubuntu6.6) ...
Selecting previously unselected package libaom3:arm64.
Preparing to unpack .../62-libaom3_3.8.2-2ubuntu0.1_arm64.deb ...
Unpacking libaom3:arm64 (3.8.2-2ubuntu0.1) ...
(Reading database ... (Reading database ... 5%(Reading database ... 10%(Reading database ... 15%(Reading database ... 20%(Reading database ... 25%(Reading database ... 30%(Reading database ... 35%(Reading database ... 40%(Reading database ... 45%(Reading database ... 50%(Reading database ... 55%Selecting previously unselected package build-essential.
(Reading database ... 60%Preparing to unpack .../47-build-essential_12.10ubuntu1_arm64.deb ...
(Reading database ... 65%Selecting previously unselected package libfontconfig1:arm64.
Unpacking build-essential (12.10ubuntu1) ...
(Reading database ... 70%Preparing to unpack .../63-libfontconfig1_2.15.0-1.1ubuntu2_arm64.deb ...
Unpacking libfontconfig1:arm64 (2.15.0-1.1ubuntu2) ...
Setting up linux-tools-common (6.8.0-136.136) ...
Selecting previously unselected package runc.
Preparing to unpack .../48-runc_1.3.4-0ubuntu1~24.04.1_arm64.deb ...
Selecting previously unselected package libsharpyuv0:arm64.
Unpacking runc (1.3.4-0ubuntu1~24.04.1) ...
Preparing to unpack .../64-libsharpyuv0_1.3.2-0.4build3_arm64.deb ...
Unpacking libsharpyuv0:arm64 (1.3.2-0.4build3) ...
Setting up libalgorithm-diff-xs-perl:arm64 (0.04-8build3) ...
(Reading database ... 75%(Reading database ... 80%(Reading database ... 85%(Reading database ... 90%(Reading database ... 95%(Reading database ... 100%(Reading database ... 74109 files and directories currently installed.)
Preparing to unpack .../libc-bin_2.39-0ubuntu8.8_arm64.deb ...
Unpacking libc-bin (2.39-0ubuntu8.8) over (2.39-0ubuntu8.7) ...
Setting up libcc1-0:arm64 (14.2.0-4ubuntu2~24.04.1) ...
Selecting previously unselected package python3.12-dev.
Selecting previously unselected package libheif-plugin-aomdec:arm64.
Preparing to unpack .../65-libheif-plugin-aomdec_1.17.6-1ubuntu4.6_arm64.deb ...
Preparing to unpack .../88-python3.12-dev_3.12.3-1ubuntu0.15_arm64.deb ...
Unpacking libheif-plugin-aomdec:arm64 (1.17.6-1ubuntu4.6) ...
Setting up liblsan0:arm64 (14.2.0-4ubuntu2~24.04.1) ...
Unpacking python3.12-dev (3.12.3-1ubuntu0.15) ...
Setting up libitm1:arm64 (14.2.0-4ubuntu2~24.04.1) ...
Selecting previously unselected package libheif1:arm64.

Preparing to unpack .../66-libheif1_1.17.6-1ubuntu4.6_arm64.deb ...
Unpacking libheif1:arm64 (1.17.6-1ubuntu4.6) ...
Setting up libjs-underscore (1.13.4~dfsg+~1.11.4-3) ...
Setting up libc-bin (2.39-0ubuntu8.8) ...
Selecting previously unselected package python3-dev.
Setting up libalgorithm-merge-perl (0.08-5) ...
Preparing to unpack .../89-python3-dev_3.12.3-0ubuntu2.1_arm64.deb ...
Reading package lists...Unpacking python3-dev (3.12.3-0ubuntu2.1) ...
Setting up libctf0:arm64 (2.42-4ubuntu2.10) ...

Selecting previously unselected package libjpeg-turbo8:arm64.
Building dependency tree...Preparing to unpack .../67-libjpeg-turbo8_2.1.5-2ubuntu2_arm64.deb ...
Unpacking libjpeg-turbo8:arm64 (2.1.5-2ubuntu2) ...
Setting up libjpeg8:arm64 (8c-2ubuntu11) ...
Setting up ubuntu-fan (0.12.16+24.04.1) ...
Selecting previously unselected package libjpeg8:arm64.
Selecting previously unselected package python3-wheel.
Preparing to unpack .../68-libjpeg8_8c-2ubuntu11_arm64.deb ...
Selecting previously unselected package pigz.
(Reading database ... Unpacking libjpeg8:arm64 (8c-2ubuntu11) ...
Preparing to unpack .../90-python3-wheel_0.42.0-2_all.deb ...
(Reading database ... 5%(Reading database ... 10%(Reading database ... 15%(Reading database ... 20%(Reading database ... 25%(Reading database ... 30%(Reading database ... 35%(Reading database ... 40%(Reading database ... 45%(Reading database ... 50%(Reading database ... 55%Unpacking python3-wheel (0.42.0-2) ...
(Reading database ... 60%(Reading database ... 65%(Reading database ... 70%(Reading database ... 75%(Reading database ... 80%(Reading database ... 85%(Reading database ... 90%(Reading database ... 95%(Reading database ... 100%(Reading database ... 74109 files and directories currently installed.)
Selecting previously unselected package libdeflate0:arm64.
Preparing to unpack .../00-pigz_2.8-1_arm64.deb ...
Preparing to unpack .../69-libdeflate0_1.19-1build1.1_arm64.deb ...
Unpacking libdeflate0:arm64 (1.19-1build1.1) ...
Get:42 http://us-east-1.ec2.ports.ubuntu.com/ubuntu-ports noble-updates/main arm64 g++-13 arm64 13.3.0-6ubuntu2~24.04.1 [16.0 kB]
Get:43 http://us-east-1.ec2.ports.ubuntu.com/ubuntu-ports noble/main arm64 g++-aarch64-linux-gnu arm64 4:13.2.0-7ubuntu1 [962 B]
Get:44 http://us-east-1.ec2.ports.ubuntu.com/ubuntu-ports noble/main arm64 g++ arm64 4:13.2.0-7ubuntu1 [1082 B]
Get:45 http://us-east-1.ec2.ports.ubuntu.com/ubuntu-ports noble/main arm64 make arm64 4.3-4.1build2 [178 kB]
Get:46 http://us-east-1.ec2.ports.ubuntu.com/ubuntu-ports noble-updates/main arm64 libdpkg-perl all 1.22.6ubuntu6.6 [268 kB]
Selecting previously unselected package containerd.
Get:47 http://us-east-1.ec2.ports.ubuntu.com/ubuntu-ports noble-updates/main arm64 bzip2 arm64 1.0.8-5.1build0.1 [34.0 kB]
Preparing to unpack .../49-containerd_2.2.1-0ubuntu1~24.04.3_arm64.deb ...
Get:48 http://us-east-1.ec2.ports.ubuntu.com/ubuntu-ports noble/main arm64 lto-disabled-list all 47 [12.4 kB]
Get:49 http://us-east-1.ec2.ports.ubuntu.com/ubuntu-ports noble-updates/main arm64 dpkg-dev all 1.22.6ubuntu6.6 [1074 kB]
Unpacking containerd (2.2.1-0ubuntu1~24.04.3) ...
Selecting previously unselected package python3-pip.
Preparing to unpack .../91-python3-pip_24.0+dfsg-1ubuntu1.3_all.deb ...
Selecting previously unselected package libjbig0:arm64.
Unpacking python3-pip (24.0+dfsg-1ubuntu1.3) ...
Preparing to unpack .../70-libjbig0_2.1-6.1ubuntu2_arm64.deb ...
Unpacking pigz (2.8-1) ...
Preparing to unpack .../01-locales_2.39-0ubuntu8.8_all.deb ...
Unpacking libjbig0:arm64 (2.1-6.1ubuntu2) ...
Unpacking locales (2.39-0ubuntu8.8) over (2.39-0ubuntu8.7) ...
Get:50 http://us-east-1.ec2.ports.ubuntu.com/ubuntu-ports noble/main arm64 build-essential arm64 12.10ubuntu1 [4932 B]
Get:51 http://us-east-1.ec2.ports.ubuntu.com/ubuntu-ports noble-updates/main arm64 runc arm64 1.3.4-0ubuntu1~24.04.1 [8578 kB]
Selecting previously unselected package liblerc4:arm64.
Preparing to unpack .../71-liblerc4_4.0.0+ds-4ubuntu2_arm64.deb ...
Unpacking liblerc4:arm64 (4.0.0+ds-4ubuntu2) ...
Created symlink /etc/systemd/system/multi-user.target.wants/ubuntu-fan.service → /usr/lib/systemd/system/ubuntu-fan.service.
Selecting previously unselected package libwebp7:arm64.
Preparing to unpack .../72-libwebp7_1.3.2-0.4build3_arm64.deb ...
Unpacking libwebp7:arm64 (1.3.2-0.4build3) ...
Selecting previously unselected package libtiff6:arm64.
Preparing to unpack .../73-libtiff6_4.5.1+git230720-4ubuntu2.5_arm64.deb ...
Unpacking libtiff6:arm64 (4.5.1+git230720-4ubuntu2.5) ...
Selecting previously unselected package ubuntu-fan.
Preparing to unpack .../92-ubuntu-fan_0.12.16+24.04.1_all.deb ...
Unpacking ubuntu-fan (0.12.16+24.04.1) ...
Setting up libjpeg-turbo8:arm64 (2.1.5-2ubuntu2) ...
Setting up bridge-utils (1.7.1-1ubuntu2) ...
Selecting previously unselected package libxpm4:arm64.
Preparing to unpack .../74-libxpm4_1%3a3.5.17-1ubuntu0.24.04.1_arm64.deb ...
Unpacking libxpm4:arm64 (1:3.5.17-1ubuntu0.24.04.1) ...

Reading state information...
Selecting previously unselected package libgd3:arm64.
Preparing to unpack .../75-libgd3_2.3.3-9ubuntu5_arm64.deb ...
Unpacking libgd3:arm64 (2.3.3-9ubuntu5) ...
Selecting previously unselected package libc-devtools.
Selecting previously unselected package binutils-common:arm64.
Preparing to unpack .../02-binutils-common_2.42-4ubuntu2.10_arm64.deb ...
Unpacking binutils-common:arm64 (2.42-4ubuntu2.10) ...
Setting up javascript-common (11+nmu1) ...
Preparing to unpack .../76-libc-devtools_2.39-0ubuntu8.8_arm64.deb ...
Unpacking libc-devtools (2.39-0ubuntu8.8) ...
Setting up libsharpyuv0:arm64 (1.3.2-0.4build3) ...
Selecting previously unselected package libexpat1-dev:arm64.
Selecting previously unselected package libsframe1:arm64.
Preparing to unpack .../77-libexpat1-dev_2.6.1-2ubuntu0.4_arm64.deb ...
Setting up libaom3:arm64 (3.8.2-2ubuntu0.1) ...

Running kernel seems to be up-to-date.

Restarting services...
Unpacking libexpat1-dev:arm64 (2.6.1-2ubuntu0.4) ...
Preparing to unpack .../03-libsframe1_2.42-4ubuntu2.10_arm64.deb ...
Unpacking libsframe1:arm64 (2.42-4ubuntu2.10) ...
Setting up manpages-dev (6.7-2) ...
Setting up lto-disabled-list (47) ...
Setting up libdpkg-perl (1.22.6ubuntu6.6) ...
Setting up libwebp7:arm64 (1.3.2-0.4build3) ...
Selecting previously unselected package libfile-fcntllock-perl.
Preparing to unpack .../78-libfile-fcntllock-perl_0.22-4ubuntu5_arm64.deb ...
Unpacking libfile-fcntllock-perl (0.22-4ubuntu5) ...
Selecting previously unselected package libbinutils:arm64.
Preparing to unpack .../04-libbinutils_2.42-4ubuntu2.10_arm64.deb ...
Setting up liblerc4:arm64 (4.0.0+ds-4ubuntu2) ...
Unpacking libbinutils:arm64 (2.42-4ubuntu2.10) ...
Setting up libubsan1:arm64 (14.2.0-4ubuntu2~24.04.1) ...
Setting up libxpm4:arm64 (1:3.5.17-1ubuntu0.24.04.1) ...
Selecting previously unselected package libheif-plugin-aomenc:arm64.
Setting up libhwasan0:arm64 (14.2.0-4ubuntu2~24.04.1) ...
Preparing to unpack .../79-libheif-plugin-aomenc_1.17.6-1ubuntu4.6_arm64.deb ...
Unpacking libheif-plugin-aomenc:arm64 (1.17.6-1ubuntu4.6) ...
Setting up libfile-fcntllock-perl (0.22-4ubuntu5) ...
Setting up pigz (2.8-1) ...
Setting up libalgorithm-diff-perl (1.201-1) ...
Get:52 http://us-east-1.ec2.ports.ubuntu.com/ubuntu-ports noble-updates/main arm64 containerd arm64 2.2.1-0ubuntu1~24.04.3 [25.2 MB]
Selecting previously unselected package libctf-nobfd0:arm64.
Setting up libcrypt-dev:arm64 (1:4.4.36-4build1) ...
Preparing to unpack .../05-libctf-nobfd0_2.42-4ubuntu2.10_arm64.deb ...
Unpacking libctf-nobfd0:arm64 (2.42-4ubuntu2.10) ...
Selecting previously unselected package libjs-jquery.
Setting up binutils-common:arm64 (2.42-4ubuntu2.10) ...
Preparing to unpack .../80-libjs-jquery_3.6.1+dfsg+~3.5.14-1_all.deb ...
Unpacking libjs-jquery (3.6.1+dfsg+~3.5.14-1) ...
Setting up libasan8:arm64 (14.2.0-4ubuntu2~24.04.1) ...
Setting up cpp-13-aarch64-linux-gnu (13.3.0-6ubuntu2~24.04.1) ...
Setting up libdeflate0:arm64 (1.19-1build1.1) ...
Setting up fontconfig-config (2.15.0-1.1ubuntu2) ...
Setting up libtsan2:arm64 (14.2.0-4ubuntu2~24.04.1) ...
Selecting previously unselected package libctf0:arm64.
 systemctl restart acpid.service chrony.service cron.service irqbalance.service multipathd.service packagekit.service polkit.service rsyslog.service ssh.service systemd-journald.service systemd-networkd.service systemd-resolved.service systemd-udevd.service udisks2.service
Selecting previously unselected package libjs-underscore.
Setting up linux-libc-dev:arm64 (6.8.0-136.136) ...
Preparing to unpack .../06-libctf0_2.42-4ubuntu2.10_arm64.deb ...
Preparing to unpack .../81-libjs-underscore_1.13.4~dfsg+~1.11.4-3_all.deb ...
Unpacking libctf0:arm64 (2.42-4ubuntu2.10) ...
Setting up libjs-jquery (3.6.1+dfsg+~3.5.14-1) ...
Setting up libctf-nobfd0:arm64 (2.42-4ubuntu2.10) ...
Unpacking libjs-underscore (1.13.4~dfsg+~1.11.4-3) ...
Setting up libbinutils:arm64 (2.42-4ubuntu2.10) ...
Setting up dnsmasq-base (2.90-2ubuntu0.4) ...
Selecting previously unselected package libgprofng0:arm64.
Setting up libisl23:arm64 (0.26-3build1.1) ...
Preparing to unpack .../07-libgprofng0_2.42-4ubuntu2.10_arm64.deb ...
Unpacking libgprofng0:arm64 (2.42-4ubuntu2.10) ...
Selecting previously unselected package libjs-sphinxdoc.
Preparing to unpack .../82-libjs-sphinxdoc_7.2.6-6_all.deb ...
Unpacking libjs-sphinxdoc (7.2.6-6) ...
Setting up libc-dev-bin (2.39-0ubuntu8.8) ...
Setting up containerd (2.2.1-0ubuntu1~24.04.3) ...
Selecting previously unselected package zlib1g-dev:arm64.
Preparing to unpack .../83-zlib1g-dev_1%3a1.3.dfsg-3.1ubuntu2.1_arm64.deb ...
Selecting previously unselected package binutils-aarch64-linux-gnu.
Setting up libgomp1:arm64 (14.2.0-4ubuntu2~24.04.1) ...
Unpacking zlib1g-dev:arm64 (1:1.3.dfsg-3.1ubuntu2.1) ...
Preparing to unpack .../08-binutils-aarch64-linux-gnu_2.42-4ubuntu2.10_arm64.deb ...
Unpacking binutils-aarch64-linux-gnu (2.42-4ubuntu2.10) ...
Setting up bzip2 (1.0.8-5.1build0.1) ...
Selecting previously unselected package libpython3.12-dev:arm64.
Setting up locales (2.39-0ubuntu8.8) ...
Preparing to unpack .../84-libpython3.12-dev_3.12.3-1ubuntu0.15_arm64.deb ...
Unpacking libpython3.12-dev:arm64 (3.12.3-1ubuntu0.15) ...
Setting up docker.io (29.1.3-0ubuntu3~24.04.2) ...
Selecting previously unselected package binutils.
Created symlink /etc/systemd/system/multi-user.target.wants/containerd.service → /usr/lib/systemd/system/containerd.service.
Preparing to unpack .../09-binutils_2.42-4ubuntu2.10_arm64.deb ...
Unpacking binutils (2.42-4ubuntu2.10) ...
Selecting previously unselected package bridge-utils.
Preparing to unpack .../10-bridge-utils_1.7.1-1ubuntu2_arm64.deb ...
Unpacking bridge-utils (1.7.1-1ubuntu2) ...
info: Selecting GID from range 100 to 999 ...
info: Adding group `docker' (GID 112) ...
curl is already the newest version (8.5.0-2ubuntu10.11).
curl set to manually installed.
ca-certificates is already the newest version (20260601~24.04.1).
ca-certificates set to manually installed.
jq is already the newest version (1.7.1-3ubuntu0.24.04.2).
jq set to manually installed.
git is already the newest version (1:2.43.0-1ubuntu7.3).
git set to manually installed.
The following additional packages will be installed:
  binutils binutils-aarch64-linux-gnu binutils-common bridge-utils bzip2
  containerd cpp cpp-13 cpp-13-aarch64-linux-gnu cpp-aarch64-linux-gnu
  dns-root-data dnsmasq-base dpkg-dev fakeroot fontconfig-config
  fonts-dejavu-core fonts-dejavu-mono g++ g++-13 g++-13-aarch64-linux-gnu
  g++-aarch64-linux-gnu gcc gcc-13 gcc-13-aarch64-linux-gnu gcc-13-base
  gcc-aarch64-linux-gnu javascript-common libalgorithm-diff-perl
  libalgorithm-diff-xs-perl libalgorithm-merge-perl libaom3 libasan8
  libatomic1 libbinutils libc-bin libc-dev-bin libc-devtools libc6 libc6-dev
  libcc1-0 libcrypt-dev libctf-nobfd0 libctf0 libdeflate0 libdpkg-perl
  libexpat1-dev libfakeroot libfile-fcntllock-perl libfontconfig1
  libgcc-13-dev libgd3 libgomp1 libgprofng0 libheif-plugin-aomdec
  libheif-plugin-aomenc libheif1 libhwasan0 libisl23 libitm1 libjbig0
Selecting previously unselected package libpython3-dev:arm64.
Selecting previously unselected package libc-dev-bin.
Preparing to unpack .../11-libc-dev-bin_2.39-0ubuntu8.8_arm64.deb ...
Unpacking libc-dev-bin (2.39-0ubuntu8.8) ...
Selecting previously unselected package linux-libc-dev:arm64.
Preparing to unpack .../12-linux-libc-dev_6.8.0-136.136_arm64.deb ...
Unpacking linux-libc-dev:arm64 (6.8.0-136.136) ...
Preparing to unpack .../85-libpython3-dev_3.12.3-0ubuntu2.1_arm64.deb ...
Unpacking libpython3-dev:arm64 (3.12.3-0ubuntu2.1) ...
Preparing to unpack .../86-linux-tools-common_6.8.0-136.136_all.deb ...
Unpacking linux-tools-common (6.8.0-136.136) over (6.8.0-134.134) ...
  libjpeg-turbo8 libjpeg8 libjs-jquery libjs-sphinxdoc libjs-underscore
  liblerc4 liblsan0 libmpc3 libpython3-dev libpython3.12-dev libsframe1
  libsharpyuv0 libstdc++-13-dev libtiff6 libtsan2 libubsan1 libwebp7 libxpm4
  linux-libc-dev linux-tools-common locales lto-disabled-list make
  manpages-dev pigz python3-dev python3-wheel python3.12-dev rpcsvc-proto runc
  ubuntu-fan zlib1g-dev
Suggested packages:
  binutils-doc gprofng-gui ifupdown bzip2-doc cpp-doc gcc-13-locales
  cpp-13-doc aufs-tools cgroupfs-mount | cgroup-lite debootstrap docker-buildx
  docker-compose-v2 docker-doc rinse zfs-fuse | zfsutils debian-keyring
  gcc-13-doc gcc-multilib autoconf automake libtool flex bison gdb gcc-doc
  gdb-aarch64-linux-gnu apache2 | lighttpd | httpd glibc-doc libnss-nis
  libnss-nisplus bzr libgd-tools libheif-plugin-libde265 libheif-plugin-x265
  libheif-plugin-ffmpegdec libheif-plugin-jpegdec libheif-plugin-jpegenc
  libheif-plugin-j2kdec libheif-plugin-j2kenc libheif-plugin-rav1e
  libheif-plugin-svtenc libstdc++-13-doc make-doc
The following NEW packages will be installed:
  binutils binutils-aarch64-linux-gnu binutils-common bridge-utils
  build-essential bzip2 containerd cpp cpp-13 cpp-13-aarch64-linux-gnu
  cpp-aarch64-linux-gnu dns-root-data dnsmasq-base docker.io dpkg-dev fakeroot
  fontconfig-config fonts-dejavu-core fonts-dejavu-mono g++ g++-13
  g++-13-aarch64-linux-gnu g++-aarch64-linux-gnu gcc gcc-13
  gcc-13-aarch64-linux-gnu gcc-13-base gcc-aarch64-linux-gnu javascript-common
  libalgorithm-diff-perl libalgorithm-diff-xs-perl libalgorithm-merge-perl
  libaom3 libasan8 libatomic1 libbinutils libc-dev-bin libc-devtools libc6-dev
  libcc1-0 libcrypt-dev libctf-nobfd0 libctf0 libdeflate0 libdpkg-perl
  libexpat1-dev libfakeroot libfile-fcntllock-perl libfontconfig1
  libgcc-13-dev libgd3 libgomp1 libgprofng0 libheif-plugin-aomdec
  libheif-plugin-aomenc libheif1 libhwasan0 libisl23 libitm1 libjbig0
  libjpeg-turbo8 libjpeg8 libjs-jquery libjs-sphinxdoc libjs-underscore
  liblerc4 liblsan0 libmpc3 libpython3-dev libpython3.12-dev libsframe1
  libsharpyuv0 libstdc++-13-dev libtiff6 libtsan2 libubsan1 libwebp7 libxpm4
  linux-libc-dev lto-disabled-list make manpages-dev pigz python3-dev
  python3-pip python3-wheel python3.12-dev rpcsvc-proto runc ubuntu-fan
  zlib1g-dev
The following packages will be upgraded:
  libc-bin libc6 linux-tools-common locales
Selecting previously unselected package manpages-dev.
Preparing to unpack .../87-manpages-dev_6.7-2_all.deb ...
Unpacking manpages-dev (6.7-2) ...
Created symlink /etc/systemd/system/multi-user.target.wants/docker.service → /usr/lib/systemd/system/docker.service.
Selecting previously unselected package dns-root-data.
4 upgraded, 91 newly installed, 0 to remove and 30 not upgraded.
Need to get 155 MB of archives.
After this operation, 558 MB of additional disk space will be used.
Get:1 http://us-east-1.ec2.ports.ubuntu.com/ubuntu-ports noble-updates/main arm64 libc6 arm64 2.39-0ubuntu8.8 [2775 kB]
Preparing to unpack .../50-dns-root-data_2024071801~ubuntu0.24.04.1_all.deb ...
Unpacking dns-root-data (2024071801~ubuntu0.24.04.1) ...

Service restarts being deferred:
 systemctl restart ModemManager.service
 /etc/needrestart/restart.d/dbus.service
 systemctl restart getty@tty1.service
 systemctl restart networkd-dispatcher.service
 systemctl restart serial-getty@ttyS0.service
 systemctl restart systemd-logind.service
 systemctl restart unattended-upgrades.service

No containers need to be restarted.

User sessions running outdated binaries:
 ubuntu @ session #3: sshd[1440,1524]
 ubuntu @ user manager service: systemd[1331]

No VM guests are running outdated hypervisor (qemu) binaries on this host.
Selecting previously unselected package dnsmasq-base.
Preparing to unpack .../51-dnsmasq-base_2.90-2ubuntu0.4_arm64.deb ...
Unpacking dnsmasq-base (2.90-2ubuntu0.4) ...
Selecting previously unselected package libcrypt-dev:arm64.
Preparing to unpack .../13-libcrypt-dev_1%3a4.4.36-4build1_arm64.deb ...
Created symlink /etc/systemd/system/sockets.target.wants/docker.socket → /usr/lib/systemd/system/docker.socket.
Unpacking libcrypt-dev:arm64 (1:4.4.36-4build1) ...
Selecting previously unselected package docker.io.
Preparing to unpack .../52-docker.io_29.1.3-0ubuntu3~24.04.2_arm64.deb ...
Selecting previously unselected package rpcsvc-proto.
Unpacking docker.io (29.1.3-0ubuntu3~24.04.2) ...
Preparing to unpack .../14-rpcsvc-proto_1.4.2-0ubuntu7_arm64.deb ...
Generating locales (this might take a while)...
Setting up linux-tools-common (6.8.0-136.136) ...
Unpacking rpcsvc-proto (1.4.2-0ubuntu7) ...
  en_US.UTF-8...Setting up libalgorithm-diff-xs-perl:arm64 (0.04-8build3) ...
Selecting previously unselected package python3.12-dev.
Selecting previously unselected package libc6-dev:arm64.
Preparing to unpack .../88-python3.12-dev_3.12.3-1ubuntu0.15_arm64.deb ...
Setting up libcc1-0:arm64 (14.2.0-4ubuntu2~24.04.1) ...
Unpacking python3.12-dev (3.12.3-1ubuntu0.15) ...
Preparing to unpack .../15-libc6-dev_2.39-0ubuntu8.8_arm64.deb ...
Unpacking libc6-dev:arm64 (2.39-0ubuntu8.8) ...
Get:2 http://us-east-1.ec2.ports.ubuntu.com/ubuntu-ports noble-updates/main arm64 libc-bin arm64 2.39-0ubuntu8.8 [591 kB]
Setting up liblsan0:arm64 (14.2.0-4ubuntu2~24.04.1) ...
Get:3 http://us-east-1.ec2.ports.ubuntu.com/ubuntu-ports noble/universe arm64 pigz arm64 2.8-1 [60.7 kB]
Get:4 http://us-east-1.ec2.ports.ubuntu.com/ubuntu-ports noble-updates/main arm64 locales all 2.39-0ubuntu8.8 [4231 kB]
Selecting previously unselected package python3-dev.
Setting up libitm1:arm64 (14.2.0-4ubuntu2~24.04.1) ...
Preparing to unpack .../89-python3-dev_3.12.3-0ubuntu2.1_arm64.deb ...
Unpacking python3-dev (3.12.3-0ubuntu2.1) ...
Setting up libjs-underscore (1.13.4~dfsg+~1.11.4-3) ...
Setting up libalgorithm-merge-perl (0.08-5) ...
Selecting previously unselected package python3-wheel.
Preparing to unpack .../90-python3-wheel_0.42.0-2_all.deb ...
Unpacking python3-wheel (0.42.0-2) ...
Setting up libctf0:arm64 (2.42-4ubuntu2.10) ...
Get:5 http://us-east-1.ec2.ports.ubuntu.com/ubuntu-ports noble-updates/main arm64 binutils-common arm64 2.42-4ubuntu2.10 [240 kB]
Setting up libjpeg8:arm64 (8c-2ubuntu11) ...
Get:6 http://us-east-1.ec2.ports.ubuntu.com/ubuntu-ports noble-updates/main arm64 libsframe1 arm64 2.42-4ubuntu2.10 [15.4 kB]
Setting up ubuntu-fan (0.12.16+24.04.1) ...
Selecting previously unselected package gcc-13-base:arm64.
Preparing to unpack .../16-gcc-13-base_13.3.0-6ubuntu2~24.04.1_arm64.deb ...
Unpacking gcc-13-base:arm64 (13.3.0-6ubuntu2~24.04.1) ...
Selecting previously unselected package python3-pip.
Preparing to unpack .../91-python3-pip_24.0+dfsg-1ubuntu1.3_all.deb ...
Get:7 http://us-east-1.ec2.ports.ubuntu.com/ubuntu-ports noble-updates/main arm64 libbinutils arm64 2.42-4ubuntu2.10 [766 kB]
Unpacking python3-pip (24.0+dfsg-1ubuntu1.3) ...
Get:8 http://us-east-1.ec2.ports.ubuntu.com/ubuntu-ports noble-updates/main arm64 libctf-nobfd0 arm64 2.42-4ubuntu2.10 [101 kB]
Get:9 http://us-east-1.ec2.ports.ubuntu.com/ubuntu-ports noble-updates/main arm64 libctf0 arm64 2.42-4ubuntu2.10 [95.7 kB]
Get:10 http://us-east-1.ec2.ports.ubuntu.com/ubuntu-ports noble-updates/main arm64 libgprofng0 arm64 2.42-4ubuntu2.10 [776 kB]
Get:11 http://us-east-1.ec2.ports.ubuntu.com/ubuntu-ports noble-updates/main arm64 binutils-aarch64-linux-gnu arm64 2.42-4ubuntu2.10 [3304 kB]
Selecting previously unselected package libisl23:arm64.
Preparing to unpack .../17-libisl23_0.26-3build1.1_arm64.deb ...
Unpacking libisl23:arm64 (0.26-3build1.1) ...
Selecting previously unselected package libmpc3:arm64.
Preparing to unpack .../18-libmpc3_1.3.1-1build1.1_arm64.deb ...
Unpacking libmpc3:arm64 (1.3.1-1build1.1) ...
Selecting previously unselected package ubuntu-fan.
Selecting previously unselected package cpp-13-aarch64-linux-gnu.
Preparing to unpack .../92-ubuntu-fan_0.12.16+24.04.1_all.deb ...
Preparing to unpack .../19-cpp-13-aarch64-linux-gnu_13.3.0-6ubuntu2~24.04.1_arm64.deb ...
Unpacking ubuntu-fan (0.12.16+24.04.1) ...
Created symlink /etc/systemd/system/multi-user.target.wants/ubuntu-fan.service → /usr/lib/systemd/system/ubuntu-fan.service.
Unpacking cpp-13-aarch64-linux-gnu (13.3.0-6ubuntu2~24.04.1) ...
Get:12 http://us-east-1.ec2.ports.ubuntu.com/ubuntu-ports noble-updates/main arm64 binutils arm64 2.42-4ubuntu2.10 [18.1 kB]
Get:13 http://us-east-1.ec2.ports.ubuntu.com/ubuntu-ports noble/main arm64 bridge-utils arm64 1.7.1-1ubuntu2 [34.2 kB]
Get:14 http://us-east-1.ec2.ports.ubuntu.com/ubuntu-ports noble-updates/main arm64 libc-dev-bin arm64 2.39-0ubuntu8.8 [19.7 kB]
Get:15 http://us-east-1.ec2.ports.ubuntu.com/ubuntu-ports noble-updates/main arm64 linux-libc-dev arm64 6.8.0-136.136 [1550 kB]
Setting up javascript-common (11+nmu1) ...
Setting up libsharpyuv0:arm64 (1.3.2-0.4build3) ...
Setting up libaom3:arm64 (3.8.2-2ubuntu0.1) ...
Setting up manpages-dev (6.7-2) ...
Setting up lto-disabled-list (47) ...
Setting up liblerc4:arm64 (4.0.0+ds-4ubuntu2) ...
Get:16 http://us-east-1.ec2.ports.ubuntu.com/ubuntu-ports noble/main arm64 libcrypt-dev arm64 1:4.4.36-4build1 [118 kB]
Get:17 http://us-east-1.ec2.ports.ubuntu.com/ubuntu-ports noble/main arm64 rpcsvc-proto arm64 1.4.2-0ubuntu7 [64.8 kB]
Setting up libxpm4:arm64 (1:3.5.17-1ubuntu0.24.04.1) ...
Get:18 http://us-east-1.ec2.ports.ubuntu.com/ubuntu-ports noble-updates/main arm64 libc6-dev arm64 2.39-0ubuntu8.8 [1596 kB]
Get:19 http://us-east-1.ec2.ports.ubuntu.com/ubuntu-ports noble-updates/main arm64 gcc-13-base arm64 13.3.0-6ubuntu2~24.04.1 [51.6 kB]
Get:20 http://us-east-1.ec2.ports.ubuntu.com/ubuntu-ports noble-updates/main arm64 libisl23 arm64 0.26-3build1.1 [669 kB]
Get:21 http://us-east-1.ec2.ports.ubuntu.com/ubuntu-ports noble-updates/main arm64 libmpc3 arm64 1.3.1-1build1.1 [56.4 kB]
Get:22 http://us-east-1.ec2.ports.ubuntu.com/ubuntu-ports noble-updates/main arm64 cpp-13-aarch64-linux-gnu arm64 13.3.0-6ubuntu2~24.04.1 [9560 kB]
Setting up libfile-fcntllock-perl (0.22-4ubuntu5) ...
Setting up libalgorithm-diff-perl (1.201-1) ...
Setting up binutils-common:arm64 (2.42-4ubuntu2.10) ...
Get:53 http://us-east-1.ec2.ports.ubuntu.com/ubuntu-ports noble-updates/main arm64 dns-root-data all 2024071801~ubuntu0.24.04.1 [5918 B]
Get:54 http://us-east-1.ec2.ports.ubuntu.com/ubuntu-ports noble-updates/main arm64 dnsmasq-base arm64 2.90-2ubuntu0.4 [367 kB]
Get:55 http://us-east-1.ec2.ports.ubuntu.com/ubuntu-ports noble-updates/universe arm64 docker.io arm64 29.1.3-0ubuntu3~24.04.2 [32.0 MB]
Setting up libdeflate0:arm64 (1.19-1build1.1) ...
Setting up cpp-aarch64-linux-gnu (4:13.2.0-7ubuntu1) ...
Setting up linux-libc-dev:arm64 (6.8.0-136.136) ...
Selecting previously unselected package cpp-13.
Preparing to unpack .../20-cpp-13_13.3.0-6ubuntu2~24.04.1_arm64.deb ...
Unpacking cpp-13 (13.3.0-6ubuntu2~24.04.1) ...
Setting up libgprofng0:arm64 (2.42-4ubuntu2.10) ...
Setting up libctf-nobfd0:arm64 (2.42-4ubuntu2.10) ...
Setting up libjs-sphinxdoc (7.2.6-6) ...
Setting up dnsmasq-base (2.90-2ubuntu0.4) ...
Selecting previously unselected package cpp-aarch64-linux-gnu.
Get:23 http://us-east-1.ec2.ports.ubuntu.com/ubuntu-ports noble-updates/main arm64 cpp-13 arm64 13.3.0-6ubuntu2~24.04.1 [1038 B]
Get:24 http://us-east-1.ec2.ports.ubuntu.com/ubuntu-ports noble/main arm64 cpp-aarch64-linux-gnu arm64 4:13.2.0-7ubuntu1 [5316 B]
Get:25 http://us-east-1.ec2.ports.ubuntu.com/ubuntu-ports noble/main arm64 cpp arm64 4:13.2.0-7ubuntu1 [22.4 kB]
Get:26 http://us-east-1.ec2.ports.ubuntu.com/ubuntu-ports noble-updates/main arm64 libcc1-0 arm64 14.2.0-4ubuntu2~24.04.1 [49.7 kB]
Get:27 http://us-east-1.ec2.ports.ubuntu.com/ubuntu-ports noble-updates/main arm64 libgomp1 arm64 14.2.0-4ubuntu2~24.04.1 [145 kB]
Get:28 http://us-east-1.ec2.ports.ubuntu.com/ubuntu-ports noble-updates/main arm64 libitm1 arm64 14.2.0-4ubuntu2~24.04.1 [28.2 kB]
Get:29 http://us-east-1.ec2.ports.ubuntu.com/ubuntu-ports noble-updates/main arm64 libatomic1 arm64 14.2.0-4ubuntu2~24.04.1 [11.6 kB]
Get:30 http://us-east-1.ec2.ports.ubuntu.com/ubuntu-ports noble-updates/main arm64 libasan8 arm64 14.2.0-4ubuntu2~24.04.1 [2928 kB]
Preparing to unpack .../21-cpp-aarch64-linux-gnu_4%3a13.2.0-7ubuntu1_arm64.deb ...
Setting up libgcc-13-dev:arm64 (13.3.0-6ubuntu2~24.04.1) ...
Unpacking cpp-aarch64-linux-gnu (4:13.2.0-7ubuntu1) ...
Setting up libtiff6:arm64 (4.5.1+git230720-4ubuntu2.5) ...
Get:31 http://us-east-1.ec2.ports.ubuntu.com/ubuntu-ports noble-updates/main arm64 liblsan0 arm64 14.2.0-4ubuntu2~24.04.1 [1289 kB]
Setting up libc6-dev:arm64 (2.39-0ubuntu8.8) ...
Setting up libgomp1:arm64 (14.2.0-4ubuntu2~24.04.1) ...
Setting up bzip2 (1.0.8-5.1build0.1) ...
Selecting previously unselected package cpp.
Get:32 http://us-east-1.ec2.ports.ubuntu.com/ubuntu-ports noble-updates/main arm64 libtsan2 arm64 14.2.0-4ubuntu2~24.04.1 [2697 kB]
Setting up libstdc++-13-dev:arm64 (13.3.0-6ubuntu2~24.04.1) ...
Setting up locales (2.39-0ubuntu8.8) ...
Preparing to unpack .../22-cpp_4%3a13.2.0-7ubuntu1_arm64.deb ...
Unpacking cpp (4:13.2.0-7ubuntu1) ...
Setting up cpp-13-aarch64-linux-gnu (13.3.0-6ubuntu2~24.04.1) ...
Setting up cpp-13 (13.3.0-6ubuntu2~24.04.1) ...
Get:33 http://us-east-1.ec2.ports.ubuntu.com/ubuntu-ports noble-updates/main arm64 libubsan1 arm64 14.2.0-4ubuntu2~24.04.1 [1157 kB]
Setting up fontconfig-config (2.15.0-1.1ubuntu2) ...
Setting up binutils-aarch64-linux-gnu (2.42-4ubuntu2.10) ...
Get:34 http://us-east-1.ec2.ports.ubuntu.com/ubuntu-ports noble-updates/main arm64 libhwasan0 arm64 14.2.0-4ubuntu2~24.04.1 [1605 kB]
Get:35 http://us-east-1.ec2.ports.ubuntu.com/ubuntu-ports noble-updates/main arm64 libgcc-13-dev arm64 13.3.0-6ubuntu2~24.04.1 [2473 kB]
Setting up binutils (2.42-4ubuntu2.10) ...
Selecting previously unselected package libcc1-0:arm64.
Preparing to unpack .../23-libcc1-0_14.2.0-4ubuntu2~24.04.1_arm64.deb ...
Unpacking libcc1-0:arm64 (14.2.0-4ubuntu2~24.04.1) ...
Setting up gcc-13-aarch64-linux-gnu (13.3.0-6ubuntu2~24.04.1) ...
Setting up dpkg-dev (1.22.6ubuntu6.6) ...
Get:36 http://us-east-1.ec2.ports.ubuntu.com/ubuntu-ports noble-updates/main arm64 gcc-13-aarch64-linux-gnu arm64 13.3.0-6ubuntu2~24.04.1 [18.7 MB]
Selecting previously unselected package libgomp1:arm64.
Setting up libexpat1-dev:arm64 (2.6.1-2ubuntu0.4) ...
Preparing to unpack .../24-libgomp1_14.2.0-4ubuntu2~24.04.1_arm64.deb ...
Unpacking libgomp1:arm64 (14.2.0-4ubuntu2~24.04.1) ...
Setting up gcc-13 (13.3.0-6ubuntu2~24.04.1) ...
Fetched 37.7 MB in 4s (9876 kB/s)
Reading package lists...Setting up zlib1g-dev:arm64 (1:1.3.dfsg-3.1ubuntu2.1) ...
Selecting previously unselected package libitm1:arm64.
Preparing to unpack .../25-libitm1_14.2.0-4ubuntu2~24.04.1_arm64.deb ...
Unpacking libitm1:arm64 (14.2.0-4ubuntu2~24.04.1) ...
Setting up cpp (4:13.2.0-7ubuntu1) ...
Setting up docker.io (29.1.3-0ubuntu3~24.04.2) ...
Setting up g++-13-aarch64-linux-gnu (13.3.0-6ubuntu2~24.04.1) ...
Selecting previously unselected package libatomic1:arm64.
Preparing to unpack .../26-libatomic1_14.2.0-4ubuntu2~24.04.1_arm64.deb ...
Unpacking libatomic1:arm64 (14.2.0-4ubuntu2~24.04.1) ...
Setting up gcc-aarch64-linux-gnu (4:13.2.0-7ubuntu1) ...
Setting up g++-13 (13.3.0-6ubuntu2~24.04.1) ...
Setting up libpython3.12-dev:arm64 (3.12.3-1ubuntu0.15) ...
Selecting previously unselected package libasan8:arm64.
Preparing to unpack .../27-libasan8_14.2.0-4ubuntu2~24.04.1_arm64.deb ...
Unpacking libasan8:arm64 (14.2.0-4ubuntu2~24.04.1) ...
info: Selecting GID from range 100 to 999 ...
info: Adding group `docker' (GID 112) ...
Get:37 http://us-east-1.ec2.ports.ubuntu.com/ubuntu-ports noble-updates/main arm64 gcc-13 arm64 13.3.0-6ubuntu2~24.04.1 [484 kB]
Get:38 http://us-east-1.ec2.ports.ubuntu.com/ubuntu-ports noble/main arm64 gcc-aarch64-linux-gnu arm64 4:13.2.0-7ubuntu1 [1198 B]
Get:39 http://us-east-1.ec2.ports.ubuntu.com/ubuntu-ports noble/main arm64 gcc arm64 4:13.2.0-7ubuntu1 [5018 B]
Get:40 http://us-east-1.ec2.ports.ubuntu.com/ubuntu-ports noble-updates/main arm64 libstdc++-13-dev arm64 13.3.0-6ubuntu2~24.04.1 [2397 kB]
Get:41 http://us-east-1.ec2.ports.ubuntu.com/ubuntu-ports noble-updates/main arm64 g++-13-aarch64-linux-gnu arm64 13.3.0-6ubuntu2~24.04.1 [10.9 MB]
Setting up gcc (4:13.2.0-7ubuntu1) ...
Setting up python3.12-dev (3.12.3-1ubuntu0.15) ...
Setting up g++-aarch64-linux-gnu (4:13.2.0-7ubuntu1) ...
Setting up libpython3-dev:arm64 (3.12.3-0ubuntu2.1) ...
Setting up python3-dev (3.12.3-0ubuntu2.1) ...
Selecting previously unselected package liblsan0:arm64.
Preparing to unpack .../28-liblsan0_14.2.0-4ubuntu2~24.04.1_arm64.deb ...
Setting up g++ (4:13.2.0-7ubuntu1) ...
Unpacking liblsan0:arm64 (14.2.0-4ubuntu2~24.04.1) ...
update-alternatives: using /usr/bin/g++ to provide /usr/bin/c++ (c++) in auto mode
Setting up build-essential (12.10ubuntu1) ...
Setting up libheif-plugin-aomdec:arm64 (1.17.6-1ubuntu4.6) ...
Generating locales (this might take a while)...
Created symlink /etc/systemd/system/multi-user.target.wants/docker.service → /usr/lib/systemd/system/docker.service.
  en_US.UTF-8...Setting up libheif1:arm64 (1.17.6-1ubuntu4.6) ...
Selecting previously unselected package libtsan2:arm64.
Preparing to unpack .../29-libtsan2_14.2.0-4ubuntu2~24.04.1_arm64.deb ...
Unpacking libtsan2:arm64 (14.2.0-4ubuntu2~24.04.1) ...
Setting up libheif-plugin-aomenc:arm64 (1.17.6-1ubuntu4.6) ...
Processing triggers for libc-bin (2.39-0ubuntu8.8) ...
Processing triggers for man-db (2.12.0-4build2) ...
Created symlink /etc/systemd/system/sockets.target.wants/docker.socket → /usr/lib/systemd/system/docker.socket.
Selecting previously unselected package libubsan1:arm64.
Preparing to unpack .../30-libubsan1_14.2.0-4ubuntu2~24.04.1_arm64.deb ...
Unpacking libubsan1:arm64 (14.2.0-4ubuntu2~24.04.1) ...
Selecting previously unselected package libhwasan0:arm64.
Preparing to unpack .../31-libhwasan0_14.2.0-4ubuntu2~24.04.1_arm64.deb ...
Unpacking libhwasan0:arm64 (14.2.0-4ubuntu2~24.04.1) ...
 done
Generation complete.
Setting up python3-wheel (0.42.0-2) ...
Selecting previously unselected package libfakeroot:arm64.
Selecting previously unselected package libgcc-13-dev:arm64.
Preparing to unpack .../53-libfakeroot_1.33-1_arm64.deb ...
Get:42 http://us-east-1.ec2.ports.ubuntu.com/ubuntu-ports noble-updates/main arm64 g++-13 arm64 13.3.0-6ubuntu2~24.04.1 [16.0 kB]
Get:43 http://us-east-1.ec2.ports.ubuntu.com/ubuntu-ports noble/main arm64 g++-aarch64-linux-gnu arm64 4:13.2.0-7ubuntu1 [962 B]
Unpacking libfakeroot:arm64 (1.33-1) ...
Preparing to unpack .../32-libgcc-13-dev_13.3.0-6ubuntu2~24.04.1_arm64.deb ...
Unpacking libgcc-13-dev:arm64 (13.3.0-6ubuntu2~24.04.1) ...
Get:44 http://us-east-1.ec2.ports.ubuntu.com/ubuntu-ports noble/main arm64 g++ arm64 4:13.2.0-7ubuntu1 [1082 B]
Get:45 http://us-east-1.ec2.ports.ubuntu.com/ubuntu-ports noble/main arm64 make arm64 4.3-4.1build2 [178 kB]
Get:46 http://us-east-1.ec2.ports.ubuntu.com/ubuntu-ports noble-updates/main arm64 libdpkg-perl all 1.22.6ubuntu6.6 [268 kB]
Get:47 http://us-east-1.ec2.ports.ubuntu.com/ubuntu-ports noble-updates/main arm64 bzip2 arm64 1.0.8-5.1build0.1 [34.0 kB]
Get:48 http://us-east-1.ec2.ports.ubuntu.com/ubuntu-ports noble/main arm64 lto-disabled-list all 47 [12.4 kB]
Get:49 http://us-east-1.ec2.ports.ubuntu.com/ubuntu-ports noble-updates/main arm64 dpkg-dev all 1.22.6ubuntu6.6 [1074 kB]
Get:50 http://us-east-1.ec2.ports.ubuntu.com/ubuntu-ports noble/main arm64 build-essential arm64 12.10ubuntu1 [4932 B]
Get:51 http://us-east-1.ec2.ports.ubuntu.com/ubuntu-ports noble-updates/main arm64 runc arm64 1.3.4-0ubuntu1~24.04.1 [8578 kB]
Selecting previously unselected package fakeroot.
Preparing to unpack .../54-fakeroot_1.33-1_arm64.deb ...
Unpacking fakeroot (1.33-1) ...
Selecting previously unselected package fonts-dejavu-mono.
Selecting previously unselected package gcc-13-aarch64-linux-gnu.
Preparing to unpack .../33-gcc-13-aarch64-linux-gnu_13.3.0-6ubuntu2~24.04.1_arm64.deb ...
Preparing to unpack .../55-fonts-dejavu-mono_2.37-8_all.deb ...
Unpacking fonts-dejavu-mono (2.37-8) ...
Unpacking gcc-13-aarch64-linux-gnu (13.3.0-6ubuntu2~24.04.1) ...
Setting up libjbig0:arm64 (2.1-6.1ubuntu2) ...
Selecting previously unselected package fonts-dejavu-core.
Setting up libsframe1:arm64 (2.42-4ubuntu2.10) ...
Preparing to unpack .../56-fonts-dejavu-core_2.37-8_all.deb ...
Setting up libfakeroot:arm64 (1.33-1) ...
Setting up runc (1.3.4-0ubuntu1~24.04.1) ...
Setting up dns-root-data (2024071801~ubuntu0.24.04.1) ...
Setting up fakeroot (1.33-1) ...
Unpacking fonts-dejavu-core (2.37-8) ...
Selecting previously unselected package fontconfig-config.
Preparing to unpack .../57-fontconfig-config_2.15.0-1.1ubuntu2_arm64.deb ...
update-alternatives: using /usr/bin/fakeroot-sysv to provide /usr/bin/fakeroot (fakeroot) in auto mode
Setting up rpcsvc-proto (1.4.2-0ubuntu7) ...
Setting up gcc-13-base:arm64 (13.3.0-6ubuntu2~24.04.1) ...
Setting up make (4.3-4.1build2) ...
Processing triggers for dbus (1.14.10-4ubuntu4.1) ...
Setting up fonts-dejavu-mono (2.37-8) ...
Processing triggers for sgml-base (1.31) ...
Get:52 http://us-east-1.ec2.ports.ubuntu.com/ubuntu-ports noble-updates/main arm64 containerd arm64 2.2.1-0ubuntu1~24.04.3 [25.2 MB]
Setting up libfontconfig1:arm64 (2.15.0-1.1ubuntu2) ...
Unpacking fontconfig-config (2.15.0-1.1ubuntu2) ...
Setting up libmpc3:arm64 (1.3.1-1build1.1) ...
Setting up libgd3:arm64 (2.3.3-9ubuntu5) ...
Setting up libatomic1:arm64 (14.2.0-4ubuntu2~24.04.1) ...
Setting up libc-devtools (2.39-0ubuntu8.8) ...
Setting up fonts-dejavu-core (2.37-8) ...
Selecting previously unselected package javascript-common.
Preparing to unpack .../58-javascript-common_11+nmu1_all.deb ...

Processing triggers for libc-bin (2.39-0ubuntu8.8) ...
Unpacking javascript-common (11+nmu1) ...
Selecting previously unselected package gcc-13.
Preparing to unpack .../34-gcc-13_13.3.0-6ubuntu2~24.04.1_arm64.deb ...
Unpacking gcc-13 (13.3.0-6ubuntu2~24.04.1) ...
Reading package lists...
Setting up cpp-aarch64-linux-gnu (4:13.2.0-7ubuntu1) ...
Selecting previously unselected package libalgorithm-diff-perl.
Building dependency tree...Preparing to unpack .../59-libalgorithm-diff-perl_1.201-1_all.deb ...
Unpacking libalgorithm-diff-perl (1.201-1) ...
Selecting previously unselected package gcc-aarch64-linux-gnu.
Setting up libgprofng0:arm64 (2.42-4ubuntu2.10) ...
Preparing to unpack .../35-gcc-aarch64-linux-gnu_4%3a13.2.0-7ubuntu1_arm64.deb ...
Setting up python3-pip (24.0+dfsg-1ubuntu1.3) ...
Unpacking gcc-aarch64-linux-gnu (4:13.2.0-7ubuntu1) ...
Setting up libjs-sphinxdoc (7.2.6-6) ...
Selecting previously unselected package libalgorithm-diff-xs-perl:arm64.
Setting up libgcc-13-dev:arm64 (13.3.0-6ubuntu2~24.04.1) ...
Preparing to unpack .../60-libalgorithm-diff-xs-perl_0.04-8build3_arm64.deb ...
Unpacking libalgorithm-diff-xs-perl:arm64 (0.04-8build3) ...
Selecting previously unselected package gcc.
Preparing to unpack .../36-gcc_4%3a13.2.0-7ubuntu1_arm64.deb ...
Setting up libtiff6:arm64 (4.5.1+git230720-4ubuntu2.5) ...
Unpacking gcc (4:13.2.0-7ubuntu1) ...
Setting up libc6-dev:arm64 (2.39-0ubuntu8.8) ...
Selecting previously unselected package libalgorithm-merge-perl.
Preparing to unpack .../61-libalgorithm-merge-perl_0.08-5_all.deb ...
Unpacking libalgorithm-merge-perl (0.08-5) ...
Setting up libstdc++-13-dev:arm64 (13.3.0-6ubuntu2~24.04.1) ...
Selecting previously unselected package libstdc++-13-dev:arm64.
Preparing to unpack .../37-libstdc++-13-dev_13.3.0-6ubuntu2~24.04.1_arm64.deb ...
Unpacking libstdc++-13-dev:arm64 (13.3.0-6ubuntu2~24.04.1) ...
Setting up cpp-13 (13.3.0-6ubuntu2~24.04.1) ...
Selecting previously unselected package libaom3:arm64.
Setting up binutils-aarch64-linux-gnu (2.42-4ubuntu2.10) ...
Preparing to unpack .../62-libaom3_3.8.2-2ubuntu0.1_arm64.deb ...
Unpacking libaom3:arm64 (3.8.2-2ubuntu0.1) ...
Setting up binutils (2.42-4ubuntu2.10) ...
Setting up gcc-13-aarch64-linux-gnu (13.3.0-6ubuntu2~24.04.1) ...
Setting up dpkg-dev (1.22.6ubuntu6.6) ...
Setting up libexpat1-dev:arm64 (2.6.1-2ubuntu0.4) ...
Selecting previously unselected package libfontconfig1:arm64.
Setting up gcc-13 (13.3.0-6ubuntu2~24.04.1) ...
Preparing to unpack .../63-libfontconfig1_2.15.0-1.1ubuntu2_arm64.deb ...
Unpacking libfontconfig1:arm64 (2.15.0-1.1ubuntu2) ...

Reading state information...
Setting up zlib1g-dev:arm64 (1:1.3.dfsg-3.1ubuntu2.1) ...
Selecting previously unselected package libsharpyuv0:arm64.
Get:56 http://us-east-1.ec2.ports.ubuntu.com/ubuntu-ports noble/main arm64 libfakeroot arm64 1.33-1 [32.5 kB]
Get:57 http://us-east-1.ec2.ports.ubuntu.com/ubuntu-ports noble/main arm64 fakeroot arm64 1.33-1 [66.9 kB]
Get:58 http://us-east-1.ec2.ports.ubuntu.com/ubuntu-ports noble/main arm64 fonts-dejavu-mono all 2.37-8 [502 kB]
Get:59 http://us-east-1.ec2.ports.ubuntu.com/ubuntu-ports noble/main arm64 fonts-dejavu-core all 2.37-8 [835 kB]
Preparing to unpack .../64-libsharpyuv0_1.3.2-0.4build3_arm64.deb ...
Unpacking libsharpyuv0:arm64 (1.3.2-0.4build3) ...
Setting up cpp (4:13.2.0-7ubuntu1) ...
Get:60 http://us-east-1.ec2.ports.ubuntu.com/ubuntu-ports noble/main arm64 fontconfig-config arm64 2.15.0-1.1ubuntu2 [37.4 kB]
Get:61 http://us-east-1.ec2.ports.ubuntu.com/ubuntu-ports noble/main arm64 javascript-common all 11+nmu1 [5936 B]
Get:62 http://us-east-1.ec2.ports.ubuntu.com/ubuntu-ports noble/main arm64 libalgorithm-diff-perl all 1.201-1 [41.8 kB]
Get:63 http://us-east-1.ec2.ports.ubuntu.com/ubuntu-ports noble/main arm64 libalgorithm-diff-xs-perl arm64 0.04-8build3 [10.9 kB]
Get:64 http://us-east-1.ec2.ports.ubuntu.com/ubuntu-ports noble/main arm64 libalgorithm-merge-perl all 0.08-5 [11.4 kB]
Get:65 http://us-east-1.ec2.ports.ubuntu.com/ubuntu-ports noble-updates/main arm64 libaom3 arm64 3.8.2-2ubuntu0.1 [1617 kB]
Get:66 http://us-east-1.ec2.ports.ubuntu.com/ubuntu-ports noble/main arm64 libfontconfig1 arm64 2.15.0-1.1ubuntu2 [142 kB]
Get:67 http://us-east-1.ec2.ports.ubuntu.com/ubuntu-ports noble/main arm64 libsharpyuv0 arm64 1.3.2-0.4build3 [14.5 kB]
Get:68 http://us-east-1.ec2.ports.ubuntu.com/ubuntu-ports noble-updates/main arm64 libheif-plugin-aomdec arm64 1.17.6-1ubuntu4.6 [11.1 kB]
Get:69 http://us-east-1.ec2.ports.ubuntu.com/ubuntu-ports noble-updates/main arm64 libheif1 arm64 1.17.6-1ubuntu4.6 [260 kB]
Get:70 http://us-east-1.ec2.ports.ubuntu.com/ubuntu-ports noble/main arm64 libjpeg-turbo8 arm64 2.1.5-2ubuntu2 [163 kB]
Setting up g++-13-aarch64-linux-gnu (13.3.0-6ubuntu2~24.04.1) ...
Setting up gcc-aarch64-linux-gnu (4:13.2.0-7ubuntu1) ...
Setting up g++-13 (13.3.0-6ubuntu2~24.04.1) ...
Selecting previously unselected package g++-13-aarch64-linux-gnu.
Preparing to unpack .../38-g++-13-aarch64-linux-gnu_13.3.0-6ubuntu2~24.04.1_arm64.deb ...
Unpacking g++-13-aarch64-linux-gnu (13.3.0-6ubuntu2~24.04.1) ...
Selecting previously unselected package libheif-plugin-aomdec:arm64.
Preparing to unpack .../65-libheif-plugin-aomdec_1.17.6-1ubuntu4.6_arm64.deb ...
Unpacking libheif-plugin-aomdec:arm64 (1.17.6-1ubuntu4.6) ...
Selecting previously unselected package libheif1:arm64.
Preparing to unpack .../66-libheif1_1.17.6-1ubuntu4.6_arm64.deb ...
Setting up libpython3.12-dev:arm64 (3.12.3-1ubuntu0.15) ...
Unpacking libheif1:arm64 (1.17.6-1ubuntu4.6) ...
Get:71 http://us-east-1.ec2.ports.ubuntu.com/ubuntu-ports noble/main arm64 libjpeg8 arm64 8c-2ubuntu11 [2148 B]
Get:72 http://us-east-1.ec2.ports.ubuntu.com/ubuntu-ports noble-updates/main arm64 libdeflate0 arm64 1.19-1build1.1 [43.5 kB]
Get:73 http://us-east-1.ec2.ports.ubuntu.com/ubuntu-ports noble/main arm64 libjbig0 arm64 2.1-6.1ubuntu2 [29.3 kB]
Get:74 http://us-east-1.ec2.ports.ubuntu.com/ubuntu-ports noble/main arm64 liblerc4 arm64 4.0.0+ds-4ubuntu2 [154 kB]
Get:75 http://us-east-1.ec2.ports.ubuntu.com/ubuntu-ports noble/main arm64 libwebp7 arm64 1.3.2-0.4build3 [191 kB]
Setting up gcc (4:13.2.0-7ubuntu1) ...
Get:76 http://us-east-1.ec2.ports.ubuntu.com/ubuntu-ports noble-updates/main arm64 libtiff6 arm64 4.5.1+git230720-4ubuntu2.5 [192 kB]
Selecting previously unselected package libjpeg-turbo8:arm64.
Preparing to unpack .../67-libjpeg-turbo8_2.1.5-2ubuntu2_arm64.deb ...
Unpacking libjpeg-turbo8:arm64 (2.1.5-2ubuntu2) ...
Setting up python3.12-dev (3.12.3-1ubuntu0.15) ...
Setting up g++-aarch64-linux-gnu (4:13.2.0-7ubuntu1) ...
Get:77 http://us-east-1.ec2.ports.ubuntu.com/ubuntu-ports noble-updates/main arm64 libxpm4 arm64 1:3.5.17-1ubuntu0.24.04.1 [35.3 kB]
Get:78 http://us-east-1.ec2.ports.ubuntu.com/ubuntu-ports noble/main arm64 libgd3 arm64 2.3.3-9ubuntu5 [122 kB]
Get:79 http://us-east-1.ec2.ports.ubuntu.com/ubuntu-ports noble-updates/main arm64 libc-devtools arm64 2.39-0ubuntu8.8 [27.8 kB]
Get:80 http://us-east-1.ec2.ports.ubuntu.com/ubuntu-ports noble-updates/main arm64 libexpat1-dev arm64 2.6.1-2ubuntu0.4 [128 kB]
Get:81 http://us-east-1.ec2.ports.ubuntu.com/ubuntu-ports noble/main arm64 libfile-fcntllock-perl arm64 0.22-4ubuntu5 [30.6 kB]
Get:82 http://us-east-1.ec2.ports.ubuntu.com/ubuntu-ports noble-updates/main arm64 libheif-plugin-aomenc arm64 1.17.6-1ubuntu4.6 [13.7 kB]
Get:83 http://us-east-1.ec2.ports.ubuntu.com/ubuntu-ports noble/main arm64 libjs-jquery all 3.6.1+dfsg+~3.5.14-1 [328 kB]
Get:84 http://us-east-1.ec2.ports.ubuntu.com/ubuntu-ports noble/main arm64 libjs-underscore all 1.13.4~dfsg+~1.11.4-3 [118 kB]
Get:85 http://us-east-1.ec2.ports.ubuntu.com/ubuntu-ports noble/main arm64 libjs-sphinxdoc all 7.2.6-6 [149 kB]
Get:86 http://us-east-1.ec2.ports.ubuntu.com/ubuntu-ports noble-updates/main arm64 zlib1g-dev arm64 1:1.3.dfsg-3.1ubuntu2.1 [894 kB]
Selecting previously unselected package libjpeg8:arm64.
Setting up libpython3-dev:arm64 (3.12.3-0ubuntu2.1) ...
Preparing to unpack .../68-libjpeg8_8c-2ubuntu11_arm64.deb ...
Unpacking libjpeg8:arm64 (8c-2ubuntu11) ...
Get:87 http://us-east-1.ec2.ports.ubuntu.com/ubuntu-ports noble-updates/main arm64 libpython3.12-dev arm64 3.12.3-1ubuntu0.15 [5538 kB]
Setting up python3-dev (3.12.3-0ubuntu2.1) ...
Setting up g++ (4:13.2.0-7ubuntu1) ...
Selecting previously unselected package libdeflate0:arm64.
Selecting previously unselected package g++-13.
Preparing to unpack .../69-libdeflate0_1.19-1build1.1_arm64.deb ...
Unpacking libdeflate0:arm64 (1.19-1build1.1) ...
update-alternatives: using /usr/bin/g++ to provide /usr/bin/c++ (c++) in auto mode
Preparing to unpack .../39-g++-13_13.3.0-6ubuntu2~24.04.1_arm64.deb ...
Unpacking g++-13 (13.3.0-6ubuntu2~24.04.1) ...
Setting up build-essential (12.10ubuntu1) ...
Setting up libheif-plugin-aomdec:arm64 (1.17.6-1ubuntu4.6) ...
Selecting previously unselected package g++-aarch64-linux-gnu.
curl is already the newest version (8.5.0-2ubuntu10.11).
curl set to manually installed.
ca-certificates is already the newest version (20260601~24.04.1).
ca-certificates set to manually installed.
jq is already the newest version (1.7.1-3ubuntu0.24.04.2).
jq set to manually installed.
git is already the newest version (1:2.43.0-1ubuntu7.3).
git set to manually installed.
The following additional packages will be installed:
  binutils binutils-aarch64-linux-gnu binutils-common bridge-utils bzip2
  containerd cpp cpp-13 cpp-13-aarch64-linux-gnu cpp-aarch64-linux-gnu
  dns-root-data dnsmasq-base dpkg-dev fakeroot fontconfig-config
  fonts-dejavu-core fonts-dejavu-mono g++ g++-13 g++-13-aarch64-linux-gnu
  g++-aarch64-linux-gnu gcc gcc-13 gcc-13-aarch64-linux-gnu gcc-13-base
  gcc-aarch64-linux-gnu javascript-common libalgorithm-diff-perl
  libalgorithm-diff-xs-perl libalgorithm-merge-perl libaom3 libasan8
  libatomic1 libbinutils libc-bin libc-dev-bin libc-devtools libc6 libc6-dev
  libcc1-0 libcrypt-dev libctf-nobfd0 libctf0 libdeflate0 libdpkg-perl
  libexpat1-dev libfakeroot libfile-fcntllock-perl libfontconfig1
  libgcc-13-dev libgd3 libgomp1 libgprofng0 libheif-plugin-aomdec
  libheif-plugin-aomenc libheif1 libhwasan0 libisl23 libitm1 libjbig0
Selecting previously unselected package libjbig0:arm64.
Preparing to unpack .../40-g++-aarch64-linux-gnu_4%3a13.2.0-7ubuntu1_arm64.deb ...
Unpacking g++-aarch64-linux-gnu (4:13.2.0-7ubuntu1) ...
Preparing to unpack .../70-libjbig0_2.1-6.1ubuntu2_arm64.deb ...
Unpacking libjbig0:arm64 (2.1-6.1ubuntu2) ...
Setting up libheif1:arm64 (1.17.6-1ubuntu4.6) ...
 done
Generation complete.
Selecting previously unselected package g++.
Setting up libheif-plugin-aomenc:arm64 (1.17.6-1ubuntu4.6) ...
Setting up python3-wheel (0.42.0-2) ...
Preparing to unpack .../41-g++_4%3a13.2.0-7ubuntu1_arm64.deb ...
Unpacking g++ (4:13.2.0-7ubuntu1) ...
Selecting previously unselected package liblerc4:arm64.
Preparing to unpack .../71-liblerc4_4.0.0+ds-4ubuntu2_arm64.deb ...
Processing triggers for libc-bin (2.39-0ubuntu8.8) ...
Unpacking liblerc4:arm64 (4.0.0+ds-4ubuntu2) ...
Selecting previously unselected package make.
Preparing to unpack .../42-make_4.3-4.1build2_arm64.deb ...
  libjpeg-turbo8 libjpeg8 libjs-jquery libjs-sphinxdoc libjs-underscore
  liblerc4 liblsan0 libmpc3 libpython3-dev libpython3.12-dev libsframe1
  libsharpyuv0 libstdc++-13-dev libtiff6 libtsan2 libubsan1 libwebp7 libxpm4
  linux-libc-dev linux-tools-common locales lto-disabled-list make
  manpages-dev pigz python3-dev python3-wheel python3.12-dev rpcsvc-proto runc
  ubuntu-fan zlib1g-dev
Suggested packages:
  binutils-doc gprofng-gui ifupdown bzip2-doc cpp-doc gcc-13-locales
  cpp-13-doc aufs-tools cgroupfs-mount | cgroup-lite debootstrap docker-buildx
  docker-compose-v2 docker-doc rinse zfs-fuse | zfsutils debian-keyring
  gcc-13-doc gcc-multilib autoconf automake libtool flex bison gdb gcc-doc
  gdb-aarch64-linux-gnu apache2 | lighttpd | httpd glibc-doc libnss-nis
  libnss-nisplus bzr libgd-tools libheif-plugin-libde265 libheif-plugin-x265
  libheif-plugin-ffmpegdec libheif-plugin-jpegdec libheif-plugin-jpegenc
  libheif-plugin-j2kdec libheif-plugin-j2kenc libheif-plugin-rav1e
  libheif-plugin-svtenc libstdc++-13-doc make-doc
The following NEW packages will be installed:
  binutils binutils-aarch64-linux-gnu binutils-common bridge-utils
  build-essential bzip2 containerd cpp cpp-13 cpp-13-aarch64-linux-gnu
  cpp-aarch64-linux-gnu dns-root-data dnsmasq-base docker.io dpkg-dev fakeroot
  fontconfig-config fonts-dejavu-core fonts-dejavu-mono g++ g++-13
  g++-13-aarch64-linux-gnu g++-aarch64-linux-gnu gcc gcc-13
  gcc-13-aarch64-linux-gnu gcc-13-base gcc-aarch64-linux-gnu javascript-common
  libalgorithm-diff-perl libalgorithm-diff-xs-perl libalgorithm-merge-perl
  libaom3 libasan8 libatomic1 libbinutils libc-dev-bin libc-devtools libc6-dev
  libcc1-0 libcrypt-dev libctf-nobfd0 libctf0 libdeflate0 libdpkg-perl
  libexpat1-dev libfakeroot libfile-fcntllock-perl libfontconfig1
  libgcc-13-dev libgd3 libgomp1 libgprofng0 libheif-plugin-aomdec
  libheif-plugin-aomenc libheif1 libhwasan0 libisl23 libitm1 libjbig0
  libjpeg-turbo8 libjpeg8 libjs-jquery libjs-sphinxdoc libjs-underscore
  liblerc4 liblsan0 libmpc3 libpython3-dev libpython3.12-dev libsframe1
  libsharpyuv0 libstdc++-13-dev libtiff6 libtsan2 libubsan1 libwebp7 libxpm4
  linux-libc-dev lto-disabled-list make manpages-dev pigz python3-dev
  python3-pip python3-wheel python3.12-dev rpcsvc-proto runc ubuntu-fan
  zlib1g-dev
The following packages will be upgraded:
  libc-bin libc6 linux-tools-common locales
Unpacking make (4.3-4.1build2) ...
Processing triggers for man-db (2.12.0-4build2) ...
Selecting previously unselected package libwebp7:arm64.
Get:88 http://us-east-1.ec2.ports.ubuntu.com/ubuntu-ports noble-updates/main arm64 libpython3-dev arm64 3.12.3-0ubuntu2.1 [10.4 kB]
Get:89 http://us-east-1.ec2.ports.ubuntu.com/ubuntu-ports noble-updates/main arm64 linux-tools-common all 6.8.0-136.136 [416 kB]
Preparing to unpack .../72-libwebp7_1.3.2-0.4build3_arm64.deb ...
Unpacking libwebp7:arm64 (1.3.2-0.4build3) ...
Get:90 http://us-east-1.ec2.ports.ubuntu.com/ubuntu-ports noble/main arm64 manpages-dev all 6.7-2 [2013 kB]
4 upgraded, 91 newly installed, 0 to remove and 30 not upgraded.
Need to get 155 MB of archives.
After this operation, 558 MB of additional disk space will be used.
Get:1 http://us-east-1.ec2.ports.ubuntu.com/ubuntu-ports noble-updates/main arm64 libc6 arm64 2.39-0ubuntu8.8 [2775 kB]
Selecting previously unselected package libdpkg-perl.
Preparing to unpack .../43-libdpkg-perl_1.22.6ubuntu6.6_all.deb ...
Unpacking libdpkg-perl (1.22.6ubuntu6.6) ...
Selecting previously unselected package libtiff6:arm64.
Preparing to unpack .../73-libtiff6_4.5.1+git230720-4ubuntu2.5_arm64.deb ...
Unpacking libtiff6:arm64 (4.5.1+git230720-4ubuntu2.5) ...
Get:91 http://us-east-1.ec2.ports.ubuntu.com/ubuntu-ports noble-updates/main arm64 python3.12-dev arm64 3.12.3-1ubuntu0.15 [498 kB]
Selecting previously unselected package libxpm4:arm64.
Selecting previously unselected package bzip2.
Preparing to unpack .../74-libxpm4_1%3a3.5.17-1ubuntu0.24.04.1_arm64.deb ...
Preparing to unpack .../44-bzip2_1.0.8-5.1build0.1_arm64.deb ...
Setting up libjbig0:arm64 (2.1-6.1ubuntu2) ...
Unpacking libxpm4:arm64 (1:3.5.17-1ubuntu0.24.04.1) ...
Get:92 http://us-east-1.ec2.ports.ubuntu.com/ubuntu-ports noble-updates/main arm64 python3-dev arm64 3.12.3-0ubuntu2.1 [26.7 kB]
Get:93 http://us-east-1.ec2.ports.ubuntu.com/ubuntu-ports noble/universe arm64 python3-wheel all 0.42.0-2 [53.1 kB]
Unpacking bzip2 (1.0.8-5.1build0.1) ...
Setting up libsframe1:arm64 (2.42-4ubuntu2.10) ...
Get:94 http://us-east-1.ec2.ports.ubuntu.com/ubuntu-ports noble-updates/universe arm64 python3-pip all 24.0+dfsg-1ubuntu1.3 [1320 kB]
Setting up libfakeroot:arm64 (1.33-1) ...
Setting up runc (1.3.4-0ubuntu1~24.04.1) ...
Setting up dns-root-data (2024071801~ubuntu0.24.04.1) ...
Selecting previously unselected package libgd3:arm64.
Setting up fakeroot (1.33-1) ...
Selecting previously unselected package lto-disabled-list.
Preparing to unpack .../75-libgd3_2.3.3-9ubuntu5_arm64.deb ...
Preparing to unpack .../45-lto-disabled-list_47_all.deb ...
Unpacking lto-disabled-list (47) ...
Get:95 http://us-east-1.ec2.ports.ubuntu.com/ubuntu-ports noble-updates/universe arm64 ubuntu-fan all 0.12.16+24.04.1 [34.2 kB]
Unpacking libgd3:arm64 (2.3.3-9ubuntu5) ...
update-alternatives: using /usr/bin/fakeroot-sysv to provide /usr/bin/fakeroot (fakeroot) in auto mode
Setting up rpcsvc-proto (1.4.2-0ubuntu7) ...
Setting up gcc-13-base:arm64 (13.3.0-6ubuntu2~24.04.1) ...
Selecting previously unselected package libc-devtools.
Setting up make (4.3-4.1build2) ...
Preparing to unpack .../76-libc-devtools_2.39-0ubuntu8.8_arm64.deb ...
Unpacking libc-devtools (2.39-0ubuntu8.8) ...
Setting up fonts-dejavu-mono (2.37-8) ...
Selecting previously unselected package dpkg-dev.
Preparing to unpack .../46-dpkg-dev_1.22.6ubuntu6.6_all.deb ...
Unpacking dpkg-dev (1.22.6ubuntu6.6) ...
Setting up libmpc3:arm64 (1.3.1-1build1.1) ...
Setting up libatomic1:arm64 (14.2.0-4ubuntu2~24.04.1) ...
Selecting previously unselected package libexpat1-dev:arm64.
Get:2 http://us-east-1.ec2.ports.ubuntu.com/ubuntu-ports noble-updates/main arm64 libc-bin arm64 2.39-0ubuntu8.8 [591 kB]
Setting up fonts-dejavu-core (2.37-8) ...
Preparing to unpack .../77-libexpat1-dev_2.6.1-2ubuntu0.4_arm64.deb ...
Get:3 http://us-east-1.ec2.ports.ubuntu.com/ubuntu-ports noble/universe arm64 pigz arm64 2.8-1 [60.7 kB]
Get:4 http://us-east-1.ec2.ports.ubuntu.com/ubuntu-ports noble-updates/main arm64 locales all 2.39-0ubuntu8.8 [4231 kB]
Unpacking libexpat1-dev:arm64 (2.6.1-2ubuntu0.4) ...
Setting up python3-pip (24.0+dfsg-1ubuntu1.3) ...
Selecting previously unselected package libfile-fcntllock-perl.
Preparing to unpack .../78-libfile-fcntllock-perl_0.22-4ubuntu5_arm64.deb ...
Unpacking libfile-fcntllock-perl (0.22-4ubuntu5) ...
Get:5 http://us-east-1.ec2.ports.ubuntu.com/ubuntu-ports noble-updates/main arm64 binutils-common arm64 2.42-4ubuntu2.10 [240 kB]
Get:6 http://us-east-1.ec2.ports.ubuntu.com/ubuntu-ports noble-updates/main arm64 libsframe1 arm64 2.42-4ubuntu2.10 [15.4 kB]
Get:7 http://us-east-1.ec2.ports.ubuntu.com/ubuntu-ports noble-updates/main arm64 libbinutils arm64 2.42-4ubuntu2.10 [766 kB]
Get:8 http://us-east-1.ec2.ports.ubuntu.com/ubuntu-ports noble-updates/main arm64 libctf-nobfd0 arm64 2.42-4ubuntu2.10 [101 kB]
Get:9 http://us-east-1.ec2.ports.ubuntu.com/ubuntu-ports noble-updates/main arm64 libctf0 arm64 2.42-4ubuntu2.10 [95.7 kB]
Get:10 http://us-east-1.ec2.ports.ubuntu.com/ubuntu-ports noble-updates/main arm64 libgprofng0 arm64 2.42-4ubuntu2.10 [776 kB]
Get:11 http://us-east-1.ec2.ports.ubuntu.com/ubuntu-ports noble-updates/main arm64 binutils-aarch64-linux-gnu arm64 2.42-4ubuntu2.10 [3304 kB]
Selecting previously unselected package libheif-plugin-aomenc:arm64.
Preparing to unpack .../79-libheif-plugin-aomenc_1.17.6-1ubuntu4.6_arm64.deb ...
Unpacking libheif-plugin-aomenc:arm64 (1.17.6-1ubuntu4.6) ...
Selecting previously unselected package build-essential.
Preparing to unpack .../47-build-essential_12.10ubuntu1_arm64.deb ...
Unpacking build-essential (12.10ubuntu1) ...
Get:12 http://us-east-1.ec2.ports.ubuntu.com/ubuntu-ports noble-updates/main arm64 binutils arm64 2.42-4ubuntu2.10 [18.1 kB]
Get:13 http://us-east-1.ec2.ports.ubuntu.com/ubuntu-ports noble/main arm64 bridge-utils arm64 1.7.1-1ubuntu2 [34.2 kB]
Get:14 http://us-east-1.ec2.ports.ubuntu.com/ubuntu-ports noble-updates/main arm64 libc-dev-bin arm64 2.39-0ubuntu8.8 [19.7 kB]
Get:15 http://us-east-1.ec2.ports.ubuntu.com/ubuntu-ports noble-updates/main arm64 linux-libc-dev arm64 6.8.0-136.136 [1550 kB]
Get:16 http://us-east-1.ec2.ports.ubuntu.com/ubuntu-ports noble/main arm64 libcrypt-dev arm64 1:4.4.36-4build1 [118 kB]
Get:17 http://us-east-1.ec2.ports.ubuntu.com/ubuntu-ports noble/main arm64 rpcsvc-proto arm64 1.4.2-0ubuntu7 [64.8 kB]
Get:18 http://us-east-1.ec2.ports.ubuntu.com/ubuntu-ports noble-updates/main arm64 libc6-dev arm64 2.39-0ubuntu8.8 [1596 kB]
Selecting previously unselected package libjs-jquery.
Get:19 http://us-east-1.ec2.ports.ubuntu.com/ubuntu-ports noble-updates/main arm64 gcc-13-base arm64 13.3.0-6ubuntu2~24.04.1 [51.6 kB]
Get:20 http://us-east-1.ec2.ports.ubuntu.com/ubuntu-ports noble-updates/main arm64 libisl23 arm64 0.26-3build1.1 [669 kB]
Get:21 http://us-east-1.ec2.ports.ubuntu.com/ubuntu-ports noble-updates/main arm64 libmpc3 arm64 1.3.1-1build1.1 [56.4 kB]
Get:22 http://us-east-1.ec2.ports.ubuntu.com/ubuntu-ports noble-updates/main arm64 cpp-13-aarch64-linux-gnu arm64 13.3.0-6ubuntu2~24.04.1 [9560 kB]
Preparing to unpack .../80-libjs-jquery_3.6.1+dfsg+~3.5.14-1_all.deb ...
Unpacking libjs-jquery (3.6.1+dfsg+~3.5.14-1) ...
Selecting previously unselected package runc.
Preparing to unpack .../48-runc_1.3.4-0ubuntu1~24.04.1_arm64.deb ...
Unpacking runc (1.3.4-0ubuntu1~24.04.1) ...
Selecting previously unselected package libjs-underscore.
Preparing to unpack .../81-libjs-underscore_1.13.4~dfsg+~1.11.4-3_all.deb ...
Unpacking libjs-underscore (1.13.4~dfsg+~1.11.4-3) ...
Selecting previously unselected package libjs-sphinxdoc.
Preparing to unpack .../82-libjs-sphinxdoc_7.2.6-6_all.deb ...
Unpacking libjs-sphinxdoc (7.2.6-6) ...
Get:23 http://us-east-1.ec2.ports.ubuntu.com/ubuntu-ports noble-updates/main arm64 cpp-13 arm64 13.3.0-6ubuntu2~24.04.1 [1038 B]
Get:24 http://us-east-1.ec2.ports.ubuntu.com/ubuntu-ports noble/main arm64 cpp-aarch64-linux-gnu arm64 4:13.2.0-7ubuntu1 [5316 B]
Selecting previously unselected package zlib1g-dev:arm64.
Get:25 http://us-east-1.ec2.ports.ubuntu.com/ubuntu-ports noble/main arm64 cpp arm64 4:13.2.0-7ubuntu1 [22.4 kB]
Get:26 http://us-east-1.ec2.ports.ubuntu.com/ubuntu-ports noble-updates/main arm64 libcc1-0 arm64 14.2.0-4ubuntu2~24.04.1 [49.7 kB]
Get:27 http://us-east-1.ec2.ports.ubuntu.com/ubuntu-ports noble-updates/main arm64 libgomp1 arm64 14.2.0-4ubuntu2~24.04.1 [145 kB]
Get:28 http://us-east-1.ec2.ports.ubuntu.com/ubuntu-ports noble-updates/main arm64 libitm1 arm64 14.2.0-4ubuntu2~24.04.1 [28.2 kB]
Get:29 http://us-east-1.ec2.ports.ubuntu.com/ubuntu-ports noble-updates/main arm64 libatomic1 arm64 14.2.0-4ubuntu2~24.04.1 [11.6 kB]
Preparing to unpack .../83-zlib1g-dev_1%3a1.3.dfsg-3.1ubuntu2.1_arm64.deb ...
Get:30 http://us-east-1.ec2.ports.ubuntu.com/ubuntu-ports noble-updates/main arm64 libasan8 arm64 14.2.0-4ubuntu2~24.04.1 [2928 kB]
Unpacking zlib1g-dev:arm64 (1:1.3.dfsg-3.1ubuntu2.1) ...
Get:53 http://us-east-1.ec2.ports.ubuntu.com/ubuntu-ports noble-updates/main arm64 dns-root-data all 2024071801~ubuntu0.24.04.1 [5918 B]
Get:54 http://us-east-1.ec2.ports.ubuntu.com/ubuntu-ports noble-updates/main arm64 dnsmasq-base arm64 2.90-2ubuntu0.4 [367 kB]
Get:55 http://us-east-1.ec2.ports.ubuntu.com/ubuntu-ports noble-updates/universe arm64 docker.io arm64 29.1.3-0ubuntu3~24.04.2 [32.0 MB]
Get:31 http://us-east-1.ec2.ports.ubuntu.com/ubuntu-ports noble-updates/main arm64 liblsan0 arm64 14.2.0-4ubuntu2~24.04.1 [1289 kB]
Get:32 http://us-east-1.ec2.ports.ubuntu.com/ubuntu-ports noble-updates/main arm64 libtsan2 arm64 14.2.0-4ubuntu2~24.04.1 [2697 kB]
Selecting previously unselected package libpython3.12-dev:arm64.
Preconfiguring packages ...
Preparing to unpack .../84-libpython3.12-dev_3.12.3-1ubuntu0.15_arm64.deb ...
Unpacking libpython3.12-dev:arm64 (3.12.3-1ubuntu0.15) ...
Get:33 http://us-east-1.ec2.ports.ubuntu.com/ubuntu-ports noble-updates/main arm64 libubsan1 arm64 14.2.0-4ubuntu2~24.04.1 [1157 kB]
Get:34 http://us-east-1.ec2.ports.ubuntu.com/ubuntu-ports noble-updates/main arm64 libhwasan0 arm64 14.2.0-4ubuntu2~24.04.1 [1605 kB]
Get:35 http://us-east-1.ec2.ports.ubuntu.com/ubuntu-ports noble-updates/main arm64 libgcc-13-dev arm64 13.3.0-6ubuntu2~24.04.1 [2473 kB]
Selecting previously unselected package containerd.
Get:36 http://us-east-1.ec2.ports.ubuntu.com/ubuntu-ports noble-updates/main arm64 gcc-13-aarch64-linux-gnu arm64 13.3.0-6ubuntu2~24.04.1 [18.7 MB]
Preparing to unpack .../49-containerd_2.2.1-0ubuntu1~24.04.3_arm64.deb ...
Unpacking containerd (2.2.1-0ubuntu1~24.04.3) ...
Setting up libjpeg-turbo8:arm64 (2.1.5-2ubuntu2) ...
Fetched 155 MB in 7s (23.0 MB/s)
Setting up bridge-utils (1.7.1-1ubuntu2) ...
(Reading database ... (Reading database ... 5%(Reading database ... 10%(Reading database ... 15%(Reading database ... 20%(Reading database ... 25%(Reading database ... 30%(Reading database ... 35%(Reading database ... 40%(Reading database ... 45%(Reading database ... 50%(Reading database ... 55%Selecting previously unselected package libpython3-dev:arm64.
Setting up libdpkg-perl (1.22.6ubuntu6.6) ...
(Reading database ... 60%Preparing to unpack .../85-libpython3-dev_3.12.3-0ubuntu2.1_arm64.deb ...
Unpacking libpython3-dev:arm64 (3.12.3-0ubuntu2.1) ...
Setting up libwebp7:arm64 (1.3.2-0.4build3) ...
(Reading database ... 65%Setting up libubsan1:arm64 (14.2.0-4ubuntu2~24.04.1) ...
Preparing to unpack .../86-linux-tools-common_6.8.0-136.136_all.deb ...
Unpacking linux-tools-common (6.8.0-136.136) over (6.8.0-134.134) ...
Setting up libhwasan0:arm64 (14.2.0-4ubuntu2~24.04.1) ...
(Reading database ... 70%Setting up pigz (2.8-1) ...
Get:37 http://us-east-1.ec2.ports.ubuntu.com/ubuntu-ports noble-updates/main arm64 gcc-13 arm64 13.3.0-6ubuntu2~24.04.1 [484 kB]
Setting up libcrypt-dev:arm64 (1:4.4.36-4build1) ...
(Reading database ... 75%Get:38 http://us-east-1.ec2.ports.ubuntu.com/ubuntu-ports noble/main arm64 gcc-aarch64-linux-gnu arm64 4:13.2.0-7ubuntu1 [1198 B]
Get:39 http://us-east-1.ec2.ports.ubuntu.com/ubuntu-ports noble/main arm64 gcc arm64 4:13.2.0-7ubuntu1 [5018 B]
Get:40 http://us-east-1.ec2.ports.ubuntu.com/ubuntu-ports noble-updates/main arm64 libstdc++-13-dev arm64 13.3.0-6ubuntu2~24.04.1 [2397 kB]
Selecting previously unselected package manpages-dev.
Preparing to unpack .../87-manpages-dev_6.7-2_all.deb ...
(Reading database ... 80%(Reading database ... 85%Setting up libasan8:arm64 (14.2.0-4ubuntu2~24.04.1) ...
Setting up libtsan2:arm64 (14.2.0-4ubuntu2~24.04.1) ...
Setting up libjs-jquery (3.6.1+dfsg+~3.5.14-1) ...
Setting up libbinutils:arm64 (2.42-4ubuntu2.10) ...
Unpacking manpages-dev (6.7-2) ...
(Reading database ... 90%Setting up libisl23:arm64 (0.26-3build1.1) ...
Setting up libc-dev-bin (2.39-0ubuntu8.8) ...
(Reading database ... 95%Setting up containerd (2.2.1-0ubuntu1~24.04.3) ...
(Reading database ... 100%(Reading database ... 74109 files and directories currently installed.)
Preparing to unpack .../libc6_2.39-0ubuntu8.8_arm64.deb ...
Selecting previously unselected package python3.12-dev.
Preparing to unpack .../88-python3.12-dev_3.12.3-1ubuntu0.15_arm64.deb ...
Unpacking python3.12-dev (3.12.3-1ubuntu0.15) ...
Selecting previously unselected package python3-dev.
Preparing to unpack .../89-python3-dev_3.12.3-0ubuntu2.1_arm64.deb ...
Unpacking python3-dev (3.12.3-0ubuntu2.1) ...
Created symlink /etc/systemd/system/multi-user.target.wants/containerd.service → /usr/lib/systemd/system/containerd.service.
Unpacking libc6:arm64 (2.39-0ubuntu8.8) over (2.39-0ubuntu8.7) ...
Selecting previously unselected package python3-wheel.
Preparing to unpack .../90-python3-wheel_0.42.0-2_all.deb ...
Unpacking python3-wheel (0.42.0-2) ...
Selecting previously unselected package python3-pip.
Preparing to unpack .../91-python3-pip_24.0+dfsg-1ubuntu1.3_all.deb ...
Unpacking python3-pip (24.0+dfsg-1ubuntu1.3) ...
Get:41 http://us-east-1.ec2.ports.ubuntu.com/ubuntu-ports noble-updates/main arm64 g++-13-aarch64-linux-gnu arm64 13.3.0-6ubuntu2~24.04.1 [10.9 MB]
Selecting previously unselected package dns-root-data.
Preparing to unpack .../50-dns-root-data_2024071801~ubuntu0.24.04.1_all.deb ...
Unpacking dns-root-data (2024071801~ubuntu0.24.04.1) ...
Setting up libc6:arm64 (2.39-0ubuntu8.8) ...
Selecting previously unselected package dnsmasq-base.
Preparing to unpack .../51-dnsmasq-base_2.90-2ubuntu0.4_arm64.deb ...
Unpacking dnsmasq-base (2.90-2ubuntu0.4) ...
Selecting previously unselected package ubuntu-fan.
Preparing to unpack .../92-ubuntu-fan_0.12.16+24.04.1_all.deb ...
Unpacking ubuntu-fan (0.12.16+24.04.1) ...
Selecting previously unselected package docker.io.
Setting up javascript-common (11+nmu1) ...
Preparing to unpack .../52-docker.io_29.1.3-0ubuntu3~24.04.2_arm64.deb ...
Unpacking docker.io (29.1.3-0ubuntu3~24.04.2) ...
Get:56 http://us-east-1.ec2.ports.ubuntu.com/ubuntu-ports noble/main arm64 libfakeroot arm64 1.33-1 [32.5 kB]
Get:57 http://us-east-1.ec2.ports.ubuntu.com/ubuntu-ports noble/main arm64 fakeroot arm64 1.33-1 [66.9 kB]
Get:58 http://us-east-1.ec2.ports.ubuntu.com/ubuntu-ports noble/main arm64 fonts-dejavu-mono all 2.37-8 [502 kB]
Get:59 http://us-east-1.ec2.ports.ubuntu.com/ubuntu-ports noble/main arm64 fonts-dejavu-core all 2.37-8 [835 kB]
Setting up libsharpyuv0:arm64 (1.3.2-0.4build3) ...
Get:60 http://us-east-1.ec2.ports.ubuntu.com/ubuntu-ports noble/main arm64 fontconfig-config arm64 2.15.0-1.1ubuntu2 [37.4 kB]
Get:61 http://us-east-1.ec2.ports.ubuntu.com/ubuntu-ports noble/main arm64 javascript-common all 11+nmu1 [5936 B]
Get:62 http://us-east-1.ec2.ports.ubuntu.com/ubuntu-ports noble/main arm64 libalgorithm-diff-perl all 1.201-1 [41.8 kB]
Get:63 http://us-east-1.ec2.ports.ubuntu.com/ubuntu-ports noble/main arm64 libalgorithm-diff-xs-perl arm64 0.04-8build3 [10.9 kB]
Get:64 http://us-east-1.ec2.ports.ubuntu.com/ubuntu-ports noble/main arm64 libalgorithm-merge-perl all 0.08-5 [11.4 kB]
Get:65 http://us-east-1.ec2.ports.ubuntu.com/ubuntu-ports noble-updates/main arm64 libaom3 arm64 3.8.2-2ubuntu0.1 [1617 kB]
Setting up libaom3:arm64 (3.8.2-2ubuntu0.1) ...
Setting up manpages-dev (6.7-2) ...
Setting up lto-disabled-list (47) ...
Setting up liblerc4:arm64 (4.0.0+ds-4ubuntu2) ...
Setting up libxpm4:arm64 (1:3.5.17-1ubuntu0.24.04.1) ...
Setting up libfile-fcntllock-perl (0.22-4ubuntu5) ...
Get:66 http://us-east-1.ec2.ports.ubuntu.com/ubuntu-ports noble/main arm64 libfontconfig1 arm64 2.15.0-1.1ubuntu2 [142 kB]
Get:67 http://us-east-1.ec2.ports.ubuntu.com/ubuntu-ports noble/main arm64 libsharpyuv0 arm64 1.3.2-0.4build3 [14.5 kB]
Get:68 http://us-east-1.ec2.ports.ubuntu.com/ubuntu-ports noble-updates/main arm64 libheif-plugin-aomdec arm64 1.17.6-1ubuntu4.6 [11.1 kB]
Get:69 http://us-east-1.ec2.ports.ubuntu.com/ubuntu-ports noble-updates/main arm64 libheif1 arm64 1.17.6-1ubuntu4.6 [260 kB]
Get:70 http://us-east-1.ec2.ports.ubuntu.com/ubuntu-ports noble/main arm64 libjpeg-turbo8 arm64 2.1.5-2ubuntu2 [163 kB]
Get:71 http://us-east-1.ec2.ports.ubuntu.com/ubuntu-ports noble/main arm64 libjpeg8 arm64 8c-2ubuntu11 [2148 B]
Get:72 http://us-east-1.ec2.ports.ubuntu.com/ubuntu-ports noble-updates/main arm64 libdeflate0 arm64 1.19-1build1.1 [43.5 kB]
Get:73 http://us-east-1.ec2.ports.ubuntu.com/ubuntu-ports noble/main arm64 libjbig0 arm64 2.1-6.1ubuntu2 [29.3 kB]
Get:74 http://us-east-1.ec2.ports.ubuntu.com/ubuntu-ports noble/main arm64 liblerc4 arm64 4.0.0+ds-4ubuntu2 [154 kB]
Get:75 http://us-east-1.ec2.ports.ubuntu.com/ubuntu-ports noble/main arm64 libwebp7 arm64 1.3.2-0.4build3 [191 kB]
Get:76 http://us-east-1.ec2.ports.ubuntu.com/ubuntu-ports noble-updates/main arm64 libtiff6 arm64 4.5.1+git230720-4ubuntu2.5 [192 kB]
Get:77 http://us-east-1.ec2.ports.ubuntu.com/ubuntu-ports noble-updates/main arm64 libxpm4 arm64 1:3.5.17-1ubuntu0.24.04.1 [35.3 kB]
Get:78 http://us-east-1.ec2.ports.ubuntu.com/ubuntu-ports noble/main arm64 libgd3 arm64 2.3.3-9ubuntu5 [122 kB]
Get:79 http://us-east-1.ec2.ports.ubuntu.com/ubuntu-ports noble-updates/main arm64 libc-devtools arm64 2.39-0ubuntu8.8 [27.8 kB]
Get:80 http://us-east-1.ec2.ports.ubuntu.com/ubuntu-ports noble-updates/main arm64 libexpat1-dev arm64 2.6.1-2ubuntu0.4 [128 kB]
Get:81 http://us-east-1.ec2.ports.ubuntu.com/ubuntu-ports noble/main arm64 libfile-fcntllock-perl arm64 0.22-4ubuntu5 [30.6 kB]
Get:82 http://us-east-1.ec2.ports.ubuntu.com/ubuntu-ports noble-updates/main arm64 libheif-plugin-aomenc arm64 1.17.6-1ubuntu4.6 [13.7 kB]
Get:83 http://us-east-1.ec2.ports.ubuntu.com/ubuntu-ports noble/main arm64 libjs-jquery all 3.6.1+dfsg+~3.5.14-1 [328 kB]
Get:84 http://us-east-1.ec2.ports.ubuntu.com/ubuntu-ports noble/main arm64 libjs-underscore all 1.13.4~dfsg+~1.11.4-3 [118 kB]
Get:85 http://us-east-1.ec2.ports.ubuntu.com/ubuntu-ports noble/main arm64 libjs-sphinxdoc all 7.2.6-6 [149 kB]
Get:86 http://us-east-1.ec2.ports.ubuntu.com/ubuntu-ports noble-updates/main arm64 zlib1g-dev arm64 1:1.3.dfsg-3.1ubuntu2.1 [894 kB]
Get:87 http://us-east-1.ec2.ports.ubuntu.com/ubuntu-ports noble-updates/main arm64 libpython3.12-dev arm64 3.12.3-1ubuntu0.15 [5538 kB]
Setting up libalgorithm-diff-perl (1.201-1) ...
Setting up binutils-common:arm64 (2.42-4ubuntu2.10) ...
Setting up libdeflate0:arm64 (1.19-1build1.1) ...
Setting up linux-libc-dev:arm64 (6.8.0-136.136) ...
Setting up libctf-nobfd0:arm64 (2.42-4ubuntu2.10) ...
Setting up dnsmasq-base (2.90-2ubuntu0.4) ...
Setting up linux-tools-common (6.8.0-136.136) ...
Setting up libalgorithm-diff-xs-perl:arm64 (0.04-8build3) ...
Setting up libcc1-0:arm64 (14.2.0-4ubuntu2~24.04.1) ...
Setting up libjpeg-turbo8:arm64 (2.1.5-2ubuntu2) ...
Setting up bridge-utils (1.7.1-1ubuntu2) ...
Setting up liblsan0:arm64 (14.2.0-4ubuntu2~24.04.1) ...
Setting up libitm1:arm64 (14.2.0-4ubuntu2~24.04.1) ...
Get:88 http://us-east-1.ec2.ports.ubuntu.com/ubuntu-ports noble-updates/main arm64 libpython3-dev arm64 3.12.3-0ubuntu2.1 [10.4 kB]
Get:89 http://us-east-1.ec2.ports.ubuntu.com/ubuntu-ports noble-updates/main arm64 linux-tools-common all 6.8.0-136.136 [416 kB]
Get:90 http://us-east-1.ec2.ports.ubuntu.com/ubuntu-ports noble/main arm64 manpages-dev all 6.7-2 [2013 kB]
Setting up libjs-underscore (1.13.4~dfsg+~1.11.4-3) ...
Get:91 http://us-east-1.ec2.ports.ubuntu.com/ubuntu-ports noble-updates/main arm64 python3.12-dev arm64 3.12.3-1ubuntu0.15 [498 kB]
Setting up libgomp1:arm64 (14.2.0-4ubuntu2~24.04.1) ...
Get:92 http://us-east-1.ec2.ports.ubuntu.com/ubuntu-ports noble-updates/main arm64 python3-dev arm64 3.12.3-0ubuntu2.1 [26.7 kB]
Setting up libalgorithm-merge-perl (0.08-5) ...
Get:93 http://us-east-1.ec2.ports.ubuntu.com/ubuntu-ports noble/universe arm64 python3-wheel all 0.42.0-2 [53.1 kB]
Get:94 http://us-east-1.ec2.ports.ubuntu.com/ubuntu-ports noble-updates/universe arm64 python3-pip all 24.0+dfsg-1ubuntu1.3 [1320 kB]
Setting up bzip2 (1.0.8-5.1build0.1) ...
Setting up libctf0:arm64 (2.42-4ubuntu2.10) ...
Setting up libdpkg-perl (1.22.6ubuntu6.6) ...
Get:95 http://us-east-1.ec2.ports.ubuntu.com/ubuntu-ports noble-updates/universe arm64 ubuntu-fan all 0.12.16+24.04.1 [34.2 kB]
Setting up locales (2.39-0ubuntu8.8) ...
Setting up libwebp7:arm64 (1.3.2-0.4build3) ...
Setting up libjpeg8:arm64 (8c-2ubuntu11) ...
Setting up libubsan1:arm64 (14.2.0-4ubuntu2~24.04.1) ...
Setting up ubuntu-fan (0.12.16+24.04.1) ...
Setting up libhwasan0:arm64 (14.2.0-4ubuntu2~24.04.1) ...
Setting up pigz (2.8-1) ...
(Reading database ... (Reading database ... 5%(Reading database ... 10%(Reading database ... 15%(Reading database ... 20%(Reading database ... 25%(Reading database ... 30%(Reading database ... 35%(Reading database ... 40%(Reading database ... 45%(Reading database ... 50%(Reading database ... 55%
Running kernel seems to be up-to-date.

Restarting services...
Setting up libcrypt-dev:arm64 (1:4.4.36-4build1) ...
(Reading database ... Setting up libasan8:arm64 (14.2.0-4ubuntu2~24.04.1) ...
Setting up libtsan2:arm64 (14.2.0-4ubuntu2~24.04.1) ...
Setting up libjs-jquery (3.6.1+dfsg+~3.5.14-1) ...
60%(Reading database ... 65%(Reading database ... 70%(Reading database ... 75%(Reading database ... 80%(Reading database ... 85%(Reading database ... 90%(Reading database ... 95%(Reading database ... 100%(Reading database ... 74109 files and directories currently installed.)
Preparing to unpack .../libc-bin_2.39-0ubuntu8.8_arm64.deb ...
Unpacking libc-bin (2.39-0ubuntu8.8) over (2.39-0ubuntu8.7) ...
Setting up libbinutils:arm64 (2.42-4ubuntu2.10) ...
Setting up libc-bin (2.39-0ubuntu8.8) ...
Setting up libisl23:arm64 (0.26-3build1.1) ...
Setting up libc-dev-bin (2.39-0ubuntu8.8) ...
Created symlink /etc/systemd/system/multi-user.target.wants/ubuntu-fan.service → /usr/lib/systemd/system/ubuntu-fan.service.
Setting up containerd (2.2.1-0ubuntu1~24.04.3) ...
 systemctl restart acpid.service chrony.service cron.service irqbalance.service multipathd.service packagekit.service polkit.service rsyslog.service ssh.service systemd-journald.service systemd-networkd.service systemd-resolved.service systemd-udevd.service udisks2.service
Selecting previously unselected package pigz.
(Reading database ... (Reading database ... 5%(Reading database ... 10%(Reading database ... 15%(Reading database ... 20%(Reading database ... 25%(Reading database ... 30%(Reading database ... 35%(Reading database ... 40%(Reading database ... 45%(Reading database ... 50%(Reading database ... 55%(Reading database ... 60%(Reading database ... 65%(Reading database ... 70%(Reading database ... 75%(Reading database ... 80%(Reading database ... 85%(Reading database ... 90%(Reading database ... 95%(Reading database ... 100%(Reading database ... 74109 files and directories currently installed.)
Preparing to unpack .../00-pigz_2.8-1_arm64.deb ...
Unpacking pigz (2.8-1) ...
Preparing to unpack .../01-locales_2.39-0ubuntu8.8_all.deb ...
Unpacking locales (2.39-0ubuntu8.8) over (2.39-0ubuntu8.7) ...
Created symlink /etc/systemd/system/multi-user.target.wants/containerd.service → /usr/lib/systemd/system/containerd.service.
Processing triggers for dbus (1.14.10-4ubuntu4.1) ...
Processing triggers for sgml-base (1.31) ...
Get:42 http://us-east-1.ec2.ports.ubuntu.com/ubuntu-ports noble-updates/main arm64 g++-13 arm64 13.3.0-6ubuntu2~24.04.1 [16.0 kB]
Get:43 http://us-east-1.ec2.ports.ubuntu.com/ubuntu-ports noble/main arm64 g++-aarch64-linux-gnu arm64 4:13.2.0-7ubuntu1 [962 B]
Get:44 http://us-east-1.ec2.ports.ubuntu.com/ubuntu-ports noble/main arm64 g++ arm64 4:13.2.0-7ubuntu1 [1082 B]
Get:45 http://us-east-1.ec2.ports.ubuntu.com/ubuntu-ports noble/main arm64 make arm64 4.3-4.1build2 [178 kB]
Get:46 http://us-east-1.ec2.ports.ubuntu.com/ubuntu-ports noble-updates/main arm64 libdpkg-perl all 1.22.6ubuntu6.6 [268 kB]
Get:47 http://us-east-1.ec2.ports.ubuntu.com/ubuntu-ports noble-updates/main arm64 bzip2 arm64 1.0.8-5.1build0.1 [34.0 kB]
Get:48 http://us-east-1.ec2.ports.ubuntu.com/ubuntu-ports noble/main arm64 lto-disabled-list all 47 [12.4 kB]
Get:49 http://us-east-1.ec2.ports.ubuntu.com/ubuntu-ports noble-updates/main arm64 dpkg-dev all 1.22.6ubuntu6.6 [1074 kB]
Get:50 http://us-east-1.ec2.ports.ubuntu.com/ubuntu-ports noble/main arm64 build-essential arm64 12.10ubuntu1 [4932 B]
Get:51 http://us-east-1.ec2.ports.ubuntu.com/ubuntu-ports noble-updates/main arm64 runc arm64 1.3.4-0ubuntu1~24.04.1 [8578 kB]
Setting up libfontconfig1:arm64 (2.15.0-1.1ubuntu2) ...
Setting up libgd3:arm64 (2.3.3-9ubuntu5) ...
Generating locales (this might take a while)...
  en_US.UTF-8...Setting up libc-devtools (2.39-0ubuntu8.8) ...
Processing triggers for libc-bin (2.39-0ubuntu8.8) ...
Get:52 http://us-east-1.ec2.ports.ubuntu.com/ubuntu-ports noble-updates/main arm64 containerd arm64 2.2.1-0ubuntu1~24.04.3 [25.2 MB]
Selecting previously unselected package binutils-common:arm64.
Preparing to unpack .../02-binutils-common_2.42-4ubuntu2.10_arm64.deb ...
Unpacking binutils-common:arm64 (2.42-4ubuntu2.10) ...
Selecting previously unselected package libsframe1:arm64.
Setting up cpp-13-aarch64-linux-gnu (13.3.0-6ubuntu2~24.04.1) ...
Preparing to unpack .../03-libsframe1_2.42-4ubuntu2.10_arm64.deb ...
Unpacking libsframe1:arm64 (2.42-4ubuntu2.10) ...
Setting up fontconfig-config (2.15.0-1.1ubuntu2) ...
Selecting previously unselected package libbinutils:arm64.
Preparing to unpack .../04-libbinutils_2.42-4ubuntu2.10_arm64.deb ...
Unpacking libbinutils:arm64 (2.42-4ubuntu2.10) ...
Selecting previously unselected package libctf-nobfd0:arm64.
Preparing to unpack .../05-libctf-nobfd0_2.42-4ubuntu2.10_arm64.deb ...
Unpacking libctf-nobfd0:arm64 (2.42-4ubuntu2.10) ...
Selecting previously unselected package libctf0:arm64.
Preparing to unpack .../06-libctf0_2.42-4ubuntu2.10_arm64.deb ...
Unpacking libctf0:arm64 (2.42-4ubuntu2.10) ...
Setting up linux-tools-common (6.8.0-136.136) ...
Setting up docker.io (29.1.3-0ubuntu3~24.04.2) ...

Service restarts being deferred:
 systemctl restart ModemManager.service
 /etc/needrestart/restart.d/dbus.service
 systemctl restart getty@tty1.service
 systemctl restart networkd-dispatcher.service
 systemctl restart serial-getty@ttyS0.service
 systemctl restart systemd-logind.service
 systemctl restart unattended-upgrades.service

No containers need to be restarted.

User sessions running outdated binaries:
 ubuntu @ session #3: sshd[1440,1524]
 ubuntu @ user manager service: systemd[1305]

No VM guests are running outdated hypervisor (qemu) binaries on this host.
Selecting previously unselected package libgprofng0:arm64.
Setting up libalgorithm-diff-xs-perl:arm64 (0.04-8build3) ...
Preparing to unpack .../07-libgprofng0_2.42-4ubuntu2.10_arm64.deb ...
Unpacking libgprofng0:arm64 (2.42-4ubuntu2.10) ...
Setting up libcc1-0:arm64 (14.2.0-4ubuntu2~24.04.1) ...
Preconfiguring packages ...
Setting up liblsan0:arm64 (14.2.0-4ubuntu2~24.04.1) ...
Selecting previously unselected package binutils-aarch64-linux-gnu.
Setting up libitm1:arm64 (14.2.0-4ubuntu2~24.04.1) ...
Preparing to unpack .../08-binutils-aarch64-linux-gnu_2.42-4ubuntu2.10_arm64.deb ...
Unpacking binutils-aarch64-linux-gnu (2.42-4ubuntu2.10) ...
Setting up libjs-underscore (1.13.4~dfsg+~1.11.4-3) ...
Get:53 http://us-east-1.ec2.ports.ubuntu.com/ubuntu-ports noble-updates/main arm64 dns-root-data all 2024071801~ubuntu0.24.04.1 [5918 B]
Get:54 http://us-east-1.ec2.ports.ubuntu.com/ubuntu-ports noble-updates/main arm64 dnsmasq-base arm64 2.90-2ubuntu0.4 [367 kB]
Setting up libalgorithm-merge-perl (0.08-5) ...
Get:55 http://us-east-1.ec2.ports.ubuntu.com/ubuntu-ports noble-updates/universe arm64 docker.io arm64 29.1.3-0ubuntu3~24.04.2 [32.0 MB]
Setting up libctf0:arm64 (2.42-4ubuntu2.10) ...
Setting up libjpeg8:arm64 (8c-2ubuntu11) ...
info: Selecting GID from range 100 to 999 ...
info: Adding group `docker' (GID 112) ...
Setting up ubuntu-fan (0.12.16+24.04.1) ...
Fetched 155 MB in 4s (41.5 MB/s)
Selecting previously unselected package binutils.
Preparing to unpack .../09-binutils_2.42-4ubuntu2.10_arm64.deb ...
Unpacking binutils (2.42-4ubuntu2.10) ...
(Reading database ... Selecting previously unselected package bridge-utils.
Preparing to unpack .../10-bridge-utils_1.7.1-1ubuntu2_arm64.deb ...
Unpacking bridge-utils (1.7.1-1ubuntu2) ...
(Reading database ... 5%(Reading database ... 10%(Reading database ... 15%(Reading database ... 20%(Reading database ... 25%(Reading database ... 30%(Reading database ... 35%(Reading database ... 40%(Reading database ... 45%(Reading database ... 50%(Reading database ... 55%Selecting previously unselected package libc-dev-bin.
Created symlink /etc/systemd/system/multi-user.target.wants/docker.service → /usr/lib/systemd/system/docker.service.
Preparing to unpack .../11-libc-dev-bin_2.39-0ubuntu8.8_arm64.deb ...
Unpacking libc-dev-bin (2.39-0ubuntu8.8) ...
Created symlink /etc/systemd/system/multi-user.target.wants/ubuntu-fan.service → /usr/lib/systemd/system/ubuntu-fan.service.
Selecting previously unselected package linux-libc-dev:arm64.
Preparing to unpack .../12-linux-libc-dev_6.8.0-136.136_arm64.deb ...
Unpacking linux-libc-dev:arm64 (6.8.0-136.136) ...
Created symlink /etc/systemd/system/sockets.target.wants/docker.socket → /usr/lib/systemd/system/docker.socket.
(Reading database ... 60%(Reading database ... 65%(Reading database ... 70%Selecting previously unselected package libcrypt-dev:arm64.
Preparing to unpack .../13-libcrypt-dev_1%3a4.4.36-4build1_arm64.deb ...
Unpacking libcrypt-dev:arm64 (1:4.4.36-4build1) ...
(Reading database ... 75%Selecting previously unselected package rpcsvc-proto.
Get:56 http://us-east-1.ec2.ports.ubuntu.com/ubuntu-ports noble/main arm64 libfakeroot arm64 1.33-1 [32.5 kB]
Preparing to unpack .../14-rpcsvc-proto_1.4.2-0ubuntu7_arm64.deb ...
Get:57 http://us-east-1.ec2.ports.ubuntu.com/ubuntu-ports noble/main arm64 fakeroot arm64 1.33-1 [66.9 kB]
Unpacking rpcsvc-proto (1.4.2-0ubuntu7) ...
Get:58 http://us-east-1.ec2.ports.ubuntu.com/ubuntu-ports noble/main arm64 fonts-dejavu-mono all 2.37-8 [502 kB]
Selecting previously unselected package libfakeroot:arm64.
Get:59 http://us-east-1.ec2.ports.ubuntu.com/ubuntu-ports noble/main arm64 fonts-dejavu-core all 2.37-8 [835 kB]
Preparing to unpack .../53-libfakeroot_1.33-1_arm64.deb ...
Get:60 http://us-east-1.ec2.ports.ubuntu.com/ubuntu-ports noble/main arm64 fontconfig-config arm64 2.15.0-1.1ubuntu2 [37.4 kB]
Get:61 http://us-east-1.ec2.ports.ubuntu.com/ubuntu-ports noble/main arm64 javascript-common all 11+nmu1 [5936 B]
Get:62 http://us-east-1.ec2.ports.ubuntu.com/ubuntu-ports noble/main arm64 libalgorithm-diff-perl all 1.201-1 [41.8 kB]
Get:63 http://us-east-1.ec2.ports.ubuntu.com/ubuntu-ports noble/main arm64 libalgorithm-diff-xs-perl arm64 0.04-8build3 [10.9 kB]
Get:64 http://us-east-1.ec2.ports.ubuntu.com/ubuntu-ports noble/main arm64 libalgorithm-merge-perl all 0.08-5 [11.4 kB]
Get:65 http://us-east-1.ec2.ports.ubuntu.com/ubuntu-ports noble-updates/main arm64 libaom3 arm64 3.8.2-2ubuntu0.1 [1617 kB]
Unpacking libfakeroot:arm64 (1.33-1) ...
(Reading database ... 80%Selecting previously unselected package libc6-dev:arm64.
Preparing to unpack .../15-libc6-dev_2.39-0ubuntu8.8_arm64.deb ...
Setting up cpp-13-aarch64-linux-gnu (13.3.0-6ubuntu2~24.04.1) ...
Unpacking libc6-dev:arm64 (2.39-0ubuntu8.8) ...
Selecting previously unselected package fakeroot.
Setting up fontconfig-config (2.15.0-1.1ubuntu2) ...
Get:66 http://us-east-1.ec2.ports.ubuntu.com/ubuntu-ports noble/main arm64 libfontconfig1 arm64 2.15.0-1.1ubuntu2 [142 kB]
Get:67 http://us-east-1.ec2.ports.ubuntu.com/ubuntu-ports noble/main arm64 libsharpyuv0 arm64 1.3.2-0.4build3 [14.5 kB]
Get:68 http://us-east-1.ec2.ports.ubuntu.com/ubuntu-ports noble-updates/main arm64 libheif-plugin-aomdec arm64 1.17.6-1ubuntu4.6 [11.1 kB]
Get:69 http://us-east-1.ec2.ports.ubuntu.com/ubuntu-ports noble-updates/main arm64 libheif1 arm64 1.17.6-1ubuntu4.6 [260 kB]
Get:70 http://us-east-1.ec2.ports.ubuntu.com/ubuntu-ports noble/main arm64 libjpeg-turbo8 arm64 2.1.5-2ubuntu2 [163 kB]
Get:71 http://us-east-1.ec2.ports.ubuntu.com/ubuntu-ports noble/main arm64 libjpeg8 arm64 8c-2ubuntu11 [2148 B]
Get:72 http://us-east-1.ec2.ports.ubuntu.com/ubuntu-ports noble-updates/main arm64 libdeflate0 arm64 1.19-1build1.1 [43.5 kB]
Get:73 http://us-east-1.ec2.ports.ubuntu.com/ubuntu-ports noble/main arm64 libjbig0 arm64 2.1-6.1ubuntu2 [29.3 kB]
Get:74 http://us-east-1.ec2.ports.ubuntu.com/ubuntu-ports noble/main arm64 liblerc4 arm64 4.0.0+ds-4ubuntu2 [154 kB]
Preparing to unpack .../54-fakeroot_1.33-1_arm64.deb ...
Get:75 http://us-east-1.ec2.ports.ubuntu.com/ubuntu-ports noble/main arm64 libwebp7 arm64 1.3.2-0.4build3 [191 kB]
Get:76 http://us-east-1.ec2.ports.ubuntu.com/ubuntu-ports noble-updates/main arm64 libtiff6 arm64 4.5.1+git230720-4ubuntu2.5 [192 kB]
Unpacking fakeroot (1.33-1) ...
(Reading database ... 85%Get:77 http://us-east-1.ec2.ports.ubuntu.com/ubuntu-ports noble-updates/main arm64 libxpm4 arm64 1:3.5.17-1ubuntu0.24.04.1 [35.3 kB]
Get:78 http://us-east-1.ec2.ports.ubuntu.com/ubuntu-ports noble/main arm64 libgd3 arm64 2.3.3-9ubuntu5 [122 kB]
Get:79 http://us-east-1.ec2.ports.ubuntu.com/ubuntu-ports noble-updates/main arm64 libc-devtools arm64 2.39-0ubuntu8.8 [27.8 kB]
Get:80 http://us-east-1.ec2.ports.ubuntu.com/ubuntu-ports noble-updates/main arm64 libexpat1-dev arm64 2.6.1-2ubuntu0.4 [128 kB]
Get:81 http://us-east-1.ec2.ports.ubuntu.com/ubuntu-ports noble/main arm64 libfile-fcntllock-perl arm64 0.22-4ubuntu5 [30.6 kB]
Get:82 http://us-east-1.ec2.ports.ubuntu.com/ubuntu-ports noble-updates/main arm64 libheif-plugin-aomenc arm64 1.17.6-1ubuntu4.6 [13.7 kB]
Get:83 http://us-east-1.ec2.ports.ubuntu.com/ubuntu-ports noble/main arm64 libjs-jquery all 3.6.1+dfsg+~3.5.14-1 [328 kB]
Get:84 http://us-east-1.ec2.ports.ubuntu.com/ubuntu-ports noble/main arm64 libjs-underscore all 1.13.4~dfsg+~1.11.4-3 [118 kB]
Get:85 http://us-east-1.ec2.ports.ubuntu.com/ubuntu-ports noble/main arm64 libjs-sphinxdoc all 7.2.6-6 [149 kB]
Get:86 http://us-east-1.ec2.ports.ubuntu.com/ubuntu-ports noble-updates/main arm64 zlib1g-dev arm64 1:1.3.dfsg-3.1ubuntu2.1 [894 kB]
(Reading database ... 90%Selecting previously unselected package fonts-dejavu-mono.
Get:87 http://us-east-1.ec2.ports.ubuntu.com/ubuntu-ports noble-updates/main arm64 libpython3.12-dev arm64 3.12.3-1ubuntu0.15 [5538 kB]
Preparing to unpack .../55-fonts-dejavu-mono_2.37-8_all.deb ...
Unpacking fonts-dejavu-mono (2.37-8) ...
Selecting previously unselected package gcc-13-base:arm64.
Preparing to unpack .../16-gcc-13-base_13.3.0-6ubuntu2~24.04.1_arm64.deb ...
Unpacking gcc-13-base:arm64 (13.3.0-6ubuntu2~24.04.1) ...
(Reading database ... 95%Get:88 http://us-east-1.ec2.ports.ubuntu.com/ubuntu-ports noble-updates/main arm64 libpython3-dev arm64 3.12.3-0ubuntu2.1 [10.4 kB]
Get:89 http://us-east-1.ec2.ports.ubuntu.com/ubuntu-ports noble-updates/main arm64 linux-tools-common all 6.8.0-136.136 [416 kB]
Selecting previously unselected package fonts-dejavu-core.
Get:90 http://us-east-1.ec2.ports.ubuntu.com/ubuntu-ports noble/main arm64 manpages-dev all 6.7-2 [2013 kB]
Preparing to unpack .../56-fonts-dejavu-core_2.37-8_all.deb ...
Get:91 http://us-east-1.ec2.ports.ubuntu.com/ubuntu-ports noble-updates/main arm64 python3.12-dev arm64 3.12.3-1ubuntu0.15 [498 kB]
Get:92 http://us-east-1.ec2.ports.ubuntu.com/ubuntu-ports noble-updates/main arm64 python3-dev arm64 3.12.3-0ubuntu2.1 [26.7 kB]
Get:93 http://us-east-1.ec2.ports.ubuntu.com/ubuntu-ports noble/universe arm64 python3-wheel all 0.42.0-2 [53.1 kB]
Get:94 http://us-east-1.ec2.ports.ubuntu.com/ubuntu-ports noble-updates/universe arm64 python3-pip all 24.0+dfsg-1ubuntu1.3 [1320 kB]
Unpacking fonts-dejavu-core (2.37-8) ...
Get:95 http://us-east-1.ec2.ports.ubuntu.com/ubuntu-ports noble-updates/universe arm64 ubuntu-fan all 0.12.16+24.04.1 [34.2 kB]
Selecting previously unselected package libisl23:arm64.
Setting up docker.io (29.1.3-0ubuntu3~24.04.2) ...
Preparing to unpack .../17-libisl23_0.26-3build1.1_arm64.deb ...
Unpacking libisl23:arm64 (0.26-3build1.1) ...
(Reading database ... 100%(Reading database ... 74109 files and directories currently installed.)
Preparing to unpack .../libc6_2.39-0ubuntu8.8_arm64.deb ...
Selecting previously unselected package fontconfig-config.
Preparing to unpack .../57-fontconfig-config_2.15.0-1.1ubuntu2_arm64.deb ...
Selecting previously unselected package libmpc3:arm64.
Preparing to unpack .../18-libmpc3_1.3.1-1build1.1_arm64.deb ...
Unpacking libmpc3:arm64 (1.3.1-1build1.1) ...
Selecting previously unselected package cpp-13-aarch64-linux-gnu.
info: Selecting GID from range 100 to 999 ...
info: Adding group `docker' (GID 112) ...
Preparing to unpack .../19-cpp-13-aarch64-linux-gnu_13.3.0-6ubuntu2~24.04.1_arm64.deb ...
Unpacking cpp-13-aarch64-linux-gnu (13.3.0-6ubuntu2~24.04.1) ...
Unpacking fontconfig-config (2.15.0-1.1ubuntu2) ...
Unpacking libc6:arm64 (2.39-0ubuntu8.8) over (2.39-0ubuntu8.7) ...
Setting up cpp-aarch64-linux-gnu (4:13.2.0-7ubuntu1) ...
Setting up libgprofng0:arm64 (2.42-4ubuntu2.10) ...
Setting up libjs-sphinxdoc (7.2.6-6) ...
Setting up libgcc-13-dev:arm64 (13.3.0-6ubuntu2~24.04.1) ...
Selecting previously unselected package javascript-common.
Processing triggers for dbus (1.14.10-4ubuntu4.1) ...
Preparing to unpack .../58-javascript-common_11+nmu1_all.deb ...
Setting up libtiff6:arm64 (4.5.1+git230720-4ubuntu2.5) ...
Unpacking javascript-common (11+nmu1) ...
Processing triggers for sgml-base (1.31) ...
Setting up libc6-dev:arm64 (2.39-0ubuntu8.8) ...
Created symlink /etc/systemd/system/multi-user.target.wants/docker.service → /usr/lib/systemd/system/docker.service.
Setting up libfontconfig1:arm64 (2.15.0-1.1ubuntu2) ...
Setting up libstdc++-13-dev:arm64 (13.3.0-6ubuntu2~24.04.1) ...
Selecting previously unselected package libalgorithm-diff-perl.
Setting up libgd3:arm64 (2.3.3-9ubuntu5) ...
Preparing to unpack .../59-libalgorithm-diff-perl_1.201-1_all.deb ...
 done
Generation complete.
Setting up libc-devtools (2.39-0ubuntu8.8) ...
Unpacking libalgorithm-diff-perl (1.201-1) ...
Setting up cpp-13 (13.3.0-6ubuntu2~24.04.1) ...
Processing triggers for libc-bin (2.39-0ubuntu8.8) ...
Setting up binutils-aarch64-linux-gnu (2.42-4ubuntu2.10) ...
Selecting previously unselected package libalgorithm-diff-xs-perl:arm64.
Setting up python3-wheel (0.42.0-2) ...
Preparing to unpack .../60-libalgorithm-diff-xs-perl_0.04-8build3_arm64.deb ...
Setting up binutils (2.42-4ubuntu2.10) ...
Selecting previously unselected package cpp-13.
Preparing to unpack .../20-cpp-13_13.3.0-6ubuntu2~24.04.1_arm64.deb ...
Unpacking cpp-13 (13.3.0-6ubuntu2~24.04.1) ...
Unpacking libalgorithm-diff-xs-perl:arm64 (0.04-8build3) ...
Setting up gcc-13-aarch64-linux-gnu (13.3.0-6ubuntu2~24.04.1) ...
Setting up libc6:arm64 (2.39-0ubuntu8.8) ...
Selecting previously unselected package cpp-aarch64-linux-gnu.
Created symlink /etc/systemd/system/sockets.target.wants/docker.socket → /usr/lib/systemd/system/docker.socket.
Setting up dpkg-dev (1.22.6ubuntu6.6) ...
Preparing to unpack .../21-cpp-aarch64-linux-gnu_4%3a13.2.0-7ubuntu1_arm64.deb ...
Unpacking cpp-aarch64-linux-gnu (4:13.2.0-7ubuntu1) ...
Selecting previously unselected package libalgorithm-merge-perl.
Preparing to unpack .../61-libalgorithm-merge-perl_0.08-5_all.deb ...
Unpacking libalgorithm-merge-perl (0.08-5) ...
Setting up libexpat1-dev:arm64 (2.6.1-2ubuntu0.4) ...
Selecting previously unselected package cpp.
Preparing to unpack .../22-cpp_4%3a13.2.0-7ubuntu1_arm64.deb ...
Setting up gcc-13 (13.3.0-6ubuntu2~24.04.1) ...
Unpacking cpp (4:13.2.0-7ubuntu1) ...
Selecting previously unselected package libaom3:arm64.
Preparing to unpack .../62-libaom3_3.8.2-2ubuntu0.1_arm64.deb ...
Unpacking libaom3:arm64 (3.8.2-2ubuntu0.1) ...
Selecting previously unselected package libcc1-0:arm64.
Setting up zlib1g-dev:arm64 (1:1.3.dfsg-3.1ubuntu2.1) ...
Preparing to unpack .../23-libcc1-0_14.2.0-4ubuntu2~24.04.1_arm64.deb ...
Unpacking libcc1-0:arm64 (14.2.0-4ubuntu2~24.04.1) ...
Setting up cpp (4:13.2.0-7ubuntu1) ...
Selecting previously unselected package libgomp1:arm64.
Preparing to unpack .../24-libgomp1_14.2.0-4ubuntu2~24.04.1_arm64.deb ...
Setting up g++-13-aarch64-linux-gnu (13.3.0-6ubuntu2~24.04.1) ...
Unpacking libgomp1:arm64 (14.2.0-4ubuntu2~24.04.1) ...
Selecting previously unselected package libfontconfig1:arm64.
Setting up libjbig0:arm64 (2.1-6.1ubuntu2) ...
Preparing to unpack .../63-libfontconfig1_2.15.0-1.1ubuntu2_arm64.deb ...
Unpacking libfontconfig1:arm64 (2.15.0-1.1ubuntu2) ...
Setting up libsframe1:arm64 (2.42-4ubuntu2.10) ...
Setting up gcc-aarch64-linux-gnu (4:13.2.0-7ubuntu1) ...
Setting up libfakeroot:arm64 (1.33-1) ...
Selecting previously unselected package libitm1:arm64.
Preparing to unpack .../25-libitm1_14.2.0-4ubuntu2~24.04.1_arm64.deb ...
Unpacking libitm1:arm64 (14.2.0-4ubuntu2~24.04.1) ...
Setting up g++-13 (13.3.0-6ubuntu2~24.04.1) ...
Setting up runc (1.3.4-0ubuntu1~24.04.1) ...
Setting up dns-root-data (2024071801~ubuntu0.24.04.1) ...
Setting up libpython3.12-dev:arm64 (3.12.3-1ubuntu0.15) ...
Selecting previously unselected package libsharpyuv0:arm64.
Preparing to unpack .../64-libsharpyuv0_1.3.2-0.4build3_arm64.deb ...
Selecting previously unselected package libatomic1:arm64.
Unpacking libsharpyuv0:arm64 (1.3.2-0.4build3) ...
Preparing to unpack .../26-libatomic1_14.2.0-4ubuntu2~24.04.1_arm64.deb ...
Unpacking libatomic1:arm64 (14.2.0-4ubuntu2~24.04.1) ...
Setting up gcc (4:13.2.0-7ubuntu1) ...
Setting up fakeroot (1.33-1) ...
Selecting previously unselected package libheif-plugin-aomdec:arm64.
Preparing to unpack .../65-libheif-plugin-aomdec_1.17.6-1ubuntu4.6_arm64.deb ...
Unpacking libheif-plugin-aomdec:arm64 (1.17.6-1ubuntu4.6) ...
Selecting previously unselected package libasan8:arm64.
Setting up python3.12-dev (3.12.3-1ubuntu0.15) ...
update-alternatives: using /usr/bin/fakeroot-sysv to provide /usr/bin/fakeroot (fakeroot) in auto mode
Preparing to unpack .../27-libasan8_14.2.0-4ubuntu2~24.04.1_arm64.deb ...
Unpacking libasan8:arm64 (14.2.0-4ubuntu2~24.04.1) ...
Setting up rpcsvc-proto (1.4.2-0ubuntu7) ...
Setting up g++-aarch64-linux-gnu (4:13.2.0-7ubuntu1) ...
Setting up gcc-13-base:arm64 (13.3.0-6ubuntu2~24.04.1) ...
Selecting previously unselected package libheif1:arm64.
Setting up libpython3-dev:arm64 (3.12.3-0ubuntu2.1) ...
Preparing to unpack .../66-libheif1_1.17.6-1ubuntu4.6_arm64.deb ...
Unpacking libheif1:arm64 (1.17.6-1ubuntu4.6) ...
Setting up make (4.3-4.1build2) ...
Setting up python3-dev (3.12.3-0ubuntu2.1) ...
Setting up fonts-dejavu-mono (2.37-8) ...
Setting up g++ (4:13.2.0-7ubuntu1) ...
update-alternatives: using /usr/bin/g++ to provide /usr/bin/c++ (c++) in auto mode
Selecting previously unselected package liblsan0:arm64.
Selecting previously unselected package libjpeg-turbo8:arm64.
Preparing to unpack .../28-liblsan0_14.2.0-4ubuntu2~24.04.1_arm64.deb ...
Unpacking liblsan0:arm64 (14.2.0-4ubuntu2~24.04.1) ...
Setting up build-essential (12.10ubuntu1) ...
Preparing to unpack .../67-libjpeg-turbo8_2.1.5-2ubuntu2_arm64.deb ...
Setting up libmpc3:arm64 (1.3.1-1build1.1) ...
Unpacking libjpeg-turbo8:arm64 (2.1.5-2ubuntu2) ...
Setting up libheif-plugin-aomdec:arm64 (1.17.6-1ubuntu4.6) ...
Setting up libatomic1:arm64 (14.2.0-4ubuntu2~24.04.1) ...
Setting up libheif1:arm64 (1.17.6-1ubuntu4.6) ...
Setting up fonts-dejavu-core (2.37-8) ...
Setting up python3-pip (24.0+dfsg-1ubuntu1.3) ...
Setting up libheif-plugin-aomenc:arm64 (1.17.6-1ubuntu4.6) ...
Processing triggers for libc-bin (2.39-0ubuntu8.8) ...
Processing triggers for man-db (2.12.0-4build2) ...
Preconfiguring packages ...
Selecting previously unselected package libjpeg8:arm64.
Preparing to unpack .../68-libjpeg8_8c-2ubuntu11_arm64.deb ...
Unpacking libjpeg8:arm64 (8c-2ubuntu11) ...
Selecting previously unselected package libdeflate0:arm64.
Preparing to unpack .../69-libdeflate0_1.19-1build1.1_arm64.deb ...
Unpacking libdeflate0:arm64 (1.19-1build1.1) ...
Selecting previously unselected package libtsan2:arm64.
Preparing to unpack .../29-libtsan2_14.2.0-4ubuntu2~24.04.1_arm64.deb ...
Unpacking libtsan2:arm64 (14.2.0-4ubuntu2~24.04.1) ...
(Reading database ... (Reading database ... 5%(Reading database ... 10%(Reading database ... 15%(Reading database ... 20%(Reading database ... 25%(Reading database ... 30%(Reading database ... 35%(Reading database ... 40%(Reading database ... 45%(Reading database ... 50%(Reading database ... 55%(Reading database ... 60%(Reading database ... 65%(Reading database ... Selecting previously unselected package libjbig0:arm64.
Selecting previously unselected package libubsan1:arm64.
Preparing to unpack .../70-libjbig0_2.1-6.1ubuntu2_arm64.deb ...
Unpacking libjbig0:arm64 (2.1-6.1ubuntu2) ...
Preparing to unpack .../30-libubsan1_14.2.0-4ubuntu2~24.04.1_arm64.deb ...
Unpacking libubsan1:arm64 (14.2.0-4ubuntu2~24.04.1) ...
Fetched 155 MB in 3s (57.0 MB/s)
Selecting previously unselected package liblerc4:arm64.
Preparing to unpack .../71-liblerc4_4.0.0+ds-4ubuntu2_arm64.deb ...
Selecting previously unselected package libhwasan0:arm64.
Unpacking liblerc4:arm64 (4.0.0+ds-4ubuntu2) ...
Preparing to unpack .../31-libhwasan0_14.2.0-4ubuntu2~24.04.1_arm64.deb ...
70%(Reading database ... 75%(Reading database ... 80%(Reading database ... 85%(Reading database ... 90%(Reading database ... 95%(Reading database ... 100%(Reading database ... 74109 files and directories currently installed.)
Preparing to unpack .../libc-bin_2.39-0ubuntu8.8_arm64.deb ...
Unpacking libc-bin (2.39-0ubuntu8.8) over (2.39-0ubuntu8.7) ...
Unpacking libhwasan0:arm64 (14.2.0-4ubuntu2~24.04.1) ...
Selecting previously unselected package libwebp7:arm64.
Preparing to unpack .../72-libwebp7_1.3.2-0.4build3_arm64.deb ...
Unpacking libwebp7:arm64 (1.3.2-0.4build3) ...
(Reading database ... Setting up libc-bin (2.39-0ubuntu8.8) ...
Selecting previously unselected package libgcc-13-dev:arm64.
Preparing to unpack .../32-libgcc-13-dev_13.3.0-6ubuntu2~24.04.1_arm64.deb ...
Unpacking libgcc-13-dev:arm64 (13.3.0-6ubuntu2~24.04.1) ...
(Reading database ... 5%(Reading database ... 10%(Reading database ... 15%(Reading database ... 20%(Reading database ... 25%(Reading database ... 30%(Reading database ... 35%(Reading database ... 40%(Reading database ... 45%(Reading database ... 50%(Reading database ... 55%Setting up cpp-aarch64-linux-gnu (4:13.2.0-7ubuntu1) ...
Selecting previously unselected package libtiff6:arm64.
Setting up libgprofng0:arm64 (2.42-4ubuntu2.10) ...
Preparing to unpack .../73-libtiff6_4.5.1+git230720-4ubuntu2.5_arm64.deb ...
Unpacking libtiff6:arm64 (4.5.1+git230720-4ubuntu2.5) ...
Setting up libjs-sphinxdoc (7.2.6-6) ...
Selecting previously unselected package pigz.
(Reading database ... (Reading database ... 5%(Reading database ... 10%(Reading database ... 15%(Reading database ... 20%(Reading database ... 25%(Reading database ... 30%(Reading database ... 35%(Reading database ... 40%(Reading database ... 45%(Reading database ... 50%(Reading database ... 55%Setting up libgcc-13-dev:arm64 (13.3.0-6ubuntu2~24.04.1) ...
(Reading database ... 60%(Reading database ... 65%(Reading database ... 70%(Reading database ... 75%(Reading database ... 80%Selecting previously unselected package gcc-13-aarch64-linux-gnu.
Setting up libtiff6:arm64 (4.5.1+git230720-4ubuntu2.5) ...
(Reading database ... 85%(Reading database ... 90%(Reading database ... 95%Selecting previously unselected package libxpm4:arm64.
(Reading database ... 100%(Reading database ... 74109 files and directories currently installed.)
Preparing to unpack .../33-gcc-13-aarch64-linux-gnu_13.3.0-6ubuntu2~24.04.1_arm64.deb ...
Preparing to unpack .../74-libxpm4_1%3a3.5.17-1ubuntu0.24.04.1_arm64.deb ...
Unpacking gcc-13-aarch64-linux-gnu (13.3.0-6ubuntu2~24.04.1) ...
Unpacking libxpm4:arm64 (1:3.5.17-1ubuntu0.24.04.1) ...
Setting up libc6-dev:arm64 (2.39-0ubuntu8.8) ...
Setting up libstdc++-13-dev:arm64 (13.3.0-6ubuntu2~24.04.1) ...
Preparing to unpack .../00-pigz_2.8-1_arm64.deb ...
Unpacking pigz (2.8-1) ...
Selecting previously unselected package libgd3:arm64.
Setting up cpp-13 (13.3.0-6ubuntu2~24.04.1) ...
Preparing to unpack .../75-libgd3_2.3.3-9ubuntu5_arm64.deb ...
Unpacking libgd3:arm64 (2.3.3-9ubuntu5) ...
Preparing to unpack .../01-locales_2.39-0ubuntu8.8_all.deb ...
Setting up binutils-aarch64-linux-gnu (2.42-4ubuntu2.10) ...
Unpacking locales (2.39-0ubuntu8.8) over (2.39-0ubuntu8.7) ...
Setting up binutils (2.42-4ubuntu2.10) ...
Selecting previously unselected package libc-devtools.
(Reading database ... 60%Preparing to unpack .../76-libc-devtools_2.39-0ubuntu8.8_arm64.deb ...
Unpacking libc-devtools (2.39-0ubuntu8.8) ...
Setting up gcc-13-aarch64-linux-gnu (13.3.0-6ubuntu2~24.04.1) ...
Setting up dpkg-dev (1.22.6ubuntu6.6) ...
Selecting previously unselected package libexpat1-dev:arm64.
Preparing to unpack .../77-libexpat1-dev_2.6.1-2ubuntu0.4_arm64.deb ...
(Reading database ... 65%Unpacking libexpat1-dev:arm64 (2.6.1-2ubuntu0.4) ...
Setting up libexpat1-dev:arm64 (2.6.1-2ubuntu0.4) ...
Setting up gcc-13 (13.3.0-6ubuntu2~24.04.1) ...
Selecting previously unselected package libfile-fcntllock-perl.
Preparing to unpack .../78-libfile-fcntllock-perl_0.22-4ubuntu5_arm64.deb ...
Unpacking libfile-fcntllock-perl (0.22-4ubuntu5) ...

Running kernel seems to be up-to-date.

Restarting services...
Setting up zlib1g-dev:arm64 (1:1.3.dfsg-3.1ubuntu2.1) ...
(Reading database ... 70%Selecting previously unselected package libheif-plugin-aomenc:arm64.
Setting up cpp (4:13.2.0-7ubuntu1) ...
Preparing to unpack .../79-libheif-plugin-aomenc_1.17.6-1ubuntu4.6_arm64.deb ...
Unpacking libheif-plugin-aomenc:arm64 (1.17.6-1ubuntu4.6) ...
Setting up g++-13-aarch64-linux-gnu (13.3.0-6ubuntu2~24.04.1) ...
Setting up gcc-aarch64-linux-gnu (4:13.2.0-7ubuntu1) ...
Selecting previously unselected package libjs-jquery.
Preparing to unpack .../80-libjs-jquery_3.6.1+dfsg+~3.5.14-1_all.deb ...
Selecting previously unselected package binutils-common:arm64.
Unpacking libjs-jquery (3.6.1+dfsg+~3.5.14-1) ...
Preparing to unpack .../02-binutils-common_2.42-4ubuntu2.10_arm64.deb ...
(Reading database ... 75%(Reading database ... 80%Setting up g++-13 (13.3.0-6ubuntu2~24.04.1) ...
Setting up libpython3.12-dev:arm64 (3.12.3-1ubuntu0.15) ...
Setting up gcc (4:13.2.0-7ubuntu1) ...
Setting up python3.12-dev (3.12.3-1ubuntu0.15) ...
Unpacking binutils-common:arm64 (2.42-4ubuntu2.10) ...
Selecting previously unselected package libsframe1:arm64.
Preparing to unpack .../03-libsframe1_2.42-4ubuntu2.10_arm64.deb ...
Unpacking libsframe1:arm64 (2.42-4ubuntu2.10) ...
Selecting previously unselected package gcc-13.
Preparing to unpack .../34-gcc-13_13.3.0-6ubuntu2~24.04.1_arm64.deb ...
Unpacking gcc-13 (13.3.0-6ubuntu2~24.04.1) ...
 systemctl restart acpid.service chrony.service cron.service irqbalance.service multipathd.service packagekit.service polkit.service rsyslog.service ssh.service systemd-journald.service systemd-networkd.service systemd-resolved.service systemd-udevd.service udisks2.service
Selecting previously unselected package libjs-underscore.
Preparing to unpack .../81-libjs-underscore_1.13.4~dfsg+~1.11.4-3_all.deb ...
Unpacking libjs-underscore (1.13.4~dfsg+~1.11.4-3) ...
Selecting previously unselected package libjs-sphinxdoc.
Setting up g++-aarch64-linux-gnu (4:13.2.0-7ubuntu1) ...
Selecting previously unselected package libbinutils:arm64.
Preparing to unpack .../82-libjs-sphinxdoc_7.2.6-6_all.deb ...
Unpacking libjs-sphinxdoc (7.2.6-6) ...
Preparing to unpack .../04-libbinutils_2.42-4ubuntu2.10_arm64.deb ...
Unpacking libbinutils:arm64 (2.42-4ubuntu2.10) ...
Selecting previously unselected package gcc-aarch64-linux-gnu.
Preparing to unpack .../35-gcc-aarch64-linux-gnu_4%3a13.2.0-7ubuntu1_arm64.deb ...
Setting up libpython3-dev:arm64 (3.12.3-0ubuntu2.1) ...
Unpacking gcc-aarch64-linux-gnu (4:13.2.0-7ubuntu1) ...
(Reading database ... 85%Setting up python3-dev (3.12.3-0ubuntu2.1) ...
Selecting previously unselected package zlib1g-dev:arm64.
Preparing to unpack .../83-zlib1g-dev_1%3a1.3.dfsg-3.1ubuntu2.1_arm64.deb ...
Unpacking zlib1g-dev:arm64 (1:1.3.dfsg-3.1ubuntu2.1) ...
Selecting previously unselected package gcc.
Setting up g++ (4:13.2.0-7ubuntu1) ...
Preparing to unpack .../36-gcc_4%3a13.2.0-7ubuntu1_arm64.deb ...
Unpacking gcc (4:13.2.0-7ubuntu1) ...
Selecting previously unselected package libctf-nobfd0:arm64.
update-alternatives: using /usr/bin/g++ to provide /usr/bin/c++ (c++) in auto mode
Preparing to unpack .../05-libctf-nobfd0_2.42-4ubuntu2.10_arm64.deb ...
Unpacking libctf-nobfd0:arm64 (2.42-4ubuntu2.10) ...
Setting up build-essential (12.10ubuntu1) ...
Selecting previously unselected package libstdc++-13-dev:arm64.
(Reading database ... 90%Selecting previously unselected package libpython3.12-dev:arm64.
Preparing to unpack .../37-libstdc++-13-dev_13.3.0-6ubuntu2~24.04.1_arm64.deb ...
Preparing to unpack .../84-libpython3.12-dev_3.12.3-1ubuntu0.15_arm64.deb ...
Unpacking libstdc++-13-dev:arm64 (13.3.0-6ubuntu2~24.04.1) ...
Unpacking libpython3.12-dev:arm64 (3.12.3-1ubuntu0.15) ...
Setting up libheif-plugin-aomdec:arm64 (1.17.6-1ubuntu4.6) ...
Selecting previously unselected package libctf0:arm64.
Preparing to unpack .../06-libctf0_2.42-4ubuntu2.10_arm64.deb ...
Setting up libheif1:arm64 (1.17.6-1ubuntu4.6) ...
Unpacking libctf0:arm64 (2.42-4ubuntu2.10) ...
Setting up libheif-plugin-aomenc:arm64 (1.17.6-1ubuntu4.6) ...
(Reading database ... 95%Processing triggers for libc-bin (2.39-0ubuntu8.8) ...
Selecting previously unselected package libgprofng0:arm64.
Preparing to unpack .../07-libgprofng0_2.42-4ubuntu2.10_arm64.deb ...
Unpacking libgprofng0:arm64 (2.42-4ubuntu2.10) ...
Processing triggers for man-db (2.12.0-4build2) ...
Selecting previously unselected package binutils-aarch64-linux-gnu.
Preparing to unpack .../08-binutils-aarch64-linux-gnu_2.42-4ubuntu2.10_arm64.deb ...
Unpacking binutils-aarch64-linux-gnu (2.42-4ubuntu2.10) ...
(Reading database ... 100%(Reading database ... 74109 files and directories currently installed.)
Preparing to unpack .../libc6_2.39-0ubuntu8.8_arm64.deb ...
Selecting previously unselected package g++-13-aarch64-linux-gnu.
Preparing to unpack .../38-g++-13-aarch64-linux-gnu_13.3.0-6ubuntu2~24.04.1_arm64.deb ...
Unpacking g++-13-aarch64-linux-gnu (13.3.0-6ubuntu2~24.04.1) ...
Selecting previously unselected package libpython3-dev:arm64.
Preparing to unpack .../85-libpython3-dev_3.12.3-0ubuntu2.1_arm64.deb ...
Unpacking libpython3-dev:arm64 (3.12.3-0ubuntu2.1) ...
Preparing to unpack .../86-linux-tools-common_6.8.0-136.136_all.deb ...
Unpacking linux-tools-common (6.8.0-136.136) over (6.8.0-134.134) ...
Selecting previously unselected package binutils.
Preparing to unpack .../09-binutils_2.42-4ubuntu2.10_arm64.deb ...
Unpacking binutils (2.42-4ubuntu2.10) ...
Unpacking libc6:arm64 (2.39-0ubuntu8.8) over (2.39-0ubuntu8.7) ...
Selecting previously unselected package manpages-dev.
Preparing to unpack .../87-manpages-dev_6.7-2_all.deb ...
Unpacking manpages-dev (6.7-2) ...
Selecting previously unselected package bridge-utils.
Preparing to unpack .../10-bridge-utils_1.7.1-1ubuntu2_arm64.deb ...
Unpacking bridge-utils (1.7.1-1ubuntu2) ...

Service restarts being deferred:
 systemctl restart ModemManager.service
 /etc/needrestart/restart.d/dbus.service
 systemctl restart getty@tty1.service
 systemctl restart networkd-dispatcher.service
 systemctl restart serial-getty@ttyS0.service
 systemctl restart systemd-logind.service
 systemctl restart unattended-upgrades.service

No containers need to be restarted.

User sessions running outdated binaries:
 ubuntu @ session #4: sshd[1445,1579]
 ubuntu @ user manager service: systemd[1294]

No VM guests are running outdated hypervisor (qemu) binaries on this host.
Selecting previously unselected package libc-dev-bin.
Preparing to unpack .../11-libc-dev-bin_2.39-0ubuntu8.8_arm64.deb ...
Unpacking libc-dev-bin (2.39-0ubuntu8.8) ...
Selecting previously unselected package linux-libc-dev:arm64.
Preparing to unpack .../12-linux-libc-dev_6.8.0-136.136_arm64.deb ...
Unpacking linux-libc-dev:arm64 (6.8.0-136.136) ...
Selecting previously unselected package g++-13.
Preparing to unpack .../39-g++-13_13.3.0-6ubuntu2~24.04.1_arm64.deb ...
Unpacking g++-13 (13.3.0-6ubuntu2~24.04.1) ...
Selecting previously unselected package g++-aarch64-linux-gnu.
Preparing to unpack .../40-g++-aarch64-linux-gnu_4%3a13.2.0-7ubuntu1_arm64.deb ...
Unpacking g++-aarch64-linux-gnu (4:13.2.0-7ubuntu1) ...
Setting up libc6:arm64 (2.39-0ubuntu8.8) ...
Selecting previously unselected package g++.
Preparing to unpack .../41-g++_4%3a13.2.0-7ubuntu1_arm64.deb ...
Unpacking g++ (4:13.2.0-7ubuntu1) ...
Selecting previously unselected package python3.12-dev.
Preparing to unpack .../88-python3.12-dev_3.12.3-1ubuntu0.15_arm64.deb ...
Unpacking python3.12-dev (3.12.3-1ubuntu0.15) ...
Setting up libjpeg-turbo8:arm64 (2.1.5-2ubuntu2) ...
Selecting previously unselected package make.
Preparing to unpack .../42-make_4.3-4.1build2_arm64.deb ...
Unpacking make (4.3-4.1build2) ...
Setting up bridge-utils (1.7.1-1ubuntu2) ...
Selecting previously unselected package python3-dev.
Preparing to unpack .../89-python3-dev_3.12.3-0ubuntu2.1_arm64.deb ...
Selecting previously unselected package libdpkg-perl.
Unpacking python3-dev (3.12.3-0ubuntu2.1) ...
Preparing to unpack .../43-libdpkg-perl_1.22.6ubuntu6.6_all.deb ...
Unpacking libdpkg-perl (1.22.6ubuntu6.6) ...
Selecting previously unselected package python3-wheel.
Preparing to unpack .../90-python3-wheel_0.42.0-2_all.deb ...
Unpacking python3-wheel (0.42.0-2) ...
Selecting previously unselected package libcrypt-dev:arm64.
Selecting previously unselected package bzip2.
Preparing to unpack .../13-libcrypt-dev_1%3a4.4.36-4build1_arm64.deb ...
Preparing to unpack .../44-bzip2_1.0.8-5.1build0.1_arm64.deb ...
Unpacking bzip2 (1.0.8-5.1build0.1) ...
Setting up libdpkg-perl (1.22.6ubuntu6.6) ...
Unpacking libcrypt-dev:arm64 (1:4.4.36-4build1) ...
Setting up libwebp7:arm64 (1.3.2-0.4build3) ...
Selecting previously unselected package lto-disabled-list.
Selecting previously unselected package python3-pip.
Preparing to unpack .../91-python3-pip_24.0+dfsg-1ubuntu1.3_all.deb ...
Preparing to unpack .../45-lto-disabled-list_47_all.deb ...
Unpacking lto-disabled-list (47) ...
Unpacking python3-pip (24.0+dfsg-1ubuntu1.3) ...
Setting up libubsan1:arm64 (14.2.0-4ubuntu2~24.04.1) ...
Setting up libhwasan0:arm64 (14.2.0-4ubuntu2~24.04.1) ...
Selecting previously unselected package rpcsvc-proto.
Selecting previously unselected package dpkg-dev.
Preparing to unpack .../46-dpkg-dev_1.22.6ubuntu6.6_all.deb ...
Preparing to unpack .../14-rpcsvc-proto_1.4.2-0ubuntu7_arm64.deb ...
Setting up pigz (2.8-1) ...
Unpacking dpkg-dev (1.22.6ubuntu6.6) ...
Unpacking rpcsvc-proto (1.4.2-0ubuntu7) ...
Setting up libcrypt-dev:arm64 (1:4.4.36-4build1) ...
Setting up libasan8:arm64 (14.2.0-4ubuntu2~24.04.1) ...
Selecting previously unselected package libc6-dev:arm64.
Setting up libtsan2:arm64 (14.2.0-4ubuntu2~24.04.1) ...
Preparing to unpack .../15-libc6-dev_2.39-0ubuntu8.8_arm64.deb ...
Unpacking libc6-dev:arm64 (2.39-0ubuntu8.8) ...
Setting up libjs-jquery (3.6.1+dfsg+~3.5.14-1) ...
Selecting previously unselected package build-essential.
Selecting previously unselected package ubuntu-fan.
Preparing to unpack .../47-build-essential_12.10ubuntu1_arm64.deb ...
Unpacking build-essential (12.10ubuntu1) ...
Preparing to unpack .../92-ubuntu-fan_0.12.16+24.04.1_all.deb ...
Unpacking ubuntu-fan (0.12.16+24.04.1) ...
Setting up libbinutils:arm64 (2.42-4ubuntu2.10) ...
Setting up libisl23:arm64 (0.26-3build1.1) ...
Selecting previously unselected package runc.
Preparing to unpack .../48-runc_1.3.4-0ubuntu1~24.04.1_arm64.deb ...
Unpacking runc (1.3.4-0ubuntu1~24.04.1) ...
Setting up libc-dev-bin (2.39-0ubuntu8.8) ...
Setting up javascript-common (11+nmu1) ...
Setting up containerd (2.2.1-0ubuntu1~24.04.3) ...
Setting up libsharpyuv0:arm64 (1.3.2-0.4build3) ...
(Reading database ... (Reading database ... 5%(Reading database ... 10%(Reading database ... 15%(Reading database ... 20%(Reading database ... 25%(Reading database ... 30%(Reading database ... 35%(Reading database ... 40%(Reading database ... 45%(Reading database ... 50%(Reading database ... 55%Selecting previously unselected package gcc-13-base:arm64.
(Reading database ... 60%Preparing to unpack .../16-gcc-13-base_13.3.0-6ubuntu2~24.04.1_arm64.deb ...
(Reading database ... 65%Setting up libaom3:arm64 (3.8.2-2ubuntu0.1) ...
Setting up manpages-dev (6.7-2) ...
Unpacking gcc-13-base:arm64 (13.3.0-6ubuntu2~24.04.1) ...
Setting up lto-disabled-list (47) ...
Setting up liblerc4:arm64 (4.0.0+ds-4ubuntu2) ...
Setting up libxpm4:arm64 (1:3.5.17-1ubuntu0.24.04.1) ...
Selecting previously unselected package libisl23:arm64.
Setting up libfile-fcntllock-perl (0.22-4ubuntu5) ...
Preparing to unpack .../17-libisl23_0.26-3build1.1_arm64.deb ...
Unpacking libisl23:arm64 (0.26-3build1.1) ...
Setting up libalgorithm-diff-perl (1.201-1) ...
(Reading database ... 70%(Reading database ... 75%(Reading database ... 80%(Reading database ... 85%(Reading database ... 90%(Reading database ... 95%(Reading database ... 100%(Reading database ... 74109 files and directories currently installed.)
Preparing to unpack .../libc-bin_2.39-0ubuntu8.8_arm64.deb ...
Unpacking libc-bin (2.39-0ubuntu8.8) over (2.39-0ubuntu8.7) ...
Setting up binutils-common:arm64 (2.42-4ubuntu2.10) ...
Setting up libdeflate0:arm64 (1.19-1build1.1) ...
Setting up linux-libc-dev:arm64 (6.8.0-136.136) ...
Setting up libctf-nobfd0:arm64 (2.42-4ubuntu2.10) ...
Selecting previously unselected package libmpc3:arm64.
Created symlink /etc/systemd/system/multi-user.target.wants/containerd.service → /usr/lib/systemd/system/containerd.service.
Setting up libc-bin (2.39-0ubuntu8.8) ...
Setting up dnsmasq-base (2.90-2ubuntu0.4) ...
Selecting previously unselected package containerd.
Preparing to unpack .../18-libmpc3_1.3.1-1build1.1_arm64.deb ...
Unpacking libmpc3:arm64 (1.3.1-1build1.1) ...
Selecting previously unselected package cpp-13-aarch64-linux-gnu.
Preparing to unpack .../19-cpp-13-aarch64-linux-gnu_13.3.0-6ubuntu2~24.04.1_arm64.deb ...
Unpacking cpp-13-aarch64-linux-gnu (13.3.0-6ubuntu2~24.04.1) ...
Preparing to unpack .../49-containerd_2.2.1-0ubuntu1~24.04.3_arm64.deb ...
Unpacking containerd (2.2.1-0ubuntu1~24.04.3) ...
Setting up libgomp1:arm64 (14.2.0-4ubuntu2~24.04.1) ...
Setting up bzip2 (1.0.8-5.1build0.1) ...
Setting up locales (2.39-0ubuntu8.8) ...
Selecting previously unselected package pigz.
(Reading database ... (Reading database ... 5%(Reading database ... 10%(Reading database ... 15%(Reading database ... 20%(Reading database ... 25%(Reading database ... 30%(Reading database ... 35%(Reading database ... 40%(Reading database ... 45%(Reading database ... 50%(Reading database ... 55%(Reading database ... 60%sudo: a terminal is required to read the password; either use the -S option to read from standard input or configure an askpass helper
sudo: a password is required
(Reading database ... 65%(Reading database ... 70%(Reading database ... 75%(Reading database ... 80%(Reading database ... 85%
Running kernel seems to be up-to-date.

Restarting services...
sudo: a terminal is required to read the password; either use the -S option to read from standard input or configure an askpass helper
sudo: a password is required
sudo: a terminal is required to read the password; either use the -S option to read from standard input or configure an askpass helper
sudo: a password is required
(Reading database ... 90%(Reading database ... 95%(Reading database ... 100%(Reading database ... 74109 files and directories currently installed.)
Preparing to unpack .../00-pigz_2.8-1_arm64.deb ...
Unpacking pigz (2.8-1) ...
Preparing to unpack .../01-locales_2.39-0ubuntu8.8_all.deb ...
Unpacking locales (2.39-0ubuntu8.8) over (2.39-0ubuntu8.7) ...
 systemctl restart acpid.service chrony.service cron.service irqbalance.service multipathd.service packagekit.service polkit.service rsyslog.service ssh.service systemd-journald.service systemd-networkd.service systemd-resolved.service systemd-udevd.service udisks2.service
Selecting previously unselected package cpp-13.
Preparing to unpack .../20-cpp-13_13.3.0-6ubuntu2~24.04.1_arm64.deb ...
Unpacking cpp-13 (13.3.0-6ubuntu2~24.04.1) ...
Selecting previously unselected package cpp-aarch64-linux-gnu.
Preparing to unpack .../21-cpp-aarch64-linux-gnu_4%3a13.2.0-7ubuntu1_arm64.deb ...
Unpacking cpp-aarch64-linux-gnu (4:13.2.0-7ubuntu1) ...
Setting up linux-tools-common (6.8.0-136.136) ...
Setting up libalgorithm-diff-xs-perl:arm64 (0.04-8build3) ...
[22:09:23] [aisix] fetching aisix + rig.sh @ dd26a545026b ...
Setting up libcc1-0:arm64 (14.2.0-4ubuntu2~24.04.1) ...
Selecting previously unselected package cpp.
Setting up liblsan0:arm64 (14.2.0-4ubuntu2~24.04.1) ...
Preparing to unpack .../22-cpp_4%3a13.2.0-7ubuntu1_arm64.deb ...
Selecting previously unselected package binutils-common:arm64.
Unpacking cpp (4:13.2.0-7ubuntu1) ...
Preparing to unpack .../02-binutils-common_2.42-4ubuntu2.10_arm64.deb ...
Setting up libitm1:arm64 (14.2.0-4ubuntu2~24.04.1) ...
Unpacking binutils-common:arm64 (2.42-4ubuntu2.10) ...
Setting up libjs-underscore (1.13.4~dfsg+~1.11.4-3) ...
Setting up libalgorithm-merge-perl (0.08-5) ...
Selecting previously unselected package libcc1-0:arm64.
Preparing to unpack .../23-libcc1-0_14.2.0-4ubuntu2~24.04.1_arm64.deb ...
Unpacking libcc1-0:arm64 (14.2.0-4ubuntu2~24.04.1) ...
Selecting previously unselected package libsframe1:arm64.
Setting up libctf0:arm64 (2.42-4ubuntu2.10) ...
Preparing to unpack .../03-libsframe1_2.42-4ubuntu2.10_arm64.deb ...
Unpacking libsframe1:arm64 (2.42-4ubuntu2.10) ...
Setting up libjpeg8:arm64 (8c-2ubuntu11) ...
Selecting previously unselected package libgomp1:arm64.
Setting up ubuntu-fan (0.12.16+24.04.1) ...
Preparing to unpack .../24-libgomp1_14.2.0-4ubuntu2~24.04.1_arm64.deb ...
Unpacking libgomp1:arm64 (14.2.0-4ubuntu2~24.04.1) ...
Generating locales (this might take a while)...
Selecting previously unselected package libbinutils:arm64.
Preparing to unpack .../04-libbinutils_2.42-4ubuntu2.10_arm64.deb ...
Unpacking libbinutils:arm64 (2.42-4ubuntu2.10) ...
  en_US.UTF-8...Selecting previously unselected package libitm1:arm64.
Preparing to unpack .../25-libitm1_14.2.0-4ubuntu2~24.04.1_arm64.deb ...
Unpacking libitm1:arm64 (14.2.0-4ubuntu2~24.04.1) ...
Selecting previously unselected package libctf-nobfd0:arm64.
Preparing to unpack .../05-libctf-nobfd0_2.42-4ubuntu2.10_arm64.deb ...
Unpacking libctf-nobfd0:arm64 (2.42-4ubuntu2.10) ...
Selecting previously unselected package dns-root-data.
Preparing to unpack .../50-dns-root-data_2024071801~ubuntu0.24.04.1_all.deb ...
Selecting previously unselected package libatomic1:arm64.
Preparing to unpack .../26-libatomic1_14.2.0-4ubuntu2~24.04.1_arm64.deb ...
Unpacking dns-root-data (2024071801~ubuntu0.24.04.1) ...
Selecting previously unselected package dnsmasq-base.
Preparing to unpack .../51-dnsmasq-base_2.90-2ubuntu0.4_arm64.deb ...
Unpacking dnsmasq-base (2.90-2ubuntu0.4) ...
Unpacking libatomic1:arm64 (14.2.0-4ubuntu2~24.04.1) ...
Selecting previously unselected package libasan8:arm64.
Preparing to unpack .../27-libasan8_14.2.0-4ubuntu2~24.04.1_arm64.deb ...
Unpacking libasan8:arm64 (14.2.0-4ubuntu2~24.04.1) ...
Created symlink /etc/systemd/system/multi-user.target.wants/ubuntu-fan.service → /usr/lib/systemd/system/ubuntu-fan.service.
Selecting previously unselected package libctf0:arm64.
Preparing to unpack .../06-libctf0_2.42-4ubuntu2.10_arm64.deb ...
Unpacking libctf0:arm64 (2.42-4ubuntu2.10) ...
Selecting previously unselected package libgprofng0:arm64.
Preparing to unpack .../07-libgprofng0_2.42-4ubuntu2.10_arm64.deb ...
Unpacking libgprofng0:arm64 (2.42-4ubuntu2.10) ...
Selecting previously unselected package docker.io.
Preparing to unpack .../52-docker.io_29.1.3-0ubuntu3~24.04.2_arm64.deb ...
Unpacking docker.io (29.1.3-0ubuntu3~24.04.2) ...
Selecting previously unselected package binutils-aarch64-linux-gnu.

Service restarts being deferred:
 systemctl restart ModemManager.service
 /etc/needrestart/restart.d/dbus.service
 systemctl restart getty@tty1.service
 systemctl restart networkd-dispatcher.service
 systemctl restart serial-getty@ttyS0.service
 systemctl restart systemd-logind.service
 systemctl restart unattended-upgrades.service

No containers need to be restarted.

User sessions running outdated binaries:
 ubuntu @ session #3: sshd[1441,1525]
 ubuntu @ user manager service: systemd[1301]

No VM guests are running outdated hypervisor (qemu) binaries on this host.
Preparing to unpack .../08-binutils-aarch64-linux-gnu_2.42-4ubuntu2.10_arm64.deb ...
Unpacking binutils-aarch64-linux-gnu (2.42-4ubuntu2.10) ...
Selecting previously unselected package liblsan0:arm64.
Preparing to unpack .../28-liblsan0_14.2.0-4ubuntu2~24.04.1_arm64.deb ...
Unpacking liblsan0:arm64 (14.2.0-4ubuntu2~24.04.1) ...
Selecting previously unselected package libtsan2:arm64.
Preparing to unpack .../29-libtsan2_14.2.0-4ubuntu2~24.04.1_arm64.deb ...
Unpacking libtsan2:arm64 (14.2.0-4ubuntu2~24.04.1) ...
Selecting previously unselected package binutils.
Preparing to unpack .../09-binutils_2.42-4ubuntu2.10_arm64.deb ...
Unpacking binutils (2.42-4ubuntu2.10) ...
Selecting previously unselected package bridge-utils.
Preparing to unpack .../10-bridge-utils_1.7.1-1ubuntu2_arm64.deb ...
Unpacking bridge-utils (1.7.1-1ubuntu2) ...
Selecting previously unselected package libubsan1:arm64.
Preparing to unpack .../30-libubsan1_14.2.0-4ubuntu2~24.04.1_arm64.deb ...
Unpacking libubsan1:arm64 (14.2.0-4ubuntu2~24.04.1) ...
Selecting previously unselected package libc-dev-bin.
Preparing to unpack .../11-libc-dev-bin_2.39-0ubuntu8.8_arm64.deb ...
Unpacking libc-dev-bin (2.39-0ubuntu8.8) ...
Setting up cpp-13-aarch64-linux-gnu (13.3.0-6ubuntu2~24.04.1) ...
Selecting previously unselected package libhwasan0:arm64.
Selecting previously unselected package linux-libc-dev:arm64.
Preparing to unpack .../31-libhwasan0_14.2.0-4ubuntu2~24.04.1_arm64.deb ...
Preparing to unpack .../12-linux-libc-dev_6.8.0-136.136_arm64.deb ...
Unpacking libhwasan0:arm64 (14.2.0-4ubuntu2~24.04.1) ...
Unpacking linux-libc-dev:arm64 (6.8.0-136.136) ...
Setting up fontconfig-config (2.15.0-1.1ubuntu2) ...
Selecting previously unselected package libgcc-13-dev:arm64.
Preparing to unpack .../32-libgcc-13-dev_13.3.0-6ubuntu2~24.04.1_arm64.deb ...
Unpacking libgcc-13-dev:arm64 (13.3.0-6ubuntu2~24.04.1) ...
Selecting previously unselected package libcrypt-dev:arm64.
Setting up docker.io (29.1.3-0ubuntu3~24.04.2) ...
Preparing to unpack .../13-libcrypt-dev_1%3a4.4.36-4build1_arm64.deb ...
Selecting previously unselected package gcc-13-aarch64-linux-gnu.
Unpacking libcrypt-dev:arm64 (1:4.4.36-4build1) ...
Preparing to unpack .../33-gcc-13-aarch64-linux-gnu_13.3.0-6ubuntu2~24.04.1_arm64.deb ...
Unpacking gcc-13-aarch64-linux-gnu (13.3.0-6ubuntu2~24.04.1) ...
Selecting previously unselected package rpcsvc-proto.
Preparing to unpack .../14-rpcsvc-proto_1.4.2-0ubuntu7_arm64.deb ...
Unpacking rpcsvc-proto (1.4.2-0ubuntu7) ...
Selecting previously unselected package libc6-dev:arm64.
Preparing to unpack .../15-libc6-dev_2.39-0ubuntu8.8_arm64.deb ...
Unpacking libc6-dev:arm64 (2.39-0ubuntu8.8) ...
info: Selecting GID from range 100 to 999 ...
info: Adding group `docker' (GID 112) ...
Selecting previously unselected package gcc-13-base:arm64.
Preparing to unpack .../16-gcc-13-base_13.3.0-6ubuntu2~24.04.1_arm64.deb ...
Unpacking gcc-13-base:arm64 (13.3.0-6ubuntu2~24.04.1) ...
Selecting previously unselected package libfakeroot:arm64.
Created symlink /etc/systemd/system/multi-user.target.wants/docker.service → /usr/lib/systemd/system/docker.service.
Preparing to unpack .../53-libfakeroot_1.33-1_arm64.deb ...
Unpacking libfakeroot:arm64 (1.33-1) ...
Processing triggers for dbus (1.14.10-4ubuntu4.1) ...
Selecting previously unselected package libisl23:arm64.
Preparing to unpack .../17-libisl23_0.26-3build1.1_arm64.deb ...
Unpacking libisl23:arm64 (0.26-3build1.1) ...
Selecting previously unselected package fakeroot.
Preparing to unpack .../54-fakeroot_1.33-1_arm64.deb ...
Unpacking fakeroot (1.33-1) ...
Processing triggers for sgml-base (1.31) ...
Selecting previously unselected package fonts-dejavu-mono.
Preparing to unpack .../55-fonts-dejavu-mono_2.37-8_all.deb ...
Unpacking fonts-dejavu-mono (2.37-8) ...
Selecting previously unselected package libmpc3:arm64.
Setting up libfontconfig1:arm64 (2.15.0-1.1ubuntu2) ...
Preparing to unpack .../18-libmpc3_1.3.1-1build1.1_arm64.deb ...
Unpacking libmpc3:arm64 (1.3.1-1build1.1) ...
Created symlink /etc/systemd/system/sockets.target.wants/docker.socket → /usr/lib/systemd/system/docker.socket.
Setting up libgd3:arm64 (2.3.3-9ubuntu5) ...
Selecting previously unselected package fonts-dejavu-core.
Setting up libc-devtools (2.39-0ubuntu8.8) ...
Selecting previously unselected package cpp-13-aarch64-linux-gnu.
Preparing to unpack .../56-fonts-dejavu-core_2.37-8_all.deb ...
Preparing to unpack .../19-cpp-13-aarch64-linux-gnu_13.3.0-6ubuntu2~24.04.1_arm64.deb ...
Unpacking cpp-13-aarch64-linux-gnu (13.3.0-6ubuntu2~24.04.1) ...
Selecting previously unselected package gcc-13.
Unpacking fonts-dejavu-core (2.37-8) ...
Processing triggers for libc-bin (2.39-0ubuntu8.8) ...
Preparing to unpack .../34-gcc-13_13.3.0-6ubuntu2~24.04.1_arm64.deb ...
Unpacking gcc-13 (13.3.0-6ubuntu2~24.04.1) ...
Selecting previously unselected package gcc-aarch64-linux-gnu.
Selecting previously unselected package fontconfig-config.
Preparing to unpack .../57-fontconfig-config_2.15.0-1.1ubuntu2_arm64.deb ...
Preparing to unpack .../35-gcc-aarch64-linux-gnu_4%3a13.2.0-7ubuntu1_arm64.deb ...
Unpacking gcc-aarch64-linux-gnu (4:13.2.0-7ubuntu1) ...
Selecting previously unselected package gcc.
Preparing to unpack .../36-gcc_4%3a13.2.0-7ubuntu1_arm64.deb ...
Unpacking gcc (4:13.2.0-7ubuntu1) ...
Selecting previously unselected package libstdc++-13-dev:arm64.
Preparing to unpack .../37-libstdc++-13-dev_13.3.0-6ubuntu2~24.04.1_arm64.deb ...
Unpacking libstdc++-13-dev:arm64 (13.3.0-6ubuntu2~24.04.1) ...
sudo: a terminal is required to read the password; either use the -S option to read from standard input or configure an askpass helper
sudo: a password is required
sudo: a terminal is required to read the password; either use the -S option to read from standard input or configure an askpass helper
sudo: a password is required
Unpacking fontconfig-config (2.15.0-1.1ubuntu2) ...
Selecting previously unselected package cpp-13.
sudo: a terminal is required to read the password; either use the -S option to read from standard input or configure an askpass helper
sudo: a password is required
Preparing to unpack .../20-cpp-13_13.3.0-6ubuntu2~24.04.1_arm64.deb ...
Unpacking cpp-13 (13.3.0-6ubuntu2~24.04.1) ...
Selecting previously unselected package javascript-common.
Preparing to unpack .../58-javascript-common_11+nmu1_all.deb ...
Selecting previously unselected package cpp-aarch64-linux-gnu.
Preparing to unpack .../21-cpp-aarch64-linux-gnu_4%3a13.2.0-7ubuntu1_arm64.deb ...
Unpacking cpp-aarch64-linux-gnu (4:13.2.0-7ubuntu1) ...
Selecting previously unselected package cpp.
Preparing to unpack .../22-cpp_4%3a13.2.0-7ubuntu1_arm64.deb ...
Unpacking javascript-common (11+nmu1) ...
Selecting previously unselected package libalgorithm-diff-perl.
Preparing to unpack .../59-libalgorithm-diff-perl_1.201-1_all.deb ...
Unpacking libalgorithm-diff-perl (1.201-1) ...
 done
Generation complete.
Setting up python3-wheel (0.42.0-2) ...
Unpacking cpp (4:13.2.0-7ubuntu1) ...
Selecting previously unselected package libalgorithm-diff-xs-perl:arm64.
Preparing to unpack .../60-libalgorithm-diff-xs-perl_0.04-8build3_arm64.deb ...
Unpacking libalgorithm-diff-xs-perl:arm64 (0.04-8build3) ...
Selecting previously unselected package g++-13-aarch64-linux-gnu.
Selecting previously unselected package libcc1-0:arm64.
Preparing to unpack .../38-g++-13-aarch64-linux-gnu_13.3.0-6ubuntu2~24.04.1_arm64.deb ...
Unpacking g++-13-aarch64-linux-gnu (13.3.0-6ubuntu2~24.04.1) ...
Preparing to unpack .../23-libcc1-0_14.2.0-4ubuntu2~24.04.1_arm64.deb ...
Unpacking libcc1-0:arm64 (14.2.0-4ubuntu2~24.04.1) ...
Selecting previously unselected package libalgorithm-merge-perl.
Preparing to unpack .../61-libalgorithm-merge-perl_0.08-5_all.deb ...
Unpacking libalgorithm-merge-perl (0.08-5) ...
Selecting previously unselected package libgomp1:arm64.
Selecting previously unselected package libaom3:arm64.
Preparing to unpack .../24-libgomp1_14.2.0-4ubuntu2~24.04.1_arm64.deb ...
Unpacking libgomp1:arm64 (14.2.0-4ubuntu2~24.04.1) ...
Preparing to unpack .../62-libaom3_3.8.2-2ubuntu0.1_arm64.deb ...
Unpacking libaom3:arm64 (3.8.2-2ubuntu0.1) ...
[22:09:25] [bifrost] fetching bifrost + rig.sh @ dd26a545026b ...
Setting up libjbig0:arm64 (2.1-6.1ubuntu2) ...
Selecting previously unselected package libitm1:arm64.
Preparing to unpack .../25-libitm1_14.2.0-4ubuntu2~24.04.1_arm64.deb ...
Setting up libsframe1:arm64 (2.42-4ubuntu2.10) ...
Unpacking libitm1:arm64 (14.2.0-4ubuntu2~24.04.1) ...
Selecting previously unselected package libfontconfig1:arm64.
Preparing to unpack .../63-libfontconfig1_2.15.0-1.1ubuntu2_arm64.deb ...
Unpacking libfontconfig1:arm64 (2.15.0-1.1ubuntu2) ...
Setting up libfakeroot:arm64 (1.33-1) ...
Setting up runc (1.3.4-0ubuntu1~24.04.1) ...
Setting up dns-root-data (2024071801~ubuntu0.24.04.1) ...
Selecting previously unselected package libatomic1:arm64.
Setting up fakeroot (1.33-1) ...
Selecting previously unselected package libsharpyuv0:arm64.
Preparing to unpack .../26-libatomic1_14.2.0-4ubuntu2~24.04.1_arm64.deb ...
Unpacking libatomic1:arm64 (14.2.0-4ubuntu2~24.04.1) ...
Preparing to unpack .../64-libsharpyuv0_1.3.2-0.4build3_arm64.deb ...
Unpacking libsharpyuv0:arm64 (1.3.2-0.4build3) ...
update-alternatives: using /usr/bin/fakeroot-sysv to provide /usr/bin/fakeroot (fakeroot) in auto mode
Selecting previously unselected package libheif-plugin-aomdec:arm64.
Preparing to unpack .../65-libheif-plugin-aomdec_1.17.6-1ubuntu4.6_arm64.deb ...
Unpacking libheif-plugin-aomdec:arm64 (1.17.6-1ubuntu4.6) ...
Setting up rpcsvc-proto (1.4.2-0ubuntu7) ...
Selecting previously unselected package libasan8:arm64.
Setting up gcc-13-base:arm64 (13.3.0-6ubuntu2~24.04.1) ...
Preparing to unpack .../27-libasan8_14.2.0-4ubuntu2~24.04.1_arm64.deb ...
Unpacking libasan8:arm64 (14.2.0-4ubuntu2~24.04.1) ...
Processing triggers for dbus (1.14.10-4ubuntu4.1) ...
Setting up make (4.3-4.1build2) ...
Selecting previously unselected package libheif1:arm64.
Setting up fonts-dejavu-mono (2.37-8) ...
Preparing to unpack .../66-libheif1_1.17.6-1ubuntu4.6_arm64.deb ...
Unpacking libheif1:arm64 (1.17.6-1ubuntu4.6) ...
Processing triggers for sgml-base (1.31) ...
Setting up libmpc3:arm64 (1.3.1-1build1.1) ...
Setting up libfontconfig1:arm64 (2.15.0-1.1ubuntu2) ...
Selecting previously unselected package g++-13.
Setting up libatomic1:arm64 (14.2.0-4ubuntu2~24.04.1) ...
Setting up libgd3:arm64 (2.3.3-9ubuntu5) ...
Selecting previously unselected package libjpeg-turbo8:arm64.
Preparing to unpack .../39-g++-13_13.3.0-6ubuntu2~24.04.1_arm64.deb ...
Unpacking g++-13 (13.3.0-6ubuntu2~24.04.1) ...
Setting up fonts-dejavu-core (2.37-8) ...
Preparing to unpack .../67-libjpeg-turbo8_2.1.5-2ubuntu2_arm64.deb ...
Setting up libc-devtools (2.39-0ubuntu8.8) ...
[22:09:25] [aisix] fetched 7 file(s) in 2s
Unpacking libjpeg-turbo8:arm64 (2.1.5-2ubuntu2) ...
[22:09:25] [aisix] qualify: performed by the engine (published as rig.box_qualify in the snapshot)
Processing triggers for libc-bin (2.39-0ubuntu8.8) ...
[22:09:25] [aisix] running aisix (latency + RPS + memory) - detached on box; pulling each suite as it completes
Setting up cpp-aarch64-linux-gnu (4:13.2.0-7ubuntu1) ...
Selecting previously unselected package libjpeg8:arm64.
Selecting previously unselected package g++-aarch64-linux-gnu.
Preparing to unpack .../68-libjpeg8_8c-2ubuntu11_arm64.deb ...
Unpacking libjpeg8:arm64 (8c-2ubuntu11) ...
Selecting previously unselected package liblsan0:arm64.
Preparing to unpack .../40-g++-aarch64-linux-gnu_4%3a13.2.0-7ubuntu1_arm64.deb ...
Unpacking g++-aarch64-linux-gnu (4:13.2.0-7ubuntu1) ...
Preparing to unpack .../28-liblsan0_14.2.0-4ubuntu2~24.04.1_arm64.deb ...
Setting up libgprofng0:arm64 (2.42-4ubuntu2.10) ...
Unpacking liblsan0:arm64 (14.2.0-4ubuntu2~24.04.1) ...
Setting up python3-pip (24.0+dfsg-1ubuntu1.3) ...
Setting up libjs-sphinxdoc (7.2.6-6) ...
Selecting previously unselected package libdeflate0:arm64.
Selecting previously unselected package g++.
Preparing to unpack .../69-libdeflate0_1.19-1build1.1_arm64.deb ...
Unpacking libdeflate0:arm64 (1.19-1build1.1) ...
Setting up libgcc-13-dev:arm64 (13.3.0-6ubuntu2~24.04.1) ...
Preparing to unpack .../41-g++_4%3a13.2.0-7ubuntu1_arm64.deb ...
Unpacking g++ (4:13.2.0-7ubuntu1) ...
Setting up libtiff6:arm64 (4.5.1+git230720-4ubuntu2.5) ...
Selecting previously unselected package libjbig0:arm64.
Selecting previously unselected package libtsan2:arm64.
Preparing to unpack .../70-libjbig0_2.1-6.1ubuntu2_arm64.deb ...
Selecting previously unselected package make.
Unpacking libjbig0:arm64 (2.1-6.1ubuntu2) ...
Preparing to unpack .../29-libtsan2_14.2.0-4ubuntu2~24.04.1_arm64.deb ...
Setting up libc6-dev:arm64 (2.39-0ubuntu8.8) ...
Unpacking libtsan2:arm64 (14.2.0-4ubuntu2~24.04.1) ...
Preparing to unpack .../42-make_4.3-4.1build2_arm64.deb ...
Unpacking make (4.3-4.1build2) ...
Setting up libstdc++-13-dev:arm64 (13.3.0-6ubuntu2~24.04.1) ...
Selecting previously unselected package liblerc4:arm64.
Preparing to unpack .../71-liblerc4_4.0.0+ds-4ubuntu2_arm64.deb ...
Setting up cpp-13 (13.3.0-6ubuntu2~24.04.1) ...
Unpacking liblerc4:arm64 (4.0.0+ds-4ubuntu2) ...
Selecting previously unselected package libdpkg-perl.
Setting up binutils-aarch64-linux-gnu (2.42-4ubuntu2.10) ...
Preparing to unpack .../43-libdpkg-perl_1.22.6ubuntu6.6_all.deb ...
Unpacking libdpkg-perl (1.22.6ubuntu6.6) ...
Selecting previously unselected package libwebp7:arm64.
Setting up binutils (2.42-4ubuntu2.10) ...
Preparing to unpack .../72-libwebp7_1.3.2-0.4build3_arm64.deb ...
Unpacking libwebp7:arm64 (1.3.2-0.4build3) ...
Selecting previously unselected package libubsan1:arm64.
Preparing to unpack .../30-libubsan1_14.2.0-4ubuntu2~24.04.1_arm64.deb ...
Setting up gcc-13-aarch64-linux-gnu (13.3.0-6ubuntu2~24.04.1) ...
Unpacking libubsan1:arm64 (14.2.0-4ubuntu2~24.04.1) ...
Setting up dpkg-dev (1.22.6ubuntu6.6) ...
Selecting previously unselected package libtiff6:arm64.
Preparing to unpack .../73-libtiff6_4.5.1+git230720-4ubuntu2.5_arm64.deb ...
Selecting previously unselected package bzip2.
Unpacking libtiff6:arm64 (4.5.1+git230720-4ubuntu2.5) ...
Setting up libexpat1-dev:arm64 (2.6.1-2ubuntu0.4) ...
Setting up gcc-13 (13.3.0-6ubuntu2~24.04.1) ...
Preparing to unpack .../44-bzip2_1.0.8-5.1build0.1_arm64.deb ...
Unpacking bzip2 (1.0.8-5.1build0.1) ...
Selecting previously unselected package lto-disabled-list.
Selecting previously unselected package libhwasan0:arm64.
Selecting previously unselected package libxpm4:arm64.
Preparing to unpack .../74-libxpm4_1%3a3.5.17-1ubuntu0.24.04.1_arm64.deb ...
Unpacking libxpm4:arm64 (1:3.5.17-1ubuntu0.24.04.1) ...
Preparing to unpack .../45-lto-disabled-list_47_all.deb ...
Unpacking lto-disabled-list (47) ...
Preparing to unpack .../31-libhwasan0_14.2.0-4ubuntu2~24.04.1_arm64.deb ...
Unpacking libhwasan0:arm64 (14.2.0-4ubuntu2~24.04.1) ...
Selecting previously unselected package libgd3:arm64.
Preparing to unpack .../75-libgd3_2.3.3-9ubuntu5_arm64.deb ...
Setting up zlib1g-dev:arm64 (1:1.3.dfsg-3.1ubuntu2.1) ...
Unpacking libgd3:arm64 (2.3.3-9ubuntu5) ...
Selecting previously unselected package dpkg-dev.
Setting up cpp (4:13.2.0-7ubuntu1) ...
Preparing to unpack .../46-dpkg-dev_1.22.6ubuntu6.6_all.deb ...
Unpacking dpkg-dev (1.22.6ubuntu6.6) ...
Selecting previously unselected package libc-devtools.
Preparing to unpack .../76-libc-devtools_2.39-0ubuntu8.8_arm64.deb ...
Unpacking libc-devtools (2.39-0ubuntu8.8) ...
Selecting previously unselected package libgcc-13-dev:arm64.
Setting up g++-13-aarch64-linux-gnu (13.3.0-6ubuntu2~24.04.1) ...
Preparing to unpack .../32-libgcc-13-dev_13.3.0-6ubuntu2~24.04.1_arm64.deb ...
Unpacking libgcc-13-dev:arm64 (13.3.0-6ubuntu2~24.04.1) ...
Selecting previously unselected package libexpat1-dev:arm64.
Setting up gcc-aarch64-linux-gnu (4:13.2.0-7ubuntu1) ...
Preparing to unpack .../77-libexpat1-dev_2.6.1-2ubuntu0.4_arm64.deb ...
Unpacking libexpat1-dev:arm64 (2.6.1-2ubuntu0.4) ...
Setting up g++-13 (13.3.0-6ubuntu2~24.04.1) ...
Selecting previously unselected package libfile-fcntllock-perl.
Setting up libpython3.12-dev:arm64 (3.12.3-1ubuntu0.15) ...
Preparing to unpack .../78-libfile-fcntllock-perl_0.22-4ubuntu5_arm64.deb ...
Unpacking libfile-fcntllock-perl (0.22-4ubuntu5) ...
Setting up gcc (4:13.2.0-7ubuntu1) ...
Selecting previously unselected package build-essential.
Preparing to unpack .../47-build-essential_12.10ubuntu1_arm64.deb ...
Selecting previously unselected package libheif-plugin-aomenc:arm64.
Selecting previously unselected package gcc-13-aarch64-linux-gnu.
Unpacking build-essential (12.10ubuntu1) ...
Preparing to unpack .../79-libheif-plugin-aomenc_1.17.6-1ubuntu4.6_arm64.deb ...
Unpacking libheif-plugin-aomenc:arm64 (1.17.6-1ubuntu4.6) ...
Preparing to unpack .../33-gcc-13-aarch64-linux-gnu_13.3.0-6ubuntu2~24.04.1_arm64.deb ...
Unpacking gcc-13-aarch64-linux-gnu (13.3.0-6ubuntu2~24.04.1) ...
Setting up python3.12-dev (3.12.3-1ubuntu0.15) ...
Selecting previously unselected package runc.
Selecting previously unselected package libjs-jquery.
Setting up g++-aarch64-linux-gnu (4:13.2.0-7ubuntu1) ...
Preparing to unpack .../48-runc_1.3.4-0ubuntu1~24.04.1_arm64.deb ...
Preparing to unpack .../80-libjs-jquery_3.6.1+dfsg+~3.5.14-1_all.deb ...
Unpacking runc (1.3.4-0ubuntu1~24.04.1) ...
Unpacking libjs-jquery (3.6.1+dfsg+~3.5.14-1) ...
Setting up libpython3-dev:arm64 (3.12.3-0ubuntu2.1) ...
Setting up python3-dev (3.12.3-0ubuntu2.1) ...
Selecting previously unselected package libjs-underscore.
Preparing to unpack .../81-libjs-underscore_1.13.4~dfsg+~1.11.4-3_all.deb ...
Setting up g++ (4:13.2.0-7ubuntu1) ...
Unpacking libjs-underscore (1.13.4~dfsg+~1.11.4-3) ...
update-alternatives: using /usr/bin/g++ to provide /usr/bin/c++ (c++) in auto mode
Setting up build-essential (12.10ubuntu1) ...
Selecting previously unselected package libjs-sphinxdoc.
Preparing to unpack .../82-libjs-sphinxdoc_7.2.6-6_all.deb ...
Unpacking libjs-sphinxdoc (7.2.6-6) ...
Setting up libheif-plugin-aomdec:arm64 (1.17.6-1ubuntu4.6) ...
Setting up libheif1:arm64 (1.17.6-1ubuntu4.6) ...
Selecting previously unselected package zlib1g-dev:arm64.
Preparing to unpack .../83-zlib1g-dev_1%3a1.3.dfsg-3.1ubuntu2.1_arm64.deb ...
Unpacking zlib1g-dev:arm64 (1:1.3.dfsg-3.1ubuntu2.1) ...
Setting up libheif-plugin-aomenc:arm64 (1.17.6-1ubuntu4.6) ...
Processing triggers for libc-bin (2.39-0ubuntu8.8) ...
Selecting previously unselected package libpython3.12-dev:arm64.
Preparing to unpack .../84-libpython3.12-dev_3.12.3-1ubuntu0.15_arm64.deb ...
Unpacking libpython3.12-dev:arm64 (3.12.3-1ubuntu0.15) ...
Processing triggers for man-db (2.12.0-4build2) ...
Selecting previously unselected package containerd.
Preparing to unpack .../49-containerd_2.2.1-0ubuntu1~24.04.3_arm64.deb ...
Unpacking containerd (2.2.1-0ubuntu1~24.04.3) ...
Selecting previously unselected package gcc-13.
Selecting previously unselected package libpython3-dev:arm64.
Preparing to unpack .../85-libpython3-dev_3.12.3-0ubuntu2.1_arm64.deb ...
Unpacking libpython3-dev:arm64 (3.12.3-0ubuntu2.1) ...
Preparing to unpack .../34-gcc-13_13.3.0-6ubuntu2~24.04.1_arm64.deb ...
Unpacking gcc-13 (13.3.0-6ubuntu2~24.04.1) ...
Selecting previously unselected package gcc-aarch64-linux-gnu.
Preparing to unpack .../35-gcc-aarch64-linux-gnu_4%3a13.2.0-7ubuntu1_arm64.deb ...
Unpacking gcc-aarch64-linux-gnu (4:13.2.0-7ubuntu1) ...
Preparing to unpack .../86-linux-tools-common_6.8.0-136.136_all.deb ...
Unpacking linux-tools-common (6.8.0-136.136) over (6.8.0-134.134) ...
Selecting previously unselected package gcc.
Preparing to unpack .../36-gcc_4%3a13.2.0-7ubuntu1_arm64.deb ...
Unpacking gcc (4:13.2.0-7ubuntu1) ...
Selecting previously unselected package manpages-dev.
Preparing to unpack .../87-manpages-dev_6.7-2_all.deb ...
Unpacking manpages-dev (6.7-2) ...
Selecting previously unselected package libstdc++-13-dev:arm64.
Preparing to unpack .../37-libstdc++-13-dev_13.3.0-6ubuntu2~24.04.1_arm64.deb ...
Unpacking libstdc++-13-dev:arm64 (13.3.0-6ubuntu2~24.04.1) ...
Selecting previously unselected package g++-13-aarch64-linux-gnu.
Preparing to unpack .../38-g++-13-aarch64-linux-gnu_13.3.0-6ubuntu2~24.04.1_arm64.deb ...
Unpacking g++-13-aarch64-linux-gnu (13.3.0-6ubuntu2~24.04.1) ...
Selecting previously unselected package python3.12-dev.
Preparing to unpack .../88-python3.12-dev_3.12.3-1ubuntu0.15_arm64.deb ...
Unpacking python3.12-dev (3.12.3-1ubuntu0.15) ...
[22:09:26] [bifrost] fetched 4 file(s) in 1s
[22:09:26] [bifrost] qualify: performed by the engine (published as rig.box_qualify in the snapshot)
[22:09:26] [bifrost] running bifrost (latency + RPS + memory) - detached on box; pulling each suite as it completes
sudo: a terminal is required to read the password; either use the -S option to read from standard input or configure an askpass helper
sudo: a password is required
Selecting previously unselected package python3-dev.
Preparing to unpack .../89-python3-dev_3.12.3-0ubuntu2.1_arm64.deb ...
Unpacking python3-dev (3.12.3-0ubuntu2.1) ...
sudo: a terminal is required to read the password; either use the -S option to read from standard input or configure an askpass helper
sudo: a password is required
sudo: a terminal is required to read the password; either use the -S option to read from standard input or configure an askpass helper
sudo: a password is required
Selecting previously unselected package python3-wheel.
Preparing to unpack .../90-python3-wheel_0.42.0-2_all.deb ...
Unpacking python3-wheel (0.42.0-2) ...
Setting up libjpeg-turbo8:arm64 (2.1.5-2ubuntu2) ...
Setting up bridge-utils (1.7.1-1ubuntu2) ...
Selecting previously unselected package python3-pip.
Preparing to unpack .../91-python3-pip_24.0+dfsg-1ubuntu1.3_all.deb ...
Unpacking python3-pip (24.0+dfsg-1ubuntu1.3) ...
Selecting previously unselected package g++-13.
Preparing to unpack .../39-g++-13_13.3.0-6ubuntu2~24.04.1_arm64.deb ...
Unpacking g++-13 (13.3.0-6ubuntu2~24.04.1) ...
Setting up libdpkg-perl (1.22.6ubuntu6.6) ...
Selecting previously unselected package g++-aarch64-linux-gnu.
Preparing to unpack .../40-g++-aarch64-linux-gnu_4%3a13.2.0-7ubuntu1_arm64.deb ...
Unpacking g++-aarch64-linux-gnu (4:13.2.0-7ubuntu1) ...
Setting up libwebp7:arm64 (1.3.2-0.4build3) ...
[22:09:26] [apisix] fetching apisix + rig.sh @ dd26a545026b ...
Setting up libubsan1:arm64 (14.2.0-4ubuntu2~24.04.1) ...
Setting up libhwasan0:arm64 (14.2.0-4ubuntu2~24.04.1) ...
Selecting previously unselected package g++.
Preparing to unpack .../41-g++_4%3a13.2.0-7ubuntu1_arm64.deb ...
Unpacking g++ (4:13.2.0-7ubuntu1) ...
Selecting previously unselected package make.
Preparing to unpack .../42-make_4.3-4.1build2_arm64.deb ...
Unpacking make (4.3-4.1build2) ...
Selecting previously unselected package ubuntu-fan.
Preparing to unpack .../92-ubuntu-fan_0.12.16+24.04.1_all.deb ...
Setting up pigz (2.8-1) ...
Setting up libcrypt-dev:arm64 (1:4.4.36-4build1) ...
Setting up libasan8:arm64 (14.2.0-4ubuntu2~24.04.1) ...
Selecting previously unselected package dns-root-data.
Unpacking ubuntu-fan (0.12.16+24.04.1) ...
Preparing to unpack .../50-dns-root-data_2024071801~ubuntu0.24.04.1_all.deb ...
Setting up libtsan2:arm64 (14.2.0-4ubuntu2~24.04.1) ...
Selecting previously unselected package libdpkg-perl.
Unpacking dns-root-data (2024071801~ubuntu0.24.04.1) ...
Setting up libjs-jquery (3.6.1+dfsg+~3.5.14-1) ...
Preparing to unpack .../43-libdpkg-perl_1.22.6ubuntu6.6_all.deb ...
Unpacking libdpkg-perl (1.22.6ubuntu6.6) ...
Setting up libbinutils:arm64 (2.42-4ubuntu2.10) ...
Setting up javascript-common (11+nmu1) ...
Setting up libisl23:arm64 (0.26-3build1.1) ...
Setting up libc-dev-bin (2.39-0ubuntu8.8) ...
Selecting previously unselected package bzip2.
Preparing to unpack .../44-bzip2_1.0.8-5.1build0.1_arm64.deb ...
Setting up containerd (2.2.1-0ubuntu1~24.04.3) ...
Unpacking bzip2 (1.0.8-5.1build0.1) ...
Setting up libsharpyuv0:arm64 (1.3.2-0.4build3) ...
Selecting previously unselected package dnsmasq-base.
Setting up libaom3:arm64 (3.8.2-2ubuntu0.1) ...
Preparing to unpack .../51-dnsmasq-base_2.90-2ubuntu0.4_arm64.deb ...
Selecting previously unselected package lto-disabled-list.
Setting up manpages-dev (6.7-2) ...
Preparing to unpack .../45-lto-disabled-list_47_all.deb ...
Unpacking dnsmasq-base (2.90-2ubuntu0.4) ...
Unpacking lto-disabled-list (47) ...
Setting up lto-disabled-list (47) ...
Setting up liblerc4:arm64 (4.0.0+ds-4ubuntu2) ...
Selecting previously unselected package dpkg-dev.
Preparing to unpack .../46-dpkg-dev_1.22.6ubuntu6.6_all.deb ...
Setting up libxpm4:arm64 (1:3.5.17-1ubuntu0.24.04.1) ...
Unpacking dpkg-dev (1.22.6ubuntu6.6) ...
Setting up libfile-fcntllock-perl (0.22-4ubuntu5) ...

Running kernel seems to be up-to-date.

Restarting services...
Setting up libalgorithm-diff-perl (1.201-1) ...
Setting up binutils-common:arm64 (2.42-4ubuntu2.10) ...
Selecting previously unselected package docker.io.
Preparing to unpack .../52-docker.io_29.1.3-0ubuntu3~24.04.2_arm64.deb ...
Unpacking docker.io (29.1.3-0ubuntu3~24.04.2) ...
Created symlink /etc/systemd/system/multi-user.target.wants/containerd.service → /usr/lib/systemd/system/containerd.service.
Setting up libdeflate0:arm64 (1.19-1build1.1) ...
Setting up linux-libc-dev:arm64 (6.8.0-136.136) ...
Setting up libctf-nobfd0:arm64 (2.42-4ubuntu2.10) ...
Selecting previously unselected package build-essential.
Setting up dnsmasq-base (2.90-2ubuntu0.4) ...
Preparing to unpack .../47-build-essential_12.10ubuntu1_arm64.deb ...
Unpacking build-essential (12.10ubuntu1) ...
Selecting previously unselected package runc.
Preparing to unpack .../48-runc_1.3.4-0ubuntu1~24.04.1_arm64.deb ...
 systemctl restart acpid.service chrony.service cron.service irqbalance.service multipathd.service packagekit.service polkit.service rsyslog.service ssh.service systemd-journald.service systemd-networkd.service systemd-resolved.service systemd-udevd.service udisks2.service
Unpacking runc (1.3.4-0ubuntu1~24.04.1) ...
Setting up libgomp1:arm64 (14.2.0-4ubuntu2~24.04.1) ...
Setting up bzip2 (1.0.8-5.1build0.1) ...
Setting up locales (2.39-0ubuntu8.8) ...
Selecting previously unselected package containerd.
Preparing to unpack .../49-containerd_2.2.1-0ubuntu1~24.04.3_arm64.deb ...
Unpacking containerd (2.2.1-0ubuntu1~24.04.3) ...
Setting up linux-tools-common (6.8.0-136.136) ...
Setting up libalgorithm-diff-xs-perl:arm64 (0.04-8build3) ...
Setting up libcc1-0:arm64 (14.2.0-4ubuntu2~24.04.1) ...
Setting up liblsan0:arm64 (14.2.0-4ubuntu2~24.04.1) ...
Setting up libitm1:arm64 (14.2.0-4ubuntu2~24.04.1) ...
Setting up libjs-underscore (1.13.4~dfsg+~1.11.4-3) ...
Setting up libalgorithm-merge-perl (0.08-5) ...
Setting up libctf0:arm64 (2.42-4ubuntu2.10) ...
Setting up libjpeg8:arm64 (8c-2ubuntu11) ...
Setting up ubuntu-fan (0.12.16+24.04.1) ...

Service restarts being deferred:
 systemctl restart ModemManager.service
 /etc/needrestart/restart.d/dbus.service
 systemctl restart getty@tty1.service
 systemctl restart networkd-dispatcher.service
 systemctl restart serial-getty@ttyS0.service
 systemctl restart systemd-logind.service
 systemctl restart unattended-upgrades.service

No containers need to be restarted.

User sessions running outdated binaries:
 ubuntu @ session #3: sshd[1439,1523]
 ubuntu @ user manager service: systemd[1287]

No VM guests are running outdated hypervisor (qemu) binaries on this host.
Generating locales (this might take a while)...
  en_US.UTF-8...
Running kernel seems to be up-to-date.

Restarting services...
Created symlink /etc/systemd/system/multi-user.target.wants/ubuntu-fan.service → /usr/lib/systemd/system/ubuntu-fan.service.
 systemctl restart acpid.service chrony.service cron.service irqbalance.service multipathd.service packagekit.service polkit.service rsyslog.service ssh.service systemd-journald.service systemd-networkd.service systemd-resolved.service systemd-udevd.service udisks2.service
Selecting previously unselected package dns-root-data.
Preparing to unpack .../50-dns-root-data_2024071801~ubuntu0.24.04.1_all.deb ...
Unpacking dns-root-data (2024071801~ubuntu0.24.04.1) ...
Selecting previously unselected package dnsmasq-base.
Preparing to unpack .../51-dnsmasq-base_2.90-2ubuntu0.4_arm64.deb ...
Unpacking dnsmasq-base (2.90-2ubuntu0.4) ...
Selecting previously unselected package docker.io.
Preparing to unpack .../52-docker.io_29.1.3-0ubuntu3~24.04.2_arm64.deb ...
Unpacking docker.io (29.1.3-0ubuntu3~24.04.2) ...
Setting up cpp-13-aarch64-linux-gnu (13.3.0-6ubuntu2~24.04.1) ...
Setting up fontconfig-config (2.15.0-1.1ubuntu2) ...
Setting up docker.io (29.1.3-0ubuntu3~24.04.2) ...
[22:09:27] [apisix] fetched 5 file(s) in 1s
[22:09:27] [apisix] qualify: performed by the engine (published as rig.box_qualify in the snapshot)
[22:09:27] [apisix] running apisix (latency + RPS + memory) - detached on box; pulling each suite as it completes

Service restarts being deferred:
 systemctl restart ModemManager.service
 /etc/needrestart/restart.d/dbus.service
 systemctl restart getty@tty1.service
 systemctl restart networkd-dispatcher.service
 systemctl restart serial-getty@ttyS0.service
 systemctl restart systemd-logind.service
 systemctl restart unattended-upgrades.service

No containers need to be restarted.

User sessions running outdated binaries:
 ubuntu @ session #3: sshd[1443,1527]
 ubuntu @ user manager service: systemd[1334]

No VM guests are running outdated hypervisor (qemu) binaries on this host.
Selecting previously unselected package libfakeroot:arm64.
Preparing to unpack .../53-libfakeroot_1.33-1_arm64.deb ...
Unpacking libfakeroot:arm64 (1.33-1) ...
Selecting previously unselected package fakeroot.
Preparing to unpack .../54-fakeroot_1.33-1_arm64.deb ...
Unpacking fakeroot (1.33-1) ...
Selecting previously unselected package fonts-dejavu-mono.
info: Selecting GID from range 100 to 999 ...
info: Adding group `docker' (GID 112) ...
Preparing to unpack .../55-fonts-dejavu-mono_2.37-8_all.deb ...
Unpacking fonts-dejavu-mono (2.37-8) ...
Selecting previously unselected package fonts-dejavu-core.
Preparing to unpack .../56-fonts-dejavu-core_2.37-8_all.deb ...
Unpacking fonts-dejavu-core (2.37-8) ...
Selecting previously unselected package fontconfig-config.
Preparing to unpack .../57-fontconfig-config_2.15.0-1.1ubuntu2_arm64.deb ...
Created symlink /etc/systemd/system/multi-user.target.wants/docker.service → /usr/lib/systemd/system/docker.service.
Created symlink /etc/systemd/system/sockets.target.wants/docker.socket → /usr/lib/systemd/system/docker.socket.
Unpacking fontconfig-config (2.15.0-1.1ubuntu2) ...
Selecting previously unselected package javascript-common.
Preparing to unpack .../58-javascript-common_11+nmu1_all.deb ...
Unpacking javascript-common (11+nmu1) ...
Selecting previously unselected package libalgorithm-diff-perl.
Preparing to unpack .../59-libalgorithm-diff-perl_1.201-1_all.deb ...
Unpacking libalgorithm-diff-perl (1.201-1) ...
Selecting previously unselected package libalgorithm-diff-xs-perl:arm64.
Preparing to unpack .../60-libalgorithm-diff-xs-perl_0.04-8build3_arm64.deb ...
Unpacking libalgorithm-diff-xs-perl:arm64 (0.04-8build3) ...
Selecting previously unselected package libalgorithm-merge-perl.
Preparing to unpack .../61-libalgorithm-merge-perl_0.08-5_all.deb ...
Unpacking libalgorithm-merge-perl (0.08-5) ...
Selecting previously unselected package libaom3:arm64.
Preparing to unpack .../62-libaom3_3.8.2-2ubuntu0.1_arm64.deb ...
Unpacking libaom3:arm64 (3.8.2-2ubuntu0.1) ...
Selecting previously unselected package libfontconfig1:arm64.
 done
Preparing to unpack .../63-libfontconfig1_2.15.0-1.1ubuntu2_arm64.deb ...
Generation complete.
Unpacking libfontconfig1:arm64 (2.15.0-1.1ubuntu2) ...
Setting up python3-wheel (0.42.0-2) ...
Selecting previously unselected package libsharpyuv0:arm64.
Preparing to unpack .../64-libsharpyuv0_1.3.2-0.4build3_arm64.deb ...
Unpacking libsharpyuv0:arm64 (1.3.2-0.4build3) ...
Selecting previously unselected package libheif-plugin-aomdec:arm64.
Preparing to unpack .../65-libheif-plugin-aomdec_1.17.6-1ubuntu4.6_arm64.deb ...
Unpacking libheif-plugin-aomdec:arm64 (1.17.6-1ubuntu4.6) ...
Selecting previously unselected package libheif1:arm64.
Preparing to unpack .../66-libheif1_1.17.6-1ubuntu4.6_arm64.deb ...
Unpacking libheif1:arm64 (1.17.6-1ubuntu4.6) ...
Selecting previously unselected package libjpeg-turbo8:arm64.
Preparing to unpack .../67-libjpeg-turbo8_2.1.5-2ubuntu2_arm64.deb ...
Unpacking libjpeg-turbo8:arm64 (2.1.5-2ubuntu2) ...
Setting up libjbig0:arm64 (2.1-6.1ubuntu2) ...
Setting up libsframe1:arm64 (2.42-4ubuntu2.10) ...
Selecting previously unselected package libjpeg8:arm64.
Setting up cpp-aarch64-linux-gnu (4:13.2.0-7ubuntu1) ...
Preparing to unpack .../68-libjpeg8_8c-2ubuntu11_arm64.deb ...
Unpacking libjpeg8:arm64 (8c-2ubuntu11) ...
Setting up libfakeroot:arm64 (1.33-1) ...
Setting up libgprofng0:arm64 (2.42-4ubuntu2.10) ...
Setting up runc (1.3.4-0ubuntu1~24.04.1) ...
Setting up libjs-sphinxdoc (7.2.6-6) ...
Selecting previously unselected package libdeflate0:arm64.
Setting up dns-root-data (2024071801~ubuntu0.24.04.1) ...
Preparing to unpack .../69-libdeflate0_1.19-1build1.1_arm64.deb ...
Setting up libgcc-13-dev:arm64 (13.3.0-6ubuntu2~24.04.1) ...
Unpacking libdeflate0:arm64 (1.19-1build1.1) ...
Setting up fakeroot (1.33-1) ...
Selecting previously unselected package libfakeroot:arm64.
Setting up libtiff6:arm64 (4.5.1+git230720-4ubuntu2.5) ...
Preparing to unpack .../53-libfakeroot_1.33-1_arm64.deb ...
Unpacking libfakeroot:arm64 (1.33-1) ...
Setting up libc6-dev:arm64 (2.39-0ubuntu8.8) ...
Setting up libstdc++-13-dev:arm64 (13.3.0-6ubuntu2~24.04.1) ...
update-alternatives: using /usr/bin/fakeroot-sysv to provide /usr/bin/fakeroot (fakeroot) in auto mode
Selecting previously unselected package libjbig0:arm64.
Preparing to unpack .../70-libjbig0_2.1-6.1ubuntu2_arm64.deb ...
Unpacking libjbig0:arm64 (2.1-6.1ubuntu2) ...
Setting up rpcsvc-proto (1.4.2-0ubuntu7) ...
Selecting previously unselected package fakeroot.
Setting up cpp-13 (13.3.0-6ubuntu2~24.04.1) ...
Preparing to unpack .../54-fakeroot_1.33-1_arm64.deb ...
Setting up gcc-13-base:arm64 (13.3.0-6ubuntu2~24.04.1) ...
Unpacking fakeroot (1.33-1) ...
Selecting previously unselected package liblerc4:arm64.
Setting up binutils-aarch64-linux-gnu (2.42-4ubuntu2.10) ...
Preparing to unpack .../71-liblerc4_4.0.0+ds-4ubuntu2_arm64.deb ...
Setting up make (4.3-4.1build2) ...
Unpacking liblerc4:arm64 (4.0.0+ds-4ubuntu2) ...
Setting up binutils (2.42-4ubuntu2.10) ...
Setting up fonts-dejavu-mono (2.37-8) ...
Selecting previously unselected package fonts-dejavu-mono.
Setting up gcc-13-aarch64-linux-gnu (13.3.0-6ubuntu2~24.04.1) ...
Preparing to unpack .../55-fonts-dejavu-mono_2.37-8_all.deb ...
Selecting previously unselected package libwebp7:arm64.
Unpacking fonts-dejavu-mono (2.37-8) ...
Preparing to unpack .../72-libwebp7_1.3.2-0.4build3_arm64.deb ...
Unpacking libwebp7:arm64 (1.3.2-0.4build3) ...
Setting up dpkg-dev (1.22.6ubuntu6.6) ...
Setting up libmpc3:arm64 (1.3.1-1build1.1) ...
Setting up libexpat1-dev:arm64 (2.6.1-2ubuntu0.4) ...
Setting up libatomic1:arm64 (14.2.0-4ubuntu2~24.04.1) ...
Selecting previously unselected package libtiff6:arm64.
Setting up gcc-13 (13.3.0-6ubuntu2~24.04.1) ...
Setting up fonts-dejavu-core (2.37-8) ...
Selecting previously unselected package fonts-dejavu-core.
Preparing to unpack .../73-libtiff6_4.5.1+git230720-4ubuntu2.5_arm64.deb ...
Unpacking libtiff6:arm64 (4.5.1+git230720-4ubuntu2.5) ...
Preparing to unpack .../56-fonts-dejavu-core_2.37-8_all.deb ...
Unpacking fonts-dejavu-core (2.37-8) ...
Selecting previously unselected package libxpm4:arm64.
Preparing to unpack .../74-libxpm4_1%3a3.5.17-1ubuntu0.24.04.1_arm64.deb ...
Unpacking libxpm4:arm64 (1:3.5.17-1ubuntu0.24.04.1) ...
Setting up python3-pip (24.0+dfsg-1ubuntu1.3) ...
Selecting previously unselected package fontconfig-config.
Preparing to unpack .../57-fontconfig-config_2.15.0-1.1ubuntu2_arm64.deb ...
Selecting previously unselected package libgd3:arm64.
Setting up zlib1g-dev:arm64 (1:1.3.dfsg-3.1ubuntu2.1) ...
Preparing to unpack .../75-libgd3_2.3.3-9ubuntu5_arm64.deb ...
Unpacking libgd3:arm64 (2.3.3-9ubuntu5) ...
Selecting previously unselected package libc-devtools.
Preparing to unpack .../76-libc-devtools_2.39-0ubuntu8.8_arm64.deb ...
Unpacking libc-devtools (2.39-0ubuntu8.8) ...
Selecting previously unselected package libexpat1-dev:arm64.
Preparing to unpack .../77-libexpat1-dev_2.6.1-2ubuntu0.4_arm64.deb ...
Unpacking libexpat1-dev:arm64 (2.6.1-2ubuntu0.4) ...
Selecting previously unselected package libfile-fcntllock-perl.
Preparing to unpack .../78-libfile-fcntllock-perl_0.22-4ubuntu5_arm64.deb ...
Unpacking fontconfig-config (2.15.0-1.1ubuntu2) ...
Setting up cpp (4:13.2.0-7ubuntu1) ...
Setting up g++-13-aarch64-linux-gnu (13.3.0-6ubuntu2~24.04.1) ...
Unpacking libfile-fcntllock-perl (0.22-4ubuntu5) ...
Selecting previously unselected package libheif-plugin-aomenc:arm64.
Setting up gcc-aarch64-linux-gnu (4:13.2.0-7ubuntu1) ...
Setting up g++-13 (13.3.0-6ubuntu2~24.04.1) ...
Setting up libpython3.12-dev:arm64 (3.12.3-1ubuntu0.15) ...
Preparing to unpack .../79-libheif-plugin-aomenc_1.17.6-1ubuntu4.6_arm64.deb ...
Selecting previously unselected package javascript-common.
Setting up gcc (4:13.2.0-7ubuntu1) ...
Unpacking libheif-plugin-aomenc:arm64 (1.17.6-1ubuntu4.6) ...
Preparing to unpack .../58-javascript-common_11+nmu1_all.deb ...
Processing triggers for dbus (1.14.10-4ubuntu4.1) ...
Unpacking javascript-common (11+nmu1) ...
Setting up python3.12-dev (3.12.3-1ubuntu0.15) ...
Processing triggers for sgml-base (1.31) ...
Setting up g++-aarch64-linux-gnu (4:13.2.0-7ubuntu1) ...
Selecting previously unselected package libjs-jquery.
Preparing to unpack .../80-libjs-jquery_3.6.1+dfsg+~3.5.14-1_all.deb ...
Setting up libpython3-dev:arm64 (3.12.3-0ubuntu2.1) ...
Unpacking libjs-jquery (3.6.1+dfsg+~3.5.14-1) ...
Setting up libfontconfig1:arm64 (2.15.0-1.1ubuntu2) ...
Selecting previously unselected package libalgorithm-diff-perl.
Setting up python3-dev (3.12.3-0ubuntu2.1) ...
Preparing to unpack .../59-libalgorithm-diff-perl_1.201-1_all.deb ...
Unpacking libalgorithm-diff-perl (1.201-1) ...
Setting up libgd3:arm64 (2.3.3-9ubuntu5) ...
Setting up g++ (4:13.2.0-7ubuntu1) ...
Setting up libc-devtools (2.39-0ubuntu8.8) ...
update-alternatives: using /usr/bin/g++ to provide /usr/bin/c++ (c++) in auto mode
Selecting previously unselected package libjs-underscore.
Setting up build-essential (12.10ubuntu1) ...
Processing triggers for libc-bin (2.39-0ubuntu8.8) ...
Preparing to unpack .../81-libjs-underscore_1.13.4~dfsg+~1.11.4-3_all.deb ...
Selecting previously unselected package libalgorithm-diff-xs-perl:arm64.
Setting up libheif-plugin-aomdec:arm64 (1.17.6-1ubuntu4.6) ...
Preparing to unpack .../60-libalgorithm-diff-xs-perl_0.04-8build3_arm64.deb ...
Unpacking libalgorithm-diff-xs-perl:arm64 (0.04-8build3) ...
Unpacking libjs-underscore (1.13.4~dfsg+~1.11.4-3) ...
Setting up libheif1:arm64 (1.17.6-1ubuntu4.6) ...
Setting up libheif-plugin-aomenc:arm64 (1.17.6-1ubuntu4.6) ...
Processing triggers for libc-bin (2.39-0ubuntu8.8) ...
Selecting previously unselected package libalgorithm-merge-perl.
Selecting previously unselected package libjs-sphinxdoc.
Preparing to unpack .../61-libalgorithm-merge-perl_0.08-5_all.deb ...
Preparing to unpack .../82-libjs-sphinxdoc_7.2.6-6_all.deb ...
Unpacking libjs-sphinxdoc (7.2.6-6) ...
Unpacking libalgorithm-merge-perl (0.08-5) ...
Processing triggers for man-db (2.12.0-4build2) ...
Selecting previously unselected package zlib1g-dev:arm64.
Selecting previously unselected package libaom3:arm64.
Preparing to unpack .../83-zlib1g-dev_1%3a1.3.dfsg-3.1ubuntu2.1_arm64.deb ...
Unpacking zlib1g-dev:arm64 (1:1.3.dfsg-3.1ubuntu2.1) ...
Preparing to unpack .../62-libaom3_3.8.2-2ubuntu0.1_arm64.deb ...
Unpacking libaom3:arm64 (3.8.2-2ubuntu0.1) ...
Selecting previously unselected package libpython3.12-dev:arm64.
Preparing to unpack .../84-libpython3.12-dev_3.12.3-1ubuntu0.15_arm64.deb ...
Unpacking libpython3.12-dev:arm64 (3.12.3-1ubuntu0.15) ...
Selecting previously unselected package libfontconfig1:arm64.
Preparing to unpack .../63-libfontconfig1_2.15.0-1.1ubuntu2_arm64.deb ...
Unpacking libfontconfig1:arm64 (2.15.0-1.1ubuntu2) ...
Selecting previously unselected package libsharpyuv0:arm64.
Preparing to unpack .../64-libsharpyuv0_1.3.2-0.4build3_arm64.deb ...
Unpacking libsharpyuv0:arm64 (1.3.2-0.4build3) ...
Selecting previously unselected package libheif-plugin-aomdec:arm64.
Preparing to unpack .../65-libheif-plugin-aomdec_1.17.6-1ubuntu4.6_arm64.deb ...
Unpacking libheif-plugin-aomdec:arm64 (1.17.6-1ubuntu4.6) ...
Selecting previously unselected package libheif1:arm64.
Preparing to unpack .../66-libheif1_1.17.6-1ubuntu4.6_arm64.deb ...
Unpacking libheif1:arm64 (1.17.6-1ubuntu4.6) ...
Selecting previously unselected package libpython3-dev:arm64.
Preparing to unpack .../85-libpython3-dev_3.12.3-0ubuntu2.1_arm64.deb ...
Unpacking libpython3-dev:arm64 (3.12.3-0ubuntu2.1) ...
Selecting previously unselected package libjpeg-turbo8:arm64.
Preparing to unpack .../67-libjpeg-turbo8_2.1.5-2ubuntu2_arm64.deb ...
Unpacking libjpeg-turbo8:arm64 (2.1.5-2ubuntu2) ...
Preparing to unpack .../86-linux-tools-common_6.8.0-136.136_all.deb ...
Unpacking linux-tools-common (6.8.0-136.136) over (6.8.0-134.134) ...
Selecting previously unselected package manpages-dev.
Preparing to unpack .../87-manpages-dev_6.7-2_all.deb ...
Unpacking manpages-dev (6.7-2) ...
Selecting previously unselected package libjpeg8:arm64.
Preparing to unpack .../68-libjpeg8_8c-2ubuntu11_arm64.deb ...
Unpacking libjpeg8:arm64 (8c-2ubuntu11) ...
Selecting previously unselected package libdeflate0:arm64.
Preparing to unpack .../69-libdeflate0_1.19-1build1.1_arm64.deb ...
Unpacking libdeflate0:arm64 (1.19-1build1.1) ...
Selecting previously unselected package libjbig0:arm64.
Preparing to unpack .../70-libjbig0_2.1-6.1ubuntu2_arm64.deb ...
Unpacking libjbig0:arm64 (2.1-6.1ubuntu2) ...
Selecting previously unselected package liblerc4:arm64.
Preparing to unpack .../71-liblerc4_4.0.0+ds-4ubuntu2_arm64.deb ...
Unpacking liblerc4:arm64 (4.0.0+ds-4ubuntu2) ...
Selecting previously unselected package libwebp7:arm64.
Preparing to unpack .../72-libwebp7_1.3.2-0.4build3_arm64.deb ...
Unpacking libwebp7:arm64 (1.3.2-0.4build3) ...
Selecting previously unselected package libtiff6:arm64.
Preparing to unpack .../73-libtiff6_4.5.1+git230720-4ubuntu2.5_arm64.deb ...
Unpacking libtiff6:arm64 (4.5.1+git230720-4ubuntu2.5) ...
Selecting previously unselected package libxpm4:arm64.
Preparing to unpack .../74-libxpm4_1%3a3.5.17-1ubuntu0.24.04.1_arm64.deb ...
Unpacking libxpm4:arm64 (1:3.5.17-1ubuntu0.24.04.1) ...
Selecting previously unselected package python3.12-dev.
Preparing to unpack .../88-python3.12-dev_3.12.3-1ubuntu0.15_arm64.deb ...
Unpacking python3.12-dev (3.12.3-1ubuntu0.15) ...
Selecting previously unselected package libgd3:arm64.
Preparing to unpack .../75-libgd3_2.3.3-9ubuntu5_arm64.deb ...
Unpacking libgd3:arm64 (2.3.3-9ubuntu5) ...
Selecting previously unselected package python3-dev.
Preparing to unpack .../89-python3-dev_3.12.3-0ubuntu2.1_arm64.deb ...
Unpacking python3-dev (3.12.3-0ubuntu2.1) ...
Selecting previously unselected package libc-devtools.
Preparing to unpack .../76-libc-devtools_2.39-0ubuntu8.8_arm64.deb ...
Unpacking libc-devtools (2.39-0ubuntu8.8) ...
Selecting previously unselected package libexpat1-dev:arm64.
Selecting previously unselected package python3-wheel.
Preparing to unpack .../77-libexpat1-dev_2.6.1-2ubuntu0.4_arm64.deb ...
Unpacking libexpat1-dev:arm64 (2.6.1-2ubuntu0.4) ...
Preparing to unpack .../90-python3-wheel_0.42.0-2_all.deb ...
Unpacking python3-wheel (0.42.0-2) ...
Selecting previously unselected package libfile-fcntllock-perl.
Preparing to unpack .../78-libfile-fcntllock-perl_0.22-4ubuntu5_arm64.deb ...
Unpacking libfile-fcntllock-perl (0.22-4ubuntu5) ...
Selecting previously unselected package python3-pip.
Preparing to unpack .../91-python3-pip_24.0+dfsg-1ubuntu1.3_all.deb ...
Selecting previously unselected package libheif-plugin-aomenc:arm64.
Unpacking python3-pip (24.0+dfsg-1ubuntu1.3) ...
Preparing to unpack .../79-libheif-plugin-aomenc_1.17.6-1ubuntu4.6_arm64.deb ...
Unpacking libheif-plugin-aomenc:arm64 (1.17.6-1ubuntu4.6) ...
Setting up libjpeg-turbo8:arm64 (2.1.5-2ubuntu2) ...
Setting up bridge-utils (1.7.1-1ubuntu2) ...
Setting up libdpkg-perl (1.22.6ubuntu6.6) ...
Selecting previously unselected package libjs-jquery.
Preparing to unpack .../80-libjs-jquery_3.6.1+dfsg+~3.5.14-1_all.deb ...
Unpacking libjs-jquery (3.6.1+dfsg+~3.5.14-1) ...
Selecting previously unselected package libjs-underscore.
Preparing to unpack .../81-libjs-underscore_1.13.4~dfsg+~1.11.4-3_all.deb ...
Unpacking libjs-underscore (1.13.4~dfsg+~1.11.4-3) ...
Selecting previously unselected package ubuntu-fan.
Preparing to unpack .../92-ubuntu-fan_0.12.16+24.04.1_all.deb ...
Setting up libwebp7:arm64 (1.3.2-0.4build3) ...
Unpacking ubuntu-fan (0.12.16+24.04.1) ...
Setting up libubsan1:arm64 (14.2.0-4ubuntu2~24.04.1) ...
Selecting previously unselected package libjs-sphinxdoc.
Preparing to unpack .../82-libjs-sphinxdoc_7.2.6-6_all.deb ...
Unpacking libjs-sphinxdoc (7.2.6-6) ...
Setting up libhwasan0:arm64 (14.2.0-4ubuntu2~24.04.1) ...
Setting up pigz (2.8-1) ...
Selecting previously unselected package zlib1g-dev:arm64.
Preparing to unpack .../83-zlib1g-dev_1%3a1.3.dfsg-3.1ubuntu2.1_arm64.deb ...
Setting up javascript-common (11+nmu1) ...
Unpacking zlib1g-dev:arm64 (1:1.3.dfsg-3.1ubuntu2.1) ...
Setting up libcrypt-dev:arm64 (1:4.4.36-4build1) ...
Setting up libasan8:arm64 (14.2.0-4ubuntu2~24.04.1) ...
Setting up libtsan2:arm64 (14.2.0-4ubuntu2~24.04.1) ...
Selecting previously unselected package libpython3.12-dev:arm64.
Setting up libsharpyuv0:arm64 (1.3.2-0.4build3) ...
Preparing to unpack .../84-libpython3.12-dev_3.12.3-1ubuntu0.15_arm64.deb ...
Unpacking libpython3.12-dev:arm64 (3.12.3-1ubuntu0.15) ...
Setting up libjs-jquery (3.6.1+dfsg+~3.5.14-1) ...
Setting up libaom3:arm64 (3.8.2-2ubuntu0.1) ...
Setting up libbinutils:arm64 (2.42-4ubuntu2.10) ...
Setting up manpages-dev (6.7-2) ...
sudo: a terminal is required to read the password; either use the -S option to read from standard input or configure an askpass helper
sudo: a password is required
Setting up libisl23:arm64 (0.26-3build1.1) ...
Setting up lto-disabled-list (47) ...
Setting up libc-dev-bin (2.39-0ubuntu8.8) ...
sudo: a terminal is required to read the password; either use the -S option to read from standard input or configure an askpass helper
sudo: a password is required
Setting up liblerc4:arm64 (4.0.0+ds-4ubuntu2) ...
sudo: a terminal is required to read the password; either use the -S option to read from standard input or configure an askpass helper
sudo: a password is required
Setting up containerd (2.2.1-0ubuntu1~24.04.3) ...
Setting up libxpm4:arm64 (1:3.5.17-1ubuntu0.24.04.1) ...
Setting up libfile-fcntllock-perl (0.22-4ubuntu5) ...
Setting up libalgorithm-diff-perl (1.201-1) ...
Setting up binutils-common:arm64 (2.42-4ubuntu2.10) ...
Setting up libdeflate0:arm64 (1.19-1build1.1) ...
Setting up linux-libc-dev:arm64 (6.8.0-136.136) ...
Setting up libctf-nobfd0:arm64 (2.42-4ubuntu2.10) ...
Selecting previously unselected package libpython3-dev:arm64.
Preparing to unpack .../85-libpython3-dev_3.12.3-0ubuntu2.1_arm64.deb ...
Setting up dnsmasq-base (2.90-2ubuntu0.4) ...
Unpacking libpython3-dev:arm64 (3.12.3-0ubuntu2.1) ...
Created symlink /etc/systemd/system/multi-user.target.wants/containerd.service → /usr/lib/systemd/system/containerd.service.
Preparing to unpack .../86-linux-tools-common_6.8.0-136.136_all.deb ...
Setting up libgomp1:arm64 (14.2.0-4ubuntu2~24.04.1) ...
Unpacking linux-tools-common (6.8.0-136.136) over (6.8.0-134.134) ...
[22:09:30] [gomodel] fetching gomodel + rig.sh @ dd26a545026b ...
Setting up bzip2 (1.0.8-5.1build0.1) ...
Setting up locales (2.39-0ubuntu8.8) ...
Selecting previously unselected package manpages-dev.
Preparing to unpack .../87-manpages-dev_6.7-2_all.deb ...
Unpacking manpages-dev (6.7-2) ...
Setting up linux-tools-common (6.8.0-136.136) ...
Setting up libalgorithm-diff-xs-perl:arm64 (0.04-8build3) ...
Setting up libcc1-0:arm64 (14.2.0-4ubuntu2~24.04.1) ...
Setting up liblsan0:arm64 (14.2.0-4ubuntu2~24.04.1) ...
Setting up libitm1:arm64 (14.2.0-4ubuntu2~24.04.1) ...
Setting up libjs-underscore (1.13.4~dfsg+~1.11.4-3) ...
Selecting previously unselected package python3.12-dev.
Setting up libalgorithm-merge-perl (0.08-5) ...
Preparing to unpack .../88-python3.12-dev_3.12.3-1ubuntu0.15_arm64.deb ...
Unpacking python3.12-dev (3.12.3-1ubuntu0.15) ...
Setting up libctf0:arm64 (2.42-4ubuntu2.10) ...
Setting up libjpeg8:arm64 (8c-2ubuntu11) ...
Selecting previously unselected package python3-dev.
Preparing to unpack .../89-python3-dev_3.12.3-0ubuntu2.1_arm64.deb ...
Setting up ubuntu-fan (0.12.16+24.04.1) ...
Unpacking python3-dev (3.12.3-0ubuntu2.1) ...
Selecting previously unselected package python3-wheel.
Preparing to unpack .../90-python3-wheel_0.42.0-2_all.deb ...
Unpacking python3-wheel (0.42.0-2) ...
Selecting previously unselected package python3-pip.
Preparing to unpack .../91-python3-pip_24.0+dfsg-1ubuntu1.3_all.deb ...
Unpacking python3-pip (24.0+dfsg-1ubuntu1.3) ...
Generating locales (this might take a while)...
  en_US.UTF-8...Created symlink /etc/systemd/system/multi-user.target.wants/ubuntu-fan.service → /usr/lib/systemd/system/ubuntu-fan.service.
Selecting previously unselected package ubuntu-fan.
Preparing to unpack .../92-ubuntu-fan_0.12.16+24.04.1_all.deb ...
Unpacking ubuntu-fan (0.12.16+24.04.1) ...
Setting up javascript-common (11+nmu1) ...
Setting up libsharpyuv0:arm64 (1.3.2-0.4build3) ...
Setting up libaom3:arm64 (3.8.2-2ubuntu0.1) ...
Setting up manpages-dev (6.7-2) ...
Setting up lto-disabled-list (47) ...
Setting up liblerc4:arm64 (4.0.0+ds-4ubuntu2) ...
Setting up libxpm4:arm64 (1:3.5.17-1ubuntu0.24.04.1) ...
Setting up libfile-fcntllock-perl (0.22-4ubuntu5) ...
Setting up libalgorithm-diff-perl (1.201-1) ...
Setting up binutils-common:arm64 (2.42-4ubuntu2.10) ...
Setting up libdeflate0:arm64 (1.19-1build1.1) ...
Setting up linux-libc-dev:arm64 (6.8.0-136.136) ...
Setting up libctf-nobfd0:arm64 (2.42-4ubuntu2.10) ...
Setting up dnsmasq-base (2.90-2ubuntu0.4) ...
Setting up cpp-13-aarch64-linux-gnu (13.3.0-6ubuntu2~24.04.1) ...
Setting up fontconfig-config (2.15.0-1.1ubuntu2) ...

Running kernel seems to be up-to-date.

Restarting services...
Setting up libgomp1:arm64 (14.2.0-4ubuntu2~24.04.1) ...
Setting up bzip2 (1.0.8-5.1build0.1) ...
Setting up locales (2.39-0ubuntu8.8) ...
Setting up docker.io (29.1.3-0ubuntu3~24.04.2) ...
 systemctl restart acpid.service chrony.service cron.service irqbalance.service multipathd.service packagekit.service polkit.service rsyslog.service ssh.service systemd-journald.service systemd-networkd.service systemd-resolved.service systemd-udevd.service udisks2.service
info: Selecting GID from range 100 to 999 ...
info: Adding group `docker' (GID 112) ...
Created symlink /etc/systemd/system/multi-user.target.wants/docker.service → /usr/lib/systemd/system/docker.service.
Generating locales (this might take a while)...
Created symlink /etc/systemd/system/sockets.target.wants/docker.socket → /usr/lib/systemd/system/docker.socket.
  en_US.UTF-8...[22:09:31] [gomodel] fetched 4 file(s) in 1s
[22:09:31] [gomodel] qualify: performed by the engine (published as rig.box_qualify in the snapshot)
[22:09:31] [gomodel] running gomodel (latency + RPS + memory) - detached on box; pulling each suite as it completes

Service restarts being deferred:
 systemctl restart ModemManager.service
 /etc/needrestart/restart.d/dbus.service
 systemctl restart getty@tty1.service
 systemctl restart networkd-dispatcher.service
 systemctl restart serial-getty@ttyS0.service
 systemctl restart systemd-logind.service
 systemctl restart unattended-upgrades.service

No containers need to be restarted.

User sessions running outdated binaries:
 ubuntu @ session #3: sshd[1440,1521]
 ubuntu @ user manager service: systemd[1331]

No VM guests are running outdated hypervisor (qemu) binaries on this host.
Setting up cpp-aarch64-linux-gnu (4:13.2.0-7ubuntu1) ...
Setting up libgprofng0:arm64 (2.42-4ubuntu2.10) ...
Setting up libjs-sphinxdoc (7.2.6-6) ...
Setting up libgcc-13-dev:arm64 (13.3.0-6ubuntu2~24.04.1) ...
Setting up libtiff6:arm64 (4.5.1+git230720-4ubuntu2.5) ...
 done
Generation complete.
Setting up libc6-dev:arm64 (2.39-0ubuntu8.8) ...
Setting up libstdc++-13-dev:arm64 (13.3.0-6ubuntu2~24.04.1) ...
Setting up cpp-13 (13.3.0-6ubuntu2~24.04.1) ...
Setting up binutils-aarch64-linux-gnu (2.42-4ubuntu2.10) ...
Setting up binutils (2.42-4ubuntu2.10) ...
Setting up gcc-13-aarch64-linux-gnu (13.3.0-6ubuntu2~24.04.1) ...
Setting up dpkg-dev (1.22.6ubuntu6.6) ...
Setting up libexpat1-dev:arm64 (2.6.1-2ubuntu0.4) ...
Setting up gcc-13 (13.3.0-6ubuntu2~24.04.1) ...
Setting up python3-wheel (0.42.0-2) ...
Setting up zlib1g-dev:arm64 (1:1.3.dfsg-3.1ubuntu2.1) ...
Setting up cpp (4:13.2.0-7ubuntu1) ...
Setting up g++-13-aarch64-linux-gnu (13.3.0-6ubuntu2~24.04.1) ...
Setting up gcc-aarch64-linux-gnu (4:13.2.0-7ubuntu1) ...
Setting up g++-13 (13.3.0-6ubuntu2~24.04.1) ...
Setting up libpython3.12-dev:arm64 (3.12.3-1ubuntu0.15) ...
Setting up gcc (4:13.2.0-7ubuntu1) ...
Setting up python3.12-dev (3.12.3-1ubuntu0.15) ...
Processing triggers for dbus (1.14.10-4ubuntu4.1) ...
Setting up g++-aarch64-linux-gnu (4:13.2.0-7ubuntu1) ...
Processing triggers for sgml-base (1.31) ...
Setting up libpython3-dev:arm64 (3.12.3-0ubuntu2.1) ...
Setting up python3-dev (3.12.3-0ubuntu2.1) ...
Setting up libjbig0:arm64 (2.1-6.1ubuntu2) ...
Setting up libfontconfig1:arm64 (2.15.0-1.1ubuntu2) ...
Setting up libsframe1:arm64 (2.42-4ubuntu2.10) ...
Setting up libgd3:arm64 (2.3.3-9ubuntu5) ...
Setting up libfakeroot:arm64 (1.33-1) ...
Setting up g++ (4:13.2.0-7ubuntu1) ...
Setting up libc-devtools (2.39-0ubuntu8.8) ...
Setting up runc (1.3.4-0ubuntu1~24.04.1) ...
update-alternatives: using /usr/bin/g++ to provide /usr/bin/c++ (c++) in auto mode
Setting up dns-root-data (2024071801~ubuntu0.24.04.1) ...
Processing triggers for libc-bin (2.39-0ubuntu8.8) ...
Setting up build-essential (12.10ubuntu1) ...
Setting up libheif-plugin-aomdec:arm64 (1.17.6-1ubuntu4.6) ...
Setting up fakeroot (1.33-1) ...
update-alternatives: using /usr/bin/fakeroot-sysv to provide /usr/bin/fakeroot (fakeroot) in auto mode
Setting up libheif1:arm64 (1.17.6-1ubuntu4.6) ...
Setting up libheif-plugin-aomenc:arm64 (1.17.6-1ubuntu4.6) ...
Processing triggers for libc-bin (2.39-0ubuntu8.8) ...
Setting up rpcsvc-proto (1.4.2-0ubuntu7) ...
Setting up gcc-13-base:arm64 (13.3.0-6ubuntu2~24.04.1) ...
Setting up make (4.3-4.1build2) ...
Setting up fonts-dejavu-mono (2.37-8) ...
Setting up libmpc3:arm64 (1.3.1-1build1.1) ...
Setting up libatomic1:arm64 (14.2.0-4ubuntu2~24.04.1) ...
Processing triggers for man-db (2.12.0-4build2) ...
Setting up fonts-dejavu-core (2.37-8) ...
Setting up python3-pip (24.0+dfsg-1ubuntu1.3) ...
 done
Generation complete.
Setting up python3-wheel (0.42.0-2) ...
sudo: a terminal is required to read the password; either use the -S option to read from standard input or configure an askpass helper
sudo: a password is required
sudo: a terminal is required to read the password; either use the -S option to read from standard input or configure an askpass helper
sudo: a password is required
sudo: a terminal is required to read the password; either use the -S option to read from standard input or configure an askpass helper
sudo: a password is required
Setting up libjbig0:arm64 (2.1-6.1ubuntu2) ...
Setting up libsframe1:arm64 (2.42-4ubuntu2.10) ...
Setting up libfakeroot:arm64 (1.33-1) ...
Setting up runc (1.3.4-0ubuntu1~24.04.1) ...
Setting up dns-root-data (2024071801~ubuntu0.24.04.1) ...
Setting up fakeroot (1.33-1) ...
[22:09:33] [busbar] fetching busbar + rig.sh @ dd26a545026b ...
update-alternatives: using /usr/bin/fakeroot-sysv to provide /usr/bin/fakeroot (fakeroot) in auto mode
Setting up rpcsvc-proto (1.4.2-0ubuntu7) ...
Setting up gcc-13-base:arm64 (13.3.0-6ubuntu2~24.04.1) ...
Setting up make (4.3-4.1build2) ...
Setting up fonts-dejavu-mono (2.37-8) ...
Setting up libmpc3:arm64 (1.3.1-1build1.1) ...
Setting up libatomic1:arm64 (14.2.0-4ubuntu2~24.04.1) ...
Setting up fonts-dejavu-core (2.37-8) ...
Setting up python3-pip (24.0+dfsg-1ubuntu1.3) ...
Setting up libjpeg-turbo8:arm64 (2.1.5-2ubuntu2) ...
Setting up bridge-utils (1.7.1-1ubuntu2) ...
Setting up libdpkg-perl (1.22.6ubuntu6.6) ...
Setting up libwebp7:arm64 (1.3.2-0.4build3) ...
Setting up libubsan1:arm64 (14.2.0-4ubuntu2~24.04.1) ...
Setting up libhwasan0:arm64 (14.2.0-4ubuntu2~24.04.1) ...
Setting up pigz (2.8-1) ...
Setting up libcrypt-dev:arm64 (1:4.4.36-4build1) ...
Setting up libasan8:arm64 (14.2.0-4ubuntu2~24.04.1) ...
Setting up libtsan2:arm64 (14.2.0-4ubuntu2~24.04.1) ...
Setting up libjs-jquery (3.6.1+dfsg+~3.5.14-1) ...
Setting up libbinutils:arm64 (2.42-4ubuntu2.10) ...
Setting up libisl23:arm64 (0.26-3build1.1) ...
Setting up libc-dev-bin (2.39-0ubuntu8.8) ...
Setting up containerd (2.2.1-0ubuntu1~24.04.3) ...
sudo: a terminal is required to read the password; either use the -S option to read from standard input or configure an askpass helper
sudo: a password is required
sudo: a terminal is required to read the password; either use the -S option to read from standard input or configure an askpass helper
sudo: a password is required
sudo: a terminal is required to read the password; either use the -S option to read from standard input or configure an askpass helper
sudo: a password is required
Created symlink /etc/systemd/system/multi-user.target.wants/containerd.service → /usr/lib/systemd/system/containerd.service.
Setting up libjpeg-turbo8:arm64 (2.1.5-2ubuntu2) ...
[22:09:34] [helicone] fetching helicone + rig.sh @ dd26a545026b ...
Setting up bridge-utils (1.7.1-1ubuntu2) ...
Setting up libdpkg-perl (1.22.6ubuntu6.6) ...
Setting up libwebp7:arm64 (1.3.2-0.4build3) ...
Setting up libubsan1:arm64 (14.2.0-4ubuntu2~24.04.1) ...
Setting up libhwasan0:arm64 (14.2.0-4ubuntu2~24.04.1) ...
Setting up pigz (2.8-1) ...
Setting up libcrypt-dev:arm64 (1:4.4.36-4build1) ...
Setting up libasan8:arm64 (14.2.0-4ubuntu2~24.04.1) ...
[22:09:34] [busbar] fetched 6 file(s) in 1s
[22:09:34] [busbar] qualify: performed by the engine (published as rig.box_qualify in the snapshot)
[22:09:34] [busbar] running busbar (latency + RPS + memory) - detached on box; pulling each suite as it completes
Setting up libtsan2:arm64 (14.2.0-4ubuntu2~24.04.1) ...
Setting up libjs-jquery (3.6.1+dfsg+~3.5.14-1) ...
Setting up linux-tools-common (6.8.0-136.136) ...
Setting up libalgorithm-diff-xs-perl:arm64 (0.04-8build3) ...
Setting up libbinutils:arm64 (2.42-4ubuntu2.10) ...
Setting up libcc1-0:arm64 (14.2.0-4ubuntu2~24.04.1) ...
Setting up liblsan0:arm64 (14.2.0-4ubuntu2~24.04.1) ...
Setting up libitm1:arm64 (14.2.0-4ubuntu2~24.04.1) ...
Setting up libjs-underscore (1.13.4~dfsg+~1.11.4-3) ...
Setting up libisl23:arm64 (0.26-3build1.1) ...
Setting up libalgorithm-merge-perl (0.08-5) ...
Setting up libctf0:arm64 (2.42-4ubuntu2.10) ...
Setting up libc-dev-bin (2.39-0ubuntu8.8) ...
Setting up libjpeg8:arm64 (8c-2ubuntu11) ...
Setting up ubuntu-fan (0.12.16+24.04.1) ...
Setting up containerd (2.2.1-0ubuntu1~24.04.3) ...

Running kernel seems to be up-to-date.

Restarting services...
Created symlink /etc/systemd/system/multi-user.target.wants/ubuntu-fan.service → /usr/lib/systemd/system/ubuntu-fan.service.
Created symlink /etc/systemd/system/multi-user.target.wants/containerd.service → /usr/lib/systemd/system/containerd.service.
 systemctl restart acpid.service chrony.service cron.service irqbalance.service multipathd.service packagekit.service polkit.service rsyslog.service ssh.service systemd-journald.service systemd-networkd.service systemd-resolved.service systemd-udevd.service udisks2.service
Setting up cpp-13-aarch64-linux-gnu (13.3.0-6ubuntu2~24.04.1) ...
Setting up fontconfig-config (2.15.0-1.1ubuntu2) ...
Setting up linux-tools-common (6.8.0-136.136) ...
Setting up libalgorithm-diff-xs-perl:arm64 (0.04-8build3) ...
Setting up libcc1-0:arm64 (14.2.0-4ubuntu2~24.04.1) ...
Setting up liblsan0:arm64 (14.2.0-4ubuntu2~24.04.1) ...
Setting up libitm1:arm64 (14.2.0-4ubuntu2~24.04.1) ...
Setting up libjs-underscore (1.13.4~dfsg+~1.11.4-3) ...
Setting up libalgorithm-merge-perl (0.08-5) ...
Setting up libctf0:arm64 (2.42-4ubuntu2.10) ...
Setting up libjpeg8:arm64 (8c-2ubuntu11) ...
Setting up ubuntu-fan (0.12.16+24.04.1) ...

Service restarts being deferred:
 systemctl restart ModemManager.service
 /etc/needrestart/restart.d/dbus.service
 systemctl restart getty@tty1.service
 systemctl restart networkd-dispatcher.service
 systemctl restart serial-getty@ttyS0.service
 systemctl restart systemd-logind.service
 systemctl restart unattended-upgrades.service

No containers need to be restarted.

User sessions running outdated binaries:
 ubuntu @ session #3: sshd[1438,1519]
 ubuntu @ user manager service: systemd[1329]

No VM guests are running outdated hypervisor (qemu) binaries on this host.
Setting up docker.io (29.1.3-0ubuntu3~24.04.2) ...
Created symlink /etc/systemd/system/multi-user.target.wants/ubuntu-fan.service → /usr/lib/systemd/system/ubuntu-fan.service.
info: Selecting GID from range 100 to 999 ...
info: Adding group `docker' (GID 112) ...
Created symlink /etc/systemd/system/multi-user.target.wants/docker.service → /usr/lib/systemd/system/docker.service.
Created symlink /etc/systemd/system/sockets.target.wants/docker.socket → /usr/lib/systemd/system/docker.socket.
Setting up cpp-13-aarch64-linux-gnu (13.3.0-6ubuntu2~24.04.1) ...
Setting up fontconfig-config (2.15.0-1.1ubuntu2) ...
Processing triggers for dbus (1.14.10-4ubuntu4.1) ...
Processing triggers for sgml-base (1.31) ...
Setting up libfontconfig1:arm64 (2.15.0-1.1ubuntu2) ...
Setting up docker.io (29.1.3-0ubuntu3~24.04.2) ...
Setting up libgd3:arm64 (2.3.3-9ubuntu5) ...
Setting up libc-devtools (2.39-0ubuntu8.8) ...
Processing triggers for libc-bin (2.39-0ubuntu8.8) ...
[22:09:36] [helicone] fetched 6 file(s) in 2s
[22:09:36] [helicone] qualify: performed by the engine (published as rig.box_qualify in the snapshot)
[22:09:36] [helicone] running helicone (latency + RPS + memory) - detached on box; pulling each suite as it completes
info: Selecting GID from range 100 to 999 ...
info: Adding group `docker' (GID 112) ...
Created symlink /etc/systemd/system/multi-user.target.wants/docker.service → /usr/lib/systemd/system/docker.service.
Created symlink /etc/systemd/system/sockets.target.wants/docker.socket → /usr/lib/systemd/system/docker.socket.
Setting up cpp-aarch64-linux-gnu (4:13.2.0-7ubuntu1) ...
Setting up libgprofng0:arm64 (2.42-4ubuntu2.10) ...
Setting up libjs-sphinxdoc (7.2.6-6) ...
Setting up libgcc-13-dev:arm64 (13.3.0-6ubuntu2~24.04.1) ...
Setting up libtiff6:arm64 (4.5.1+git230720-4ubuntu2.5) ...
Setting up libc6-dev:arm64 (2.39-0ubuntu8.8) ...
Setting up libstdc++-13-dev:arm64 (13.3.0-6ubuntu2~24.04.1) ...
Setting up cpp-13 (13.3.0-6ubuntu2~24.04.1) ...
Setting up binutils-aarch64-linux-gnu (2.42-4ubuntu2.10) ...
Setting up binutils (2.42-4ubuntu2.10) ...
Setting up gcc-13-aarch64-linux-gnu (13.3.0-6ubuntu2~24.04.1) ...
Setting up dpkg-dev (1.22.6ubuntu6.6) ...
Setting up libexpat1-dev:arm64 (2.6.1-2ubuntu0.4) ...
Setting up gcc-13 (13.3.0-6ubuntu2~24.04.1) ...
Setting up zlib1g-dev:arm64 (1:1.3.dfsg-3.1ubuntu2.1) ...
Setting up cpp (4:13.2.0-7ubuntu1) ...
Setting up g++-13-aarch64-linux-gnu (13.3.0-6ubuntu2~24.04.1) ...
Setting up gcc-aarch64-linux-gnu (4:13.2.0-7ubuntu1) ...
Setting up g++-13 (13.3.0-6ubuntu2~24.04.1) ...
Setting up libpython3.12-dev:arm64 (3.12.3-1ubuntu0.15) ...
Setting up gcc (4:13.2.0-7ubuntu1) ...
Setting up python3.12-dev (3.12.3-1ubuntu0.15) ...
Setting up g++-aarch64-linux-gnu (4:13.2.0-7ubuntu1) ...
Setting up libpython3-dev:arm64 (3.12.3-0ubuntu2.1) ...
Setting up python3-dev (3.12.3-0ubuntu2.1) ...
Setting up g++ (4:13.2.0-7ubuntu1) ...
update-alternatives: using /usr/bin/g++ to provide /usr/bin/c++ (c++) in auto mode
Setting up build-essential (12.10ubuntu1) ...
Setting up libheif-plugin-aomdec:arm64 (1.17.6-1ubuntu4.6) ...
Setting up libheif1:arm64 (1.17.6-1ubuntu4.6) ...
Setting up libheif-plugin-aomenc:arm64 (1.17.6-1ubuntu4.6) ...
Processing triggers for libc-bin (2.39-0ubuntu8.8) ...
Processing triggers for man-db (2.12.0-4build2) ...
Setting up cpp-aarch64-linux-gnu (4:13.2.0-7ubuntu1) ...
Setting up libgprofng0:arm64 (2.42-4ubuntu2.10) ...
Setting up libjs-sphinxdoc (7.2.6-6) ...
Setting up libgcc-13-dev:arm64 (13.3.0-6ubuntu2~24.04.1) ...
Setting up libtiff6:arm64 (4.5.1+git230720-4ubuntu2.5) ...
Setting up libc6-dev:arm64 (2.39-0ubuntu8.8) ...
Setting up libstdc++-13-dev:arm64 (13.3.0-6ubuntu2~24.04.1) ...
Setting up cpp-13 (13.3.0-6ubuntu2~24.04.1) ...
Setting up binutils-aarch64-linux-gnu (2.42-4ubuntu2.10) ...
Setting up binutils (2.42-4ubuntu2.10) ...
Setting up gcc-13-aarch64-linux-gnu (13.3.0-6ubuntu2~24.04.1) ...
Setting up dpkg-dev (1.22.6ubuntu6.6) ...
Setting up libexpat1-dev:arm64 (2.6.1-2ubuntu0.4) ...
Setting up gcc-13 (13.3.0-6ubuntu2~24.04.1) ...
Setting up zlib1g-dev:arm64 (1:1.3.dfsg-3.1ubuntu2.1) ...
Setting up cpp (4:13.2.0-7ubuntu1) ...
Setting up g++-13-aarch64-linux-gnu (13.3.0-6ubuntu2~24.04.1) ...
Setting up gcc-aarch64-linux-gnu (4:13.2.0-7ubuntu1) ...
Setting up g++-13 (13.3.0-6ubuntu2~24.04.1) ...
Setting up libpython3.12-dev:arm64 (3.12.3-1ubuntu0.15) ...
Setting up gcc (4:13.2.0-7ubuntu1) ...
Setting up python3.12-dev (3.12.3-1ubuntu0.15) ...
Setting up g++-aarch64-linux-gnu (4:13.2.0-7ubuntu1) ...
Setting up libpython3-dev:arm64 (3.12.3-0ubuntu2.1) ...
Setting up python3-dev (3.12.3-0ubuntu2.1) ...
Setting up g++ (4:13.2.0-7ubuntu1) ...
sudo: a terminal is required to read the password; either use the -S option to read from standard input or configure an askpass helper
sudo: a password is required
update-alternatives: using /usr/bin/g++ to provide /usr/bin/c++ (c++) in auto mode
Setting up build-essential (12.10ubuntu1) ...
sudo: a terminal is required to read the password; either use the -S option to read from standard input or configure an askpass helper
sudo: a password is required
Setting up libheif-plugin-aomdec:arm64 (1.17.6-1ubuntu4.6) ...
sudo: a terminal is required to read the password; either use the -S option to read from standard input or configure an askpass helper
sudo: a password is required
Setting up libheif1:arm64 (1.17.6-1ubuntu4.6) ...
Setting up libheif-plugin-aomenc:arm64 (1.17.6-1ubuntu4.6) ...
Processing triggers for libc-bin (2.39-0ubuntu8.8) ...
Processing triggers for man-db (2.12.0-4build2) ...
[22:09:37] [kong] fetching kong + rig.sh @ dd26a545026b ...
sudo: a terminal is required to read the password; either use the -S option to read from standard input or configure an askpass helper
sudo: a password is required
sudo: a terminal is required to read the password; either use the -S option to read from standard input or configure an askpass helper
sudo: a password is required
sudo: a terminal is required to read the password; either use the -S option to read from standard input or configure an askpass helper
sudo: a password is required
[22:09:38] [litellm-python] fetching litellm-python + rig.sh @ dd26a545026b ...

Running kernel seems to be up-to-date.

Restarting services...
 systemctl restart acpid.service chrony.service cron.service irqbalance.service multipathd.service packagekit.service polkit.service rsyslog.service ssh.service systemd-journald.service systemd-networkd.service systemd-resolved.service systemd-udevd.service udisks2.service

Service restarts being deferred:
 systemctl restart ModemManager.service
 /etc/needrestart/restart.d/dbus.service
 systemctl restart getty@tty1.service
 systemctl restart networkd-dispatcher.service
 systemctl restart serial-getty@ttyS0.service
 systemctl restart systemd-logind.service
 systemctl restart unattended-upgrades.service

No containers need to be restarted.

User sessions running outdated binaries:
 ubuntu @ session #4: sshd[1437,1580]
 ubuntu @ user manager service: systemd[1279]

No VM guests are running outdated hypervisor (qemu) binaries on this host.
[22:09:38] [kong] fetched 6 file(s) in 1s
[22:09:38] [kong] qualify: performed by the engine (published as rig.box_qualify in the snapshot)
[22:09:38] [kong] running kong (latency + RPS + memory) - detached on box; pulling each suite as it completes
[22:09:39] [litellm-python] fetched 4 file(s) in 1s
[22:09:39] [litellm-python] qualify: performed by the engine (published as rig.box_qualify in the snapshot)
[22:09:39] [litellm-python] running litellm-python (latency + RPS + memory) - detached on box; pulling each suite as it completes
Processing triggers for dbus (1.14.10-4ubuntu4.1) ...
Processing triggers for sgml-base (1.31) ...
Setting up libfontconfig1:arm64 (2.15.0-1.1ubuntu2) ...
Setting up libgd3:arm64 (2.3.3-9ubuntu5) ...
Setting up libc-devtools (2.39-0ubuntu8.8) ...
Processing triggers for libc-bin (2.39-0ubuntu8.8) ...
Processing triggers for dbus (1.14.10-4ubuntu4.1) ...
Processing triggers for sgml-base (1.31) ...
Setting up libfontconfig1:arm64 (2.15.0-1.1ubuntu2) ...
Setting up libgd3:arm64 (2.3.3-9ubuntu5) ...
Setting up libc-devtools (2.39-0ubuntu8.8) ...
Processing triggers for libc-bin (2.39-0ubuntu8.8) ...

Running kernel seems to be up-to-date.

Restarting services...
 systemctl restart acpid.service chrony.service cron.service irqbalance.service multipathd.service packagekit.service polkit.service rsyslog.service ssh.service systemd-journald.service systemd-networkd.service systemd-resolved.service systemd-udevd.service udisks2.service
sudo: a terminal is required to read the password; either use the -S option to read from standard input or configure an askpass helper
sudo: a password is required
sudo: a terminal is required to read the password; either use the -S option to read from standard input or configure an askpass helper
sudo: a password is required
sudo: a terminal is required to read the password; either use the -S option to read from standard input or configure an askpass helper
sudo: a password is required
[22:09:42] [litellm-rust] fetching litellm-rust + rig.sh @ dd26a545026b ...

Service restarts being deferred:
 systemctl restart ModemManager.service
 /etc/needrestart/restart.d/dbus.service
 systemctl restart getty@tty1.service
 systemctl restart networkd-dispatcher.service
 systemctl restart serial-getty@ttyS0.service
 systemctl restart systemd-logind.service
 systemctl restart unattended-upgrades.service

No containers need to be restarted.

User sessions running outdated binaries:
 ubuntu @ session #3: sshd[1441,1525]
 ubuntu @ user manager service: systemd[1295]

No VM guests are running outdated hypervisor (qemu) binaries on this host.

Running kernel seems to be up-to-date.

Restarting services...
 systemctl restart acpid.service chrony.service cron.service irqbalance.service multipathd.service packagekit.service polkit.service rsyslog.service ssh.service systemd-journald.service systemd-networkd.service systemd-resolved.service systemd-udevd.service udisks2.service
[22:09:43] [litellm-rust] fetched 7 file(s) in 1s
[22:09:43] [litellm-rust] qualify: performed by the engine (published as rig.box_qualify in the snapshot)
[22:09:43] [litellm-rust] running litellm-rust (latency + RPS + memory) - detached on box; pulling each suite as it completes

Service restarts being deferred:
 systemctl restart ModemManager.service
 /etc/needrestart/restart.d/dbus.service
 systemctl restart getty@tty1.service
 systemctl restart networkd-dispatcher.service
 systemctl restart serial-getty@ttyS0.service
 systemctl restart systemd-logind.service
 systemctl restart unattended-upgrades.service

No containers need to be restarted.

User sessions running outdated binaries:
 ubuntu @ session #3: sshd[1438,1522]
 ubuntu @ user manager service: systemd[1329]

No VM guests are running outdated hypervisor (qemu) binaries on this host.
sudo: a terminal is required to read the password; either use the -S option to read from standard input or configure an askpass helper
sudo: a password is required
sudo: a terminal is required to read the password; either use the -S option to read from standard input or configure an askpass helper
sudo: a password is required
sudo: a terminal is required to read the password; either use the -S option to read from standard input or configure an askpass helper
sudo: a password is required
[22:09:45] [one-api] fetching one-api + rig.sh @ dd26a545026b ...
[22:09:47] [one-api] fetched 5 file(s) in 2s
[22:09:47] [one-api] qualify: performed by the engine (published as rig.box_qualify in the snapshot)
[22:09:47] [one-api] running one-api (latency + RPS + memory) - detached on box; pulling each suite as it completes
sudo: a terminal is required to read the password; either use the -S option to read from standard input or configure an askpass helper
sudo: a password is required
sudo: a terminal is required to read the password; either use the -S option to read from standard input or configure an askpass helper
sudo: a password is required
sudo: a terminal is required to read the password; either use the -S option to read from standard input or configure an askpass helper
sudo: a password is required
[22:09:49] [plano] fetching plano + rig.sh @ dd26a545026b ...
[22:09:50] [plano] fetched 4 file(s) in 1s
[22:09:50] [plano] qualify: performed by the engine (published as rig.box_qualify in the snapshot)
[22:09:50] [plano] running plano (latency + RPS + memory) - detached on box; pulling each suite as it completes
sudo: a terminal is required to read the password; either use the -S option to read from standard input or configure an askpass helper
sudo: a password is required
sudo: a terminal is required to read the password; either use the -S option to read from standard input or configure an askpass helper
sudo: a password is required
sudo: a terminal is required to read the password; either use the -S option to read from standard input or configure an askpass helper
sudo: a password is required
[22:09:53] [portkey] fetching portkey + rig.sh @ dd26a545026b ...
sudo: a terminal is required to read the password; either use the -S option to read from standard input or configure an askpass helper
sudo: a password is required
sudo: a terminal is required to read the password; either use the -S option to read from standard input or configure an askpass helper
sudo: a password is required
sudo: a terminal is required to read the password; either use the -S option to read from standard input or configure an askpass helper
sudo: a password is required
[22:09:54] [portkey] fetched 4 file(s) in 1s
[22:09:54] [portkey] qualify: performed by the engine (published as rig.box_qualify in the snapshot)
[22:09:54] [portkey] running portkey (latency + RPS + memory) - detached on box; pulling each suite as it completes
[22:09:54] [tensorzero] fetching tensorzero + rig.sh @ dd26a545026b ...
[22:09:56] [tensorzero] fetched 5 file(s) in 2s
[22:09:56] [tensorzero] qualify: performed by the engine (published as rig.box_qualify in the snapshot)
[22:09:56] [tensorzero] running tensorzero (latency + RPS + memory) - detached on box; pulling each suite as it completes
[22:13:19] [plano] run-all.sh finished non-zero (exit=1) - a suite crashed or exited non-zero; results may be incomplete
[22:13:20] [plano] final pull pass for plano results
[22:13:23] [plano] no NEW snapshot artifact on the box for plano (0 already on disk)
[22:13:23] [plano] NO FRESH SNAPSHOT for plano - this run measured nothing, so it publishes nothing and the board keeps whatever it already had
[22:13:23] [plano] INCOMPLETE (the run crashed, measured nothing, or failed to pull; this gateway did NOT refresh - re-run it)
[22:16:31] [one-api] final pull pass for one-api results
[22:16:34] [one-api] pulled snapshots/result_one-api_*.json (1 new, 7 on disk)
[22:16:34] [one-api] DONE
[one-api] committed one-api's result
[one-api] committed locally; nothing is published until the run finishes cleanly
[22:18:47] [litellm-rust] final pull pass for litellm-rust results
[22:18:49] [litellm-rust] pulled snapshots/result_litellm-rust_*.json (1 new, 5 on disk)
[22:18:49] [litellm-rust] DONE
[litellm-rust] committed litellm-rust's result
[litellm-rust] committed locally; nothing is published until the run finishes cleanly
[22:40:44] [kong] final pull pass for kong results
[22:40:47] [kong] pulled snapshots/result_kong_*.json (1 new, 2 on disk)
[22:40:47] [kong] DONE
[kong] committed kong's result
[kong] committed locally; nothing is published until the run finishes cleanly
[22:43:37] [helicone] final pull pass for helicone results
[22:43:39] [helicone] pulled snapshots/result_helicone_*.json (1 new, 3 on disk)
[22:43:39] [helicone] DONE
[helicone] committed helicone's result
[helicone] committed locally; nothing is published until the run finishes cleanly
[22:44:03] [apisix] final pull pass for apisix results
[22:44:06] [apisix] pulled snapshots/result_apisix_*.json (1 new, 2 on disk)
[22:44:06] [apisix] DONE
[apisix] committed apisix's result
[apisix] committed locally; nothing is published until the run finishes cleanly
[23:02:23] [tensorzero] final pull pass for tensorzero results
[23:02:25] [tensorzero] pulled snapshots/result_tensorzero_*.json (1 new, 2 on disk)
[23:02:25] [tensorzero] DONE
[tensorzero] committed tensorzero's result
[tensorzero] committed locally; nothing is published until the run finishes cleanly
[23:09:53] [litellm-python] final pull pass for litellm-python results
[23:09:56] [litellm-python] pulled snapshots/result_litellm-python_*.json (1 new, 2 on disk)
[23:09:56] [litellm-python] DONE
[litellm-python] committed litellm-python's result
[litellm-python] committed locally; nothing is published until the run finishes cleanly
[23:16:43] [bifrost] final pull pass for bifrost results
[23:16:46] [bifrost] pulled snapshots/result_bifrost_*.json (1 new, 3 on disk)
[23:16:46] [bifrost] DONE
[bifrost] committed bifrost's result
[bifrost] committed locally; nothing is published until the run finishes cleanly
[23:22:50] [aisix] final pull pass for aisix results
[23:22:53] [aisix] pulled snapshots/result_aisix_*.json (1 new, 2 on disk)
[23:22:53] [aisix] DONE
[aisix] committed aisix's result
[aisix] committed locally; nothing is published until the run finishes cleanly
[23:31:34] [agentgateway] final pull pass for agentgateway results
[23:31:37] [agentgateway] pulled snapshots/result_agentgateway_*.json (1 new, 2 on disk)
[23:31:37] [agentgateway] DONE
[agentgateway] committed agentgateway's result
[agentgateway] committed locally; nothing is published until the run finishes cleanly
[23:32:20] [busbar] final pull pass for busbar results
[23:32:22] [busbar] pulled snapshots/result_busbar_*.json (1 new, 2 on disk)
[23:32:22] [busbar] DONE
[busbar] committed busbar's result
[busbar] committed locally; nothing is published until the run finishes cleanly
[23:39:04] [gomodel] final pull pass for gomodel results
[23:39:07] [gomodel] pulled snapshots/result_gomodel_*.json (1 new, 3 on disk)
[23:39:07] [gomodel] DONE
[gomodel] committed gomodel's result
[gomodel] committed locally; nothing is published until the run finishes cleanly
[23:42:47] [portkey] final pull pass for portkey results
[23:42:50] [portkey] pulled snapshots/result_portkey_*.json (1 new, 2 on disk)
[23:42:50] [portkey] DONE
[portkey] committed portkey's result
[portkey] committed locally; nothing is published until the run finishes cleanly
[23:42:52] all boxes done (1 job(s) reported an issue - check results/fanout-*.log)
[23:42:52] 13 gateway(s) produced a fresh snapshot this run - regenerating and publishing from them
history: appended 0 record(s)
[23:42:52] regenerating charts + reports locally
/Users/matthew/Developer/busbarAI/benchmarking/charts.py:1169: UserWarning: Glyph 10005 (\N{MULTIPLICATION X}) missing from font(s) Inter.
  fig.tight_layout(rect=(0, max(0.05, (legend_in + 0.55) / (0.92 * n + 1.9)), 1, 0.93))
/Users/matthew/Developer/busbarAI/benchmarking/charts.py:1171: UserWarning: Glyph 10005 (\N{MULTIPLICATION X}) missing from font(s) Inter.
  fig.savefig(out, dpi=300, bbox_inches="tight", facecolor="white")
/Users/matthew/Developer/busbarAI/benchmarking/charts.py:1169: UserWarning: Glyph 10005 (\N{MULTIPLICATION X}) missing from font(s) Inter.
  fig.tight_layout(rect=(0, max(0.05, (legend_in + 0.55) / (0.92 * n + 1.9)), 1, 0.93))
/Users/matthew/Developer/busbarAI/benchmarking/charts.py:1171: UserWarning: Glyph 10005 (\N{MULTIPLICATION X}) missing from font(s) Inter.
  fig.savefig(out, dpi=300, bbox_inches="tight", facecolor="white")
/Users/matthew/Developer/busbarAI/benchmarking/charts.py:1169: UserWarning: Glyph 10005 (\N{MULTIPLICATION X}) missing from font(s) Inter.
  fig.tight_layout(rect=(0, max(0.05, (legend_in + 0.55) / (0.92 * n + 1.9)), 1, 0.93))
/Users/matthew/Developer/busbarAI/benchmarking/charts.py:1171: UserWarning: Glyph 10005 (\N{MULTIPLICATION X}) missing from font(s) Inter.
  fig.savefig(out, dpi=300, bbox_inches="tight", facecolor="white")
/Users/matthew/Developer/busbarAI/benchmarking/charts.py:1101: UserWarning: Data has no positive values, and therefore cannot be log-scaled.
  ax.set_xscale("log")
/Users/matthew/Developer/busbarAI/benchmarking/charts.py:1169: UserWarning: Glyph 10005 (\N{MULTIPLICATION X}) missing from font(s) Inter.
  fig.tight_layout(rect=(0, max(0.05, (legend_in + 0.55) / (0.92 * n + 1.9)), 1, 0.93))
/Users/matthew/Developer/busbarAI/benchmarking/charts.py:1171: UserWarning: Glyph 10005 (\N{MULTIPLICATION X}) missing from font(s) Inter.
  fig.savefig(out, dpi=300, bbox_inches="tight", facecolor="white")
/Users/matthew/Developer/busbarAI/benchmarking/charts.py:1101: UserWarning: Data has no positive values, and therefore cannot be log-scaled.
  ax.set_xscale("log")
/Users/matthew/Developer/busbarAI/benchmarking/charts.py:1169: UserWarning: Glyph 10005 (\N{MULTIPLICATION X}) missing from font(s) Inter.
  fig.tight_layout(rect=(0, max(0.05, (legend_in + 0.55) / (0.92 * n + 1.9)), 1, 0.93))
/Users/matthew/Developer/busbarAI/benchmarking/charts.py:1171: UserWarning: Glyph 10005 (\N{MULTIPLICATION X}) missing from font(s) Inter.
  fig.savefig(out, dpi=300, bbox_inches="tight", facecolor="white")
/Users/matthew/Developer/busbarAI/benchmarking/charts.py:1169: UserWarning: Glyph 10005 (\N{MULTIPLICATION X}) missing from font(s) Inter.
  fig.tight_layout(rect=(0, max(0.05, (legend_in + 0.55) / (0.92 * n + 1.9)), 1, 0.93))
/Users/matthew/Developer/busbarAI/benchmarking/charts.py:1171: UserWarning: Glyph 10005 (\N{MULTIPLICATION X}) missing from font(s) Inter.
  fig.savefig(out, dpi=300, bbox_inches="tight", facecolor="white")
/Users/matthew/Developer/busbarAI/benchmarking/charts.py:1169: UserWarning: Glyph 10005 (\N{MULTIPLICATION X}) missing from font(s) Inter.
  fig.tight_layout(rect=(0, max(0.05, (legend_in + 0.55) / (0.92 * n + 1.9)), 1, 0.93))
/Users/matthew/Developer/busbarAI/benchmarking/charts.py:1171: UserWarning: Glyph 10005 (\N{MULTIPLICATION X}) missing from font(s) Inter.
  fig.savefig(out, dpi=300, bbox_inches="tight", facecolor="white")
wrote /Users/matthew/Developer/busbarAI/benchmarking/results/added_latency.png
wrote /Users/matthew/Developer/busbarAI/benchmarking/results/top5_added_latency.png
wrote /Users/matthew/Developer/busbarAI/benchmarking/results/rps_max_proxy.png
wrote /Users/matthew/Developer/busbarAI/benchmarking/results/top5_rps_max_proxy.png
wrote /Users/matthew/Developer/busbarAI/benchmarking/results/rps_sustained_20ms.png
wrote /Users/matthew/Developer/busbarAI/benchmarking/results/top5_rps_sustained_20ms.png
wrote /Users/matthew/Developer/busbarAI/benchmarking/results/memory_rss.png
wrote /Users/matthew/Developer/busbarAI/benchmarking/results/top5_memory_rss.png
wrote /Users/matthew/Developer/busbarAI/benchmarking/results/memory_recovery.png
wrote /Users/matthew/Developer/busbarAI/benchmarking/results/top5_memory_recovery.png
wrote /Users/matthew/Developer/busbarAI/benchmarking/results/rps_per_dollar.png
wrote /Users/matthew/Developer/busbarAI/benchmarking/results/top5_rps_per_dollar.png
wrote /Users/matthew/Developer/busbarAI/benchmarking/results/cost_per_million.png
wrote /Users/matthew/Developer/busbarAI/benchmarking/results/top5_cost_per_million.png
wrote /Users/matthew/Developer/busbarAI/benchmarking/results/stream_added_ttft.png
wrote /Users/matthew/Developer/busbarAI/benchmarking/results/stream_added_gap.png
wrote /Users/matthew/Developer/busbarAI/benchmarking/results/stream_sustained.png
wrote /Users/matthew/Developer/busbarAI/benchmarking/results/top5_stream_sustained.png
wrote /Users/matthew/Developer/busbarAI/benchmarking/results/streamcpu_fps.png
wrote /Users/matthew/Developer/busbarAI/benchmarking/results/top5_streamcpu_fps.png
wrote /Users/matthew/Developer/busbarAI/benchmarking/results/xlate_rps_sustained_20ms.png
wrote /Users/matthew/Developer/busbarAI/benchmarking/results/top5_xlate_rps_sustained_20ms.png
wrote /Users/matthew/Developer/busbarAI/benchmarking/results/xlate_added_latency.png
wrote /Users/matthew/Developer/busbarAI/benchmarking/results/top5_xlate_added_latency.png
wrote results/reports/all + top5 (13 gateways)
[23:42:57] charts + reports regenerated
[23:42:57] done - results/reports/{all,top5}/README.md + results/*.png
[23:43:00] final publish: pushed history + charts to origin/main
