SSH ingress for 208.70.53.9/32 already present on sg-0218f407ed652d62f (ok)
[22:01:17] fanning out 14 boxes (one per gateway): agentgateway aisix apisix bifrost busbar gomodel helicone kong litellm-python litellm-rust one-api plano portkey tensorzero
[22:01:19] [agentgateway] launched i-01eb723cbefcc6acb
[22:01:22] [aisix] launched i-0b271bba114016ef7
[22:01:25] [apisix] launched i-0efc21f9c532b8b4b
[22:01:28] [bifrost] launched i-031ab3b2700655ca3
[22:01:31] [busbar] launched i-0bcc110ba76bc0087
[22:01:34] [gomodel] launched i-093198f1ba6371258
[22:01:35] [agentgateway] ip=3.93.62.196 - waiting for ssh
[22:01:37] [helicone] launched i-018b74e6099529be7
[22:01:37] [agentgateway] installing deps (bare base: docker + psutil; the rig is a prebuilt download, and each
[22:01:37] [agentgateway] gateway installs its OWN prereqs via gw_prereqs - no blanket build toolchain on every box)
Warning: Permanently added '3.93.62.196' (ED25519) to the list of known hosts.
[22:01:38] [aisix] ip=98.87.5.36 - waiting for ssh
Hit:1 http://us-east-1.ec2.ports.ubuntu.com/ubuntu-ports noble InRelease
Get:2 http://us-east-1.ec2.ports.ubuntu.com/ubuntu-ports noble-updates InRelease [126 kB]
Get:3 http://us-east-1.ec2.ports.ubuntu.com/ubuntu-ports noble-backports InRelease [126 kB]
Get:4 http://ports.ubuntu.com/ubuntu-ports noble-security InRelease [126 kB]
Get:5 http://us-east-1.ec2.ports.ubuntu.com/ubuntu-ports noble/universe arm64 Packages [15.3 MB]
Get:6 http://us-east-1.ec2.ports.ubuntu.com/ubuntu-ports noble/universe Translation-en [5982 kB]
Get:7 http://ports.ubuntu.com/ubuntu-ports noble-security/main arm64 Packages [940 kB]
Get:8 http://us-east-1.ec2.ports.ubuntu.com/ubuntu-ports noble/universe arm64 Components [3573 kB]
Get:9 http://us-east-1.ec2.ports.ubuntu.com/ubuntu-ports noble/universe arm64 c-n-f Metadata [295 kB]
Get:10 http://us-east-1.ec2.ports.ubuntu.com/ubuntu-ports noble/multiverse arm64 Packages [223 kB]
Get:11 http://us-east-1.ec2.ports.ubuntu.com/ubuntu-ports noble/multiverse Translation-en [118 kB]
Get:12 http://us-east-1.ec2.ports.ubuntu.com/ubuntu-ports noble/multiverse arm64 Components [31.6 kB]
Get:13 http://us-east-1.ec2.ports.ubuntu.com/ubuntu-ports noble/multiverse arm64 c-n-f Metadata [7152 B]
Get:14 http://us-east-1.ec2.ports.ubuntu.com/ubuntu-ports noble-updates/main arm64 Packages [1190 kB]
Get:15 http://us-east-1.ec2.ports.ubuntu.com/ubuntu-ports noble-updates/main Translation-en [278 kB]
Get:16 http://us-east-1.ec2.ports.ubuntu.com/ubuntu-ports noble-updates/main arm64 Components [178 kB]
Get:17 http://us-east-1.ec2.ports.ubuntu.com/ubuntu-ports noble-updates/universe arm64 Packages [1704 kB]
Get:18 http://us-east-1.ec2.ports.ubuntu.com/ubuntu-ports noble-updates/universe Translation-en [334 kB]
Get:19 http://us-east-1.ec2.ports.ubuntu.com/ubuntu-ports noble-updates/universe arm64 Components [387 kB]
Get:20 http://us-east-1.ec2.ports.ubuntu.com/ubuntu-ports noble-updates/universe arm64 c-n-f Metadata [33.5 kB]
Get:21 http://us-east-1.ec2.ports.ubuntu.com/ubuntu-ports noble-updates/restricted arm64 Packages [2036 kB]
Get:22 http://us-east-1.ec2.ports.ubuntu.com/ubuntu-ports noble-updates/restricted Translation-en [308 kB]
Get:23 http://us-east-1.ec2.ports.ubuntu.com/ubuntu-ports noble-updates/multiverse arm64 Packages [72.7 kB]
Get:24 http://us-east-1.ec2.ports.ubuntu.com/ubuntu-ports noble-updates/multiverse Translation-en [12.3 kB]
Get:25 http://us-east-1.ec2.ports.ubuntu.com/ubuntu-ports noble-updates/multiverse arm64 Components [212 B]
Get:26 http://us-east-1.ec2.ports.ubuntu.com/ubuntu-ports noble-updates/multiverse arm64 c-n-f Metadata [472 B]
Get:27 http://us-east-1.ec2.ports.ubuntu.com/ubuntu-ports noble-backports/main arm64 Packages [40.6 kB]
Get:28 http://us-east-1.ec2.ports.ubuntu.com/ubuntu-ports noble-backports/main Translation-en [9172 B]
Get:29 http://us-east-1.ec2.ports.ubuntu.com/ubuntu-ports noble-backports/main arm64 Components [3572 B]
Get:30 http://us-east-1.ec2.ports.ubuntu.com/ubuntu-ports noble-backports/main arm64 c-n-f Metadata [372 B]
Get:31 http://us-east-1.ec2.ports.ubuntu.com/ubuntu-ports noble-backports/universe arm64 Packages [32.7 kB]
Get:32 http://us-east-1.ec2.ports.ubuntu.com/ubuntu-ports noble-backports/universe Translation-en [18.6 kB]
Get:33 http://us-east-1.ec2.ports.ubuntu.com/ubuntu-ports noble-backports/universe arm64 Components [12.6 kB]
Get:34 http://us-east-1.ec2.ports.ubuntu.com/ubuntu-ports noble-backports/universe arm64 c-n-f Metadata [1592 B]
Get:35 http://us-east-1.ec2.ports.ubuntu.com/ubuntu-ports noble-backports/restricted arm64 Components [212 B]
Get:36 http://us-east-1.ec2.ports.ubuntu.com/ubuntu-ports noble-backports/restricted arm64 c-n-f Metadata [116 B]
Get:37 http://us-east-1.ec2.ports.ubuntu.com/ubuntu-ports noble-backports/multiverse arm64 Packages [748 B]
Get:38 http://us-east-1.ec2.ports.ubuntu.com/ubuntu-ports noble-backports/multiverse Translation-en [340 B]
Get:39 http://us-east-1.ec2.ports.ubuntu.com/ubuntu-ports noble-backports/multiverse arm64 Components [212 B]
Get:40 http://us-east-1.ec2.ports.ubuntu.com/ubuntu-ports noble-backports/multiverse arm64 c-n-f Metadata [116 B]
Get:41 http://ports.ubuntu.com/ubuntu-ports noble-security/main Translation-en [198 kB]
Get:42 http://ports.ubuntu.com/ubuntu-ports noble-security/main arm64 Components [43.3 kB]
Get:43 http://ports.ubuntu.com/ubuntu-ports noble-security/main arm64 c-n-f Metadata [11.6 kB]
Get:44 http://ports.ubuntu.com/ubuntu-ports noble-security/universe arm64 Packages [1259 kB]
Get:45 http://ports.ubuntu.com/ubuntu-ports noble-security/universe Translation-en [239 kB]
Get:46 http://ports.ubuntu.com/ubuntu-ports noble-security/universe arm64 Components [76.3 kB]
Get:47 http://ports.ubuntu.com/ubuntu-ports noble-security/universe arm64 c-n-f Metadata [23.7 kB]
Get:48 http://ports.ubuntu.com/ubuntu-ports noble-security/restricted arm64 Packages [1930 kB]
Get:49 http://ports.ubuntu.com/ubuntu-ports noble-security/restricted Translation-en [290 kB]
Get:50 http://ports.ubuntu.com/ubuntu-ports noble-security/restricted arm64 Components [212 B]
Get:51 http://ports.ubuntu.com/ubuntu-ports noble-security/restricted arm64 c-n-f Metadata [388 B]
Get:52 http://ports.ubuntu.com/ubuntu-ports noble-security/multiverse arm64 Packages [68.7 kB]
Get:53 http://ports.ubuntu.com/ubuntu-ports noble-security/multiverse Translation-en [10.6 kB]
Get:54 http://ports.ubuntu.com/ubuntu-ports noble-security/multiverse arm64 Components [208 B]
Get:55 http://ports.ubuntu.com/ubuntu-ports noble-security/multiverse arm64 c-n-f Metadata [456 B]
[22:01:40] [aisix] installing deps (bare base: docker + psutil; the rig is a prebuilt download, and each
[22:01:40] [aisix] gateway installs its OWN prereqs via gw_prereqs - no blanket build toolchain on every box)
[22:01:40] [kong] launched i-0602db09829d29267
Warning: Permanently added '98.87.5.36' (ED25519) to the list of known hosts.
[22:01:41] [apisix] ip=35.153.184.238 - waiting for ssh
Hit:1 http://us-east-1.ec2.ports.ubuntu.com/ubuntu-ports noble InRelease
Get:2 http://ports.ubuntu.com/ubuntu-ports noble-security InRelease [126 kB]
Get:3 http://us-east-1.ec2.ports.ubuntu.com/ubuntu-ports noble-updates InRelease [126 kB]
Get:4 http://us-east-1.ec2.ports.ubuntu.com/ubuntu-ports noble-backports InRelease [126 kB]
Get:5 http://us-east-1.ec2.ports.ubuntu.com/ubuntu-ports noble/universe arm64 Packages [15.3 MB]
Get:6 http://ports.ubuntu.com/ubuntu-ports noble-security/main arm64 Packages [940 kB]
Get:7 http://ports.ubuntu.com/ubuntu-ports noble-security/main Translation-en [198 kB]
Get:8 http://ports.ubuntu.com/ubuntu-ports noble-security/main arm64 Components [43.3 kB]
Get:9 http://ports.ubuntu.com/ubuntu-ports noble-security/main arm64 c-n-f Metadata [11.6 kB]
Get:10 http://ports.ubuntu.com/ubuntu-ports noble-security/universe arm64 Packages [1259 kB]
Get:11 http://ports.ubuntu.com/ubuntu-ports noble-security/universe Translation-en [239 kB]
Get:12 http://ports.ubuntu.com/ubuntu-ports noble-security/universe arm64 Components [76.3 kB]
Get:13 http://ports.ubuntu.com/ubuntu-ports noble-security/universe arm64 c-n-f Metadata [23.7 kB]
Get:14 http://ports.ubuntu.com/ubuntu-ports noble-security/restricted arm64 Packages [1930 kB]
Get:15 http://ports.ubuntu.com/ubuntu-ports noble-security/restricted Translation-en [290 kB]
Get:16 http://ports.ubuntu.com/ubuntu-ports noble-security/restricted arm64 Components [212 B]
Get:17 http://ports.ubuntu.com/ubuntu-ports noble-security/restricted arm64 c-n-f Metadata [388 B]
Get:18 http://ports.ubuntu.com/ubuntu-ports noble-security/multiverse arm64 Packages [68.7 kB]
Get:19 http://ports.ubuntu.com/ubuntu-ports noble-security/multiverse Translation-en [10.6 kB]
Get:20 http://ports.ubuntu.com/ubuntu-ports noble-security/multiverse arm64 Components [208 B]
Get:21 http://ports.ubuntu.com/ubuntu-ports noble-security/multiverse arm64 c-n-f Metadata [456 B]
Get:22 http://us-east-1.ec2.ports.ubuntu.com/ubuntu-ports noble/universe Translation-en [5982 kB]
Get:23 http://us-east-1.ec2.ports.ubuntu.com/ubuntu-ports noble/universe arm64 Components [3573 kB]
Get:24 http://us-east-1.ec2.ports.ubuntu.com/ubuntu-ports noble/universe arm64 c-n-f Metadata [295 kB]
Get:25 http://us-east-1.ec2.ports.ubuntu.com/ubuntu-ports noble/multiverse arm64 Packages [223 kB]
Get:26 http://us-east-1.ec2.ports.ubuntu.com/ubuntu-ports noble/multiverse Translation-en [118 kB]
Get:27 http://us-east-1.ec2.ports.ubuntu.com/ubuntu-ports noble/multiverse arm64 Components [31.6 kB]
Get:28 http://us-east-1.ec2.ports.ubuntu.com/ubuntu-ports noble/multiverse arm64 c-n-f Metadata [7152 B]
Get:29 http://us-east-1.ec2.ports.ubuntu.com/ubuntu-ports noble-updates/main arm64 Packages [1190 kB]
Get:30 http://us-east-1.ec2.ports.ubuntu.com/ubuntu-ports noble-updates/main Translation-en [278 kB]
Get:31 http://us-east-1.ec2.ports.ubuntu.com/ubuntu-ports noble-updates/main arm64 Components [178 kB]
Get:32 http://us-east-1.ec2.ports.ubuntu.com/ubuntu-ports noble-updates/universe arm64 Packages [1704 kB]
Get:33 http://us-east-1.ec2.ports.ubuntu.com/ubuntu-ports noble-updates/universe Translation-en [334 kB]
Get:34 http://us-east-1.ec2.ports.ubuntu.com/ubuntu-ports noble-updates/universe arm64 Components [387 kB]
Get:35 http://us-east-1.ec2.ports.ubuntu.com/ubuntu-ports noble-updates/universe arm64 c-n-f Metadata [33.5 kB]
Get:36 http://us-east-1.ec2.ports.ubuntu.com/ubuntu-ports noble-updates/restricted arm64 Packages [2036 kB]
Get:37 http://us-east-1.ec2.ports.ubuntu.com/ubuntu-ports noble-updates/restricted Translation-en [308 kB]
Get:38 http://us-east-1.ec2.ports.ubuntu.com/ubuntu-ports noble-updates/multiverse arm64 Packages [72.7 kB]
Get:39 http://us-east-1.ec2.ports.ubuntu.com/ubuntu-ports noble-updates/multiverse Translation-en [12.3 kB]
Get:40 http://us-east-1.ec2.ports.ubuntu.com/ubuntu-ports noble-updates/multiverse arm64 Components [212 B]
Get:41 http://us-east-1.ec2.ports.ubuntu.com/ubuntu-ports noble-updates/multiverse arm64 c-n-f Metadata [472 B]
Get:42 http://us-east-1.ec2.ports.ubuntu.com/ubuntu-ports noble-backports/main arm64 Packages [40.6 kB]
Get:43 http://us-east-1.ec2.ports.ubuntu.com/ubuntu-ports noble-backports/main Translation-en [9172 B]
Get:44 http://us-east-1.ec2.ports.ubuntu.com/ubuntu-ports noble-backports/main arm64 Components [3572 B]
Get:45 http://us-east-1.ec2.ports.ubuntu.com/ubuntu-ports noble-backports/main arm64 c-n-f Metadata [372 B]
Get:46 http://us-east-1.ec2.ports.ubuntu.com/ubuntu-ports noble-backports/universe arm64 Packages [32.7 kB]
Get:47 http://us-east-1.ec2.ports.ubuntu.com/ubuntu-ports noble-backports/universe Translation-en [18.6 kB]
Get:48 http://us-east-1.ec2.ports.ubuntu.com/ubuntu-ports noble-backports/universe arm64 Components [12.6 kB]
Get:49 http://us-east-1.ec2.ports.ubuntu.com/ubuntu-ports noble-backports/universe arm64 c-n-f Metadata [1592 B]
Get:50 http://us-east-1.ec2.ports.ubuntu.com/ubuntu-ports noble-backports/restricted arm64 Components [212 B]
Get:51 http://us-east-1.ec2.ports.ubuntu.com/ubuntu-ports noble-backports/restricted arm64 c-n-f Metadata [116 B]
Get:52 http://us-east-1.ec2.ports.ubuntu.com/ubuntu-ports noble-backports/multiverse arm64 Packages [748 B]
Get:53 http://us-east-1.ec2.ports.ubuntu.com/ubuntu-ports noble-backports/multiverse Translation-en [340 B]
Get:54 http://us-east-1.ec2.ports.ubuntu.com/ubuntu-ports noble-backports/multiverse arm64 Components [212 B]
Get:55 http://us-east-1.ec2.ports.ubuntu.com/ubuntu-ports noble-backports/multiverse arm64 c-n-f Metadata [116 B]
[22:01:43] [litellm-python] launched i-0b33ed0be99462d46
[22:01:43] [apisix] installing deps (bare base: docker + psutil; the rig is a prebuilt download, and each
[22:01:43] [apisix] gateway installs its OWN prereqs via gw_prereqs - no blanket build toolchain on every box)
Warning: Permanently added '35.153.184.238' (ED25519) to the list of known hosts.
[22:01:44] [bifrost] ip=54.196.78.100 - waiting for ssh
Hit:1 http://us-east-1.ec2.ports.ubuntu.com/ubuntu-ports noble InRelease
Get:2 http://us-east-1.ec2.ports.ubuntu.com/ubuntu-ports noble-updates InRelease [126 kB]
Get:3 http://us-east-1.ec2.ports.ubuntu.com/ubuntu-ports noble-backports InRelease [126 kB]
Get:4 http://us-east-1.ec2.ports.ubuntu.com/ubuntu-ports noble/universe arm64 Packages [15.3 MB]
Get:5 http://ports.ubuntu.com/ubuntu-ports noble-security InRelease [126 kB]
Get:6 http://us-east-1.ec2.ports.ubuntu.com/ubuntu-ports noble/universe Translation-en [5982 kB]
Get:7 http://us-east-1.ec2.ports.ubuntu.com/ubuntu-ports noble/universe arm64 Components [3573 kB]
Get:8 http://us-east-1.ec2.ports.ubuntu.com/ubuntu-ports noble/universe arm64 c-n-f Metadata [295 kB]
Get:9 http://us-east-1.ec2.ports.ubuntu.com/ubuntu-ports noble/multiverse arm64 Packages [223 kB]
Get:10 http://us-east-1.ec2.ports.ubuntu.com/ubuntu-ports noble/multiverse Translation-en [118 kB]
Get:11 http://us-east-1.ec2.ports.ubuntu.com/ubuntu-ports noble/multiverse arm64 Components [31.6 kB]
Get:12 http://us-east-1.ec2.ports.ubuntu.com/ubuntu-ports noble/multiverse arm64 c-n-f Metadata [7152 B]
Get:13 http://us-east-1.ec2.ports.ubuntu.com/ubuntu-ports noble-updates/main arm64 Packages [1190 kB]
Get:14 http://us-east-1.ec2.ports.ubuntu.com/ubuntu-ports noble-updates/main Translation-en [278 kB]
Get:15 http://us-east-1.ec2.ports.ubuntu.com/ubuntu-ports noble-updates/main arm64 Components [178 kB]
Get:16 http://us-east-1.ec2.ports.ubuntu.com/ubuntu-ports noble-updates/universe arm64 Packages [1704 kB]
Get:17 http://us-east-1.ec2.ports.ubuntu.com/ubuntu-ports noble-updates/universe Translation-en [334 kB]
Get:18 http://us-east-1.ec2.ports.ubuntu.com/ubuntu-ports noble-updates/universe arm64 Components [387 kB]
Get:19 http://us-east-1.ec2.ports.ubuntu.com/ubuntu-ports noble-updates/universe arm64 c-n-f Metadata [33.5 kB]
Get:20 http://us-east-1.ec2.ports.ubuntu.com/ubuntu-ports noble-updates/restricted arm64 Packages [2036 kB]
Get:21 http://us-east-1.ec2.ports.ubuntu.com/ubuntu-ports noble-updates/restricted Translation-en [308 kB]
Get:22 http://us-east-1.ec2.ports.ubuntu.com/ubuntu-ports noble-updates/multiverse arm64 Packages [72.7 kB]
Get:23 http://us-east-1.ec2.ports.ubuntu.com/ubuntu-ports noble-updates/multiverse Translation-en [12.3 kB]
Get:24 http://us-east-1.ec2.ports.ubuntu.com/ubuntu-ports noble-updates/multiverse arm64 Components [212 B]
Get:25 http://us-east-1.ec2.ports.ubuntu.com/ubuntu-ports noble-updates/multiverse arm64 c-n-f Metadata [472 B]
Get:26 http://us-east-1.ec2.ports.ubuntu.com/ubuntu-ports noble-backports/main arm64 Packages [40.6 kB]
Get:27 http://us-east-1.ec2.ports.ubuntu.com/ubuntu-ports noble-backports/main Translation-en [9172 B]
Get:28 http://us-east-1.ec2.ports.ubuntu.com/ubuntu-ports noble-backports/main arm64 Components [3572 B]
Get:29 http://us-east-1.ec2.ports.ubuntu.com/ubuntu-ports noble-backports/main arm64 c-n-f Metadata [372 B]
Get:30 http://us-east-1.ec2.ports.ubuntu.com/ubuntu-ports noble-backports/universe arm64 Packages [32.7 kB]
Get:31 http://us-east-1.ec2.ports.ubuntu.com/ubuntu-ports noble-backports/universe Translation-en [18.6 kB]
Get:32 http://us-east-1.ec2.ports.ubuntu.com/ubuntu-ports noble-backports/universe arm64 Components [12.6 kB]
Get:33 http://us-east-1.ec2.ports.ubuntu.com/ubuntu-ports noble-backports/universe arm64 c-n-f Metadata [1592 B]
Get:34 http://us-east-1.ec2.ports.ubuntu.com/ubuntu-ports noble-backports/restricted arm64 Components [212 B]
Get:35 http://us-east-1.ec2.ports.ubuntu.com/ubuntu-ports noble-backports/restricted arm64 c-n-f Metadata [116 B]
Get:36 http://us-east-1.ec2.ports.ubuntu.com/ubuntu-ports noble-backports/multiverse arm64 Packages [748 B]
Get:37 http://us-east-1.ec2.ports.ubuntu.com/ubuntu-ports noble-backports/multiverse Translation-en [340 B]
Get:38 http://us-east-1.ec2.ports.ubuntu.com/ubuntu-ports noble-backports/multiverse arm64 Components [212 B]
Get:39 http://us-east-1.ec2.ports.ubuntu.com/ubuntu-ports noble-backports/multiverse arm64 c-n-f Metadata [116 B]
Get:40 http://ports.ubuntu.com/ubuntu-ports noble-security/main arm64 Packages [940 kB]
[22:01:46] [litellm-rust] launched i-0671ba3e5c89e1708
Get:41 http://ports.ubuntu.com/ubuntu-ports noble-security/main Translation-en [198 kB]
Get:42 http://ports.ubuntu.com/ubuntu-ports noble-security/main arm64 Components [43.3 kB]
Get:43 http://ports.ubuntu.com/ubuntu-ports noble-security/main arm64 c-n-f Metadata [11.6 kB]
Get:44 http://ports.ubuntu.com/ubuntu-ports noble-security/universe arm64 Packages [1259 kB]
[22:01:46] [bifrost] installing deps (bare base: docker + psutil; the rig is a prebuilt download, and each
[22:01:46] [bifrost] gateway installs its OWN prereqs via gw_prereqs - no blanket build toolchain on every box)
Get:45 http://ports.ubuntu.com/ubuntu-ports noble-security/universe Translation-en [239 kB]
Get:46 http://ports.ubuntu.com/ubuntu-ports noble-security/universe arm64 Components [76.3 kB]
Get:47 http://ports.ubuntu.com/ubuntu-ports noble-security/universe arm64 c-n-f Metadata [23.7 kB]
Get:48 http://ports.ubuntu.com/ubuntu-ports noble-security/restricted arm64 Packages [1930 kB]
Warning: Permanently added '54.196.78.100' (ED25519) to the list of known hosts.
Get:49 http://ports.ubuntu.com/ubuntu-ports noble-security/restricted Translation-en [290 kB]
Get:50 http://ports.ubuntu.com/ubuntu-ports noble-security/restricted arm64 Components [212 B]
Get:51 http://ports.ubuntu.com/ubuntu-ports noble-security/restricted arm64 c-n-f Metadata [388 B]
Get:52 http://ports.ubuntu.com/ubuntu-ports noble-security/multiverse arm64 Packages [68.7 kB]
Get:53 http://ports.ubuntu.com/ubuntu-ports noble-security/multiverse Translation-en [10.6 kB]
Get:54 http://ports.ubuntu.com/ubuntu-ports noble-security/multiverse arm64 Components [208 B]
Get:55 http://ports.ubuntu.com/ubuntu-ports noble-security/multiverse arm64 c-n-f Metadata [456 B]
Hit:1 http://us-east-1.ec2.ports.ubuntu.com/ubuntu-ports noble InRelease
Get:2 http://us-east-1.ec2.ports.ubuntu.com/ubuntu-ports noble-updates InRelease [126 kB]
[22:01:47] [busbar] ip=54.166.138.47 - waiting for ssh
Get:3 http://us-east-1.ec2.ports.ubuntu.com/ubuntu-ports noble-backports InRelease [126 kB]
Get:4 http://us-east-1.ec2.ports.ubuntu.com/ubuntu-ports noble/universe arm64 Packages [15.3 MB]
Get:5 http://ports.ubuntu.com/ubuntu-ports noble-security InRelease [126 kB]
Get:6 http://us-east-1.ec2.ports.ubuntu.com/ubuntu-ports noble/universe Translation-en [5982 kB]
Get:7 http://us-east-1.ec2.ports.ubuntu.com/ubuntu-ports noble/universe arm64 Components [3573 kB]
Get:8 http://us-east-1.ec2.ports.ubuntu.com/ubuntu-ports noble/universe arm64 c-n-f Metadata [295 kB]
Get:9 http://us-east-1.ec2.ports.ubuntu.com/ubuntu-ports noble/multiverse arm64 Packages [223 kB]
Get:10 http://us-east-1.ec2.ports.ubuntu.com/ubuntu-ports noble/multiverse Translation-en [118 kB]
Get:11 http://us-east-1.ec2.ports.ubuntu.com/ubuntu-ports noble/multiverse arm64 Components [31.6 kB]
Get:12 http://us-east-1.ec2.ports.ubuntu.com/ubuntu-ports noble/multiverse arm64 c-n-f Metadata [7152 B]
Get:13 http://us-east-1.ec2.ports.ubuntu.com/ubuntu-ports noble-updates/main arm64 Packages [1190 kB]
Get:14 http://us-east-1.ec2.ports.ubuntu.com/ubuntu-ports noble-updates/main Translation-en [278 kB]
Get:15 http://us-east-1.ec2.ports.ubuntu.com/ubuntu-ports noble-updates/main arm64 Components [178 kB]
Get:16 http://us-east-1.ec2.ports.ubuntu.com/ubuntu-ports noble-updates/universe arm64 Packages [1704 kB]
Get:17 http://us-east-1.ec2.ports.ubuntu.com/ubuntu-ports noble-updates/universe Translation-en [334 kB]
Get:18 http://us-east-1.ec2.ports.ubuntu.com/ubuntu-ports noble-updates/universe arm64 Components [387 kB]
Get:19 http://us-east-1.ec2.ports.ubuntu.com/ubuntu-ports noble-updates/universe arm64 c-n-f Metadata [33.5 kB]
Get:20 http://us-east-1.ec2.ports.ubuntu.com/ubuntu-ports noble-updates/restricted arm64 Packages [2036 kB]
Get:21 http://us-east-1.ec2.ports.ubuntu.com/ubuntu-ports noble-updates/restricted Translation-en [308 kB]
Get:22 http://us-east-1.ec2.ports.ubuntu.com/ubuntu-ports noble-updates/multiverse arm64 Packages [72.7 kB]
Get:23 http://us-east-1.ec2.ports.ubuntu.com/ubuntu-ports noble-updates/multiverse Translation-en [12.3 kB]
Get:24 http://us-east-1.ec2.ports.ubuntu.com/ubuntu-ports noble-updates/multiverse arm64 Components [212 B]
Get:25 http://us-east-1.ec2.ports.ubuntu.com/ubuntu-ports noble-updates/multiverse arm64 c-n-f Metadata [472 B]
Get:26 http://us-east-1.ec2.ports.ubuntu.com/ubuntu-ports noble-backports/main arm64 Packages [40.6 kB]
Get:27 http://us-east-1.ec2.ports.ubuntu.com/ubuntu-ports noble-backports/main Translation-en [9172 B]
Get:28 http://us-east-1.ec2.ports.ubuntu.com/ubuntu-ports noble-backports/main arm64 Components [3572 B]
Get:29 http://us-east-1.ec2.ports.ubuntu.com/ubuntu-ports noble-backports/main arm64 c-n-f Metadata [372 B]
Get:30 http://us-east-1.ec2.ports.ubuntu.com/ubuntu-ports noble-backports/universe arm64 Packages [32.7 kB]
Get:31 http://us-east-1.ec2.ports.ubuntu.com/ubuntu-ports noble-backports/universe Translation-en [18.6 kB]
Get:32 http://us-east-1.ec2.ports.ubuntu.com/ubuntu-ports noble-backports/universe arm64 Components [12.6 kB]
Get:33 http://us-east-1.ec2.ports.ubuntu.com/ubuntu-ports noble-backports/universe arm64 c-n-f Metadata [1592 B]
Get:34 http://us-east-1.ec2.ports.ubuntu.com/ubuntu-ports noble-backports/restricted arm64 Components [212 B]
Get:35 http://us-east-1.ec2.ports.ubuntu.com/ubuntu-ports noble-backports/restricted arm64 c-n-f Metadata [116 B]
Get:36 http://us-east-1.ec2.ports.ubuntu.com/ubuntu-ports noble-backports/multiverse arm64 Packages [748 B]
Get:37 http://us-east-1.ec2.ports.ubuntu.com/ubuntu-ports noble-backports/multiverse Translation-en [340 B]
Get:38 http://us-east-1.ec2.ports.ubuntu.com/ubuntu-ports noble-backports/multiverse arm64 Components [212 B]
Get:39 http://us-east-1.ec2.ports.ubuntu.com/ubuntu-ports noble-backports/multiverse arm64 c-n-f Metadata [116 B]
Get:40 http://ports.ubuntu.com/ubuntu-ports noble-security/main arm64 Packages [940 kB]
Get:41 http://ports.ubuntu.com/ubuntu-ports noble-security/main Translation-en [198 kB]
Get:42 http://ports.ubuntu.com/ubuntu-ports noble-security/main arm64 Components [43.3 kB]
Get:43 http://ports.ubuntu.com/ubuntu-ports noble-security/main arm64 c-n-f Metadata [11.6 kB]
Get:44 http://ports.ubuntu.com/ubuntu-ports noble-security/universe arm64 Packages [1259 kB]
Get:45 http://ports.ubuntu.com/ubuntu-ports noble-security/universe Translation-en [239 kB]
Get:46 http://ports.ubuntu.com/ubuntu-ports noble-security/universe arm64 Components [76.3 kB]
Get:47 http://ports.ubuntu.com/ubuntu-ports noble-security/universe arm64 c-n-f Metadata [23.7 kB]
Get:48 http://ports.ubuntu.com/ubuntu-ports noble-security/restricted arm64 Packages [1930 kB]
Get:49 http://ports.ubuntu.com/ubuntu-ports noble-security/restricted Translation-en [290 kB]
[22:01:49] [one-api] launched i-018ac7bb9bd9c4804
Get:50 http://ports.ubuntu.com/ubuntu-ports noble-security/restricted arm64 Components [212 B]
Get:51 http://ports.ubuntu.com/ubuntu-ports noble-security/restricted arm64 c-n-f Metadata [388 B]
Get:52 http://ports.ubuntu.com/ubuntu-ports noble-security/multiverse arm64 Packages [68.7 kB]
Get:53 http://ports.ubuntu.com/ubuntu-ports noble-security/multiverse Translation-en [10.6 kB]
Get:54 http://ports.ubuntu.com/ubuntu-ports noble-security/multiverse arm64 Components [208 B]
Get:55 http://ports.ubuntu.com/ubuntu-ports noble-security/multiverse arm64 c-n-f Metadata [456 B]
[22:01:49] [busbar] installing deps (bare base: docker + psutil; the rig is a prebuilt download, and each
[22:01:49] [busbar] gateway installs its OWN prereqs via gw_prereqs - no blanket build toolchain on every box)
Warning: Permanently added '54.166.138.47' (ED25519) to the list of known hosts.
Fetched 37.7 MB in 4s (10.0 MB/s)
Reading package lists...Hit:1 http://us-east-1.ec2.ports.ubuntu.com/ubuntu-ports noble InRelease
Get:2 http://us-east-1.ec2.ports.ubuntu.com/ubuntu-ports noble-updates InRelease [126 kB]

Get:3 http://us-east-1.ec2.ports.ubuntu.com/ubuntu-ports noble-backports InRelease [126 kB]
Reading package lists...
Building dependency tree...Get:4 http://us-east-1.ec2.ports.ubuntu.com/ubuntu-ports noble/universe arm64 Packages [15.3 MB]
[22:01:50] [gomodel] ip=34.207.231.216 - waiting for ssh
Get:5 http://ports.ubuntu.com/ubuntu-ports noble-security InRelease [126 kB]

Reading state information...
Get:6 http://us-east-1.ec2.ports.ubuntu.com/ubuntu-ports noble/universe Translation-en [5982 kB]
Get:7 http://us-east-1.ec2.ports.ubuntu.com/ubuntu-ports noble/universe arm64 Components [3573 kB]
Get:8 http://us-east-1.ec2.ports.ubuntu.com/ubuntu-ports noble/universe arm64 c-n-f Metadata [295 kB]
Get:9 http://us-east-1.ec2.ports.ubuntu.com/ubuntu-ports noble/multiverse arm64 Packages [223 kB]
Get:10 http://us-east-1.ec2.ports.ubuntu.com/ubuntu-ports noble/multiverse Translation-en [118 kB]
Get:11 http://us-east-1.ec2.ports.ubuntu.com/ubuntu-ports noble/multiverse arm64 Components [31.6 kB]
Get:12 http://us-east-1.ec2.ports.ubuntu.com/ubuntu-ports noble/multiverse arm64 c-n-f Metadata [7152 B]
Get:13 http://us-east-1.ec2.ports.ubuntu.com/ubuntu-ports noble-updates/main arm64 Packages [1190 kB]
Get:14 http://us-east-1.ec2.ports.ubuntu.com/ubuntu-ports noble-updates/main Translation-en [278 kB]
Get:15 http://us-east-1.ec2.ports.ubuntu.com/ubuntu-ports noble-updates/main arm64 Components [178 kB]
Get:16 http://us-east-1.ec2.ports.ubuntu.com/ubuntu-ports noble-updates/universe arm64 Packages [1704 kB]
Get:17 http://us-east-1.ec2.ports.ubuntu.com/ubuntu-ports noble-updates/universe Translation-en [334 kB]
Get:18 http://us-east-1.ec2.ports.ubuntu.com/ubuntu-ports noble-updates/universe arm64 Components [387 kB]
Get:19 http://us-east-1.ec2.ports.ubuntu.com/ubuntu-ports noble-updates/universe arm64 c-n-f Metadata [33.5 kB]
Get:20 http://us-east-1.ec2.ports.ubuntu.com/ubuntu-ports noble-updates/restricted arm64 Packages [2036 kB]
Get:21 http://us-east-1.ec2.ports.ubuntu.com/ubuntu-ports noble-updates/restricted Translation-en [308 kB]
Get:22 http://us-east-1.ec2.ports.ubuntu.com/ubuntu-ports noble-updates/multiverse arm64 Packages [72.7 kB]
Get:23 http://us-east-1.ec2.ports.ubuntu.com/ubuntu-ports noble-updates/multiverse Translation-en [12.3 kB]
Get:24 http://us-east-1.ec2.ports.ubuntu.com/ubuntu-ports noble-updates/multiverse arm64 Components [212 B]
Get:25 http://us-east-1.ec2.ports.ubuntu.com/ubuntu-ports noble-updates/multiverse arm64 c-n-f Metadata [472 B]
Get:26 http://us-east-1.ec2.ports.ubuntu.com/ubuntu-ports noble-backports/main arm64 Packages [40.6 kB]
Get:27 http://us-east-1.ec2.ports.ubuntu.com/ubuntu-ports noble-backports/main Translation-en [9172 B]
Get:28 http://us-east-1.ec2.ports.ubuntu.com/ubuntu-ports noble-backports/main arm64 Components [3572 B]
Get:29 http://us-east-1.ec2.ports.ubuntu.com/ubuntu-ports noble-backports/main arm64 c-n-f Metadata [372 B]
Get:30 http://us-east-1.ec2.ports.ubuntu.com/ubuntu-ports noble-backports/universe arm64 Packages [32.7 kB]
Get:31 http://us-east-1.ec2.ports.ubuntu.com/ubuntu-ports noble-backports/universe Translation-en [18.6 kB]
Get:32 http://us-east-1.ec2.ports.ubuntu.com/ubuntu-ports noble-backports/universe arm64 Components [12.6 kB]
Get:33 http://us-east-1.ec2.ports.ubuntu.com/ubuntu-ports noble-backports/universe arm64 c-n-f Metadata [1592 B]
Get:34 http://us-east-1.ec2.ports.ubuntu.com/ubuntu-ports noble-backports/restricted arm64 Components [212 B]
Get:35 http://us-east-1.ec2.ports.ubuntu.com/ubuntu-ports noble-backports/restricted arm64 c-n-f Metadata [116 B]
Get:36 http://us-east-1.ec2.ports.ubuntu.com/ubuntu-ports noble-backports/multiverse arm64 Packages [748 B]
Get:37 http://us-east-1.ec2.ports.ubuntu.com/ubuntu-ports noble-backports/multiverse Translation-en [340 B]
Get:38 http://us-east-1.ec2.ports.ubuntu.com/ubuntu-ports noble-backports/multiverse arm64 Components [212 B]
Get:39 http://us-east-1.ec2.ports.ubuntu.com/ubuntu-ports noble-backports/multiverse arm64 c-n-f Metadata [116 B]
curl is already the newest version (8.5.0-2ubuntu10.11).
curl set to manually installed.
ca-certificates is already the newest version (20260601~24.04.1).
ca-certificates set to manually installed.
jq is already the newest version (1.7.1-3ubuntu0.24.04.2).
jq set to manually installed.
git is already the newest version (1:2.43.0-1ubuntu7.3).
git set to manually installed.
The following additional packages will be installed:
  binutils binutils-aarch64-linux-gnu binutils-common bridge-utils bzip2
  containerd cpp cpp-13 cpp-13-aarch64-linux-gnu cpp-aarch64-linux-gnu
  dns-root-data dnsmasq-base dpkg-dev fakeroot fontconfig-config
  fonts-dejavu-core fonts-dejavu-mono g++ g++-13 g++-13-aarch64-linux-gnu
  g++-aarch64-linux-gnu gcc gcc-13 gcc-13-aarch64-linux-gnu gcc-13-base
  gcc-aarch64-linux-gnu javascript-common libalgorithm-diff-perl
  libalgorithm-diff-xs-perl libalgorithm-merge-perl libaom3 libasan8
  libatomic1 libbinutils libc-bin libc-dev-bin libc-devtools libc6 libc6-dev
  libcc1-0 libcrypt-dev libctf-nobfd0 libctf0 libdeflate0 libdpkg-perl
  libexpat1-dev libfakeroot libfile-fcntllock-perl libfontconfig1
  libgcc-13-dev libgd3 libgomp1 libgprofng0 libheif-plugin-aomdec
  libheif-plugin-aomenc libheif1 libhwasan0 libisl23 libitm1 libjbig0
  libjpeg-turbo8 libjpeg8 libjs-jquery libjs-sphinxdoc libjs-underscore
  liblerc4 liblsan0 libmpc3 libpython3-dev libpython3.12-dev libsframe1
  libsharpyuv0 libstdc++-13-dev libtiff6 libtsan2 libubsan1 libwebp7 libxpm4
  linux-libc-dev linux-tools-common locales lto-disabled-list make
  manpages-dev pigz python3-dev python3-wheel python3.12-dev rpcsvc-proto runc
  ubuntu-fan zlib1g-dev
Suggested packages:
  binutils-doc gprofng-gui ifupdown bzip2-doc cpp-doc gcc-13-locales
  cpp-13-doc aufs-tools cgroupfs-mount | cgroup-lite debootstrap docker-buildx
  docker-compose-v2 docker-doc rinse zfs-fuse | zfsutils debian-keyring
  gcc-13-doc gcc-multilib autoconf automake libtool flex bison gdb gcc-doc
  gdb-aarch64-linux-gnu apache2 | lighttpd | httpd glibc-doc libnss-nis
  libnss-nisplus bzr libgd-tools libheif-plugin-libde265 libheif-plugin-x265
  libheif-plugin-ffmpegdec libheif-plugin-jpegdec libheif-plugin-jpegenc
  libheif-plugin-j2kdec libheif-plugin-j2kenc libheif-plugin-rav1e
  libheif-plugin-svtenc libstdc++-13-doc make-doc
The following NEW packages will be installed:
  binutils binutils-aarch64-linux-gnu binutils-common bridge-utils
  build-essential bzip2 containerd cpp cpp-13 cpp-13-aarch64-linux-gnu
  cpp-aarch64-linux-gnu dns-root-data dnsmasq-base docker.io dpkg-dev fakeroot
  fontconfig-config fonts-dejavu-core fonts-dejavu-mono g++ g++-13
  g++-13-aarch64-linux-gnu g++-aarch64-linux-gnu gcc gcc-13
  gcc-13-aarch64-linux-gnu gcc-13-base gcc-aarch64-linux-gnu javascript-common
  libalgorithm-diff-perl libalgorithm-diff-xs-perl libalgorithm-merge-perl
  libaom3 libasan8 libatomic1 libbinutils libc-dev-bin libc-devtools libc6-dev
  libcc1-0 libcrypt-dev libctf-nobfd0 libctf0 libdeflate0 libdpkg-perl
  libexpat1-dev libfakeroot libfile-fcntllock-perl libfontconfig1
  libgcc-13-dev libgd3 libgomp1 libgprofng0 libheif-plugin-aomdec
  libheif-plugin-aomenc libheif1 libhwasan0 libisl23 libitm1 libjbig0
  libjpeg-turbo8 libjpeg8 libjs-jquery libjs-sphinxdoc libjs-underscore
  liblerc4 liblsan0 libmpc3 libpython3-dev libpython3.12-dev libsframe1
  libsharpyuv0 libstdc++-13-dev libtiff6 libtsan2 libubsan1 libwebp7 libxpm4
  linux-libc-dev lto-disabled-list make manpages-dev pigz python3-dev
  python3-pip python3-wheel python3.12-dev rpcsvc-proto runc ubuntu-fan
  zlib1g-dev
The following packages will be upgraded:
  libc-bin libc6 linux-tools-common locales
4 upgraded, 91 newly installed, 0 to remove and 30 not upgraded.
Need to get 155 MB of archives.
After this operation, 558 MB of additional disk space will be used.
Get:1 http://us-east-1.ec2.ports.ubuntu.com/ubuntu-ports noble-updates/main arm64 libc6 arm64 2.39-0ubuntu8.8 [2775 kB]
Get:40 http://ports.ubuntu.com/ubuntu-ports noble-security/main arm64 Packages [940 kB]
Get:2 http://us-east-1.ec2.ports.ubuntu.com/ubuntu-ports noble-updates/main arm64 libc-bin arm64 2.39-0ubuntu8.8 [591 kB]
Get:3 http://us-east-1.ec2.ports.ubuntu.com/ubuntu-ports noble/universe arm64 pigz arm64 2.8-1 [60.7 kB]
Get:4 http://us-east-1.ec2.ports.ubuntu.com/ubuntu-ports noble-updates/main arm64 locales all 2.39-0ubuntu8.8 [4231 kB]
Get:5 http://us-east-1.ec2.ports.ubuntu.com/ubuntu-ports noble-updates/main arm64 binutils-common arm64 2.42-4ubuntu2.10 [240 kB]
Get:6 http://us-east-1.ec2.ports.ubuntu.com/ubuntu-ports noble-updates/main arm64 libsframe1 arm64 2.42-4ubuntu2.10 [15.4 kB]
Get:7 http://us-east-1.ec2.ports.ubuntu.com/ubuntu-ports noble-updates/main arm64 libbinutils arm64 2.42-4ubuntu2.10 [766 kB]
Get:8 http://us-east-1.ec2.ports.ubuntu.com/ubuntu-ports noble-updates/main arm64 libctf-nobfd0 arm64 2.42-4ubuntu2.10 [101 kB]
Get:9 http://us-east-1.ec2.ports.ubuntu.com/ubuntu-ports noble-updates/main arm64 libctf0 arm64 2.42-4ubuntu2.10 [95.7 kB]
Get:10 http://us-east-1.ec2.ports.ubuntu.com/ubuntu-ports noble-updates/main arm64 libgprofng0 arm64 2.42-4ubuntu2.10 [776 kB]
Get:11 http://us-east-1.ec2.ports.ubuntu.com/ubuntu-ports noble-updates/main arm64 binutils-aarch64-linux-gnu arm64 2.42-4ubuntu2.10 [3304 kB]
Get:12 http://us-east-1.ec2.ports.ubuntu.com/ubuntu-ports noble-updates/main arm64 binutils arm64 2.42-4ubuntu2.10 [18.1 kB]
Get:13 http://us-east-1.ec2.ports.ubuntu.com/ubuntu-ports noble/main arm64 bridge-utils arm64 1.7.1-1ubuntu2 [34.2 kB]
Get:14 http://us-east-1.ec2.ports.ubuntu.com/ubuntu-ports noble-updates/main arm64 libc-dev-bin arm64 2.39-0ubuntu8.8 [19.7 kB]
Get:15 http://us-east-1.ec2.ports.ubuntu.com/ubuntu-ports noble-updates/main arm64 linux-libc-dev arm64 6.8.0-136.136 [1550 kB]
Get:16 http://us-east-1.ec2.ports.ubuntu.com/ubuntu-ports noble/main arm64 libcrypt-dev arm64 1:4.4.36-4build1 [118 kB]
Get:17 http://us-east-1.ec2.ports.ubuntu.com/ubuntu-ports noble/main arm64 rpcsvc-proto arm64 1.4.2-0ubuntu7 [64.8 kB]
Get:18 http://us-east-1.ec2.ports.ubuntu.com/ubuntu-ports noble-updates/main arm64 libc6-dev arm64 2.39-0ubuntu8.8 [1596 kB]
Get:19 http://us-east-1.ec2.ports.ubuntu.com/ubuntu-ports noble-updates/main arm64 gcc-13-base arm64 13.3.0-6ubuntu2~24.04.1 [51.6 kB]
Get:20 http://us-east-1.ec2.ports.ubuntu.com/ubuntu-ports noble-updates/main arm64 libisl23 arm64 0.26-3build1.1 [669 kB]
Get:21 http://us-east-1.ec2.ports.ubuntu.com/ubuntu-ports noble-updates/main arm64 libmpc3 arm64 1.3.1-1build1.1 [56.4 kB]
Get:22 http://us-east-1.ec2.ports.ubuntu.com/ubuntu-ports noble-updates/main arm64 cpp-13-aarch64-linux-gnu arm64 13.3.0-6ubuntu2~24.04.1 [9560 kB]
Get:23 http://us-east-1.ec2.ports.ubuntu.com/ubuntu-ports noble-updates/main arm64 cpp-13 arm64 13.3.0-6ubuntu2~24.04.1 [1038 B]
Get:24 http://us-east-1.ec2.ports.ubuntu.com/ubuntu-ports noble/main arm64 cpp-aarch64-linux-gnu arm64 4:13.2.0-7ubuntu1 [5316 B]
Get:25 http://us-east-1.ec2.ports.ubuntu.com/ubuntu-ports noble/main arm64 cpp arm64 4:13.2.0-7ubuntu1 [22.4 kB]
Get:26 http://us-east-1.ec2.ports.ubuntu.com/ubuntu-ports noble-updates/main arm64 libcc1-0 arm64 14.2.0-4ubuntu2~24.04.1 [49.7 kB]
Get:27 http://us-east-1.ec2.ports.ubuntu.com/ubuntu-ports noble-updates/main arm64 libgomp1 arm64 14.2.0-4ubuntu2~24.04.1 [145 kB]
Get:28 http://us-east-1.ec2.ports.ubuntu.com/ubuntu-ports noble-updates/main arm64 libitm1 arm64 14.2.0-4ubuntu2~24.04.1 [28.2 kB]
Get:29 http://us-east-1.ec2.ports.ubuntu.com/ubuntu-ports noble-updates/main arm64 libatomic1 arm64 14.2.0-4ubuntu2~24.04.1 [11.6 kB]
Get:30 http://us-east-1.ec2.ports.ubuntu.com/ubuntu-ports noble-updates/main arm64 libasan8 arm64 14.2.0-4ubuntu2~24.04.1 [2928 kB]
Get:31 http://us-east-1.ec2.ports.ubuntu.com/ubuntu-ports noble-updates/main arm64 liblsan0 arm64 14.2.0-4ubuntu2~24.04.1 [1289 kB]
Get:32 http://us-east-1.ec2.ports.ubuntu.com/ubuntu-ports noble-updates/main arm64 libtsan2 arm64 14.2.0-4ubuntu2~24.04.1 [2697 kB]
Get:41 http://ports.ubuntu.com/ubuntu-ports noble-security/main Translation-en [198 kB]
Get:33 http://us-east-1.ec2.ports.ubuntu.com/ubuntu-ports noble-updates/main arm64 libubsan1 arm64 14.2.0-4ubuntu2~24.04.1 [1157 kB]
Get:42 http://ports.ubuntu.com/ubuntu-ports noble-security/main arm64 Components [43.3 kB]
Get:34 http://us-east-1.ec2.ports.ubuntu.com/ubuntu-ports noble-updates/main arm64 libhwasan0 arm64 14.2.0-4ubuntu2~24.04.1 [1605 kB]
Get:43 http://ports.ubuntu.com/ubuntu-ports noble-security/main arm64 c-n-f Metadata [11.6 kB]
Get:44 http://ports.ubuntu.com/ubuntu-ports noble-security/universe arm64 Packages [1259 kB]
Get:35 http://us-east-1.ec2.ports.ubuntu.com/ubuntu-ports noble-updates/main arm64 libgcc-13-dev arm64 13.3.0-6ubuntu2~24.04.1 [2473 kB]
Get:36 http://us-east-1.ec2.ports.ubuntu.com/ubuntu-ports noble-updates/main arm64 gcc-13-aarch64-linux-gnu arm64 13.3.0-6ubuntu2~24.04.1 [18.7 MB]
Get:37 http://us-east-1.ec2.ports.ubuntu.com/ubuntu-ports noble-updates/main arm64 gcc-13 arm64 13.3.0-6ubuntu2~24.04.1 [484 kB]
Get:38 http://us-east-1.ec2.ports.ubuntu.com/ubuntu-ports noble/main arm64 gcc-aarch64-linux-gnu arm64 4:13.2.0-7ubuntu1 [1198 B]
Get:39 http://us-east-1.ec2.ports.ubuntu.com/ubuntu-ports noble/main arm64 gcc arm64 4:13.2.0-7ubuntu1 [5018 B]
Get:45 http://ports.ubuntu.com/ubuntu-ports noble-security/universe Translation-en [239 kB]
Get:46 http://ports.ubuntu.com/ubuntu-ports noble-security/universe arm64 Components [76.3 kB]
Get:47 http://ports.ubuntu.com/ubuntu-ports noble-security/universe arm64 c-n-f Metadata [23.7 kB]
Get:48 http://ports.ubuntu.com/ubuntu-ports noble-security/restricted arm64 Packages [1930 kB]
Get:40 http://us-east-1.ec2.ports.ubuntu.com/ubuntu-ports noble-updates/main arm64 libstdc++-13-dev arm64 13.3.0-6ubuntu2~24.04.1 [2397 kB]
[22:01:52] [plano] launched i-0386b9f26f05632d9
Get:49 http://ports.ubuntu.com/ubuntu-ports noble-security/restricted Translation-en [290 kB]
Get:50 http://ports.ubuntu.com/ubuntu-ports noble-security/restricted arm64 Components [212 B]
Get:51 http://ports.ubuntu.com/ubuntu-ports noble-security/restricted arm64 c-n-f Metadata [388 B]
Get:52 http://ports.ubuntu.com/ubuntu-ports noble-security/multiverse arm64 Packages [68.7 kB]
Get:53 http://ports.ubuntu.com/ubuntu-ports noble-security/multiverse Translation-en [10.6 kB]
Get:54 http://ports.ubuntu.com/ubuntu-ports noble-security/multiverse arm64 Components [208 B]
Get:55 http://ports.ubuntu.com/ubuntu-ports noble-security/multiverse arm64 c-n-f Metadata [456 B]
Get:41 http://us-east-1.ec2.ports.ubuntu.com/ubuntu-ports noble-updates/main arm64 g++-13-aarch64-linux-gnu arm64 13.3.0-6ubuntu2~24.04.1 [10.9 MB]
[22:01:52] [gomodel] installing deps (bare base: docker + psutil; the rig is a prebuilt download, and each
[22:01:52] [gomodel] gateway installs its OWN prereqs via gw_prereqs - no blanket build toolchain on every box)
Warning: Permanently added '34.207.231.216' (ED25519) to the list of known hosts.
Get:42 http://us-east-1.ec2.ports.ubuntu.com/ubuntu-ports noble-updates/main arm64 g++-13 arm64 13.3.0-6ubuntu2~24.04.1 [16.0 kB]
Get:43 http://us-east-1.ec2.ports.ubuntu.com/ubuntu-ports noble/main arm64 g++-aarch64-linux-gnu arm64 4:13.2.0-7ubuntu1 [962 B]
Get:44 http://us-east-1.ec2.ports.ubuntu.com/ubuntu-ports noble/main arm64 g++ arm64 4:13.2.0-7ubuntu1 [1082 B]
Get:45 http://us-east-1.ec2.ports.ubuntu.com/ubuntu-ports noble/main arm64 make arm64 4.3-4.1build2 [178 kB]
Get:46 http://us-east-1.ec2.ports.ubuntu.com/ubuntu-ports noble-updates/main arm64 libdpkg-perl all 1.22.6ubuntu6.6 [268 kB]
Get:47 http://us-east-1.ec2.ports.ubuntu.com/ubuntu-ports noble-updates/main arm64 bzip2 arm64 1.0.8-5.1build0.1 [34.0 kB]
Get:48 http://us-east-1.ec2.ports.ubuntu.com/ubuntu-ports noble/main arm64 lto-disabled-list all 47 [12.4 kB]
Get:49 http://us-east-1.ec2.ports.ubuntu.com/ubuntu-ports noble-updates/main arm64 dpkg-dev all 1.22.6ubuntu6.6 [1074 kB]
Get:50 http://us-east-1.ec2.ports.ubuntu.com/ubuntu-ports noble/main arm64 build-essential arm64 12.10ubuntu1 [4932 B]
Get:51 http://us-east-1.ec2.ports.ubuntu.com/ubuntu-ports noble-updates/main arm64 runc arm64 1.3.4-0ubuntu1~24.04.1 [8578 kB]
Fetched 37.7 MB in 4s (9238 kB/s)
Reading package lists...Get:52 http://us-east-1.ec2.ports.ubuntu.com/ubuntu-ports noble-updates/main arm64 containerd arm64 2.2.1-0ubuntu1~24.04.3 [25.2 MB]
Hit:1 http://us-east-1.ec2.ports.ubuntu.com/ubuntu-ports noble InRelease
Get:2 http://us-east-1.ec2.ports.ubuntu.com/ubuntu-ports noble-updates InRelease [126 kB]
Get:3 http://us-east-1.ec2.ports.ubuntu.com/ubuntu-ports noble-backports InRelease [126 kB]

Reading package lists...
Building dependency tree...[22:01:53] [helicone] ip=98.93.109.98 - waiting for ssh
Get:53 http://us-east-1.ec2.ports.ubuntu.com/ubuntu-ports noble-updates/main arm64 dns-root-data all 2024071801~ubuntu0.24.04.1 [5918 B]
Get:54 http://us-east-1.ec2.ports.ubuntu.com/ubuntu-ports noble-updates/main arm64 dnsmasq-base arm64 2.90-2ubuntu0.4 [367 kB]
Get:55 http://us-east-1.ec2.ports.ubuntu.com/ubuntu-ports noble-updates/universe arm64 docker.io arm64 29.1.3-0ubuntu3~24.04.2 [32.0 MB]
Get:4 http://us-east-1.ec2.ports.ubuntu.com/ubuntu-ports noble/universe arm64 Packages [15.3 MB]
Get:5 http://us-east-1.ec2.ports.ubuntu.com/ubuntu-ports noble/universe Translation-en [5982 kB]
Get:6 http://ports.ubuntu.com/ubuntu-ports noble-security InRelease [126 kB]
Get:7 http://us-east-1.ec2.ports.ubuntu.com/ubuntu-ports noble/universe arm64 Components [3573 kB]
Get:8 http://us-east-1.ec2.ports.ubuntu.com/ubuntu-ports noble/universe arm64 c-n-f Metadata [295 kB]
Get:9 http://us-east-1.ec2.ports.ubuntu.com/ubuntu-ports noble/multiverse arm64 Packages [223 kB]
Get:10 http://us-east-1.ec2.ports.ubuntu.com/ubuntu-ports noble/multiverse Translation-en [118 kB]
Get:11 http://us-east-1.ec2.ports.ubuntu.com/ubuntu-ports noble/multiverse arm64 Components [31.6 kB]
Get:12 http://us-east-1.ec2.ports.ubuntu.com/ubuntu-ports noble/multiverse arm64 c-n-f Metadata [7152 B]
Get:13 http://us-east-1.ec2.ports.ubuntu.com/ubuntu-ports noble-updates/main arm64 Packages [1190 kB]
Get:14 http://us-east-1.ec2.ports.ubuntu.com/ubuntu-ports noble-updates/main Translation-en [278 kB]

Reading state information...
Get:15 http://us-east-1.ec2.ports.ubuntu.com/ubuntu-ports noble-updates/main arm64 Components [178 kB]
Get:16 http://us-east-1.ec2.ports.ubuntu.com/ubuntu-ports noble-updates/universe arm64 Packages [1704 kB]
Get:17 http://us-east-1.ec2.ports.ubuntu.com/ubuntu-ports noble-updates/universe Translation-en [334 kB]
Get:18 http://us-east-1.ec2.ports.ubuntu.com/ubuntu-ports noble-updates/universe arm64 Components [387 kB]
Get:19 http://us-east-1.ec2.ports.ubuntu.com/ubuntu-ports noble-updates/universe arm64 c-n-f Metadata [33.5 kB]
Get:20 http://us-east-1.ec2.ports.ubuntu.com/ubuntu-ports noble-updates/restricted arm64 Packages [2036 kB]
Get:21 http://us-east-1.ec2.ports.ubuntu.com/ubuntu-ports noble-updates/restricted Translation-en [308 kB]
Get:22 http://us-east-1.ec2.ports.ubuntu.com/ubuntu-ports noble-updates/multiverse arm64 Packages [72.7 kB]
Get:23 http://us-east-1.ec2.ports.ubuntu.com/ubuntu-ports noble-updates/multiverse Translation-en [12.3 kB]
Get:24 http://us-east-1.ec2.ports.ubuntu.com/ubuntu-ports noble-updates/multiverse arm64 Components [212 B]
Get:25 http://us-east-1.ec2.ports.ubuntu.com/ubuntu-ports noble-updates/multiverse arm64 c-n-f Metadata [472 B]
Get:26 http://us-east-1.ec2.ports.ubuntu.com/ubuntu-ports noble-backports/main arm64 Packages [40.6 kB]
Get:27 http://us-east-1.ec2.ports.ubuntu.com/ubuntu-ports noble-backports/main Translation-en [9172 B]
Get:28 http://us-east-1.ec2.ports.ubuntu.com/ubuntu-ports noble-backports/main arm64 Components [3572 B]
Get:29 http://us-east-1.ec2.ports.ubuntu.com/ubuntu-ports noble-backports/main arm64 c-n-f Metadata [372 B]
Get:30 http://us-east-1.ec2.ports.ubuntu.com/ubuntu-ports noble-backports/universe arm64 Packages [32.7 kB]
Get:31 http://us-east-1.ec2.ports.ubuntu.com/ubuntu-ports noble-backports/universe Translation-en [18.6 kB]
Get:32 http://us-east-1.ec2.ports.ubuntu.com/ubuntu-ports noble-backports/universe arm64 Components [12.6 kB]
Get:33 http://us-east-1.ec2.ports.ubuntu.com/ubuntu-ports noble-backports/universe arm64 c-n-f Metadata [1592 B]
Get:34 http://us-east-1.ec2.ports.ubuntu.com/ubuntu-ports noble-backports/restricted arm64 Components [212 B]
Get:35 http://us-east-1.ec2.ports.ubuntu.com/ubuntu-ports noble-backports/restricted arm64 c-n-f Metadata [116 B]
Get:36 http://us-east-1.ec2.ports.ubuntu.com/ubuntu-ports noble-backports/multiverse arm64 Packages [748 B]
Get:37 http://us-east-1.ec2.ports.ubuntu.com/ubuntu-ports noble-backports/multiverse Translation-en [340 B]
Get:38 http://us-east-1.ec2.ports.ubuntu.com/ubuntu-ports noble-backports/multiverse arm64 Components [212 B]
Get:39 http://us-east-1.ec2.ports.ubuntu.com/ubuntu-ports noble-backports/multiverse arm64 c-n-f Metadata [116 B]
curl is already the newest version (8.5.0-2ubuntu10.11).
curl set to manually installed.
ca-certificates is already the newest version (20260601~24.04.1).
ca-certificates set to manually installed.
jq is already the newest version (1.7.1-3ubuntu0.24.04.2).
jq set to manually installed.
git is already the newest version (1:2.43.0-1ubuntu7.3).
git set to manually installed.
The following additional packages will be installed:
  binutils binutils-aarch64-linux-gnu binutils-common bridge-utils bzip2
  containerd cpp cpp-13 cpp-13-aarch64-linux-gnu cpp-aarch64-linux-gnu
  dns-root-data dnsmasq-base dpkg-dev fakeroot fontconfig-config
  fonts-dejavu-core fonts-dejavu-mono g++ g++-13 g++-13-aarch64-linux-gnu
  g++-aarch64-linux-gnu gcc gcc-13 gcc-13-aarch64-linux-gnu gcc-13-base
  gcc-aarch64-linux-gnu javascript-common libalgorithm-diff-perl
  libalgorithm-diff-xs-perl libalgorithm-merge-perl libaom3 libasan8
  libatomic1 libbinutils libc-bin libc-dev-bin libc-devtools libc6 libc6-dev
  libcc1-0 libcrypt-dev libctf-nobfd0 libctf0 libdeflate0 libdpkg-perl
  libexpat1-dev libfakeroot libfile-fcntllock-perl libfontconfig1
Get:56 http://us-east-1.ec2.ports.ubuntu.com/ubuntu-ports noble/main arm64 libfakeroot arm64 1.33-1 [32.5 kB]
Get:57 http://us-east-1.ec2.ports.ubuntu.com/ubuntu-ports noble/main arm64 fakeroot arm64 1.33-1 [66.9 kB]
Get:58 http://us-east-1.ec2.ports.ubuntu.com/ubuntu-ports noble/main arm64 fonts-dejavu-mono all 2.37-8 [502 kB]
Get:59 http://us-east-1.ec2.ports.ubuntu.com/ubuntu-ports noble/main arm64 fonts-dejavu-core all 2.37-8 [835 kB]
Get:60 http://us-east-1.ec2.ports.ubuntu.com/ubuntu-ports noble/main arm64 fontconfig-config arm64 2.15.0-1.1ubuntu2 [37.4 kB]
Get:61 http://us-east-1.ec2.ports.ubuntu.com/ubuntu-ports noble/main arm64 javascript-common all 11+nmu1 [5936 B]
Get:62 http://us-east-1.ec2.ports.ubuntu.com/ubuntu-ports noble/main arm64 libalgorithm-diff-perl all 1.201-1 [41.8 kB]
Get:63 http://us-east-1.ec2.ports.ubuntu.com/ubuntu-ports noble/main arm64 libalgorithm-diff-xs-perl arm64 0.04-8build3 [10.9 kB]
Get:64 http://us-east-1.ec2.ports.ubuntu.com/ubuntu-ports noble/main arm64 libalgorithm-merge-perl all 0.08-5 [11.4 kB]
Get:65 http://us-east-1.ec2.ports.ubuntu.com/ubuntu-ports noble-updates/main arm64 libaom3 arm64 3.8.2-2ubuntu0.1 [1617 kB]
  libgcc-13-dev libgd3 libgomp1 libgprofng0 libheif-plugin-aomdec
  libheif-plugin-aomenc libheif1 libhwasan0 libisl23 libitm1 libjbig0
  libjpeg-turbo8 libjpeg8 libjs-jquery libjs-sphinxdoc libjs-underscore
  liblerc4 liblsan0 libmpc3 libpython3-dev libpython3.12-dev libsframe1
  libsharpyuv0 libstdc++-13-dev libtiff6 libtsan2 libubsan1 libwebp7 libxpm4
  linux-libc-dev linux-tools-common locales lto-disabled-list make
  manpages-dev pigz python3-dev python3-wheel python3.12-dev rpcsvc-proto runc
  ubuntu-fan zlib1g-dev
Suggested packages:
  binutils-doc gprofng-gui ifupdown bzip2-doc cpp-doc gcc-13-locales
  cpp-13-doc aufs-tools cgroupfs-mount | cgroup-lite debootstrap docker-buildx
  docker-compose-v2 docker-doc rinse zfs-fuse | zfsutils debian-keyring
  gcc-13-doc gcc-multilib autoconf automake libtool flex bison gdb gcc-doc
  gdb-aarch64-linux-gnu apache2 | lighttpd | httpd glibc-doc libnss-nis
  libnss-nisplus bzr libgd-tools libheif-plugin-libde265 libheif-plugin-x265
  libheif-plugin-ffmpegdec libheif-plugin-jpegdec libheif-plugin-jpegenc
  libheif-plugin-j2kdec libheif-plugin-j2kenc libheif-plugin-rav1e
  libheif-plugin-svtenc libstdc++-13-doc make-doc
The following NEW packages will be installed:
  binutils binutils-aarch64-linux-gnu binutils-common bridge-utils
  build-essential bzip2 containerd cpp cpp-13 cpp-13-aarch64-linux-gnu
  cpp-aarch64-linux-gnu dns-root-data dnsmasq-base docker.io dpkg-dev fakeroot
  fontconfig-config fonts-dejavu-core fonts-dejavu-mono g++ g++-13
  g++-13-aarch64-linux-gnu g++-aarch64-linux-gnu gcc gcc-13
  gcc-13-aarch64-linux-gnu gcc-13-base gcc-aarch64-linux-gnu javascript-common
  libalgorithm-diff-perl libalgorithm-diff-xs-perl libalgorithm-merge-perl
  libaom3 libasan8 libatomic1 libbinutils libc-dev-bin libc-devtools libc6-dev
  libcc1-0 libcrypt-dev libctf-nobfd0 libctf0 libdeflate0 libdpkg-perl
  libexpat1-dev libfakeroot libfile-fcntllock-perl libfontconfig1
  libgcc-13-dev libgd3 libgomp1 libgprofng0 libheif-plugin-aomdec
  libheif-plugin-aomenc libheif1 libhwasan0 libisl23 libitm1 libjbig0
  libjpeg-turbo8 libjpeg8 libjs-jquery libjs-sphinxdoc libjs-underscore
  liblerc4 liblsan0 libmpc3 libpython3-dev libpython3.12-dev libsframe1
  libsharpyuv0 libstdc++-13-dev libtiff6 libtsan2 libubsan1 libwebp7 libxpm4
  linux-libc-dev lto-disabled-list make manpages-dev pigz python3-dev
  python3-pip python3-wheel python3.12-dev rpcsvc-proto runc ubuntu-fan
  zlib1g-dev
The following packages will be upgraded:
  libc-bin libc6 linux-tools-common locales
4 upgraded, 91 newly installed, 0 to remove and 30 not upgraded.
Need to get 155 MB of archives.
After this operation, 558 MB of additional disk space will be used.
Get:1 http://us-east-1.ec2.ports.ubuntu.com/ubuntu-ports noble-updates/main arm64 libc6 arm64 2.39-0ubuntu8.8 [2775 kB]
Get:66 http://us-east-1.ec2.ports.ubuntu.com/ubuntu-ports noble/main arm64 libfontconfig1 arm64 2.15.0-1.1ubuntu2 [142 kB]
Get:67 http://us-east-1.ec2.ports.ubuntu.com/ubuntu-ports noble/main arm64 libsharpyuv0 arm64 1.3.2-0.4build3 [14.5 kB]
Get:68 http://us-east-1.ec2.ports.ubuntu.com/ubuntu-ports noble-updates/main arm64 libheif-plugin-aomdec arm64 1.17.6-1ubuntu4.6 [11.1 kB]
Get:69 http://us-east-1.ec2.ports.ubuntu.com/ubuntu-ports noble-updates/main arm64 libheif1 arm64 1.17.6-1ubuntu4.6 [260 kB]
Get:70 http://us-east-1.ec2.ports.ubuntu.com/ubuntu-ports noble/main arm64 libjpeg-turbo8 arm64 2.1.5-2ubuntu2 [163 kB]
Get:71 http://us-east-1.ec2.ports.ubuntu.com/ubuntu-ports noble/main arm64 libjpeg8 arm64 8c-2ubuntu11 [2148 B]
Get:72 http://us-east-1.ec2.ports.ubuntu.com/ubuntu-ports noble-updates/main arm64 libdeflate0 arm64 1.19-1build1.1 [43.5 kB]
Get:73 http://us-east-1.ec2.ports.ubuntu.com/ubuntu-ports noble/main arm64 libjbig0 arm64 2.1-6.1ubuntu2 [29.3 kB]
Get:74 http://us-east-1.ec2.ports.ubuntu.com/ubuntu-ports noble/main arm64 liblerc4 arm64 4.0.0+ds-4ubuntu2 [154 kB]
Get:75 http://us-east-1.ec2.ports.ubuntu.com/ubuntu-ports noble/main arm64 libwebp7 arm64 1.3.2-0.4build3 [191 kB]
Get:76 http://us-east-1.ec2.ports.ubuntu.com/ubuntu-ports noble-updates/main arm64 libtiff6 arm64 4.5.1+git230720-4ubuntu2.5 [192 kB]
Get:77 http://us-east-1.ec2.ports.ubuntu.com/ubuntu-ports noble-updates/main arm64 libxpm4 arm64 1:3.5.17-1ubuntu0.24.04.1 [35.3 kB]
Get:78 http://us-east-1.ec2.ports.ubuntu.com/ubuntu-ports noble/main arm64 libgd3 arm64 2.3.3-9ubuntu5 [122 kB]
Get:79 http://us-east-1.ec2.ports.ubuntu.com/ubuntu-ports noble-updates/main arm64 libc-devtools arm64 2.39-0ubuntu8.8 [27.8 kB]
Get:80 http://us-east-1.ec2.ports.ubuntu.com/ubuntu-ports noble-updates/main arm64 libexpat1-dev arm64 2.6.1-2ubuntu0.4 [128 kB]
Get:81 http://us-east-1.ec2.ports.ubuntu.com/ubuntu-ports noble/main arm64 libfile-fcntllock-perl arm64 0.22-4ubuntu5 [30.6 kB]
Get:82 http://us-east-1.ec2.ports.ubuntu.com/ubuntu-ports noble-updates/main arm64 libheif-plugin-aomenc arm64 1.17.6-1ubuntu4.6 [13.7 kB]
Get:83 http://us-east-1.ec2.ports.ubuntu.com/ubuntu-ports noble/main arm64 libjs-jquery all 3.6.1+dfsg+~3.5.14-1 [328 kB]
Get:84 http://us-east-1.ec2.ports.ubuntu.com/ubuntu-ports noble/main arm64 libjs-underscore all 1.13.4~dfsg+~1.11.4-3 [118 kB]
Get:85 http://us-east-1.ec2.ports.ubuntu.com/ubuntu-ports noble/main arm64 libjs-sphinxdoc all 7.2.6-6 [149 kB]
Get:86 http://us-east-1.ec2.ports.ubuntu.com/ubuntu-ports noble-updates/main arm64 zlib1g-dev arm64 1:1.3.dfsg-3.1ubuntu2.1 [894 kB]
Get:87 http://us-east-1.ec2.ports.ubuntu.com/ubuntu-ports noble-updates/main arm64 libpython3.12-dev arm64 3.12.3-1ubuntu0.15 [5538 kB]
Get:88 http://us-east-1.ec2.ports.ubuntu.com/ubuntu-ports noble-updates/main arm64 libpython3-dev arm64 3.12.3-0ubuntu2.1 [10.4 kB]
Get:89 http://us-east-1.ec2.ports.ubuntu.com/ubuntu-ports noble-updates/main arm64 linux-tools-common all 6.8.0-136.136 [416 kB]
Get:90 http://us-east-1.ec2.ports.ubuntu.com/ubuntu-ports noble/main arm64 manpages-dev all 6.7-2 [2013 kB]
Get:2 http://us-east-1.ec2.ports.ubuntu.com/ubuntu-ports noble-updates/main arm64 libc-bin arm64 2.39-0ubuntu8.8 [591 kB]
Get:91 http://us-east-1.ec2.ports.ubuntu.com/ubuntu-ports noble-updates/main arm64 python3.12-dev arm64 3.12.3-1ubuntu0.15 [498 kB]
Get:3 http://us-east-1.ec2.ports.ubuntu.com/ubuntu-ports noble/universe arm64 pigz arm64 2.8-1 [60.7 kB]
Get:4 http://us-east-1.ec2.ports.ubuntu.com/ubuntu-ports noble-updates/main arm64 locales all 2.39-0ubuntu8.8 [4231 kB]
Get:92 http://us-east-1.ec2.ports.ubuntu.com/ubuntu-ports noble-updates/main arm64 python3-dev arm64 3.12.3-0ubuntu2.1 [26.7 kB]
Get:93 http://us-east-1.ec2.ports.ubuntu.com/ubuntu-ports noble/universe arm64 python3-wheel all 0.42.0-2 [53.1 kB]
Get:94 http://us-east-1.ec2.ports.ubuntu.com/ubuntu-ports noble-updates/universe arm64 python3-pip all 24.0+dfsg-1ubuntu1.3 [1320 kB]
Get:95 http://us-east-1.ec2.ports.ubuntu.com/ubuntu-ports noble-updates/universe arm64 ubuntu-fan all 0.12.16+24.04.1 [34.2 kB]
Get:40 http://ports.ubuntu.com/ubuntu-ports noble-security/main arm64 Packages [940 kB]
Get:5 http://us-east-1.ec2.ports.ubuntu.com/ubuntu-ports noble-updates/main arm64 binutils-common arm64 2.42-4ubuntu2.10 [240 kB]
Get:6 http://us-east-1.ec2.ports.ubuntu.com/ubuntu-ports noble-updates/main arm64 libsframe1 arm64 2.42-4ubuntu2.10 [15.4 kB]
Get:7 http://us-east-1.ec2.ports.ubuntu.com/ubuntu-ports noble-updates/main arm64 libbinutils arm64 2.42-4ubuntu2.10 [766 kB]
Get:8 http://us-east-1.ec2.ports.ubuntu.com/ubuntu-ports noble-updates/main arm64 libctf-nobfd0 arm64 2.42-4ubuntu2.10 [101 kB]
Get:9 http://us-east-1.ec2.ports.ubuntu.com/ubuntu-ports noble-updates/main arm64 libctf0 arm64 2.42-4ubuntu2.10 [95.7 kB]
Get:10 http://us-east-1.ec2.ports.ubuntu.com/ubuntu-ports noble-updates/main arm64 libgprofng0 arm64 2.42-4ubuntu2.10 [776 kB]
Get:11 http://us-east-1.ec2.ports.ubuntu.com/ubuntu-ports noble-updates/main arm64 binutils-aarch64-linux-gnu arm64 2.42-4ubuntu2.10 [3304 kB]
Get:12 http://us-east-1.ec2.ports.ubuntu.com/ubuntu-ports noble-updates/main arm64 binutils arm64 2.42-4ubuntu2.10 [18.1 kB]
Get:13 http://us-east-1.ec2.ports.ubuntu.com/ubuntu-ports noble/main arm64 bridge-utils arm64 1.7.1-1ubuntu2 [34.2 kB]
Get:14 http://us-east-1.ec2.ports.ubuntu.com/ubuntu-ports noble-updates/main arm64 libc-dev-bin arm64 2.39-0ubuntu8.8 [19.7 kB]
Get:15 http://us-east-1.ec2.ports.ubuntu.com/ubuntu-ports noble-updates/main arm64 linux-libc-dev arm64 6.8.0-136.136 [1550 kB]
Get:16 http://us-east-1.ec2.ports.ubuntu.com/ubuntu-ports noble/main arm64 libcrypt-dev arm64 1:4.4.36-4build1 [118 kB]
Get:17 http://us-east-1.ec2.ports.ubuntu.com/ubuntu-ports noble/main arm64 rpcsvc-proto arm64 1.4.2-0ubuntu7 [64.8 kB]
Get:18 http://us-east-1.ec2.ports.ubuntu.com/ubuntu-ports noble-updates/main arm64 libc6-dev arm64 2.39-0ubuntu8.8 [1596 kB]
Get:19 http://us-east-1.ec2.ports.ubuntu.com/ubuntu-ports noble-updates/main arm64 gcc-13-base arm64 13.3.0-6ubuntu2~24.04.1 [51.6 kB]
Get:20 http://us-east-1.ec2.ports.ubuntu.com/ubuntu-ports noble-updates/main arm64 libisl23 arm64 0.26-3build1.1 [669 kB]
Get:21 http://us-east-1.ec2.ports.ubuntu.com/ubuntu-ports noble-updates/main arm64 libmpc3 arm64 1.3.1-1build1.1 [56.4 kB]
Get:22 http://us-east-1.ec2.ports.ubuntu.com/ubuntu-ports noble-updates/main arm64 cpp-13-aarch64-linux-gnu arm64 13.3.0-6ubuntu2~24.04.1 [9560 kB]
Get:23 http://us-east-1.ec2.ports.ubuntu.com/ubuntu-ports noble-updates/main arm64 cpp-13 arm64 13.3.0-6ubuntu2~24.04.1 [1038 B]
Get:24 http://us-east-1.ec2.ports.ubuntu.com/ubuntu-ports noble/main arm64 cpp-aarch64-linux-gnu arm64 4:13.2.0-7ubuntu1 [5316 B]
Get:25 http://us-east-1.ec2.ports.ubuntu.com/ubuntu-ports noble/main arm64 cpp arm64 4:13.2.0-7ubuntu1 [22.4 kB]
Get:26 http://us-east-1.ec2.ports.ubuntu.com/ubuntu-ports noble-updates/main arm64 libcc1-0 arm64 14.2.0-4ubuntu2~24.04.1 [49.7 kB]
Get:27 http://us-east-1.ec2.ports.ubuntu.com/ubuntu-ports noble-updates/main arm64 libgomp1 arm64 14.2.0-4ubuntu2~24.04.1 [145 kB]
Get:28 http://us-east-1.ec2.ports.ubuntu.com/ubuntu-ports noble-updates/main arm64 libitm1 arm64 14.2.0-4ubuntu2~24.04.1 [28.2 kB]
Get:29 http://us-east-1.ec2.ports.ubuntu.com/ubuntu-ports noble-updates/main arm64 libatomic1 arm64 14.2.0-4ubuntu2~24.04.1 [11.6 kB]
Get:30 http://us-east-1.ec2.ports.ubuntu.com/ubuntu-ports noble-updates/main arm64 libasan8 arm64 14.2.0-4ubuntu2~24.04.1 [2928 kB]
Get:31 http://us-east-1.ec2.ports.ubuntu.com/ubuntu-ports noble-updates/main arm64 liblsan0 arm64 14.2.0-4ubuntu2~24.04.1 [1289 kB]
Get:32 http://us-east-1.ec2.ports.ubuntu.com/ubuntu-ports noble-updates/main arm64 libtsan2 arm64 14.2.0-4ubuntu2~24.04.1 [2697 kB]
Preconfiguring packages ...
Get:41 http://ports.ubuntu.com/ubuntu-ports noble-security/main Translation-en [198 kB]
Get:33 http://us-east-1.ec2.ports.ubuntu.com/ubuntu-ports noble-updates/main arm64 libubsan1 arm64 14.2.0-4ubuntu2~24.04.1 [1157 kB]
Get:42 http://ports.ubuntu.com/ubuntu-ports noble-security/main arm64 Components [43.3 kB]
Get:43 http://ports.ubuntu.com/ubuntu-ports noble-security/main arm64 c-n-f Metadata [11.6 kB]
Get:44 http://ports.ubuntu.com/ubuntu-ports noble-security/universe arm64 Packages [1259 kB]
Get:34 http://us-east-1.ec2.ports.ubuntu.com/ubuntu-ports noble-updates/main arm64 libhwasan0 arm64 14.2.0-4ubuntu2~24.04.1 [1605 kB]
Fetched 155 MB in 3s (50.4 MB/s)
Get:35 http://us-east-1.ec2.ports.ubuntu.com/ubuntu-ports noble-updates/main arm64 libgcc-13-dev arm64 13.3.0-6ubuntu2~24.04.1 [2473 kB]
(Reading database ... (Reading database ... 5%(Reading database ... 10%(Reading database ... 15%(Reading database ... 20%(Reading database ... 25%(Reading database ... 30%(Reading database ... 35%(Reading database ... 40%(Reading database ... 45%(Reading database ... 50%(Reading database ... 55%Get:45 http://ports.ubuntu.com/ubuntu-ports noble-security/universe Translation-en [239 kB]
Get:46 http://ports.ubuntu.com/ubuntu-ports noble-security/universe arm64 Components [76.3 kB]
Get:47 http://ports.ubuntu.com/ubuntu-ports noble-security/universe arm64 c-n-f Metadata [23.7 kB]
Get:48 http://ports.ubuntu.com/ubuntu-ports noble-security/restricted arm64 Packages [1930 kB]
(Reading database ... 60%(Reading database ... 65%Get:36 http://us-east-1.ec2.ports.ubuntu.com/ubuntu-ports noble-updates/main arm64 gcc-13-aarch64-linux-gnu arm64 13.3.0-6ubuntu2~24.04.1 [18.7 MB]
(Reading database ... 70%Get:49 http://ports.ubuntu.com/ubuntu-ports noble-security/restricted Translation-en [290 kB]
Get:50 http://ports.ubuntu.com/ubuntu-ports noble-security/restricted arm64 Components [212 B]
Get:51 http://ports.ubuntu.com/ubuntu-ports noble-security/restricted arm64 c-n-f Metadata [388 B]
Get:52 http://ports.ubuntu.com/ubuntu-ports noble-security/multiverse arm64 Packages [68.7 kB]
(Reading database ... 75%Get:53 http://ports.ubuntu.com/ubuntu-ports noble-security/multiverse Translation-en [10.6 kB]
Get:54 http://ports.ubuntu.com/ubuntu-ports noble-security/multiverse arm64 Components [208 B]
Get:55 http://ports.ubuntu.com/ubuntu-ports noble-security/multiverse arm64 c-n-f Metadata [456 B]
[22:01:55] [portkey] launched i-068d15544a2a5d91b
(Reading database ... 80%(Reading database ... 85%[22:01:55] [helicone] installing deps (bare base: docker + psutil; the rig is a prebuilt download, and each
[22:01:55] [helicone] gateway installs its OWN prereqs via gw_prereqs - no blanket build toolchain on every box)
(Reading database ... 90%(Reading database ... 95%(Reading database ... 100%(Reading database ... 74109 files and directories currently installed.)
Preparing to unpack .../libc6_2.39-0ubuntu8.8_arm64.deb ...
Unpacking libc6:arm64 (2.39-0ubuntu8.8) over (2.39-0ubuntu8.7) ...
Warning: Permanently added '98.93.109.98' (ED25519) to the list of known hosts.
Setting up libc6:arm64 (2.39-0ubuntu8.8) ...
Get:37 http://us-east-1.ec2.ports.ubuntu.com/ubuntu-ports noble-updates/main arm64 gcc-13 arm64 13.3.0-6ubuntu2~24.04.1 [484 kB]
Get:38 http://us-east-1.ec2.ports.ubuntu.com/ubuntu-ports noble/main arm64 gcc-aarch64-linux-gnu arm64 4:13.2.0-7ubuntu1 [1198 B]
Get:39 http://us-east-1.ec2.ports.ubuntu.com/ubuntu-ports noble/main arm64 gcc arm64 4:13.2.0-7ubuntu1 [5018 B]
Get:40 http://us-east-1.ec2.ports.ubuntu.com/ubuntu-ports noble-updates/main arm64 libstdc++-13-dev arm64 13.3.0-6ubuntu2~24.04.1 [2397 kB]
Get:41 http://us-east-1.ec2.ports.ubuntu.com/ubuntu-ports noble-updates/main arm64 g++-13-aarch64-linux-gnu arm64 13.3.0-6ubuntu2~24.04.1 [10.9 MB]
(Reading database ... (Reading database ... 5%(Reading database ... 10%(Reading database ... 15%(Reading database ... 20%(Reading database ... 25%(Reading database ... 30%(Reading database ... 35%(Reading database ... 40%(Reading database ... 45%(Reading database ... 50%(Reading database ... 55%(Reading database ... 60%(Reading database ... 65%Get:42 http://us-east-1.ec2.ports.ubuntu.com/ubuntu-ports noble-updates/main arm64 g++-13 arm64 13.3.0-6ubuntu2~24.04.1 [16.0 kB]
Get:43 http://us-east-1.ec2.ports.ubuntu.com/ubuntu-ports noble/main arm64 g++-aarch64-linux-gnu arm64 4:13.2.0-7ubuntu1 [962 B]
Get:44 http://us-east-1.ec2.ports.ubuntu.com/ubuntu-ports noble/main arm64 g++ arm64 4:13.2.0-7ubuntu1 [1082 B]
Get:45 http://us-east-1.ec2.ports.ubuntu.com/ubuntu-ports noble/main arm64 make arm64 4.3-4.1build2 [178 kB]
Get:46 http://us-east-1.ec2.ports.ubuntu.com/ubuntu-ports noble-updates/main arm64 libdpkg-perl all 1.22.6ubuntu6.6 [268 kB]
Get:47 http://us-east-1.ec2.ports.ubuntu.com/ubuntu-ports noble-updates/main arm64 bzip2 arm64 1.0.8-5.1build0.1 [34.0 kB]
Get:48 http://us-east-1.ec2.ports.ubuntu.com/ubuntu-ports noble/main arm64 lto-disabled-list all 47 [12.4 kB]
Get:49 http://us-east-1.ec2.ports.ubuntu.com/ubuntu-ports noble-updates/main arm64 dpkg-dev all 1.22.6ubuntu6.6 [1074 kB]
(Reading database ... 70%(Reading database ... 75%(Reading database ... 80%(Reading database ... 85%(Reading database ... 90%(Reading database ... 95%(Reading database ... 100%(Reading database ... 74109 files and directories currently installed.)
Preparing to unpack .../libc-bin_2.39-0ubuntu8.8_arm64.deb ...
Unpacking libc-bin (2.39-0ubuntu8.8) over (2.39-0ubuntu8.7) ...
Get:50 http://us-east-1.ec2.ports.ubuntu.com/ubuntu-ports noble/main arm64 build-essential arm64 12.10ubuntu1 [4932 B]
Get:51 http://us-east-1.ec2.ports.ubuntu.com/ubuntu-ports noble-updates/main arm64 runc arm64 1.3.4-0ubuntu1~24.04.1 [8578 kB]
Setting up libc-bin (2.39-0ubuntu8.8) ...
Selecting previously unselected package pigz.
(Reading database ... (Reading database ... 5%(Reading database ... 10%(Reading database ... 15%(Reading database ... 20%(Reading database ... 25%(Reading database ... 30%(Reading database ... 35%(Reading database ... 40%(Reading database ... 45%(Reading database ... 50%(Reading database ... 55%(Reading database ... 60%(Reading database ... 65%(Reading database ... 70%(Reading database ... 75%(Reading database ... 80%(Reading database ... 85%(Reading database ... 90%(Reading database ... 95%(Reading database ... 100%(Reading database ... 74109 files and directories currently installed.)
Preparing to unpack .../00-pigz_2.8-1_arm64.deb ...
Unpacking pigz (2.8-1) ...
Preparing to unpack .../01-locales_2.39-0ubuntu8.8_all.deb ...
Unpacking locales (2.39-0ubuntu8.8) over (2.39-0ubuntu8.7) ...
Fetched 37.7 MB in 4s (9416 kB/s)
Reading package lists...Selecting previously unselected package binutils-common:arm64.
Preparing to unpack .../02-binutils-common_2.42-4ubuntu2.10_arm64.deb ...
Unpacking binutils-common:arm64 (2.42-4ubuntu2.10) ...
Selecting previously unselected package libsframe1:arm64.
Preparing to unpack .../03-libsframe1_2.42-4ubuntu2.10_arm64.deb ...
Unpacking libsframe1:arm64 (2.42-4ubuntu2.10) ...
Get:52 http://us-east-1.ec2.ports.ubuntu.com/ubuntu-ports noble-updates/main arm64 containerd arm64 2.2.1-0ubuntu1~24.04.3 [25.2 MB]
Selecting previously unselected package libbinutils:arm64.
Preparing to unpack .../04-libbinutils_2.42-4ubuntu2.10_arm64.deb ...
Unpacking libbinutils:arm64 (2.42-4ubuntu2.10) ...
Selecting previously unselected package libctf-nobfd0:arm64.
Preparing to unpack .../05-libctf-nobfd0_2.42-4ubuntu2.10_arm64.deb ...
Unpacking libctf-nobfd0:arm64 (2.42-4ubuntu2.10) ...
Selecting previously unselected package libctf0:arm64.
Preparing to unpack .../06-libctf0_2.42-4ubuntu2.10_arm64.deb ...
Unpacking libctf0:arm64 (2.42-4ubuntu2.10) ...
Hit:1 http://us-east-1.ec2.ports.ubuntu.com/ubuntu-ports noble InRelease
Get:2 http://us-east-1.ec2.ports.ubuntu.com/ubuntu-ports noble-updates InRelease [126 kB]
Selecting previously unselected package libgprofng0:arm64.
Get:3 http://us-east-1.ec2.ports.ubuntu.com/ubuntu-ports noble-backports InRelease [126 kB]
Preparing to unpack .../07-libgprofng0_2.42-4ubuntu2.10_arm64.deb ...
Unpacking libgprofng0:arm64 (2.42-4ubuntu2.10) ...
Selecting previously unselected package binutils-aarch64-linux-gnu.
Preparing to unpack .../08-binutils-aarch64-linux-gnu_2.42-4ubuntu2.10_arm64.deb ...
Unpacking binutils-aarch64-linux-gnu (2.42-4ubuntu2.10) ...
Get:4 http://us-east-1.ec2.ports.ubuntu.com/ubuntu-ports noble/universe arm64 Packages [15.3 MB]
Get:5 http://ports.ubuntu.com/ubuntu-ports noble-security InRelease [126 kB]
Selecting previously unselected package binutils.
Preparing to unpack .../09-binutils_2.42-4ubuntu2.10_arm64.deb ...
Unpacking binutils (2.42-4ubuntu2.10) ...
Selecting previously unselected package bridge-utils.
Preparing to unpack .../10-bridge-utils_1.7.1-1ubuntu2_arm64.deb ...
Unpacking bridge-utils (1.7.1-1ubuntu2) ...
Selecting previously unselected package libc-dev-bin.
Preparing to unpack .../11-libc-dev-bin_2.39-0ubuntu8.8_arm64.deb ...
Unpacking libc-dev-bin (2.39-0ubuntu8.8) ...
Selecting previously unselected package linux-libc-dev:arm64.
Preparing to unpack .../12-linux-libc-dev_6.8.0-136.136_arm64.deb ...
Unpacking linux-libc-dev:arm64 (6.8.0-136.136) ...
Get:6 http://us-east-1.ec2.ports.ubuntu.com/ubuntu-ports noble/universe Translation-en [5982 kB]
Get:7 http://us-east-1.ec2.ports.ubuntu.com/ubuntu-ports noble/universe arm64 Components [3573 kB]
Get:8 http://us-east-1.ec2.ports.ubuntu.com/ubuntu-ports noble/universe arm64 c-n-f Metadata [295 kB]
Get:9 http://us-east-1.ec2.ports.ubuntu.com/ubuntu-ports noble/multiverse arm64 Packages [223 kB]
Get:10 http://us-east-1.ec2.ports.ubuntu.com/ubuntu-ports noble/multiverse Translation-en [118 kB]
Get:11 http://us-east-1.ec2.ports.ubuntu.com/ubuntu-ports noble/multiverse arm64 Components [31.6 kB]
Get:12 http://us-east-1.ec2.ports.ubuntu.com/ubuntu-ports noble/multiverse arm64 c-n-f Metadata [7152 B]
Get:13 http://us-east-1.ec2.ports.ubuntu.com/ubuntu-ports noble-updates/main arm64 Packages [1190 kB]
[22:01:57] [kong] ip=3.208.2.46 - waiting for ssh
Get:14 http://us-east-1.ec2.ports.ubuntu.com/ubuntu-ports noble-updates/main Translation-en [278 kB]
Get:15 http://us-east-1.ec2.ports.ubuntu.com/ubuntu-ports noble-updates/main arm64 Components [178 kB]
Get:16 http://us-east-1.ec2.ports.ubuntu.com/ubuntu-ports noble-updates/universe arm64 Packages [1704 kB]
Get:17 http://us-east-1.ec2.ports.ubuntu.com/ubuntu-ports noble-updates/universe Translation-en [334 kB]
Get:18 http://us-east-1.ec2.ports.ubuntu.com/ubuntu-ports noble-updates/universe arm64 Components [387 kB]
Get:19 http://us-east-1.ec2.ports.ubuntu.com/ubuntu-ports noble-updates/universe arm64 c-n-f Metadata [33.5 kB]
Selecting previously unselected package libcrypt-dev:arm64.
Preparing to unpack .../13-libcrypt-dev_1%3a4.4.36-4build1_arm64.deb ...
Get:20 http://us-east-1.ec2.ports.ubuntu.com/ubuntu-ports noble-updates/restricted arm64 Packages [2036 kB]
Get:21 http://us-east-1.ec2.ports.ubuntu.com/ubuntu-ports noble-updates/restricted Translation-en [308 kB]
Unpacking libcrypt-dev:arm64 (1:4.4.36-4build1) ...
Get:22 http://us-east-1.ec2.ports.ubuntu.com/ubuntu-ports noble-updates/multiverse arm64 Packages [72.7 kB]
Get:23 http://us-east-1.ec2.ports.ubuntu.com/ubuntu-ports noble-updates/multiverse Translation-en [12.3 kB]
Get:24 http://us-east-1.ec2.ports.ubuntu.com/ubuntu-ports noble-updates/multiverse arm64 Components [212 B]
Get:25 http://us-east-1.ec2.ports.ubuntu.com/ubuntu-ports noble-updates/multiverse arm64 c-n-f Metadata [472 B]
Get:26 http://us-east-1.ec2.ports.ubuntu.com/ubuntu-ports noble-backports/main arm64 Packages [40.6 kB]
Get:27 http://us-east-1.ec2.ports.ubuntu.com/ubuntu-ports noble-backports/main Translation-en [9172 B]
Get:28 http://us-east-1.ec2.ports.ubuntu.com/ubuntu-ports noble-backports/main arm64 Components [3572 B]
Get:29 http://us-east-1.ec2.ports.ubuntu.com/ubuntu-ports noble-backports/main arm64 c-n-f Metadata [372 B]
Get:30 http://us-east-1.ec2.ports.ubuntu.com/ubuntu-ports noble-backports/universe arm64 Packages [32.7 kB]
Get:31 http://us-east-1.ec2.ports.ubuntu.com/ubuntu-ports noble-backports/universe Translation-en [18.6 kB]
Get:32 http://us-east-1.ec2.ports.ubuntu.com/ubuntu-ports noble-backports/universe arm64 Components [12.6 kB]
Get:33 http://us-east-1.ec2.ports.ubuntu.com/ubuntu-ports noble-backports/universe arm64 c-n-f Metadata [1592 B]
Get:34 http://us-east-1.ec2.ports.ubuntu.com/ubuntu-ports noble-backports/restricted arm64 Components [212 B]
Get:35 http://us-east-1.ec2.ports.ubuntu.com/ubuntu-ports noble-backports/restricted arm64 c-n-f Metadata [116 B]
Get:36 http://us-east-1.ec2.ports.ubuntu.com/ubuntu-ports noble-backports/multiverse arm64 Packages [748 B]
Get:37 http://us-east-1.ec2.ports.ubuntu.com/ubuntu-ports noble-backports/multiverse Translation-en [340 B]
Selecting previously unselected package rpcsvc-proto.
Get:38 http://us-east-1.ec2.ports.ubuntu.com/ubuntu-ports noble-backports/multiverse arm64 Components [212 B]
Get:39 http://us-east-1.ec2.ports.ubuntu.com/ubuntu-ports noble-backports/multiverse arm64 c-n-f Metadata [116 B]
Preparing to unpack .../14-rpcsvc-proto_1.4.2-0ubuntu7_arm64.deb ...
Unpacking rpcsvc-proto (1.4.2-0ubuntu7) ...

Reading package lists...
Building dependency tree...Selecting previously unselected package libc6-dev:arm64.
Preparing to unpack .../15-libc6-dev_2.39-0ubuntu8.8_arm64.deb ...
Unpacking libc6-dev:arm64 (2.39-0ubuntu8.8) ...
Get:40 http://ports.ubuntu.com/ubuntu-ports noble-security/main arm64 Packages [940 kB]
Selecting previously unselected package gcc-13-base:arm64.
Preparing to unpack .../16-gcc-13-base_13.3.0-6ubuntu2~24.04.1_arm64.deb ...
Unpacking gcc-13-base:arm64 (13.3.0-6ubuntu2~24.04.1) ...
Selecting previously unselected package libisl23:arm64.
Preparing to unpack .../17-libisl23_0.26-3build1.1_arm64.deb ...
Unpacking libisl23:arm64 (0.26-3build1.1) ...
Selecting previously unselected package libmpc3:arm64.
Preparing to unpack .../18-libmpc3_1.3.1-1build1.1_arm64.deb ...
Unpacking libmpc3:arm64 (1.3.1-1build1.1) ...

Reading state information...
Selecting previously unselected package cpp-13-aarch64-linux-gnu.
Preparing to unpack .../19-cpp-13-aarch64-linux-gnu_13.3.0-6ubuntu2~24.04.1_arm64.deb ...
Unpacking cpp-13-aarch64-linux-gnu (13.3.0-6ubuntu2~24.04.1) ...
Selecting previously unselected package cpp-13.
Preparing to unpack .../20-cpp-13_13.3.0-6ubuntu2~24.04.1_arm64.deb ...
Unpacking cpp-13 (13.3.0-6ubuntu2~24.04.1) ...
Selecting previously unselected package cpp-aarch64-linux-gnu.
Preparing to unpack .../21-cpp-aarch64-linux-gnu_4%3a13.2.0-7ubuntu1_arm64.deb ...
Unpacking cpp-aarch64-linux-gnu (4:13.2.0-7ubuntu1) ...
Get:53 http://us-east-1.ec2.ports.ubuntu.com/ubuntu-ports noble-updates/main arm64 dns-root-data all 2024071801~ubuntu0.24.04.1 [5918 B]
Get:54 http://us-east-1.ec2.ports.ubuntu.com/ubuntu-ports noble-updates/main arm64 dnsmasq-base arm64 2.90-2ubuntu0.4 [367 kB]
Get:55 http://us-east-1.ec2.ports.ubuntu.com/ubuntu-ports noble-updates/universe arm64 docker.io arm64 29.1.3-0ubuntu3~24.04.2 [32.0 MB]
curl is already the newest version (8.5.0-2ubuntu10.11).
curl set to manually installed.
ca-certificates is already the newest version (20260601~24.04.1).
ca-certificates set to manually installed.
jq is already the newest version (1.7.1-3ubuntu0.24.04.2).
jq set to manually installed.
git is already the newest version (1:2.43.0-1ubuntu7.3).
git set to manually installed.
The following additional packages will be installed:
  binutils binutils-aarch64-linux-gnu binutils-common bridge-utils bzip2
  containerd cpp cpp-13 cpp-13-aarch64-linux-gnu cpp-aarch64-linux-gnu
  dns-root-data dnsmasq-base dpkg-dev fakeroot fontconfig-config
  fonts-dejavu-core fonts-dejavu-mono g++ g++-13 g++-13-aarch64-linux-gnu
  g++-aarch64-linux-gnu gcc gcc-13 gcc-13-aarch64-linux-gnu gcc-13-base
  gcc-aarch64-linux-gnu javascript-common libalgorithm-diff-perl
  libalgorithm-diff-xs-perl libalgorithm-merge-perl libaom3 libasan8
  libatomic1 libbinutils libc-bin libc-dev-bin libc-devtools libc6 libc6-dev
  libcc1-0 libcrypt-dev libctf-nobfd0 libctf0 libdeflate0 libdpkg-perl
  libexpat1-dev libfakeroot libfile-fcntllock-perl libfontconfig1
  libgcc-13-dev libgd3 libgomp1 libgprofng0 libheif-plugin-aomdec
Selecting previously unselected package cpp.
Preparing to unpack .../22-cpp_4%3a13.2.0-7ubuntu1_arm64.deb ...
Unpacking cpp (4:13.2.0-7ubuntu1) ...
  libheif-plugin-aomenc libheif1 libhwasan0 libisl23 libitm1 libjbig0
  libjpeg-turbo8 libjpeg8 libjs-jquery libjs-sphinxdoc libjs-underscore
  liblerc4 liblsan0 libmpc3 libpython3-dev libpython3.12-dev libsframe1
  libsharpyuv0 libstdc++-13-dev libtiff6 libtsan2 libubsan1 libwebp7 libxpm4
  linux-libc-dev linux-tools-common locales lto-disabled-list make
  manpages-dev pigz python3-dev python3-wheel python3.12-dev rpcsvc-proto runc
  ubuntu-fan zlib1g-dev
Suggested packages:
  binutils-doc gprofng-gui ifupdown bzip2-doc cpp-doc gcc-13-locales
  cpp-13-doc aufs-tools cgroupfs-mount | cgroup-lite debootstrap docker-buildx
  docker-compose-v2 docker-doc rinse zfs-fuse | zfsutils debian-keyring
  gcc-13-doc gcc-multilib autoconf automake libtool flex bison gdb gcc-doc
  gdb-aarch64-linux-gnu apache2 | lighttpd | httpd glibc-doc libnss-nis
  libnss-nisplus bzr libgd-tools libheif-plugin-libde265 libheif-plugin-x265
  libheif-plugin-ffmpegdec libheif-plugin-jpegdec libheif-plugin-jpegenc
  libheif-plugin-j2kdec libheif-plugin-j2kenc libheif-plugin-rav1e
  libheif-plugin-svtenc libstdc++-13-doc make-doc
The following NEW packages will be installed:
  binutils binutils-aarch64-linux-gnu binutils-common bridge-utils
  build-essential bzip2 containerd cpp cpp-13 cpp-13-aarch64-linux-gnu
  cpp-aarch64-linux-gnu dns-root-data dnsmasq-base docker.io dpkg-dev fakeroot
  fontconfig-config fonts-dejavu-core fonts-dejavu-mono g++ g++-13
  g++-13-aarch64-linux-gnu g++-aarch64-linux-gnu gcc gcc-13
  gcc-13-aarch64-linux-gnu gcc-13-base gcc-aarch64-linux-gnu javascript-common
  libalgorithm-diff-perl libalgorithm-diff-xs-perl libalgorithm-merge-perl
  libaom3 libasan8 libatomic1 libbinutils libc-dev-bin libc-devtools libc6-dev
  libcc1-0 libcrypt-dev libctf-nobfd0 libctf0 libdeflate0 libdpkg-perl
  libexpat1-dev libfakeroot libfile-fcntllock-perl libfontconfig1
  libgcc-13-dev libgd3 libgomp1 libgprofng0 libheif-plugin-aomdec
  libheif-plugin-aomenc libheif1 libhwasan0 libisl23 libitm1 libjbig0
  libjpeg-turbo8 libjpeg8 libjs-jquery libjs-sphinxdoc libjs-underscore
  liblerc4 liblsan0 libmpc3 libpython3-dev libpython3.12-dev libsframe1
  libsharpyuv0 libstdc++-13-dev libtiff6 libtsan2 libubsan1 libwebp7 libxpm4
  linux-libc-dev lto-disabled-list make manpages-dev pigz python3-dev
  python3-pip python3-wheel python3.12-dev rpcsvc-proto runc ubuntu-fan
  zlib1g-dev
The following packages will be upgraded:
  libc-bin libc6 linux-tools-common locales
4 upgraded, 91 newly installed, 0 to remove and 30 not upgraded.
Need to get 155 MB of archives.
After this operation, 558 MB of additional disk space will be used.
Get:1 http://us-east-1.ec2.ports.ubuntu.com/ubuntu-ports noble-updates/main arm64 libc6 arm64 2.39-0ubuntu8.8 [2775 kB]
Get:2 http://us-east-1.ec2.ports.ubuntu.com/ubuntu-ports noble-updates/main arm64 libc-bin arm64 2.39-0ubuntu8.8 [591 kB]
Selecting previously unselected package libcc1-0:arm64.
Preparing to unpack .../23-libcc1-0_14.2.0-4ubuntu2~24.04.1_arm64.deb ...
Unpacking libcc1-0:arm64 (14.2.0-4ubuntu2~24.04.1) ...
Selecting previously unselected package libgomp1:arm64.
Preparing to unpack .../24-libgomp1_14.2.0-4ubuntu2~24.04.1_arm64.deb ...
Unpacking libgomp1:arm64 (14.2.0-4ubuntu2~24.04.1) ...
Get:3 http://us-east-1.ec2.ports.ubuntu.com/ubuntu-ports noble/universe arm64 pigz arm64 2.8-1 [60.7 kB]
Get:4 http://us-east-1.ec2.ports.ubuntu.com/ubuntu-ports noble-updates/main arm64 locales all 2.39-0ubuntu8.8 [4231 kB]
Selecting previously unselected package libitm1:arm64.
Preparing to unpack .../25-libitm1_14.2.0-4ubuntu2~24.04.1_arm64.deb ...
Unpacking libitm1:arm64 (14.2.0-4ubuntu2~24.04.1) ...
Get:41 http://ports.ubuntu.com/ubuntu-ports noble-security/main Translation-en [198 kB]
Get:42 http://ports.ubuntu.com/ubuntu-ports noble-security/main arm64 Components [43.3 kB]
Get:43 http://ports.ubuntu.com/ubuntu-ports noble-security/main arm64 c-n-f Metadata [11.6 kB]
Get:44 http://ports.ubuntu.com/ubuntu-ports noble-security/universe arm64 Packages [1259 kB]
Selecting previously unselected package libatomic1:arm64.
Preparing to unpack .../26-libatomic1_14.2.0-4ubuntu2~24.04.1_arm64.deb ...
Unpacking libatomic1:arm64 (14.2.0-4ubuntu2~24.04.1) ...
Get:5 http://us-east-1.ec2.ports.ubuntu.com/ubuntu-ports noble-updates/main arm64 binutils-common arm64 2.42-4ubuntu2.10 [240 kB]
Get:6 http://us-east-1.ec2.ports.ubuntu.com/ubuntu-ports noble-updates/main arm64 libsframe1 arm64 2.42-4ubuntu2.10 [15.4 kB]
Get:7 http://us-east-1.ec2.ports.ubuntu.com/ubuntu-ports noble-updates/main arm64 libbinutils arm64 2.42-4ubuntu2.10 [766 kB]
Get:8 http://us-east-1.ec2.ports.ubuntu.com/ubuntu-ports noble-updates/main arm64 libctf-nobfd0 arm64 2.42-4ubuntu2.10 [101 kB]
Get:9 http://us-east-1.ec2.ports.ubuntu.com/ubuntu-ports noble-updates/main arm64 libctf0 arm64 2.42-4ubuntu2.10 [95.7 kB]
Selecting previously unselected package libasan8:arm64.
Get:10 http://us-east-1.ec2.ports.ubuntu.com/ubuntu-ports noble-updates/main arm64 libgprofng0 arm64 2.42-4ubuntu2.10 [776 kB]
Preparing to unpack .../27-libasan8_14.2.0-4ubuntu2~24.04.1_arm64.deb ...
Unpacking libasan8:arm64 (14.2.0-4ubuntu2~24.04.1) ...
Get:11 http://us-east-1.ec2.ports.ubuntu.com/ubuntu-ports noble-updates/main arm64 binutils-aarch64-linux-gnu arm64 2.42-4ubuntu2.10 [3304 kB]
Get:12 http://us-east-1.ec2.ports.ubuntu.com/ubuntu-ports noble-updates/main arm64 binutils arm64 2.42-4ubuntu2.10 [18.1 kB]
Get:13 http://us-east-1.ec2.ports.ubuntu.com/ubuntu-ports noble/main arm64 bridge-utils arm64 1.7.1-1ubuntu2 [34.2 kB]
Get:14 http://us-east-1.ec2.ports.ubuntu.com/ubuntu-ports noble-updates/main arm64 libc-dev-bin arm64 2.39-0ubuntu8.8 [19.7 kB]
Get:15 http://us-east-1.ec2.ports.ubuntu.com/ubuntu-ports noble-updates/main arm64 linux-libc-dev arm64 6.8.0-136.136 [1550 kB]
Get:16 http://us-east-1.ec2.ports.ubuntu.com/ubuntu-ports noble/main arm64 libcrypt-dev arm64 1:4.4.36-4build1 [118 kB]
Get:17 http://us-east-1.ec2.ports.ubuntu.com/ubuntu-ports noble/main arm64 rpcsvc-proto arm64 1.4.2-0ubuntu7 [64.8 kB]
Get:18 http://us-east-1.ec2.ports.ubuntu.com/ubuntu-ports noble-updates/main arm64 libc6-dev arm64 2.39-0ubuntu8.8 [1596 kB]
Selecting previously unselected package liblsan0:arm64.
Get:19 http://us-east-1.ec2.ports.ubuntu.com/ubuntu-ports noble-updates/main arm64 gcc-13-base arm64 13.3.0-6ubuntu2~24.04.1 [51.6 kB]
Get:20 http://us-east-1.ec2.ports.ubuntu.com/ubuntu-ports noble-updates/main arm64 libisl23 arm64 0.26-3build1.1 [669 kB]
Preparing to unpack .../28-liblsan0_14.2.0-4ubuntu2~24.04.1_arm64.deb ...
Unpacking liblsan0:arm64 (14.2.0-4ubuntu2~24.04.1) ...
Get:21 http://us-east-1.ec2.ports.ubuntu.com/ubuntu-ports noble-updates/main arm64 libmpc3 arm64 1.3.1-1build1.1 [56.4 kB]
Get:22 http://us-east-1.ec2.ports.ubuntu.com/ubuntu-ports noble-updates/main arm64 cpp-13-aarch64-linux-gnu arm64 13.3.0-6ubuntu2~24.04.1 [9560 kB]
Get:45 http://ports.ubuntu.com/ubuntu-ports noble-security/universe Translation-en [239 kB]
Get:46 http://ports.ubuntu.com/ubuntu-ports noble-security/universe arm64 Components [76.3 kB]
Get:47 http://ports.ubuntu.com/ubuntu-ports noble-security/universe arm64 c-n-f Metadata [23.7 kB]
Get:48 http://ports.ubuntu.com/ubuntu-ports noble-security/restricted arm64 Packages [1930 kB]
Get:56 http://us-east-1.ec2.ports.ubuntu.com/ubuntu-ports noble/main arm64 libfakeroot arm64 1.33-1 [32.5 kB]
Get:57 http://us-east-1.ec2.ports.ubuntu.com/ubuntu-ports noble/main arm64 fakeroot arm64 1.33-1 [66.9 kB]
Get:58 http://us-east-1.ec2.ports.ubuntu.com/ubuntu-ports noble/main arm64 fonts-dejavu-mono all 2.37-8 [502 kB]
Get:59 http://us-east-1.ec2.ports.ubuntu.com/ubuntu-ports noble/main arm64 fonts-dejavu-core all 2.37-8 [835 kB]
Selecting previously unselected package libtsan2:arm64.
Get:60 http://us-east-1.ec2.ports.ubuntu.com/ubuntu-ports noble/main arm64 fontconfig-config arm64 2.15.0-1.1ubuntu2 [37.4 kB]
Get:61 http://us-east-1.ec2.ports.ubuntu.com/ubuntu-ports noble/main arm64 javascript-common all 11+nmu1 [5936 B]
Get:62 http://us-east-1.ec2.ports.ubuntu.com/ubuntu-ports noble/main arm64 libalgorithm-diff-perl all 1.201-1 [41.8 kB]
Get:63 http://us-east-1.ec2.ports.ubuntu.com/ubuntu-ports noble/main arm64 libalgorithm-diff-xs-perl arm64 0.04-8build3 [10.9 kB]
Get:64 http://us-east-1.ec2.ports.ubuntu.com/ubuntu-ports noble/main arm64 libalgorithm-merge-perl all 0.08-5 [11.4 kB]
Get:65 http://us-east-1.ec2.ports.ubuntu.com/ubuntu-ports noble-updates/main arm64 libaom3 arm64 3.8.2-2ubuntu0.1 [1617 kB]
Preparing to unpack .../29-libtsan2_14.2.0-4ubuntu2~24.04.1_arm64.deb ...
Unpacking libtsan2:arm64 (14.2.0-4ubuntu2~24.04.1) ...
Get:66 http://us-east-1.ec2.ports.ubuntu.com/ubuntu-ports noble/main arm64 libfontconfig1 arm64 2.15.0-1.1ubuntu2 [142 kB]
Get:67 http://us-east-1.ec2.ports.ubuntu.com/ubuntu-ports noble/main arm64 libsharpyuv0 arm64 1.3.2-0.4build3 [14.5 kB]
Get:68 http://us-east-1.ec2.ports.ubuntu.com/ubuntu-ports noble-updates/main arm64 libheif-plugin-aomdec arm64 1.17.6-1ubuntu4.6 [11.1 kB]
Get:69 http://us-east-1.ec2.ports.ubuntu.com/ubuntu-ports noble-updates/main arm64 libheif1 arm64 1.17.6-1ubuntu4.6 [260 kB]
Get:70 http://us-east-1.ec2.ports.ubuntu.com/ubuntu-ports noble/main arm64 libjpeg-turbo8 arm64 2.1.5-2ubuntu2 [163 kB]
Get:71 http://us-east-1.ec2.ports.ubuntu.com/ubuntu-ports noble/main arm64 libjpeg8 arm64 8c-2ubuntu11 [2148 B]
Get:72 http://us-east-1.ec2.ports.ubuntu.com/ubuntu-ports noble-updates/main arm64 libdeflate0 arm64 1.19-1build1.1 [43.5 kB]
Get:73 http://us-east-1.ec2.ports.ubuntu.com/ubuntu-ports noble/main arm64 libjbig0 arm64 2.1-6.1ubuntu2 [29.3 kB]
Get:74 http://us-east-1.ec2.ports.ubuntu.com/ubuntu-ports noble/main arm64 liblerc4 arm64 4.0.0+ds-4ubuntu2 [154 kB]
Get:75 http://us-east-1.ec2.ports.ubuntu.com/ubuntu-ports noble/main arm64 libwebp7 arm64 1.3.2-0.4build3 [191 kB]
Get:76 http://us-east-1.ec2.ports.ubuntu.com/ubuntu-ports noble-updates/main arm64 libtiff6 arm64 4.5.1+git230720-4ubuntu2.5 [192 kB]
Get:77 http://us-east-1.ec2.ports.ubuntu.com/ubuntu-ports noble-updates/main arm64 libxpm4 arm64 1:3.5.17-1ubuntu0.24.04.1 [35.3 kB]
Get:78 http://us-east-1.ec2.ports.ubuntu.com/ubuntu-ports noble/main arm64 libgd3 arm64 2.3.3-9ubuntu5 [122 kB]
Get:79 http://us-east-1.ec2.ports.ubuntu.com/ubuntu-ports noble-updates/main arm64 libc-devtools arm64 2.39-0ubuntu8.8 [27.8 kB]
Get:80 http://us-east-1.ec2.ports.ubuntu.com/ubuntu-ports noble-updates/main arm64 libexpat1-dev arm64 2.6.1-2ubuntu0.4 [128 kB]
Get:81 http://us-east-1.ec2.ports.ubuntu.com/ubuntu-ports noble/main arm64 libfile-fcntllock-perl arm64 0.22-4ubuntu5 [30.6 kB]
Get:82 http://us-east-1.ec2.ports.ubuntu.com/ubuntu-ports noble-updates/main arm64 libheif-plugin-aomenc arm64 1.17.6-1ubuntu4.6 [13.7 kB]
Get:83 http://us-east-1.ec2.ports.ubuntu.com/ubuntu-ports noble/main arm64 libjs-jquery all 3.6.1+dfsg+~3.5.14-1 [328 kB]
Get:84 http://us-east-1.ec2.ports.ubuntu.com/ubuntu-ports noble/main arm64 libjs-underscore all 1.13.4~dfsg+~1.11.4-3 [118 kB]
Get:85 http://us-east-1.ec2.ports.ubuntu.com/ubuntu-ports noble/main arm64 libjs-sphinxdoc all 7.2.6-6 [149 kB]
Get:86 http://us-east-1.ec2.ports.ubuntu.com/ubuntu-ports noble-updates/main arm64 zlib1g-dev arm64 1:1.3.dfsg-3.1ubuntu2.1 [894 kB]
Get:87 http://us-east-1.ec2.ports.ubuntu.com/ubuntu-ports noble-updates/main arm64 libpython3.12-dev arm64 3.12.3-1ubuntu0.15 [5538 kB]
Selecting previously unselected package libubsan1:arm64.
Preparing to unpack .../30-libubsan1_14.2.0-4ubuntu2~24.04.1_arm64.deb ...
Unpacking libubsan1:arm64 (14.2.0-4ubuntu2~24.04.1) ...
Get:49 http://ports.ubuntu.com/ubuntu-ports noble-security/restricted Translation-en [290 kB]
Get:88 http://us-east-1.ec2.ports.ubuntu.com/ubuntu-ports noble-updates/main arm64 libpython3-dev arm64 3.12.3-0ubuntu2.1 [10.4 kB]
Get:89 http://us-east-1.ec2.ports.ubuntu.com/ubuntu-ports noble-updates/main arm64 linux-tools-common all 6.8.0-136.136 [416 kB]
Get:50 http://ports.ubuntu.com/ubuntu-ports noble-security/restricted arm64 Components [212 B]
Get:51 http://ports.ubuntu.com/ubuntu-ports noble-security/restricted arm64 c-n-f Metadata [388 B]
Get:52 http://ports.ubuntu.com/ubuntu-ports noble-security/multiverse arm64 Packages [68.7 kB]
Get:90 http://us-east-1.ec2.ports.ubuntu.com/ubuntu-ports noble/main arm64 manpages-dev all 6.7-2 [2013 kB]
Get:53 http://ports.ubuntu.com/ubuntu-ports noble-security/multiverse Translation-en [10.6 kB]
Get:54 http://ports.ubuntu.com/ubuntu-ports noble-security/multiverse arm64 Components [208 B]
Get:55 http://ports.ubuntu.com/ubuntu-ports noble-security/multiverse arm64 c-n-f Metadata [456 B]
Selecting previously unselected package libhwasan0:arm64.
Get:91 http://us-east-1.ec2.ports.ubuntu.com/ubuntu-ports noble-updates/main arm64 python3.12-dev arm64 3.12.3-1ubuntu0.15 [498 kB]
Preparing to unpack .../31-libhwasan0_14.2.0-4ubuntu2~24.04.1_arm64.deb ...
Get:92 http://us-east-1.ec2.ports.ubuntu.com/ubuntu-ports noble-updates/main arm64 python3-dev arm64 3.12.3-0ubuntu2.1 [26.7 kB]
Unpacking libhwasan0:arm64 (14.2.0-4ubuntu2~24.04.1) ...
Get:93 http://us-east-1.ec2.ports.ubuntu.com/ubuntu-ports noble/universe arm64 python3-wheel all 0.42.0-2 [53.1 kB]
Get:94 http://us-east-1.ec2.ports.ubuntu.com/ubuntu-ports noble-updates/universe arm64 python3-pip all 24.0+dfsg-1ubuntu1.3 [1320 kB]
[22:01:58] [tensorzero] launched i-08bb0b2164ad55113
Get:95 http://us-east-1.ec2.ports.ubuntu.com/ubuntu-ports noble-updates/universe arm64 ubuntu-fan all 0.12.16+24.04.1 [34.2 kB]
Selecting previously unselected package libgcc-13-dev:arm64.
Preparing to unpack .../32-libgcc-13-dev_13.3.0-6ubuntu2~24.04.1_arm64.deb ...
Unpacking libgcc-13-dev:arm64 (13.3.0-6ubuntu2~24.04.1) ...
Selecting previously unselected package gcc-13-aarch64-linux-gnu.
Preparing to unpack .../33-gcc-13-aarch64-linux-gnu_13.3.0-6ubuntu2~24.04.1_arm64.deb ...
Unpacking gcc-13-aarch64-linux-gnu (13.3.0-6ubuntu2~24.04.1) ...
Get:23 http://us-east-1.ec2.ports.ubuntu.com/ubuntu-ports noble-updates/main arm64 cpp-13 arm64 13.3.0-6ubuntu2~24.04.1 [1038 B]
Get:24 http://us-east-1.ec2.ports.ubuntu.com/ubuntu-ports noble/main arm64 cpp-aarch64-linux-gnu arm64 4:13.2.0-7ubuntu1 [5316 B]
Get:25 http://us-east-1.ec2.ports.ubuntu.com/ubuntu-ports noble/main arm64 cpp arm64 4:13.2.0-7ubuntu1 [22.4 kB]
Get:26 http://us-east-1.ec2.ports.ubuntu.com/ubuntu-ports noble-updates/main arm64 libcc1-0 arm64 14.2.0-4ubuntu2~24.04.1 [49.7 kB]
Get:27 http://us-east-1.ec2.ports.ubuntu.com/ubuntu-ports noble-updates/main arm64 libgomp1 arm64 14.2.0-4ubuntu2~24.04.1 [145 kB]
Get:28 http://us-east-1.ec2.ports.ubuntu.com/ubuntu-ports noble-updates/main arm64 libitm1 arm64 14.2.0-4ubuntu2~24.04.1 [28.2 kB]
Get:29 http://us-east-1.ec2.ports.ubuntu.com/ubuntu-ports noble-updates/main arm64 libatomic1 arm64 14.2.0-4ubuntu2~24.04.1 [11.6 kB]
Get:30 http://us-east-1.ec2.ports.ubuntu.com/ubuntu-ports noble-updates/main arm64 libasan8 arm64 14.2.0-4ubuntu2~24.04.1 [2928 kB]
Selecting previously unselected package gcc-13.
Preparing to unpack .../34-gcc-13_13.3.0-6ubuntu2~24.04.1_arm64.deb ...
Unpacking gcc-13 (13.3.0-6ubuntu2~24.04.1) ...
Get:31 http://us-east-1.ec2.ports.ubuntu.com/ubuntu-ports noble-updates/main arm64 liblsan0 arm64 14.2.0-4ubuntu2~24.04.1 [1289 kB]
Get:32 http://us-east-1.ec2.ports.ubuntu.com/ubuntu-ports noble-updates/main arm64 libtsan2 arm64 14.2.0-4ubuntu2~24.04.1 [2697 kB]
Selecting previously unselected package gcc-aarch64-linux-gnu.
Preparing to unpack .../35-gcc-aarch64-linux-gnu_4%3a13.2.0-7ubuntu1_arm64.deb ...
Unpacking gcc-aarch64-linux-gnu (4:13.2.0-7ubuntu1) ...
Get:33 http://us-east-1.ec2.ports.ubuntu.com/ubuntu-ports noble-updates/main arm64 libubsan1 arm64 14.2.0-4ubuntu2~24.04.1 [1157 kB]
Selecting previously unselected package gcc.
Get:34 http://us-east-1.ec2.ports.ubuntu.com/ubuntu-ports noble-updates/main arm64 libhwasan0 arm64 14.2.0-4ubuntu2~24.04.1 [1605 kB]
Preparing to unpack .../36-gcc_4%3a13.2.0-7ubuntu1_arm64.deb ...
Unpacking gcc (4:13.2.0-7ubuntu1) ...
Get:35 http://us-east-1.ec2.ports.ubuntu.com/ubuntu-ports noble-updates/main arm64 libgcc-13-dev arm64 13.3.0-6ubuntu2~24.04.1 [2473 kB]
Selecting previously unselected package libstdc++-13-dev:arm64.
Preparing to unpack .../37-libstdc++-13-dev_13.3.0-6ubuntu2~24.04.1_arm64.deb ...
Unpacking libstdc++-13-dev:arm64 (13.3.0-6ubuntu2~24.04.1) ...
Get:36 http://us-east-1.ec2.ports.ubuntu.com/ubuntu-ports noble-updates/main arm64 gcc-13-aarch64-linux-gnu arm64 13.3.0-6ubuntu2~24.04.1 [18.7 MB]
Preconfiguring packages ...
Selecting previously unselected package g++-13-aarch64-linux-gnu.
Preparing to unpack .../38-g++-13-aarch64-linux-gnu_13.3.0-6ubuntu2~24.04.1_arm64.deb ...
Unpacking g++-13-aarch64-linux-gnu (13.3.0-6ubuntu2~24.04.1) ...
Fetched 37.7 MB in 4s (9756 kB/s)
Reading package lists...Fetched 155 MB in 4s (38.7 MB/s)
[22:01:58] [kong] installing deps (bare base: docker + psutil; the rig is a prebuilt download, and each
[22:01:58] [kong] gateway installs its OWN prereqs via gw_prereqs - no blanket build toolchain on every box)
(Reading database ... (Reading database ... 5%(Reading database ... 10%(Reading database ... 15%(Reading database ... 20%(Reading database ... 25%(Reading database ... 30%(Reading database ... 35%(Reading database ... 40%(Reading database ... 45%(Reading database ... 50%(Reading database ... 55%Selecting previously unselected package g++-13.
Preparing to unpack .../39-g++-13_13.3.0-6ubuntu2~24.04.1_arm64.deb ...
Unpacking g++-13 (13.3.0-6ubuntu2~24.04.1) ...
Selecting previously unselected package g++-aarch64-linux-gnu.
Preparing to unpack .../40-g++-aarch64-linux-gnu_4%3a13.2.0-7ubuntu1_arm64.deb ...
Unpacking g++-aarch64-linux-gnu (4:13.2.0-7ubuntu1) ...
Selecting previously unselected package g++.
Preparing to unpack .../41-g++_4%3a13.2.0-7ubuntu1_arm64.deb ...
Unpacking g++ (4:13.2.0-7ubuntu1) ...
Selecting previously unselected package make.
(Reading database ... 60%Preparing to unpack .../42-make_4.3-4.1build2_arm64.deb ...
Unpacking make (4.3-4.1build2) ...
Selecting previously unselected package libdpkg-perl.
Preparing to unpack .../43-libdpkg-perl_1.22.6ubuntu6.6_all.deb ...
Unpacking libdpkg-perl (1.22.6ubuntu6.6) ...
(Reading database ... 65%Warning: Permanently added '3.208.2.46' (ED25519) to the list of known hosts.
Selecting previously unselected package bzip2.
Preparing to unpack .../44-bzip2_1.0.8-5.1build0.1_arm64.deb ...
Unpacking bzip2 (1.0.8-5.1build0.1) ...
(Reading database ... 70%Selecting previously unselected package lto-disabled-list.
Preparing to unpack .../45-lto-disabled-list_47_all.deb ...
Unpacking lto-disabled-list (47) ...
(Reading database ... 75%Selecting previously unselected package dpkg-dev.
Preparing to unpack .../46-dpkg-dev_1.22.6ubuntu6.6_all.deb ...
Unpacking dpkg-dev (1.22.6ubuntu6.6) ...
(Reading database ... 80%Selecting previously unselected package build-essential.
Preparing to unpack .../47-build-essential_12.10ubuntu1_arm64.deb ...
Unpacking build-essential (12.10ubuntu1) ...
(Reading database ... 85%Selecting previously unselected package runc.
Preparing to unpack .../48-runc_1.3.4-0ubuntu1~24.04.1_arm64.deb ...
Unpacking runc (1.3.4-0ubuntu1~24.04.1) ...
[22:01:59] [litellm-python] ip=98.86.223.114 - waiting for ssh
(Reading database ... 90%(Reading database ... 95%(Reading database ... 100%(Reading database ... 74109 files and directories currently installed.)
Preparing to unpack .../libc6_2.39-0ubuntu8.8_arm64.deb ...

Reading package lists...
Building dependency tree...Selecting previously unselected package containerd.
Unpacking libc6:arm64 (2.39-0ubuntu8.8) over (2.39-0ubuntu8.7) ...
Preparing to unpack .../49-containerd_2.2.1-0ubuntu1~24.04.3_arm64.deb ...
Unpacking containerd (2.2.1-0ubuntu1~24.04.3) ...
Setting up libc6:arm64 (2.39-0ubuntu8.8) ...

Reading state information...
curl is already the newest version (8.5.0-2ubuntu10.11).
curl set to manually installed.
ca-certificates is already the newest version (20260601~24.04.1).
ca-certificates set to manually installed.
jq is already the newest version (1.7.1-3ubuntu0.24.04.2).
jq set to manually installed.
git is already the newest version (1:2.43.0-1ubuntu7.3).
git set to manually installed.
The following additional packages will be installed:
  binutils binutils-aarch64-linux-gnu binutils-common bridge-utils bzip2
  containerd cpp cpp-13 cpp-13-aarch64-linux-gnu cpp-aarch64-linux-gnu
  dns-root-data dnsmasq-base dpkg-dev fakeroot fontconfig-config
  fonts-dejavu-core fonts-dejavu-mono g++ g++-13 g++-13-aarch64-linux-gnu
  g++-aarch64-linux-gnu gcc gcc-13 gcc-13-aarch64-linux-gnu gcc-13-base
  gcc-aarch64-linux-gnu javascript-common libalgorithm-diff-perl
  libalgorithm-diff-xs-perl libalgorithm-merge-perl libaom3 libasan8
  libatomic1 libbinutils libc-bin libc-dev-bin libc-devtools libc6 libc6-dev
  libcc1-0 libcrypt-dev libctf-nobfd0 libctf0 libdeflate0 libdpkg-perl
  libexpat1-dev libfakeroot libfile-fcntllock-perl libfontconfig1
  libgcc-13-dev libgd3 libgomp1 libgprofng0 libheif-plugin-aomdec
  libheif-plugin-aomenc libheif1 libhwasan0 libisl23 libitm1 libjbig0
  libjpeg-turbo8 libjpeg8 libjs-jquery libjs-sphinxdoc libjs-underscore
  liblerc4 liblsan0 libmpc3 libpython3-dev libpython3.12-dev libsframe1
  libsharpyuv0 libstdc++-13-dev libtiff6 libtsan2 libubsan1 libwebp7 libxpm4
  linux-libc-dev linux-tools-common locales lto-disabled-list make
  manpages-dev pigz python3-dev python3-wheel python3.12-dev rpcsvc-proto runc
  ubuntu-fan zlib1g-dev
Suggested packages:
  binutils-doc gprofng-gui ifupdown bzip2-doc cpp-doc gcc-13-locales
  cpp-13-doc aufs-tools cgroupfs-mount | cgroup-lite debootstrap docker-buildx
  docker-compose-v2 docker-doc rinse zfs-fuse | zfsutils debian-keyring
  gcc-13-doc gcc-multilib autoconf automake libtool flex bison gdb gcc-doc
  gdb-aarch64-linux-gnu apache2 | lighttpd | httpd glibc-doc libnss-nis
  libnss-nisplus bzr libgd-tools libheif-plugin-libde265 libheif-plugin-x265
  libheif-plugin-ffmpegdec libheif-plugin-jpegdec libheif-plugin-jpegenc
  libheif-plugin-j2kdec libheif-plugin-j2kenc libheif-plugin-rav1e
  libheif-plugin-svtenc libstdc++-13-doc make-doc
The following NEW packages will be installed:
  binutils binutils-aarch64-linux-gnu binutils-common bridge-utils
  build-essential bzip2 containerd cpp cpp-13 cpp-13-aarch64-linux-gnu
  cpp-aarch64-linux-gnu dns-root-data dnsmasq-base docker.io dpkg-dev fakeroot
  fontconfig-config fonts-dejavu-core fonts-dejavu-mono g++ g++-13
  g++-13-aarch64-linux-gnu g++-aarch64-linux-gnu gcc gcc-13
  gcc-13-aarch64-linux-gnu gcc-13-base gcc-aarch64-linux-gnu javascript-common
  libalgorithm-diff-perl libalgorithm-diff-xs-perl libalgorithm-merge-perl
  libaom3 libasan8 libatomic1 libbinutils libc-dev-bin libc-devtools libc6-dev
  libcc1-0 libcrypt-dev libctf-nobfd0 libctf0 libdeflate0 libdpkg-perl
  libexpat1-dev libfakeroot libfile-fcntllock-perl libfontconfig1
  libgcc-13-dev libgd3 libgomp1 libgprofng0 libheif-plugin-aomdec
  libheif-plugin-aomenc libheif1 libhwasan0 libisl23 libitm1 libjbig0
  libjpeg-turbo8 libjpeg8 libjs-jquery libjs-sphinxdoc libjs-underscore
  liblerc4 liblsan0 libmpc3 libpython3-dev libpython3.12-dev libsframe1
  libsharpyuv0 libstdc++-13-dev libtiff6 libtsan2 libubsan1 libwebp7 libxpm4
  linux-libc-dev lto-disabled-list make manpages-dev pigz python3-dev
  python3-pip python3-wheel python3.12-dev rpcsvc-proto runc ubuntu-fan
  zlib1g-dev
The following packages will be upgraded:
  libc-bin libc6 linux-tools-common locales
Selecting previously unselected package dns-root-data.
Preparing to unpack .../50-dns-root-data_2024071801~ubuntu0.24.04.1_all.deb ...
Unpacking dns-root-data (2024071801~ubuntu0.24.04.1) ...
4 upgraded, 91 newly installed, 0 to remove and 30 not upgraded.
Need to get 155 MB of archives.
After this operation, 558 MB of additional disk space will be used.
Get:1 http://us-east-1.ec2.ports.ubuntu.com/ubuntu-ports noble-updates/main arm64 libc6 arm64 2.39-0ubuntu8.8 [2775 kB]
Selecting previously unselected package dnsmasq-base.
Preparing to unpack .../51-dnsmasq-base_2.90-2ubuntu0.4_arm64.deb ...
(Reading database ... Unpacking dnsmasq-base (2.90-2ubuntu0.4) ...
(Reading database ... 5%(Reading database ... 10%(Reading database ... 15%(Reading database ... 20%(Reading database ... 25%(Reading database ... 30%(Reading database ... 35%(Reading database ... 40%(Reading database ... 45%(Reading database ... 50%(Reading database ... 55%(Reading database ... 60%Hit:1 http://us-east-1.ec2.ports.ubuntu.com/ubuntu-ports noble InRelease
Get:2 http://ports.ubuntu.com/ubuntu-ports noble-security InRelease [126 kB]
Get:3 http://us-east-1.ec2.ports.ubuntu.com/ubuntu-ports noble-updates InRelease [126 kB]
Selecting previously unselected package docker.io.
Preparing to unpack .../52-docker.io_29.1.3-0ubuntu3~24.04.2_arm64.deb ...
Unpacking docker.io (29.1.3-0ubuntu3~24.04.2) ...
(Reading database ... 65%(Reading database ... 70%(Reading database ... 75%(Reading database ... 80%(Reading database ... 85%(Reading database ... 90%(Reading database ... 95%(Reading database ... 100%(Reading database ... 74109 files and directories currently installed.)
Preparing to unpack .../libc-bin_2.39-0ubuntu8.8_arm64.deb ...
Unpacking libc-bin (2.39-0ubuntu8.8) over (2.39-0ubuntu8.7) ...
Get:4 http://us-east-1.ec2.ports.ubuntu.com/ubuntu-ports noble-backports InRelease [126 kB]
Setting up libc-bin (2.39-0ubuntu8.8) ...
Get:2 http://us-east-1.ec2.ports.ubuntu.com/ubuntu-ports noble-updates/main arm64 libc-bin arm64 2.39-0ubuntu8.8 [591 kB]
Get:3 http://us-east-1.ec2.ports.ubuntu.com/ubuntu-ports noble/universe arm64 pigz arm64 2.8-1 [60.7 kB]
Get:4 http://us-east-1.ec2.ports.ubuntu.com/ubuntu-ports noble-updates/main arm64 locales all 2.39-0ubuntu8.8 [4231 kB]
Get:5 http://us-east-1.ec2.ports.ubuntu.com/ubuntu-ports noble/universe arm64 Packages [15.3 MB]
Get:6 http://ports.ubuntu.com/ubuntu-ports noble-security/main arm64 Packages [940 kB]
Selecting previously unselected package pigz.
(Reading database ... (Reading database ... 5%(Reading database ... 10%(Reading database ... 15%(Reading database ... 20%(Reading database ... 25%(Reading database ... 30%(Reading database ... 35%(Reading database ... 40%(Reading database ... 45%(Reading database ... 50%(Reading database ... 55%Get:5 http://us-east-1.ec2.ports.ubuntu.com/ubuntu-ports noble-updates/main arm64 binutils-common arm64 2.42-4ubuntu2.10 [240 kB]
Get:6 http://us-east-1.ec2.ports.ubuntu.com/ubuntu-ports noble-updates/main arm64 libsframe1 arm64 2.42-4ubuntu2.10 [15.4 kB]
(Reading database ... 60%(Reading database ... 65%Get:7 http://us-east-1.ec2.ports.ubuntu.com/ubuntu-ports noble-updates/main arm64 libbinutils arm64 2.42-4ubuntu2.10 [766 kB]
(Reading database ... 70%(Reading database ... 75%(Reading database ... 80%(Reading database ... 85%(Reading database ... 90%(Reading database ... 95%(Reading database ... 100%(Reading database ... 74109 files and directories currently installed.)Get:8 http://us-east-1.ec2.ports.ubuntu.com/ubuntu-ports noble-updates/main arm64 libctf-nobfd0 arm64 2.42-4ubuntu2.10 [101 kB]
Get:9 http://us-east-1.ec2.ports.ubuntu.com/ubuntu-ports noble-updates/main arm64 libctf0 arm64 2.42-4ubuntu2.10 [95.7 kB]
Get:10 http://us-east-1.ec2.ports.ubuntu.com/ubuntu-ports noble-updates/main arm64 libgprofng0 arm64 2.42-4ubuntu2.10 [776 kB]
Get:11 http://us-east-1.ec2.ports.ubuntu.com/ubuntu-ports noble-updates/main arm64 binutils-aarch64-linux-gnu arm64 2.42-4ubuntu2.10 [3304 kB]

Preparing to unpack .../00-pigz_2.8-1_arm64.deb ...
Unpacking pigz (2.8-1) ...
Get:7 http://ports.ubuntu.com/ubuntu-ports noble-security/main Translation-en [198 kB]
Get:8 http://ports.ubuntu.com/ubuntu-ports noble-security/main arm64 Components [43.3 kB]
Get:9 http://ports.ubuntu.com/ubuntu-ports noble-security/main arm64 c-n-f Metadata [11.6 kB]
Get:10 http://ports.ubuntu.com/ubuntu-ports noble-security/universe arm64 Packages [1259 kB]
Preparing to unpack .../01-locales_2.39-0ubuntu8.8_all.deb ...
Unpacking locales (2.39-0ubuntu8.8) over (2.39-0ubuntu8.7) ...
Get:11 http://ports.ubuntu.com/ubuntu-ports noble-security/universe Translation-en [239 kB]
Get:12 http://ports.ubuntu.com/ubuntu-ports noble-security/universe arm64 Components [76.3 kB]
Get:13 http://ports.ubuntu.com/ubuntu-ports noble-security/universe arm64 c-n-f Metadata [23.7 kB]
Get:14 http://ports.ubuntu.com/ubuntu-ports noble-security/restricted arm64 Packages [1930 kB]
Get:12 http://us-east-1.ec2.ports.ubuntu.com/ubuntu-ports noble-updates/main arm64 binutils arm64 2.42-4ubuntu2.10 [18.1 kB]
Get:13 http://us-east-1.ec2.ports.ubuntu.com/ubuntu-ports noble/main arm64 bridge-utils arm64 1.7.1-1ubuntu2 [34.2 kB]
Get:14 http://us-east-1.ec2.ports.ubuntu.com/ubuntu-ports noble-updates/main arm64 libc-dev-bin arm64 2.39-0ubuntu8.8 [19.7 kB]
Get:15 http://us-east-1.ec2.ports.ubuntu.com/ubuntu-ports noble-updates/main arm64 linux-libc-dev arm64 6.8.0-136.136 [1550 kB]
Get:15 http://us-east-1.ec2.ports.ubuntu.com/ubuntu-ports noble/universe Translation-en [5982 kB]
Get:16 http://ports.ubuntu.com/ubuntu-ports noble-security/restricted Translation-en [290 kB]
Get:17 http://ports.ubuntu.com/ubuntu-ports noble-security/restricted arm64 Components [212 B]
Get:18 http://ports.ubuntu.com/ubuntu-ports noble-security/restricted arm64 c-n-f Metadata [388 B]
Get:19 http://ports.ubuntu.com/ubuntu-ports noble-security/multiverse arm64 Packages [68.7 kB]
Get:20 http://ports.ubuntu.com/ubuntu-ports noble-security/multiverse Translation-en [10.6 kB]
Get:21 http://ports.ubuntu.com/ubuntu-ports noble-security/multiverse arm64 Components [208 B]
Get:22 http://ports.ubuntu.com/ubuntu-ports noble-security/multiverse arm64 c-n-f Metadata [456 B]
Get:16 http://us-east-1.ec2.ports.ubuntu.com/ubuntu-ports noble/main arm64 libcrypt-dev arm64 1:4.4.36-4build1 [118 kB]
Get:17 http://us-east-1.ec2.ports.ubuntu.com/ubuntu-ports noble/main arm64 rpcsvc-proto arm64 1.4.2-0ubuntu7 [64.8 kB]
Get:18 http://us-east-1.ec2.ports.ubuntu.com/ubuntu-ports noble-updates/main arm64 libc6-dev arm64 2.39-0ubuntu8.8 [1596 kB]
Get:23 http://us-east-1.ec2.ports.ubuntu.com/ubuntu-ports noble/universe arm64 Components [3573 kB]
Get:19 http://us-east-1.ec2.ports.ubuntu.com/ubuntu-ports noble-updates/main arm64 gcc-13-base arm64 13.3.0-6ubuntu2~24.04.1 [51.6 kB]
Get:20 http://us-east-1.ec2.ports.ubuntu.com/ubuntu-ports noble-updates/main arm64 libisl23 arm64 0.26-3build1.1 [669 kB]
Get:21 http://us-east-1.ec2.ports.ubuntu.com/ubuntu-ports noble-updates/main arm64 libmpc3 arm64 1.3.1-1build1.1 [56.4 kB]
Get:22 http://us-east-1.ec2.ports.ubuntu.com/ubuntu-ports noble-updates/main arm64 cpp-13-aarch64-linux-gnu arm64 13.3.0-6ubuntu2~24.04.1 [9560 kB]
Get:24 http://us-east-1.ec2.ports.ubuntu.com/ubuntu-ports noble/universe arm64 c-n-f Metadata [295 kB]
Get:25 http://us-east-1.ec2.ports.ubuntu.com/ubuntu-ports noble/multiverse arm64 Packages [223 kB]
Get:26 http://us-east-1.ec2.ports.ubuntu.com/ubuntu-ports noble/multiverse Translation-en [118 kB]
Get:27 http://us-east-1.ec2.ports.ubuntu.com/ubuntu-ports noble/multiverse arm64 Components [31.6 kB]
Get:28 http://us-east-1.ec2.ports.ubuntu.com/ubuntu-ports noble/multiverse arm64 c-n-f Metadata [7152 B]
Get:29 http://us-east-1.ec2.ports.ubuntu.com/ubuntu-ports noble-updates/main arm64 Packages [1190 kB]
Get:30 http://us-east-1.ec2.ports.ubuntu.com/ubuntu-ports noble-updates/main Translation-en [278 kB]
Get:31 http://us-east-1.ec2.ports.ubuntu.com/ubuntu-ports noble-updates/main arm64 Components [178 kB]
Get:32 http://us-east-1.ec2.ports.ubuntu.com/ubuntu-ports noble-updates/universe arm64 Packages [1704 kB]
Get:33 http://us-east-1.ec2.ports.ubuntu.com/ubuntu-ports noble-updates/universe Translation-en [334 kB]
Get:34 http://us-east-1.ec2.ports.ubuntu.com/ubuntu-ports noble-updates/universe arm64 Components [387 kB]
Get:35 http://us-east-1.ec2.ports.ubuntu.com/ubuntu-ports noble-updates/universe arm64 c-n-f Metadata [33.5 kB]
Get:36 http://us-east-1.ec2.ports.ubuntu.com/ubuntu-ports noble-updates/restricted arm64 Packages [2036 kB]
Get:37 http://us-east-1.ec2.ports.ubuntu.com/ubuntu-ports noble-updates/restricted Translation-en [308 kB]
Get:38 http://us-east-1.ec2.ports.ubuntu.com/ubuntu-ports noble-updates/multiverse arm64 Packages [72.7 kB]
Get:39 http://us-east-1.ec2.ports.ubuntu.com/ubuntu-ports noble-updates/multiverse Translation-en [12.3 kB]
Get:40 http://us-east-1.ec2.ports.ubuntu.com/ubuntu-ports noble-updates/multiverse arm64 Components [212 B]
Get:41 http://us-east-1.ec2.ports.ubuntu.com/ubuntu-ports noble-updates/multiverse arm64 c-n-f Metadata [472 B]
Get:42 http://us-east-1.ec2.ports.ubuntu.com/ubuntu-ports noble-backports/main arm64 Packages [40.6 kB]
Get:43 http://us-east-1.ec2.ports.ubuntu.com/ubuntu-ports noble-backports/main Translation-en [9172 B]
Get:44 http://us-east-1.ec2.ports.ubuntu.com/ubuntu-ports noble-backports/main arm64 Components [3572 B]
Get:45 http://us-east-1.ec2.ports.ubuntu.com/ubuntu-ports noble-backports/main arm64 c-n-f Metadata [372 B]
Get:46 http://us-east-1.ec2.ports.ubuntu.com/ubuntu-ports noble-backports/universe arm64 Packages [32.7 kB]
Get:47 http://us-east-1.ec2.ports.ubuntu.com/ubuntu-ports noble-backports/universe Translation-en [18.6 kB]
Get:48 http://us-east-1.ec2.ports.ubuntu.com/ubuntu-ports noble-backports/universe arm64 Components [12.6 kB]
Get:49 http://us-east-1.ec2.ports.ubuntu.com/ubuntu-ports noble-backports/universe arm64 c-n-f Metadata [1592 B]
Get:50 http://us-east-1.ec2.ports.ubuntu.com/ubuntu-ports noble-backports/restricted arm64 Components [212 B]
Get:51 http://us-east-1.ec2.ports.ubuntu.com/ubuntu-ports noble-backports/restricted arm64 c-n-f Metadata [116 B]
Get:52 http://us-east-1.ec2.ports.ubuntu.com/ubuntu-ports noble-backports/multiverse arm64 Packages [748 B]
Get:53 http://us-east-1.ec2.ports.ubuntu.com/ubuntu-ports noble-backports/multiverse Translation-en [340 B]
Get:54 http://us-east-1.ec2.ports.ubuntu.com/ubuntu-ports noble-backports/multiverse arm64 Components [212 B]
Get:55 http://us-east-1.ec2.ports.ubuntu.com/ubuntu-ports noble-backports/multiverse arm64 c-n-f Metadata [116 B]
Selecting previously unselected package binutils-common:arm64.
Preparing to unpack .../02-binutils-common_2.42-4ubuntu2.10_arm64.deb ...
Unpacking binutils-common:arm64 (2.42-4ubuntu2.10) ...
Selecting previously unselected package libsframe1:arm64.
Preparing to unpack .../03-libsframe1_2.42-4ubuntu2.10_arm64.deb ...
Unpacking libsframe1:arm64 (2.42-4ubuntu2.10) ...
Get:23 http://us-east-1.ec2.ports.ubuntu.com/ubuntu-ports noble-updates/main arm64 cpp-13 arm64 13.3.0-6ubuntu2~24.04.1 [1038 B]
Get:24 http://us-east-1.ec2.ports.ubuntu.com/ubuntu-ports noble/main arm64 cpp-aarch64-linux-gnu arm64 4:13.2.0-7ubuntu1 [5316 B]
Selecting previously unselected package libbinutils:arm64.
Get:25 http://us-east-1.ec2.ports.ubuntu.com/ubuntu-ports noble/main arm64 cpp arm64 4:13.2.0-7ubuntu1 [22.4 kB]
Get:26 http://us-east-1.ec2.ports.ubuntu.com/ubuntu-ports noble-updates/main arm64 libcc1-0 arm64 14.2.0-4ubuntu2~24.04.1 [49.7 kB]
Get:27 http://us-east-1.ec2.ports.ubuntu.com/ubuntu-ports noble-updates/main arm64 libgomp1 arm64 14.2.0-4ubuntu2~24.04.1 [145 kB]
Get:28 http://us-east-1.ec2.ports.ubuntu.com/ubuntu-ports noble-updates/main arm64 libitm1 arm64 14.2.0-4ubuntu2~24.04.1 [28.2 kB]
Get:29 http://us-east-1.ec2.ports.ubuntu.com/ubuntu-ports noble-updates/main arm64 libatomic1 arm64 14.2.0-4ubuntu2~24.04.1 [11.6 kB]
Get:30 http://us-east-1.ec2.ports.ubuntu.com/ubuntu-ports noble-updates/main arm64 libasan8 arm64 14.2.0-4ubuntu2~24.04.1 [2928 kB]
Preparing to unpack .../04-libbinutils_2.42-4ubuntu2.10_arm64.deb ...
Unpacking libbinutils:arm64 (2.42-4ubuntu2.10) ...
Selecting previously unselected package libctf-nobfd0:arm64.
Preparing to unpack .../05-libctf-nobfd0_2.42-4ubuntu2.10_arm64.deb ...
Unpacking libctf-nobfd0:arm64 (2.42-4ubuntu2.10) ...
Get:37 http://us-east-1.ec2.ports.ubuntu.com/ubuntu-ports noble-updates/main arm64 gcc-13 arm64 13.3.0-6ubuntu2~24.04.1 [484 kB]
Get:38 http://us-east-1.ec2.ports.ubuntu.com/ubuntu-ports noble/main arm64 gcc-aarch64-linux-gnu arm64 4:13.2.0-7ubuntu1 [1198 B]
Get:39 http://us-east-1.ec2.ports.ubuntu.com/ubuntu-ports noble/main arm64 gcc arm64 4:13.2.0-7ubuntu1 [5018 B]
Get:40 http://us-east-1.ec2.ports.ubuntu.com/ubuntu-ports noble-updates/main arm64 libstdc++-13-dev arm64 13.3.0-6ubuntu2~24.04.1 [2397 kB]
Get:41 http://us-east-1.ec2.ports.ubuntu.com/ubuntu-ports noble-updates/main arm64 g++-13-aarch64-linux-gnu arm64 13.3.0-6ubuntu2~24.04.1 [10.9 MB]
Get:31 http://us-east-1.ec2.ports.ubuntu.com/ubuntu-ports noble-updates/main arm64 liblsan0 arm64 14.2.0-4ubuntu2~24.04.1 [1289 kB]
Get:32 http://us-east-1.ec2.ports.ubuntu.com/ubuntu-ports noble-updates/main arm64 libtsan2 arm64 14.2.0-4ubuntu2~24.04.1 [2697 kB]
Selecting previously unselected package libctf0:arm64.
Preparing to unpack .../06-libctf0_2.42-4ubuntu2.10_arm64.deb ...
Unpacking libctf0:arm64 (2.42-4ubuntu2.10) ...
Selecting previously unselected package libgprofng0:arm64.
Preparing to unpack .../07-libgprofng0_2.42-4ubuntu2.10_arm64.deb ...
Unpacking libgprofng0:arm64 (2.42-4ubuntu2.10) ...
Selecting previously unselected package libfakeroot:arm64.
Preparing to unpack .../53-libfakeroot_1.33-1_arm64.deb ...
Unpacking libfakeroot:arm64 (1.33-1) ...
Get:33 http://us-east-1.ec2.ports.ubuntu.com/ubuntu-ports noble-updates/main arm64 libubsan1 arm64 14.2.0-4ubuntu2~24.04.1 [1157 kB]
Selecting previously unselected package binutils-aarch64-linux-gnu.
Preparing to unpack .../08-binutils-aarch64-linux-gnu_2.42-4ubuntu2.10_arm64.deb ...
Get:34 http://us-east-1.ec2.ports.ubuntu.com/ubuntu-ports noble-updates/main arm64 libhwasan0 arm64 14.2.0-4ubuntu2~24.04.1 [1605 kB]
Unpacking binutils-aarch64-linux-gnu (2.42-4ubuntu2.10) ...
Selecting previously unselected package fakeroot.
Preparing to unpack .../54-fakeroot_1.33-1_arm64.deb ...
Unpacking fakeroot (1.33-1) ...
Get:35 http://us-east-1.ec2.ports.ubuntu.com/ubuntu-ports noble-updates/main arm64 libgcc-13-dev arm64 13.3.0-6ubuntu2~24.04.1 [2473 kB]
Selecting previously unselected package fonts-dejavu-mono.
Preparing to unpack .../55-fonts-dejavu-mono_2.37-8_all.deb ...
Get:42 http://us-east-1.ec2.ports.ubuntu.com/ubuntu-ports noble-updates/main arm64 g++-13 arm64 13.3.0-6ubuntu2~24.04.1 [16.0 kB]
Get:43 http://us-east-1.ec2.ports.ubuntu.com/ubuntu-ports noble/main arm64 g++-aarch64-linux-gnu arm64 4:13.2.0-7ubuntu1 [962 B]
Get:44 http://us-east-1.ec2.ports.ubuntu.com/ubuntu-ports noble/main arm64 g++ arm64 4:13.2.0-7ubuntu1 [1082 B]
Get:45 http://us-east-1.ec2.ports.ubuntu.com/ubuntu-ports noble/main arm64 make arm64 4.3-4.1build2 [178 kB]
Get:46 http://us-east-1.ec2.ports.ubuntu.com/ubuntu-ports noble-updates/main arm64 libdpkg-perl all 1.22.6ubuntu6.6 [268 kB]
Unpacking fonts-dejavu-mono (2.37-8) ...
Get:47 http://us-east-1.ec2.ports.ubuntu.com/ubuntu-ports noble-updates/main arm64 bzip2 arm64 1.0.8-5.1build0.1 [34.0 kB]
Get:48 http://us-east-1.ec2.ports.ubuntu.com/ubuntu-ports noble/main arm64 lto-disabled-list all 47 [12.4 kB]
Get:49 http://us-east-1.ec2.ports.ubuntu.com/ubuntu-ports noble-updates/main arm64 dpkg-dev all 1.22.6ubuntu6.6 [1074 kB]
Get:50 http://us-east-1.ec2.ports.ubuntu.com/ubuntu-ports noble/main arm64 build-essential arm64 12.10ubuntu1 [4932 B]
Get:51 http://us-east-1.ec2.ports.ubuntu.com/ubuntu-ports noble-updates/main arm64 runc arm64 1.3.4-0ubuntu1~24.04.1 [8578 kB]
Get:36 http://us-east-1.ec2.ports.ubuntu.com/ubuntu-ports noble-updates/main arm64 gcc-13-aarch64-linux-gnu arm64 13.3.0-6ubuntu2~24.04.1 [18.7 MB]
Selecting previously unselected package fonts-dejavu-core.
Preparing to unpack .../56-fonts-dejavu-core_2.37-8_all.deb ...
Selecting previously unselected package binutils.
Unpacking fonts-dejavu-core (2.37-8) ...
Preparing to unpack .../09-binutils_2.42-4ubuntu2.10_arm64.deb ...
Unpacking binutils (2.42-4ubuntu2.10) ...
Selecting previously unselected package bridge-utils.
Preparing to unpack .../10-bridge-utils_1.7.1-1ubuntu2_arm64.deb ...
Selecting previously unselected package fontconfig-config.
Unpacking bridge-utils (1.7.1-1ubuntu2) ...
Preparing to unpack .../57-fontconfig-config_2.15.0-1.1ubuntu2_arm64.deb ...
Selecting previously unselected package libc-dev-bin.
Preparing to unpack .../11-libc-dev-bin_2.39-0ubuntu8.8_arm64.deb ...
Unpacking libc-dev-bin (2.39-0ubuntu8.8) ...
Selecting previously unselected package linux-libc-dev:arm64.
Preparing to unpack .../12-linux-libc-dev_6.8.0-136.136_arm64.deb ...
Unpacking linux-libc-dev:arm64 (6.8.0-136.136) ...
Unpacking fontconfig-config (2.15.0-1.1ubuntu2) ...
Get:52 http://us-east-1.ec2.ports.ubuntu.com/ubuntu-ports noble-updates/main arm64 containerd arm64 2.2.1-0ubuntu1~24.04.3 [25.2 MB]
[22:02:01] [litellm-python] installing deps (bare base: docker + psutil; the rig is a prebuilt download, and each
[22:02:01] [litellm-python] gateway installs its OWN prereqs via gw_prereqs - no blanket build toolchain on every box)
Selecting previously unselected package javascript-common.
Preparing to unpack .../58-javascript-common_11+nmu1_all.deb ...
Selecting previously unselected package libcrypt-dev:arm64.
Preparing to unpack .../13-libcrypt-dev_1%3a4.4.36-4build1_arm64.deb ...
Unpacking javascript-common (11+nmu1) ...
Selecting previously unselected package libalgorithm-diff-perl.
Preparing to unpack .../59-libalgorithm-diff-perl_1.201-1_all.deb ...
Unpacking libalgorithm-diff-perl (1.201-1) ...
Unpacking libcrypt-dev:arm64 (1:4.4.36-4build1) ...
Selecting previously unselected package libalgorithm-diff-xs-perl:arm64.
Preparing to unpack .../60-libalgorithm-diff-xs-perl_0.04-8build3_arm64.deb ...
Unpacking libalgorithm-diff-xs-perl:arm64 (0.04-8build3) ...
Selecting previously unselected package rpcsvc-proto.
Preparing to unpack .../14-rpcsvc-proto_1.4.2-0ubuntu7_arm64.deb ...
Unpacking rpcsvc-proto (1.4.2-0ubuntu7) ...
Selecting previously unselected package libalgorithm-merge-perl.
Preparing to unpack .../61-libalgorithm-merge-perl_0.08-5_all.deb ...
Unpacking libalgorithm-merge-perl (0.08-5) ...
Selecting previously unselected package libc6-dev:arm64.
Preparing to unpack .../15-libc6-dev_2.39-0ubuntu8.8_arm64.deb ...
Unpacking libc6-dev:arm64 (2.39-0ubuntu8.8) ...
Selecting previously unselected package libaom3:arm64.
Get:37 http://us-east-1.ec2.ports.ubuntu.com/ubuntu-ports noble-updates/main arm64 gcc-13 arm64 13.3.0-6ubuntu2~24.04.1 [484 kB]
Preparing to unpack .../62-libaom3_3.8.2-2ubuntu0.1_arm64.deb ...
Get:38 http://us-east-1.ec2.ports.ubuntu.com/ubuntu-ports noble/main arm64 gcc-aarch64-linux-gnu arm64 4:13.2.0-7ubuntu1 [1198 B]
Get:39 http://us-east-1.ec2.ports.ubuntu.com/ubuntu-ports noble/main arm64 gcc arm64 4:13.2.0-7ubuntu1 [5018 B]
Get:40 http://us-east-1.ec2.ports.ubuntu.com/ubuntu-ports noble-updates/main arm64 libstdc++-13-dev arm64 13.3.0-6ubuntu2~24.04.1 [2397 kB]
Unpacking libaom3:arm64 (3.8.2-2ubuntu0.1) ...
Get:41 http://us-east-1.ec2.ports.ubuntu.com/ubuntu-ports noble-updates/main arm64 g++-13-aarch64-linux-gnu arm64 13.3.0-6ubuntu2~24.04.1 [10.9 MB]
Selecting previously unselected package libfontconfig1:arm64.
Preparing to unpack .../63-libfontconfig1_2.15.0-1.1ubuntu2_arm64.deb ...
Unpacking libfontconfig1:arm64 (2.15.0-1.1ubuntu2) ...
Selecting previously unselected package gcc-13-base:arm64.
Selecting previously unselected package libsharpyuv0:arm64.
Preparing to unpack .../64-libsharpyuv0_1.3.2-0.4build3_arm64.deb ...
Preparing to unpack .../16-gcc-13-base_13.3.0-6ubuntu2~24.04.1_arm64.deb ...
Unpacking libsharpyuv0:arm64 (1.3.2-0.4build3) ...
Unpacking gcc-13-base:arm64 (13.3.0-6ubuntu2~24.04.1) ...
Selecting previously unselected package libheif-plugin-aomdec:arm64.
Preparing to unpack .../65-libheif-plugin-aomdec_1.17.6-1ubuntu4.6_arm64.deb ...
Unpacking libheif-plugin-aomdec:arm64 (1.17.6-1ubuntu4.6) ...
Warning: Permanently added '98.86.223.114' (ED25519) to the list of known hosts.
Selecting previously unselected package libisl23:arm64.
Preparing to unpack .../17-libisl23_0.26-3build1.1_arm64.deb ...
Unpacking libisl23:arm64 (0.26-3build1.1) ...
Selecting previously unselected package libheif1:arm64.
Preparing to unpack .../66-libheif1_1.17.6-1ubuntu4.6_arm64.deb ...
Unpacking libheif1:arm64 (1.17.6-1ubuntu4.6) ...
Selecting previously unselected package libmpc3:arm64.
Preparing to unpack .../18-libmpc3_1.3.1-1build1.1_arm64.deb ...
Unpacking libmpc3:arm64 (1.3.1-1build1.1) ...
Selecting previously unselected package libjpeg-turbo8:arm64.
Preparing to unpack .../67-libjpeg-turbo8_2.1.5-2ubuntu2_arm64.deb ...
Get:42 http://us-east-1.ec2.ports.ubuntu.com/ubuntu-ports noble-updates/main arm64 g++-13 arm64 13.3.0-6ubuntu2~24.04.1 [16.0 kB]
Unpacking libjpeg-turbo8:arm64 (2.1.5-2ubuntu2) ...
Get:43 http://us-east-1.ec2.ports.ubuntu.com/ubuntu-ports noble/main arm64 g++-aarch64-linux-gnu arm64 4:13.2.0-7ubuntu1 [962 B]
Get:44 http://us-east-1.ec2.ports.ubuntu.com/ubuntu-ports noble/main arm64 g++ arm64 4:13.2.0-7ubuntu1 [1082 B]
Get:45 http://us-east-1.ec2.ports.ubuntu.com/ubuntu-ports noble/main arm64 make arm64 4.3-4.1build2 [178 kB]
Get:46 http://us-east-1.ec2.ports.ubuntu.com/ubuntu-ports noble-updates/main arm64 libdpkg-perl all 1.22.6ubuntu6.6 [268 kB]
Selecting previously unselected package cpp-13-aarch64-linux-gnu.
Preparing to unpack .../19-cpp-13-aarch64-linux-gnu_13.3.0-6ubuntu2~24.04.1_arm64.deb ...
Get:47 http://us-east-1.ec2.ports.ubuntu.com/ubuntu-ports noble-updates/main arm64 bzip2 arm64 1.0.8-5.1build0.1 [34.0 kB]
Get:48 http://us-east-1.ec2.ports.ubuntu.com/ubuntu-ports noble/main arm64 lto-disabled-list all 47 [12.4 kB]
Get:49 http://us-east-1.ec2.ports.ubuntu.com/ubuntu-ports noble-updates/main arm64 dpkg-dev all 1.22.6ubuntu6.6 [1074 kB]
Unpacking cpp-13-aarch64-linux-gnu (13.3.0-6ubuntu2~24.04.1) ...
Get:50 http://us-east-1.ec2.ports.ubuntu.com/ubuntu-ports noble/main arm64 build-essential arm64 12.10ubuntu1 [4932 B]
Get:51 http://us-east-1.ec2.ports.ubuntu.com/ubuntu-ports noble-updates/main arm64 runc arm64 1.3.4-0ubuntu1~24.04.1 [8578 kB]
Selecting previously unselected package libjpeg8:arm64.
Preparing to unpack .../68-libjpeg8_8c-2ubuntu11_arm64.deb ...
Unpacking libjpeg8:arm64 (8c-2ubuntu11) ...
Selecting previously unselected package libdeflate0:arm64.
Preparing to unpack .../69-libdeflate0_1.19-1build1.1_arm64.deb ...
Unpacking libdeflate0:arm64 (1.19-1build1.1) ...
Selecting previously unselected package libjbig0:arm64.
Preparing to unpack .../70-libjbig0_2.1-6.1ubuntu2_arm64.deb ...
Unpacking libjbig0:arm64 (2.1-6.1ubuntu2) ...
Selecting previously unselected package liblerc4:arm64.
Preparing to unpack .../71-liblerc4_4.0.0+ds-4ubuntu2_arm64.deb ...
Unpacking liblerc4:arm64 (4.0.0+ds-4ubuntu2) ...
Selecting previously unselected package cpp-13.
Preparing to unpack .../20-cpp-13_13.3.0-6ubuntu2~24.04.1_arm64.deb ...
Unpacking cpp-13 (13.3.0-6ubuntu2~24.04.1) ...
Selecting previously unselected package cpp-aarch64-linux-gnu.
Selecting previously unselected package libwebp7:arm64.
Preparing to unpack .../72-libwebp7_1.3.2-0.4build3_arm64.deb ...
Unpacking libwebp7:arm64 (1.3.2-0.4build3) ...
Get:52 http://us-east-1.ec2.ports.ubuntu.com/ubuntu-ports noble-updates/main arm64 containerd arm64 2.2.1-0ubuntu1~24.04.3 [25.2 MB]
Preparing to unpack .../21-cpp-aarch64-linux-gnu_4%3a13.2.0-7ubuntu1_arm64.deb ...
Unpacking cpp-aarch64-linux-gnu (4:13.2.0-7ubuntu1) ...
Selecting previously unselected package libtiff6:arm64.
Preparing to unpack .../73-libtiff6_4.5.1+git230720-4ubuntu2.5_arm64.deb ...
Unpacking libtiff6:arm64 (4.5.1+git230720-4ubuntu2.5) ...
Selecting previously unselected package cpp.
Preparing to unpack .../22-cpp_4%3a13.2.0-7ubuntu1_arm64.deb ...
Unpacking cpp (4:13.2.0-7ubuntu1) ...
Selecting previously unselected package libxpm4:arm64.
Preparing to unpack .../74-libxpm4_1%3a3.5.17-1ubuntu0.24.04.1_arm64.deb ...
Unpacking libxpm4:arm64 (1:3.5.17-1ubuntu0.24.04.1) ...
Selecting previously unselected package libcc1-0:arm64.
Preparing to unpack .../23-libcc1-0_14.2.0-4ubuntu2~24.04.1_arm64.deb ...
Unpacking libcc1-0:arm64 (14.2.0-4ubuntu2~24.04.1) ...
Selecting previously unselected package libgd3:arm64.
Preparing to unpack .../75-libgd3_2.3.3-9ubuntu5_arm64.deb ...
Unpacking libgd3:arm64 (2.3.3-9ubuntu5) ...
Selecting previously unselected package libgomp1:arm64.
Preparing to unpack .../24-libgomp1_14.2.0-4ubuntu2~24.04.1_arm64.deb ...
Unpacking libgomp1:arm64 (14.2.0-4ubuntu2~24.04.1) ...
Selecting previously unselected package libc-devtools.
Preparing to unpack .../76-libc-devtools_2.39-0ubuntu8.8_arm64.deb ...
Unpacking libc-devtools (2.39-0ubuntu8.8) ...
Selecting previously unselected package libitm1:arm64.
Preparing to unpack .../25-libitm1_14.2.0-4ubuntu2~24.04.1_arm64.deb ...
Unpacking libitm1:arm64 (14.2.0-4ubuntu2~24.04.1) ...
Selecting previously unselected package libexpat1-dev:arm64.
Get:53 http://us-east-1.ec2.ports.ubuntu.com/ubuntu-ports noble-updates/main arm64 dns-root-data all 2024071801~ubuntu0.24.04.1 [5918 B]
Preparing to unpack .../77-libexpat1-dev_2.6.1-2ubuntu0.4_arm64.deb ...
Get:54 http://us-east-1.ec2.ports.ubuntu.com/ubuntu-ports noble-updates/main arm64 dnsmasq-base arm64 2.90-2ubuntu0.4 [367 kB]
Unpacking libexpat1-dev:arm64 (2.6.1-2ubuntu0.4) ...
Selecting previously unselected package libatomic1:arm64.
Get:55 http://us-east-1.ec2.ports.ubuntu.com/ubuntu-ports noble-updates/universe arm64 docker.io arm64 29.1.3-0ubuntu3~24.04.2 [32.0 MB]
Preparing to unpack .../26-libatomic1_14.2.0-4ubuntu2~24.04.1_arm64.deb ...
Unpacking libatomic1:arm64 (14.2.0-4ubuntu2~24.04.1) ...
Get:53 http://us-east-1.ec2.ports.ubuntu.com/ubuntu-ports noble-updates/main arm64 dns-root-data all 2024071801~ubuntu0.24.04.1 [5918 B]
Get:54 http://us-east-1.ec2.ports.ubuntu.com/ubuntu-ports noble-updates/main arm64 dnsmasq-base arm64 2.90-2ubuntu0.4 [367 kB]
Get:55 http://us-east-1.ec2.ports.ubuntu.com/ubuntu-ports noble-updates/universe arm64 docker.io arm64 29.1.3-0ubuntu3~24.04.2 [32.0 MB]
Selecting previously unselected package libfile-fcntllock-perl.
Preparing to unpack .../78-libfile-fcntllock-perl_0.22-4ubuntu5_arm64.deb ...
Selecting previously unselected package libasan8:arm64.
Unpacking libfile-fcntllock-perl (0.22-4ubuntu5) ...
Preparing to unpack .../27-libasan8_14.2.0-4ubuntu2~24.04.1_arm64.deb ...
Unpacking libasan8:arm64 (14.2.0-4ubuntu2~24.04.1) ...
Selecting previously unselected package libheif-plugin-aomenc:arm64.
Preparing to unpack .../79-libheif-plugin-aomenc_1.17.6-1ubuntu4.6_arm64.deb ...
Unpacking libheif-plugin-aomenc:arm64 (1.17.6-1ubuntu4.6) ...
Selecting previously unselected package liblsan0:arm64.
Selecting previously unselected package libjs-jquery.
Preparing to unpack .../28-liblsan0_14.2.0-4ubuntu2~24.04.1_arm64.deb ...
Unpacking liblsan0:arm64 (14.2.0-4ubuntu2~24.04.1) ...
Preparing to unpack .../80-libjs-jquery_3.6.1+dfsg+~3.5.14-1_all.deb ...
Unpacking libjs-jquery (3.6.1+dfsg+~3.5.14-1) ...
Selecting previously unselected package libjs-underscore.
Preparing to unpack .../81-libjs-underscore_1.13.4~dfsg+~1.11.4-3_all.deb ...
Selecting previously unselected package libtsan2:arm64.
Unpacking libjs-underscore (1.13.4~dfsg+~1.11.4-3) ...
Preparing to unpack .../29-libtsan2_14.2.0-4ubuntu2~24.04.1_arm64.deb ...
Unpacking libtsan2:arm64 (14.2.0-4ubuntu2~24.04.1) ...
Get:56 http://us-east-1.ec2.ports.ubuntu.com/ubuntu-ports noble/main arm64 libfakeroot arm64 1.33-1 [32.5 kB]
Get:57 http://us-east-1.ec2.ports.ubuntu.com/ubuntu-ports noble/main arm64 fakeroot arm64 1.33-1 [66.9 kB]
Get:58 http://us-east-1.ec2.ports.ubuntu.com/ubuntu-ports noble/main arm64 fonts-dejavu-mono all 2.37-8 [502 kB]
Get:59 http://us-east-1.ec2.ports.ubuntu.com/ubuntu-ports noble/main arm64 fonts-dejavu-core all 2.37-8 [835 kB]
Get:60 http://us-east-1.ec2.ports.ubuntu.com/ubuntu-ports noble/main arm64 fontconfig-config arm64 2.15.0-1.1ubuntu2 [37.4 kB]
Get:61 http://us-east-1.ec2.ports.ubuntu.com/ubuntu-ports noble/main arm64 javascript-common all 11+nmu1 [5936 B]
Get:62 http://us-east-1.ec2.ports.ubuntu.com/ubuntu-ports noble/main arm64 libalgorithm-diff-perl all 1.201-1 [41.8 kB]
Get:63 http://us-east-1.ec2.ports.ubuntu.com/ubuntu-ports noble/main arm64 libalgorithm-diff-xs-perl arm64 0.04-8build3 [10.9 kB]
Get:64 http://us-east-1.ec2.ports.ubuntu.com/ubuntu-ports noble/main arm64 libalgorithm-merge-perl all 0.08-5 [11.4 kB]
Get:65 http://us-east-1.ec2.ports.ubuntu.com/ubuntu-ports noble-updates/main arm64 libaom3 arm64 3.8.2-2ubuntu0.1 [1617 kB]
Get:66 http://us-east-1.ec2.ports.ubuntu.com/ubuntu-ports noble/main arm64 libfontconfig1 arm64 2.15.0-1.1ubuntu2 [142 kB]
Get:67 http://us-east-1.ec2.ports.ubuntu.com/ubuntu-ports noble/main arm64 libsharpyuv0 arm64 1.3.2-0.4build3 [14.5 kB]
Get:68 http://us-east-1.ec2.ports.ubuntu.com/ubuntu-ports noble-updates/main arm64 libheif-plugin-aomdec arm64 1.17.6-1ubuntu4.6 [11.1 kB]
Get:69 http://us-east-1.ec2.ports.ubuntu.com/ubuntu-ports noble-updates/main arm64 libheif1 arm64 1.17.6-1ubuntu4.6 [260 kB]
Get:70 http://us-east-1.ec2.ports.ubuntu.com/ubuntu-ports noble/main arm64 libjpeg-turbo8 arm64 2.1.5-2ubuntu2 [163 kB]
Get:71 http://us-east-1.ec2.ports.ubuntu.com/ubuntu-ports noble/main arm64 libjpeg8 arm64 8c-2ubuntu11 [2148 B]
Get:72 http://us-east-1.ec2.ports.ubuntu.com/ubuntu-ports noble-updates/main arm64 libdeflate0 arm64 1.19-1build1.1 [43.5 kB]
Get:73 http://us-east-1.ec2.ports.ubuntu.com/ubuntu-ports noble/main arm64 libjbig0 arm64 2.1-6.1ubuntu2 [29.3 kB]
Get:74 http://us-east-1.ec2.ports.ubuntu.com/ubuntu-ports noble/main arm64 liblerc4 arm64 4.0.0+ds-4ubuntu2 [154 kB]
Fetched 37.7 MB in 4s (9318 kB/s)
Reading package lists...Selecting previously unselected package libjs-sphinxdoc.
Preparing to unpack .../82-libjs-sphinxdoc_7.2.6-6_all.deb ...
Unpacking libjs-sphinxdoc (7.2.6-6) ...
Selecting previously unselected package zlib1g-dev:arm64.
Preparing to unpack .../83-zlib1g-dev_1%3a1.3.dfsg-3.1ubuntu2.1_arm64.deb ...
Unpacking zlib1g-dev:arm64 (1:1.3.dfsg-3.1ubuntu2.1) ...
Selecting previously unselected package libubsan1:arm64.
Preparing to unpack .../30-libubsan1_14.2.0-4ubuntu2~24.04.1_arm64.deb ...
Unpacking libubsan1:arm64 (14.2.0-4ubuntu2~24.04.1) ...
Get:75 http://us-east-1.ec2.ports.ubuntu.com/ubuntu-ports noble/main arm64 libwebp7 arm64 1.3.2-0.4build3 [191 kB]
Selecting previously unselected package libpython3.12-dev:arm64.
Preparing to unpack .../84-libpython3.12-dev_3.12.3-1ubuntu0.15_arm64.deb ...
Unpacking libpython3.12-dev:arm64 (3.12.3-1ubuntu0.15) ...
Selecting previously unselected package libhwasan0:arm64.
Preparing to unpack .../31-libhwasan0_14.2.0-4ubuntu2~24.04.1_arm64.deb ...
Get:76 http://us-east-1.ec2.ports.ubuntu.com/ubuntu-ports noble-updates/main arm64 libtiff6 arm64 4.5.1+git230720-4ubuntu2.5 [192 kB]
Get:77 http://us-east-1.ec2.ports.ubuntu.com/ubuntu-ports noble-updates/main arm64 libxpm4 arm64 1:3.5.17-1ubuntu0.24.04.1 [35.3 kB]
Get:78 http://us-east-1.ec2.ports.ubuntu.com/ubuntu-ports noble/main arm64 libgd3 arm64 2.3.3-9ubuntu5 [122 kB]
Get:79 http://us-east-1.ec2.ports.ubuntu.com/ubuntu-ports noble-updates/main arm64 libc-devtools arm64 2.39-0ubuntu8.8 [27.8 kB]
Get:80 http://us-east-1.ec2.ports.ubuntu.com/ubuntu-ports noble-updates/main arm64 libexpat1-dev arm64 2.6.1-2ubuntu0.4 [128 kB]
Get:81 http://us-east-1.ec2.ports.ubuntu.com/ubuntu-ports noble/main arm64 libfile-fcntllock-perl arm64 0.22-4ubuntu5 [30.6 kB]
Get:82 http://us-east-1.ec2.ports.ubuntu.com/ubuntu-ports noble-updates/main arm64 libheif-plugin-aomenc arm64 1.17.6-1ubuntu4.6 [13.7 kB]
Get:83 http://us-east-1.ec2.ports.ubuntu.com/ubuntu-ports noble/main arm64 libjs-jquery all 3.6.1+dfsg+~3.5.14-1 [328 kB]
Get:84 http://us-east-1.ec2.ports.ubuntu.com/ubuntu-ports noble/main arm64 libjs-underscore all 1.13.4~dfsg+~1.11.4-3 [118 kB]
Get:85 http://us-east-1.ec2.ports.ubuntu.com/ubuntu-ports noble/main arm64 libjs-sphinxdoc all 7.2.6-6 [149 kB]
Get:86 http://us-east-1.ec2.ports.ubuntu.com/ubuntu-ports noble-updates/main arm64 zlib1g-dev arm64 1:1.3.dfsg-3.1ubuntu2.1 [894 kB]
Get:87 http://us-east-1.ec2.ports.ubuntu.com/ubuntu-ports noble-updates/main arm64 libpython3.12-dev arm64 3.12.3-1ubuntu0.15 [5538 kB]
Unpacking libhwasan0:arm64 (14.2.0-4ubuntu2~24.04.1) ...
Get:88 http://us-east-1.ec2.ports.ubuntu.com/ubuntu-ports noble-updates/main arm64 libpython3-dev arm64 3.12.3-0ubuntu2.1 [10.4 kB]
Get:89 http://us-east-1.ec2.ports.ubuntu.com/ubuntu-ports noble-updates/main arm64 linux-tools-common all 6.8.0-136.136 [416 kB]
Get:90 http://us-east-1.ec2.ports.ubuntu.com/ubuntu-ports noble/main arm64 manpages-dev all 6.7-2 [2013 kB]
Get:91 http://us-east-1.ec2.ports.ubuntu.com/ubuntu-ports noble-updates/main arm64 python3.12-dev arm64 3.12.3-1ubuntu0.15 [498 kB]
Get:92 http://us-east-1.ec2.ports.ubuntu.com/ubuntu-ports noble-updates/main arm64 python3-dev arm64 3.12.3-0ubuntu2.1 [26.7 kB]
Get:93 http://us-east-1.ec2.ports.ubuntu.com/ubuntu-ports noble/universe arm64 python3-wheel all 0.42.0-2 [53.1 kB]
Get:94 http://us-east-1.ec2.ports.ubuntu.com/ubuntu-ports noble-updates/universe arm64 python3-pip all 24.0+dfsg-1ubuntu1.3 [1320 kB]
[22:02:02] [litellm-rust] ip=54.81.9.146 - waiting for ssh
Get:95 http://us-east-1.ec2.ports.ubuntu.com/ubuntu-ports noble-updates/universe arm64 ubuntu-fan all 0.12.16+24.04.1 [34.2 kB]
Selecting previously unselected package libgcc-13-dev:arm64.
Preparing to unpack .../32-libgcc-13-dev_13.3.0-6ubuntu2~24.04.1_arm64.deb ...
Unpacking libgcc-13-dev:arm64 (13.3.0-6ubuntu2~24.04.1) ...
Hit:1 http://us-east-1.ec2.ports.ubuntu.com/ubuntu-ports noble InRelease
Get:2 http://us-east-1.ec2.ports.ubuntu.com/ubuntu-ports noble-updates InRelease [126 kB]
Get:3 http://us-east-1.ec2.ports.ubuntu.com/ubuntu-ports noble-backports InRelease [126 kB]
Get:4 http://ports.ubuntu.com/ubuntu-ports noble-security InRelease [126 kB]
Selecting previously unselected package libpython3-dev:arm64.
Preparing to unpack .../85-libpython3-dev_3.12.3-0ubuntu2.1_arm64.deb ...
Unpacking libpython3-dev:arm64 (3.12.3-0ubuntu2.1) ...
Selecting previously unselected package gcc-13-aarch64-linux-gnu.
Preparing to unpack .../33-gcc-13-aarch64-linux-gnu_13.3.0-6ubuntu2~24.04.1_arm64.deb ...
Unpacking gcc-13-aarch64-linux-gnu (13.3.0-6ubuntu2~24.04.1) ...
Preparing to unpack .../86-linux-tools-common_6.8.0-136.136_all.deb ...
Get:5 http://us-east-1.ec2.ports.ubuntu.com/ubuntu-ports noble/universe arm64 Packages [15.3 MB]
Unpacking linux-tools-common (6.8.0-136.136) over (6.8.0-134.134) ...
Selecting previously unselected package manpages-dev.
Preparing to unpack .../87-manpages-dev_6.7-2_all.deb ...
Unpacking manpages-dev (6.7-2) ...
Get:6 http://ports.ubuntu.com/ubuntu-ports noble-security/main arm64 Packages [940 kB]
Get:7 http://us-east-1.ec2.ports.ubuntu.com/ubuntu-ports noble/universe Translation-en [5982 kB]
Get:8 http://us-east-1.ec2.ports.ubuntu.com/ubuntu-ports noble/universe arm64 Components [3573 kB]
Get:9 http://ports.ubuntu.com/ubuntu-ports noble-security/main Translation-en [198 kB]
Get:10 http://ports.ubuntu.com/ubuntu-ports noble-security/main arm64 Components [43.3 kB]
Get:11 http://us-east-1.ec2.ports.ubuntu.com/ubuntu-ports noble/universe arm64 c-n-f Metadata [295 kB]
Get:12 http://ports.ubuntu.com/ubuntu-ports noble-security/main arm64 c-n-f Metadata [11.6 kB]
Get:13 http://ports.ubuntu.com/ubuntu-ports noble-security/universe arm64 Packages [1259 kB]
Get:14 http://us-east-1.ec2.ports.ubuntu.com/ubuntu-ports noble/multiverse arm64 Packages [223 kB]
Get:15 http://us-east-1.ec2.ports.ubuntu.com/ubuntu-ports noble/multiverse Translation-en [118 kB]
Get:16 http://us-east-1.ec2.ports.ubuntu.com/ubuntu-ports noble/multiverse arm64 Components [31.6 kB]
Get:17 http://us-east-1.ec2.ports.ubuntu.com/ubuntu-ports noble/multiverse arm64 c-n-f Metadata [7152 B]
Selecting previously unselected package python3.12-dev.
Preparing to unpack .../88-python3.12-dev_3.12.3-1ubuntu0.15_arm64.deb ...
Unpacking python3.12-dev (3.12.3-1ubuntu0.15) ...
Selecting previously unselected package python3-dev.
Preparing to unpack .../89-python3-dev_3.12.3-0ubuntu2.1_arm64.deb ...
Unpacking python3-dev (3.12.3-0ubuntu2.1) ...
Get:18 http://us-east-1.ec2.ports.ubuntu.com/ubuntu-ports noble-updates/main arm64 Packages [1190 kB]
Get:19 http://us-east-1.ec2.ports.ubuntu.com/ubuntu-ports noble-updates/main Translation-en [278 kB]
Get:20 http://us-east-1.ec2.ports.ubuntu.com/ubuntu-ports noble-updates/main arm64 Components [178 kB]
Get:21 http://us-east-1.ec2.ports.ubuntu.com/ubuntu-ports noble-updates/universe arm64 Packages [1704 kB]
Get:22 http://us-east-1.ec2.ports.ubuntu.com/ubuntu-ports noble-updates/universe Translation-en [334 kB]
Get:23 http://us-east-1.ec2.ports.ubuntu.com/ubuntu-ports noble-updates/universe arm64 Components [387 kB]
Get:24 http://ports.ubuntu.com/ubuntu-ports noble-security/universe Translation-en [239 kB]
Get:25 http://us-east-1.ec2.ports.ubuntu.com/ubuntu-ports noble-updates/universe arm64 c-n-f Metadata [33.5 kB]
Get:26 http://us-east-1.ec2.ports.ubuntu.com/ubuntu-ports noble-updates/restricted arm64 Packages [2036 kB]
Get:27 http://ports.ubuntu.com/ubuntu-ports noble-security/universe arm64 Components [76.3 kB]
Get:28 http://ports.ubuntu.com/ubuntu-ports noble-security/universe arm64 c-n-f Metadata [23.7 kB]
Get:29 http://ports.ubuntu.com/ubuntu-ports noble-security/restricted arm64 Packages [1930 kB]
Get:30 http://us-east-1.ec2.ports.ubuntu.com/ubuntu-ports noble-updates/restricted Translation-en [308 kB]
Get:31 http://us-east-1.ec2.ports.ubuntu.com/ubuntu-ports noble-updates/multiverse arm64 Packages [72.7 kB]
Get:32 http://us-east-1.ec2.ports.ubuntu.com/ubuntu-ports noble-updates/multiverse Translation-en [12.3 kB]
Get:33 http://us-east-1.ec2.ports.ubuntu.com/ubuntu-ports noble-updates/multiverse arm64 Components [212 B]
Get:34 http://us-east-1.ec2.ports.ubuntu.com/ubuntu-ports noble-updates/multiverse arm64 c-n-f Metadata [472 B]
Get:35 http://us-east-1.ec2.ports.ubuntu.com/ubuntu-ports noble-backports/main arm64 Packages [40.6 kB]
Get:36 http://us-east-1.ec2.ports.ubuntu.com/ubuntu-ports noble-backports/main Translation-en [9172 B]
Get:37 http://us-east-1.ec2.ports.ubuntu.com/ubuntu-ports noble-backports/main arm64 Components [3572 B]
Get:38 http://us-east-1.ec2.ports.ubuntu.com/ubuntu-ports noble-backports/main arm64 c-n-f Metadata [372 B]
Get:39 http://us-east-1.ec2.ports.ubuntu.com/ubuntu-ports noble-backports/universe arm64 Packages [32.7 kB]
Get:40 http://us-east-1.ec2.ports.ubuntu.com/ubuntu-ports noble-backports/universe Translation-en [18.6 kB]
Get:41 http://us-east-1.ec2.ports.ubuntu.com/ubuntu-ports noble-backports/universe arm64 Components [12.6 kB]
Get:42 http://us-east-1.ec2.ports.ubuntu.com/ubuntu-ports noble-backports/universe arm64 c-n-f Metadata [1592 B]
Get:43 http://us-east-1.ec2.ports.ubuntu.com/ubuntu-ports noble-backports/restricted arm64 Components [212 B]
Get:44 http://us-east-1.ec2.ports.ubuntu.com/ubuntu-ports noble-backports/restricted arm64 c-n-f Metadata [116 B]
Get:45 http://us-east-1.ec2.ports.ubuntu.com/ubuntu-ports noble-backports/multiverse arm64 Packages [748 B]
Get:46 http://us-east-1.ec2.ports.ubuntu.com/ubuntu-ports noble-backports/multiverse Translation-en [340 B]
Get:47 http://us-east-1.ec2.ports.ubuntu.com/ubuntu-ports noble-backports/multiverse arm64 Components [212 B]
Get:48 http://us-east-1.ec2.ports.ubuntu.com/ubuntu-ports noble-backports/multiverse arm64 c-n-f Metadata [116 B]
Get:49 http://ports.ubuntu.com/ubuntu-ports noble-security/restricted Translation-en [290 kB]
Get:50 http://ports.ubuntu.com/ubuntu-ports noble-security/restricted arm64 Components [212 B]
Get:51 http://ports.ubuntu.com/ubuntu-ports noble-security/restricted arm64 c-n-f Metadata [388 B]
Get:52 http://ports.ubuntu.com/ubuntu-ports noble-security/multiverse arm64 Packages [68.7 kB]
Get:53 http://ports.ubuntu.com/ubuntu-ports noble-security/multiverse Translation-en [10.6 kB]
Get:54 http://ports.ubuntu.com/ubuntu-ports noble-security/multiverse arm64 Components [208 B]
Get:55 http://ports.ubuntu.com/ubuntu-ports noble-security/multiverse arm64 c-n-f Metadata [456 B]
Selecting previously unselected package python3-wheel.
Preparing to unpack .../90-python3-wheel_0.42.0-2_all.deb ...
Unpacking python3-wheel (0.42.0-2) ...
Selecting previously unselected package gcc-13.
Preparing to unpack .../34-gcc-13_13.3.0-6ubuntu2~24.04.1_arm64.deb ...
Unpacking gcc-13 (13.3.0-6ubuntu2~24.04.1) ...
Selecting previously unselected package python3-pip.
Preparing to unpack .../91-python3-pip_24.0+dfsg-1ubuntu1.3_all.deb ...
Selecting previously unselected package gcc-aarch64-linux-gnu.
Preparing to unpack .../35-gcc-aarch64-linux-gnu_4%3a13.2.0-7ubuntu1_arm64.deb ...
Unpacking gcc-aarch64-linux-gnu (4:13.2.0-7ubuntu1) ...
Unpacking python3-pip (24.0+dfsg-1ubuntu1.3) ...
Selecting previously unselected package gcc.
Preparing to unpack .../36-gcc_4%3a13.2.0-7ubuntu1_arm64.deb ...
Unpacking gcc (4:13.2.0-7ubuntu1) ...
Selecting previously unselected package libstdc++-13-dev:arm64.
Preconfiguring packages ...
Preparing to unpack .../37-libstdc++-13-dev_13.3.0-6ubuntu2~24.04.1_arm64.deb ...
Unpacking libstdc++-13-dev:arm64 (13.3.0-6ubuntu2~24.04.1) ...
Selecting previously unselected package ubuntu-fan.
Preparing to unpack .../92-ubuntu-fan_0.12.16+24.04.1_all.deb ...
Unpacking ubuntu-fan (0.12.16+24.04.1) ...
Fetched 155 MB in 2s (63.2 MB/s)
Get:56 http://us-east-1.ec2.ports.ubuntu.com/ubuntu-ports noble/main arm64 libfakeroot arm64 1.33-1 [32.5 kB]
Get:57 http://us-east-1.ec2.ports.ubuntu.com/ubuntu-ports noble/main arm64 fakeroot arm64 1.33-1 [66.9 kB]
Get:58 http://us-east-1.ec2.ports.ubuntu.com/ubuntu-ports noble/main arm64 fonts-dejavu-mono all 2.37-8 [502 kB]
Get:59 http://us-east-1.ec2.ports.ubuntu.com/ubuntu-ports noble/main arm64 fonts-dejavu-core all 2.37-8 [835 kB]
Get:60 http://us-east-1.ec2.ports.ubuntu.com/ubuntu-ports noble/main arm64 fontconfig-config arm64 2.15.0-1.1ubuntu2 [37.4 kB]
Get:61 http://us-east-1.ec2.ports.ubuntu.com/ubuntu-ports noble/main arm64 javascript-common all 11+nmu1 [5936 B]
Get:62 http://us-east-1.ec2.ports.ubuntu.com/ubuntu-ports noble/main arm64 libalgorithm-diff-perl all 1.201-1 [41.8 kB]
Get:63 http://us-east-1.ec2.ports.ubuntu.com/ubuntu-ports noble/main arm64 libalgorithm-diff-xs-perl arm64 0.04-8build3 [10.9 kB]
Get:64 http://us-east-1.ec2.ports.ubuntu.com/ubuntu-ports noble/main arm64 libalgorithm-merge-perl all 0.08-5 [11.4 kB]
Get:65 http://us-east-1.ec2.ports.ubuntu.com/ubuntu-ports noble-updates/main arm64 libaom3 arm64 3.8.2-2ubuntu0.1 [1617 kB]

(Reading database ... Reading package lists...
Building dependency tree...Setting up javascript-common (11+nmu1) ...
Get:66 http://us-east-1.ec2.ports.ubuntu.com/ubuntu-ports noble/main arm64 libfontconfig1 arm64 2.15.0-1.1ubuntu2 [142 kB]
Get:67 http://us-east-1.ec2.ports.ubuntu.com/ubuntu-ports noble/main arm64 libsharpyuv0 arm64 1.3.2-0.4build3 [14.5 kB]
Get:68 http://us-east-1.ec2.ports.ubuntu.com/ubuntu-ports noble-updates/main arm64 libheif-plugin-aomdec arm64 1.17.6-1ubuntu4.6 [11.1 kB]
Get:69 http://us-east-1.ec2.ports.ubuntu.com/ubuntu-ports noble-updates/main arm64 libheif1 arm64 1.17.6-1ubuntu4.6 [260 kB]
Get:70 http://us-east-1.ec2.ports.ubuntu.com/ubuntu-ports noble/main arm64 libjpeg-turbo8 arm64 2.1.5-2ubuntu2 [163 kB]
Get:71 http://us-east-1.ec2.ports.ubuntu.com/ubuntu-ports noble/main arm64 libjpeg8 arm64 8c-2ubuntu11 [2148 B]
Get:72 http://us-east-1.ec2.ports.ubuntu.com/ubuntu-ports noble-updates/main arm64 libdeflate0 arm64 1.19-1build1.1 [43.5 kB]
Get:73 http://us-east-1.ec2.ports.ubuntu.com/ubuntu-ports noble/main arm64 libjbig0 arm64 2.1-6.1ubuntu2 [29.3 kB]
Get:74 http://us-east-1.ec2.ports.ubuntu.com/ubuntu-ports noble/main arm64 liblerc4 arm64 4.0.0+ds-4ubuntu2 [154 kB]
Get:75 http://us-east-1.ec2.ports.ubuntu.com/ubuntu-ports noble/main arm64 libwebp7 arm64 1.3.2-0.4build3 [191 kB]
Get:76 http://us-east-1.ec2.ports.ubuntu.com/ubuntu-ports noble-updates/main arm64 libtiff6 arm64 4.5.1+git230720-4ubuntu2.5 [192 kB]
Get:77 http://us-east-1.ec2.ports.ubuntu.com/ubuntu-ports noble-updates/main arm64 libxpm4 arm64 1:3.5.17-1ubuntu0.24.04.1 [35.3 kB]
Get:78 http://us-east-1.ec2.ports.ubuntu.com/ubuntu-ports noble/main arm64 libgd3 arm64 2.3.3-9ubuntu5 [122 kB]
Get:79 http://us-east-1.ec2.ports.ubuntu.com/ubuntu-ports noble-updates/main arm64 libc-devtools arm64 2.39-0ubuntu8.8 [27.8 kB]
Get:80 http://us-east-1.ec2.ports.ubuntu.com/ubuntu-ports noble-updates/main arm64 libexpat1-dev arm64 2.6.1-2ubuntu0.4 [128 kB]
Get:81 http://us-east-1.ec2.ports.ubuntu.com/ubuntu-ports noble/main arm64 libfile-fcntllock-perl arm64 0.22-4ubuntu5 [30.6 kB]
Get:82 http://us-east-1.ec2.ports.ubuntu.com/ubuntu-ports noble-updates/main arm64 libheif-plugin-aomenc arm64 1.17.6-1ubuntu4.6 [13.7 kB]
Selecting previously unselected package g++-13-aarch64-linux-gnu.
Preparing to unpack .../38-g++-13-aarch64-linux-gnu_13.3.0-6ubuntu2~24.04.1_arm64.deb ...
Unpacking g++-13-aarch64-linux-gnu (13.3.0-6ubuntu2~24.04.1) ...
(Reading database ... 5%(Reading database ... 10%(Reading database ... 15%(Reading database ... 20%(Reading database ... 25%(Reading database ... 30%(Reading database ... 35%(Reading database ... 40%(Reading database ... 45%(Reading database ... 50%(Reading database ... 55%Get:83 http://us-east-1.ec2.ports.ubuntu.com/ubuntu-ports noble/main arm64 libjs-jquery all 3.6.1+dfsg+~3.5.14-1 [328 kB]
Get:84 http://us-east-1.ec2.ports.ubuntu.com/ubuntu-ports noble/main arm64 libjs-underscore all 1.13.4~dfsg+~1.11.4-3 [118 kB]
Get:85 http://us-east-1.ec2.ports.ubuntu.com/ubuntu-ports noble/main arm64 libjs-sphinxdoc all 7.2.6-6 [149 kB]
Get:86 http://us-east-1.ec2.ports.ubuntu.com/ubuntu-ports noble-updates/main arm64 zlib1g-dev arm64 1:1.3.dfsg-3.1ubuntu2.1 [894 kB]
Get:87 http://us-east-1.ec2.ports.ubuntu.com/ubuntu-ports noble-updates/main arm64 libpython3.12-dev arm64 3.12.3-1ubuntu0.15 [5538 kB]
Setting up libsharpyuv0:arm64 (1.3.2-0.4build3) ...
Setting up libaom3:arm64 (3.8.2-2ubuntu0.1) ...
Setting up manpages-dev (6.7-2) ...
Setting up lto-disabled-list (47) ...
Setting up liblerc4:arm64 (4.0.0+ds-4ubuntu2) ...
Setting up libxpm4:arm64 (1:3.5.17-1ubuntu0.24.04.1) ...
Get:88 http://us-east-1.ec2.ports.ubuntu.com/ubuntu-ports noble-updates/main arm64 libpython3-dev arm64 3.12.3-0ubuntu2.1 [10.4 kB]
Get:89 http://us-east-1.ec2.ports.ubuntu.com/ubuntu-ports noble-updates/main arm64 linux-tools-common all 6.8.0-136.136 [416 kB]
Get:90 http://us-east-1.ec2.ports.ubuntu.com/ubuntu-ports noble/main arm64 manpages-dev all 6.7-2 [2013 kB]
Setting up libfile-fcntllock-perl (0.22-4ubuntu5) ...
Setting up libalgorithm-diff-perl (1.201-1) ...
Setting up binutils-common:arm64 (2.42-4ubuntu2.10) ...
Get:91 http://us-east-1.ec2.ports.ubuntu.com/ubuntu-ports noble-updates/main arm64 python3.12-dev arm64 3.12.3-1ubuntu0.15 [498 kB]
Get:92 http://us-east-1.ec2.ports.ubuntu.com/ubuntu-ports noble-updates/main arm64 python3-dev arm64 3.12.3-0ubuntu2.1 [26.7 kB]
Get:93 http://us-east-1.ec2.ports.ubuntu.com/ubuntu-ports noble/universe arm64 python3-wheel all 0.42.0-2 [53.1 kB]
Get:94 http://us-east-1.ec2.ports.ubuntu.com/ubuntu-ports noble-updates/universe arm64 python3-pip all 24.0+dfsg-1ubuntu1.3 [1320 kB]
Get:95 http://us-east-1.ec2.ports.ubuntu.com/ubuntu-ports noble-updates/universe arm64 ubuntu-fan all 0.12.16+24.04.1 [34.2 kB]
(Reading database ... 60%(Reading database ... 65%Setting up libdeflate0:arm64 (1.19-1build1.1) ...
Setting up linux-libc-dev:arm64 (6.8.0-136.136) ...
Setting up libctf-nobfd0:arm64 (2.42-4ubuntu2.10) ...
Setting up dnsmasq-base (2.90-2ubuntu0.4) ...
Selecting previously unselected package g++-13.
Setting up libgomp1:arm64 (14.2.0-4ubuntu2~24.04.1) ...
Preparing to unpack .../39-g++-13_13.3.0-6ubuntu2~24.04.1_arm64.deb ...
(Reading database ... 70%Unpacking g++-13 (13.3.0-6ubuntu2~24.04.1) ...
Setting up bzip2 (1.0.8-5.1build0.1) ...

Reading state information...
Selecting previously unselected package g++-aarch64-linux-gnu.
Preparing to unpack .../40-g++-aarch64-linux-gnu_4%3a13.2.0-7ubuntu1_arm64.deb ...
Setting up locales (2.39-0ubuntu8.8) ...
Unpacking g++-aarch64-linux-gnu (4:13.2.0-7ubuntu1) ...
(Reading database ... 75%Selecting previously unselected package g++.
Preparing to unpack .../41-g++_4%3a13.2.0-7ubuntu1_arm64.deb ...
Unpacking g++ (4:13.2.0-7ubuntu1) ...
(Reading database ... 80%Selecting previously unselected package make.
Preparing to unpack .../42-make_4.3-4.1build2_arm64.deb ...
Unpacking make (4.3-4.1build2) ...
(Reading database ... 85%Selecting previously unselected package libdpkg-perl.
Preparing to unpack .../43-libdpkg-perl_1.22.6ubuntu6.6_all.deb ...
Unpacking libdpkg-perl (1.22.6ubuntu6.6) ...
(Reading database ... 90%(Reading database ... 95%Selecting previously unselected package bzip2.
Preparing to unpack .../44-bzip2_1.0.8-5.1build0.1_arm64.deb ...
Unpacking bzip2 (1.0.8-5.1build0.1) ...
(Reading database ... 100%(Reading database ... 74109 files and directories currently installed.)
Preparing to unpack .../libc6_2.39-0ubuntu8.8_arm64.deb ...
Selecting previously unselected package lto-disabled-list.
Preparing to unpack .../45-lto-disabled-list_47_all.deb ...
Unpacking lto-disabled-list (47) ...
Selecting previously unselected package dpkg-dev.
Preparing to unpack .../46-dpkg-dev_1.22.6ubuntu6.6_all.deb ...
Unpacking dpkg-dev (1.22.6ubuntu6.6) ...
Unpacking libc6:arm64 (2.39-0ubuntu8.8) over (2.39-0ubuntu8.7) ...
Selecting previously unselected package build-essential.
Preparing to unpack .../47-build-essential_12.10ubuntu1_arm64.deb ...
Unpacking build-essential (12.10ubuntu1) ...
curl is already the newest version (8.5.0-2ubuntu10.11).
curl set to manually installed.
ca-certificates is already the newest version (20260601~24.04.1).
ca-certificates set to manually installed.
jq is already the newest version (1.7.1-3ubuntu0.24.04.2).
jq set to manually installed.
git is already the newest version (1:2.43.0-1ubuntu7.3).
git set to manually installed.
The following additional packages will be installed:
  binutils binutils-aarch64-linux-gnu binutils-common bridge-utils bzip2
  containerd cpp cpp-13 cpp-13-aarch64-linux-gnu cpp-aarch64-linux-gnu
  dns-root-data dnsmasq-base dpkg-dev fakeroot fontconfig-config
  fonts-dejavu-core fonts-dejavu-mono g++ g++-13 g++-13-aarch64-linux-gnu
  g++-aarch64-linux-gnu gcc gcc-13 gcc-13-aarch64-linux-gnu gcc-13-base
  gcc-aarch64-linux-gnu javascript-common libalgorithm-diff-perl
  libalgorithm-diff-xs-perl libalgorithm-merge-perl libaom3 libasan8
  libatomic1 libbinutils libc-bin libc-dev-bin libc-devtools libc6 libc6-dev
  libcc1-0 libcrypt-dev libctf-nobfd0 libctf0 libdeflate0 libdpkg-perl
Selecting previously unselected package runc.
Preparing to unpack .../48-runc_1.3.4-0ubuntu1~24.04.1_arm64.deb ...
Unpacking runc (1.3.4-0ubuntu1~24.04.1) ...
Generating locales (this might take a while)...
  en_US.UTF-8...  libexpat1-dev libfakeroot libfile-fcntllock-perl libfontconfig1
  libgcc-13-dev libgd3 libgomp1 libgprofng0 libheif-plugin-aomdec
  libheif-plugin-aomenc libheif1 libhwasan0 libisl23 libitm1 libjbig0
  libjpeg-turbo8 libjpeg8 libjs-jquery libjs-sphinxdoc libjs-underscore
  liblerc4 liblsan0 libmpc3 libpython3-dev libpython3.12-dev libsframe1
  libsharpyuv0 libstdc++-13-dev libtiff6 libtsan2 libubsan1 libwebp7 libxpm4
  linux-libc-dev linux-tools-common locales lto-disabled-list make
  manpages-dev pigz python3-dev python3-wheel python3.12-dev rpcsvc-proto runc
  ubuntu-fan zlib1g-dev
Suggested packages:
  binutils-doc gprofng-gui ifupdown bzip2-doc cpp-doc gcc-13-locales
  cpp-13-doc aufs-tools cgroupfs-mount | cgroup-lite debootstrap docker-buildx
  docker-compose-v2 docker-doc rinse zfs-fuse | zfsutils debian-keyring
  gcc-13-doc gcc-multilib autoconf automake libtool flex bison gdb gcc-doc
  gdb-aarch64-linux-gnu apache2 | lighttpd | httpd glibc-doc libnss-nis
  libnss-nisplus bzr libgd-tools libheif-plugin-libde265 libheif-plugin-x265
  libheif-plugin-ffmpegdec libheif-plugin-jpegdec libheif-plugin-jpegenc
  libheif-plugin-j2kdec libheif-plugin-j2kenc libheif-plugin-rav1e
  libheif-plugin-svtenc libstdc++-13-doc make-doc
The following NEW packages will be installed:
  binutils binutils-aarch64-linux-gnu binutils-common bridge-utils
  build-essential bzip2 containerd cpp cpp-13 cpp-13-aarch64-linux-gnu
  cpp-aarch64-linux-gnu dns-root-data dnsmasq-base docker.io dpkg-dev fakeroot
  fontconfig-config fonts-dejavu-core fonts-dejavu-mono g++ g++-13
  g++-13-aarch64-linux-gnu g++-aarch64-linux-gnu gcc gcc-13
  gcc-13-aarch64-linux-gnu gcc-13-base gcc-aarch64-linux-gnu javascript-common
  libalgorithm-diff-perl libalgorithm-diff-xs-perl libalgorithm-merge-perl
  libaom3 libasan8 libatomic1 libbinutils libc-dev-bin libc-devtools libc6-dev
  libcc1-0 libcrypt-dev libctf-nobfd0 libctf0 libdeflate0 libdpkg-perl
  libexpat1-dev libfakeroot libfile-fcntllock-perl libfontconfig1
  libgcc-13-dev libgd3 libgomp1 libgprofng0 libheif-plugin-aomdec
  libheif-plugin-aomenc libheif1 libhwasan0 libisl23 libitm1 libjbig0
  libjpeg-turbo8 libjpeg8 libjs-jquery libjs-sphinxdoc libjs-underscore
  liblerc4 liblsan0 libmpc3 libpython3-dev libpython3.12-dev libsframe1
  libsharpyuv0 libstdc++-13-dev libtiff6 libtsan2 libubsan1 libwebp7 libxpm4
  linux-libc-dev lto-disabled-list make manpages-dev pigz python3-dev
  python3-pip python3-wheel python3.12-dev rpcsvc-proto runc ubuntu-fan
  zlib1g-dev
The following packages will be upgraded:
  libc-bin libc6 linux-tools-common locales
4 upgraded, 91 newly installed, 0 to remove and 30 not upgraded.
Need to get 155 MB of archives.
After this operation, 558 MB of additional disk space will be used.
Get:1 http://us-east-1.ec2.ports.ubuntu.com/ubuntu-ports noble-updates/main arm64 libc6 arm64 2.39-0ubuntu8.8 [2775 kB]
Setting up libc6:arm64 (2.39-0ubuntu8.8) ...
Preconfiguring packages ...
Selecting previously unselected package containerd.
Preparing to unpack .../49-containerd_2.2.1-0ubuntu1~24.04.3_arm64.deb ...
Unpacking containerd (2.2.1-0ubuntu1~24.04.3) ...
[22:02:04] [litellm-rust] installing deps (bare base: docker + psutil; the rig is a prebuilt download, and each
Fetched 155 MB in 6s (26.7 MB/s)
[22:02:04] [litellm-rust] gateway installs its OWN prereqs via gw_prereqs - no blanket build toolchain on every box)
(Reading database ... (Reading database ... 5%(Reading database ... 10%(Reading database ... 15%(Reading database ... 20%(Reading database ... 25%(Reading database ... 30%(Reading database ... 35%(Reading database ... 40%(Reading database ... 45%(Reading database ... 50%(Reading database ... 55%(Reading database ... (Reading database ... 5%(Reading database ... 10%(Reading database ... 15%(Reading database ... 20%(Reading database ... 25%(Reading database ... 30%(Reading database ... 35%(Reading database ... 40%(Reading database ... 45%(Reading database ... 50%(Reading database ... 55%(Reading database ... 60%(Reading database ... 65%(Reading database ... 60%(Reading database ... 65%(Reading database ... 70%(Reading database ... 75%(Reading database ... 80%(Reading database ... 85%(Reading database ... 90%(Reading database ... 95%(Reading database ... 100%(Reading database ... 74109 files and directories currently installed.)
Preparing to unpack .../libc-bin_2.39-0ubuntu8.8_arm64.deb ...
Unpacking libc-bin (2.39-0ubuntu8.8) over (2.39-0ubuntu8.7) ...
Setting up libc-bin (2.39-0ubuntu8.8) ...
(Reading database ... 70%Get:2 http://us-east-1.ec2.ports.ubuntu.com/ubuntu-ports noble-updates/main arm64 libc-bin arm64 2.39-0ubuntu8.8 [591 kB]
Get:3 http://us-east-1.ec2.ports.ubuntu.com/ubuntu-ports noble/universe arm64 pigz arm64 2.8-1 [60.7 kB]
Get:4 http://us-east-1.ec2.ports.ubuntu.com/ubuntu-ports noble-updates/main arm64 locales all 2.39-0ubuntu8.8 [4231 kB]
Warning: Permanently added '54.81.9.146' (ED25519) to the list of known hosts.
(Reading database ... 75%Selecting previously unselected package pigz.
(Reading database ... (Reading database ... 5%(Reading database ... 10%(Reading database ... 15%(Reading database ... 20%(Reading database ... 25%(Reading database ... 30%(Reading database ... 35%(Reading database ... 40%(Reading database ... 45%(Reading database ... 50%(Reading database ... 55%(Reading database ... 60%(Reading database ... 65%(Reading database ... 70%(Reading database ... 80%(Reading database ... 75%(Reading database ... 80%(Reading database ... 85%(Reading database ... 90%(Reading database ... 95%(Reading database ... 100%(Reading database ... 74109 files and directories currently installed.)
Preparing to unpack .../00-pigz_2.8-1_arm64.deb ...
Selecting previously unselected package dns-root-data.
Preparing to unpack .../50-dns-root-data_2024071801~ubuntu0.24.04.1_all.deb ...
Unpacking dns-root-data (2024071801~ubuntu0.24.04.1) ...
Unpacking pigz (2.8-1) ...
(Reading database ... 85%Selecting previously unselected package dnsmasq-base.
Preparing to unpack .../01-locales_2.39-0ubuntu8.8_all.deb ...
Preparing to unpack .../51-dnsmasq-base_2.90-2ubuntu0.4_arm64.deb ...
Unpacking dnsmasq-base (2.90-2ubuntu0.4) ...
Unpacking locales (2.39-0ubuntu8.8) over (2.39-0ubuntu8.7) ...
(Reading database ... 90%Selecting previously unselected package docker.io.
Preparing to unpack .../52-docker.io_29.1.3-0ubuntu3~24.04.2_arm64.deb ...
Unpacking docker.io (29.1.3-0ubuntu3~24.04.2) ...
(Reading database ... 95%(Reading database ... 100%(Reading database ... 74109 files and directories currently installed.)
Preparing to unpack .../libc6_2.39-0ubuntu8.8_arm64.deb ...
Selecting previously unselected package binutils-common:arm64.
Preparing to unpack .../02-binutils-common_2.42-4ubuntu2.10_arm64.deb ...
Unpacking binutils-common:arm64 (2.42-4ubuntu2.10) ...
Selecting previously unselected package libsframe1:arm64.
Preparing to unpack .../03-libsframe1_2.42-4ubuntu2.10_arm64.deb ...
Unpacking libsframe1:arm64 (2.42-4ubuntu2.10) ...
Selecting previously unselected package libbinutils:arm64.
Preparing to unpack .../04-libbinutils_2.42-4ubuntu2.10_arm64.deb ...
Unpacking libbinutils:arm64 (2.42-4ubuntu2.10) ...
Unpacking libc6:arm64 (2.39-0ubuntu8.8) over (2.39-0ubuntu8.7) ...
Get:5 http://us-east-1.ec2.ports.ubuntu.com/ubuntu-ports noble-updates/main arm64 binutils-common arm64 2.42-4ubuntu2.10 [240 kB]
Get:6 http://us-east-1.ec2.ports.ubuntu.com/ubuntu-ports noble-updates/main arm64 libsframe1 arm64 2.42-4ubuntu2.10 [15.4 kB]
Get:7 http://us-east-1.ec2.ports.ubuntu.com/ubuntu-ports noble-updates/main arm64 libbinutils arm64 2.42-4ubuntu2.10 [766 kB]
Get:8 http://us-east-1.ec2.ports.ubuntu.com/ubuntu-ports noble-updates/main arm64 libctf-nobfd0 arm64 2.42-4ubuntu2.10 [101 kB]
Get:9 http://us-east-1.ec2.ports.ubuntu.com/ubuntu-ports noble-updates/main arm64 libctf0 arm64 2.42-4ubuntu2.10 [95.7 kB]
Get:10 http://us-east-1.ec2.ports.ubuntu.com/ubuntu-ports noble-updates/main arm64 libgprofng0 arm64 2.42-4ubuntu2.10 [776 kB]
Get:11 http://us-east-1.ec2.ports.ubuntu.com/ubuntu-ports noble-updates/main arm64 binutils-aarch64-linux-gnu arm64 2.42-4ubuntu2.10 [3304 kB]
Selecting previously unselected package libctf-nobfd0:arm64.
Preparing to unpack .../05-libctf-nobfd0_2.42-4ubuntu2.10_arm64.deb ...
Unpacking libctf-nobfd0:arm64 (2.42-4ubuntu2.10) ...
Selecting previously unselected package libctf0:arm64.
Get:12 http://us-east-1.ec2.ports.ubuntu.com/ubuntu-ports noble-updates/main arm64 binutils arm64 2.42-4ubuntu2.10 [18.1 kB]
Get:13 http://us-east-1.ec2.ports.ubuntu.com/ubuntu-ports noble/main arm64 bridge-utils arm64 1.7.1-1ubuntu2 [34.2 kB]
Preparing to unpack .../06-libctf0_2.42-4ubuntu2.10_arm64.deb ...
Get:14 http://us-east-1.ec2.ports.ubuntu.com/ubuntu-ports noble-updates/main arm64 libc-dev-bin arm64 2.39-0ubuntu8.8 [19.7 kB]
Unpacking libctf0:arm64 (2.42-4ubuntu2.10) ...
Get:15 http://us-east-1.ec2.ports.ubuntu.com/ubuntu-ports noble-updates/main arm64 linux-libc-dev arm64 6.8.0-136.136 [1550 kB]
Fetched 37.7 MB in 4s (9702 kB/s)
Reading package lists...Get:16 http://us-east-1.ec2.ports.ubuntu.com/ubuntu-ports noble/main arm64 libcrypt-dev arm64 1:4.4.36-4build1 [118 kB]
Get:17 http://us-east-1.ec2.ports.ubuntu.com/ubuntu-ports noble/main arm64 rpcsvc-proto arm64 1.4.2-0ubuntu7 [64.8 kB]
Get:18 http://us-east-1.ec2.ports.ubuntu.com/ubuntu-ports noble-updates/main arm64 libc6-dev arm64 2.39-0ubuntu8.8 [1596 kB]
 done
Generation complete.
Selecting previously unselected package libgprofng0:arm64.
Preparing to unpack .../07-libgprofng0_2.42-4ubuntu2.10_arm64.deb ...
Unpacking libgprofng0:arm64 (2.42-4ubuntu2.10) ...
Get:19 http://us-east-1.ec2.ports.ubuntu.com/ubuntu-ports noble-updates/main arm64 gcc-13-base arm64 13.3.0-6ubuntu2~24.04.1 [51.6 kB]
Get:20 http://us-east-1.ec2.ports.ubuntu.com/ubuntu-ports noble-updates/main arm64 libisl23 arm64 0.26-3build1.1 [669 kB]
Get:21 http://us-east-1.ec2.ports.ubuntu.com/ubuntu-ports noble-updates/main arm64 libmpc3 arm64 1.3.1-1build1.1 [56.4 kB]
Get:22 http://us-east-1.ec2.ports.ubuntu.com/ubuntu-ports noble-updates/main arm64 cpp-13-aarch64-linux-gnu arm64 13.3.0-6ubuntu2~24.04.1 [9560 kB]
Setting up python3-wheel (0.42.0-2) ...
Setting up libc6:arm64 (2.39-0ubuntu8.8) ...
Selecting previously unselected package binutils-aarch64-linux-gnu.
Preparing to unpack .../08-binutils-aarch64-linux-gnu_2.42-4ubuntu2.10_arm64.deb ...
Unpacking binutils-aarch64-linux-gnu (2.42-4ubuntu2.10) ...
Setting up libjbig0:arm64 (2.1-6.1ubuntu2) ...
Setting up libsframe1:arm64 (2.42-4ubuntu2.10) ...
Setting up libfakeroot:arm64 (1.33-1) ...
Selecting previously unselected package binutils.
Preparing to unpack .../09-binutils_2.42-4ubuntu2.10_arm64.deb ...
Setting up runc (1.3.4-0ubuntu1~24.04.1) ...
Unpacking binutils (2.42-4ubuntu2.10) ...
Setting up dns-root-data (2024071801~ubuntu0.24.04.1) ...
Setting up fakeroot (1.33-1) ...
Selecting previously unselected package bridge-utils.
Preparing to unpack .../10-bridge-utils_1.7.1-1ubuntu2_arm64.deb ...
update-alternatives: using /usr/bin/fakeroot-sysv to provide /usr/bin/fakeroot (fakeroot) in auto mode
Unpacking bridge-utils (1.7.1-1ubuntu2) ...
Setting up rpcsvc-proto (1.4.2-0ubuntu7) ...
Setting up gcc-13-base:arm64 (13.3.0-6ubuntu2~24.04.1) ...
Setting up make (4.3-4.1build2) ...
Setting up fonts-dejavu-mono (2.37-8) ...
Selecting previously unselected package libc-dev-bin.
Preparing to unpack .../11-libc-dev-bin_2.39-0ubuntu8.8_arm64.deb ...
Unpacking libc-dev-bin (2.39-0ubuntu8.8) ...
Setting up libmpc3:arm64 (1.3.1-1build1.1) ...
Setting up libatomic1:arm64 (14.2.0-4ubuntu2~24.04.1) ...
Selecting previously unselected package linux-libc-dev:arm64.
Preparing to unpack .../12-linux-libc-dev_6.8.0-136.136_arm64.deb ...
Setting up fonts-dejavu-core (2.37-8) ...
Unpacking linux-libc-dev:arm64 (6.8.0-136.136) ...
[22:02:05] [one-api] ip=3.82.13.197 - waiting for ssh
Setting up python3-pip (24.0+dfsg-1ubuntu1.3) ...
(Reading database ... (Reading database ... 5%(Reading database ... 10%(Reading database ... 15%(Reading database ... 20%(Reading database ... 25%(Reading database ... 30%(Reading database ... 35%(Reading database ... 40%(Reading database ... 45%(Reading database ... 50%(Reading database ... 55%(Reading database ... 60%(Reading database ... 65%Hit:1 http://us-east-1.ec2.ports.ubuntu.com/ubuntu-ports noble InRelease
Get:2 http://ports.ubuntu.com/ubuntu-ports noble-security InRelease [126 kB]
Get:3 http://us-east-1.ec2.ports.ubuntu.com/ubuntu-ports noble-updates InRelease [126 kB]
Selecting previously unselected package libcrypt-dev:arm64.
Preparing to unpack .../13-libcrypt-dev_1%3a4.4.36-4build1_arm64.deb ...
Unpacking libcrypt-dev:arm64 (1:4.4.36-4build1) ...
Selecting previously unselected package rpcsvc-proto.
Get:4 http://us-east-1.ec2.ports.ubuntu.com/ubuntu-ports noble-backports InRelease [126 kB]
Preparing to unpack .../14-rpcsvc-proto_1.4.2-0ubuntu7_arm64.deb ...
Unpacking rpcsvc-proto (1.4.2-0ubuntu7) ...
(Reading database ... 70%(Reading database ... 75%(Reading database ... 80%(Reading database ... 85%(Reading database ... 90%(Reading database ... 95%(Reading database ... 100%(Reading database ... 74109 files and directories currently installed.)
Preparing to unpack .../libc-bin_2.39-0ubuntu8.8_arm64.deb ...
Unpacking libc-bin (2.39-0ubuntu8.8) over (2.39-0ubuntu8.7) ...
Selecting previously unselected package libc6-dev:arm64.
Get:5 http://us-east-1.ec2.ports.ubuntu.com/ubuntu-ports noble/universe arm64 Packages [15.3 MB]
Setting up libc-bin (2.39-0ubuntu8.8) ...
Preparing to unpack .../15-libc6-dev_2.39-0ubuntu8.8_arm64.deb ...
Unpacking libc6-dev:arm64 (2.39-0ubuntu8.8) ...
Selecting previously unselected package libfakeroot:arm64.
Get:6 http://ports.ubuntu.com/ubuntu-ports noble-security/main arm64 Packages [940 kB]
Preparing to unpack .../53-libfakeroot_1.33-1_arm64.deb ...
Unpacking libfakeroot:arm64 (1.33-1) ...
Selecting previously unselected package fakeroot.
Preparing to unpack .../54-fakeroot_1.33-1_arm64.deb ...
Unpacking fakeroot (1.33-1) ...
Selecting previously unselected package pigz.
(Reading database ... (Reading database ... 5%(Reading database ... 10%(Reading database ... 15%(Reading database ... 20%(Reading database ... 25%(Reading database ... 30%(Reading database ... 35%(Reading database ... 40%(Reading database ... 45%(Reading database ... 50%(Reading database ... 55%(Reading database ... 60%(Reading database ... 65%(Reading database ... 70%(Reading database ... 75%(Reading database ... 80%(Reading database ... 85%Selecting previously unselected package gcc-13-base:arm64.
(Reading database ... 90%Preparing to unpack .../16-gcc-13-base_13.3.0-6ubuntu2~24.04.1_arm64.deb ...
Unpacking gcc-13-base:arm64 (13.3.0-6ubuntu2~24.04.1) ...
Selecting previously unselected package fonts-dejavu-mono.
Preparing to unpack .../55-fonts-dejavu-mono_2.37-8_all.deb ...
Unpacking fonts-dejavu-mono (2.37-8) ...
Get:7 http://ports.ubuntu.com/ubuntu-ports noble-security/main Translation-en [198 kB]
Get:8 http://ports.ubuntu.com/ubuntu-ports noble-security/main arm64 Components [43.3 kB]
Get:9 http://ports.ubuntu.com/ubuntu-ports noble-security/main arm64 c-n-f Metadata [11.6 kB]
Get:10 http://ports.ubuntu.com/ubuntu-ports noble-security/universe arm64 Packages [1259 kB]
Selecting previously unselected package libisl23:arm64.
(Reading database ... 95%(Reading database ... 100%(Reading database ... 74109 files and directories currently installed.)
Preparing to unpack .../00-pigz_2.8-1_arm64.deb ...
Unpacking pigz (2.8-1) ...
Preparing to unpack .../17-libisl23_0.26-3build1.1_arm64.deb ...
Unpacking libisl23:arm64 (0.26-3build1.1) ...
Get:11 http://ports.ubuntu.com/ubuntu-ports noble-security/universe Translation-en [239 kB]
Get:12 http://ports.ubuntu.com/ubuntu-ports noble-security/universe arm64 Components [76.3 kB]
Get:13 http://ports.ubuntu.com/ubuntu-ports noble-security/universe arm64 c-n-f Metadata [23.7 kB]
Get:14 http://ports.ubuntu.com/ubuntu-ports noble-security/restricted arm64 Packages [1930 kB]
Selecting previously unselected package fonts-dejavu-core.
Preparing to unpack .../56-fonts-dejavu-core_2.37-8_all.deb ...
Preparing to unpack .../01-locales_2.39-0ubuntu8.8_all.deb ...
Unpacking fonts-dejavu-core (2.37-8) ...
Get:15 http://ports.ubuntu.com/ubuntu-ports noble-security/restricted Translation-en [290 kB]
Unpacking locales (2.39-0ubuntu8.8) over (2.39-0ubuntu8.7) ...
Get:16 http://ports.ubuntu.com/ubuntu-ports noble-security/restricted arm64 Components [212 B]
Get:17 http://ports.ubuntu.com/ubuntu-ports noble-security/restricted arm64 c-n-f Metadata [388 B]
Get:18 http://ports.ubuntu.com/ubuntu-ports noble-security/multiverse arm64 Packages [68.7 kB]
Get:19 http://ports.ubuntu.com/ubuntu-ports noble-security/multiverse Translation-en [10.6 kB]
Selecting previously unselected package libmpc3:arm64.
Get:20 http://ports.ubuntu.com/ubuntu-ports noble-security/multiverse arm64 Components [208 B]
Get:21 http://ports.ubuntu.com/ubuntu-ports noble-security/multiverse arm64 c-n-f Metadata [456 B]
Preparing to unpack .../18-libmpc3_1.3.1-1build1.1_arm64.deb ...
Unpacking libmpc3:arm64 (1.3.1-1build1.1) ...
Get:22 http://us-east-1.ec2.ports.ubuntu.com/ubuntu-ports noble/universe Translation-en [5982 kB]
Selecting previously unselected package fontconfig-config.
Selecting previously unselected package cpp-13-aarch64-linux-gnu.
Preparing to unpack .../57-fontconfig-config_2.15.0-1.1ubuntu2_arm64.deb ...
Preparing to unpack .../19-cpp-13-aarch64-linux-gnu_13.3.0-6ubuntu2~24.04.1_arm64.deb ...
Unpacking cpp-13-aarch64-linux-gnu (13.3.0-6ubuntu2~24.04.1) ...
Get:23 http://us-east-1.ec2.ports.ubuntu.com/ubuntu-ports noble/universe arm64 Components [3573 kB]
Get:24 http://us-east-1.ec2.ports.ubuntu.com/ubuntu-ports noble/universe arm64 c-n-f Metadata [295 kB]
Get:25 http://us-east-1.ec2.ports.ubuntu.com/ubuntu-ports noble/multiverse arm64 Packages [223 kB]
Get:26 http://us-east-1.ec2.ports.ubuntu.com/ubuntu-ports noble/multiverse Translation-en [118 kB]
Get:27 http://us-east-1.ec2.ports.ubuntu.com/ubuntu-ports noble/multiverse arm64 Components [31.6 kB]
Get:28 http://us-east-1.ec2.ports.ubuntu.com/ubuntu-ports noble/multiverse arm64 c-n-f Metadata [7152 B]
Get:29 http://us-east-1.ec2.ports.ubuntu.com/ubuntu-ports noble-updates/main arm64 Packages [1190 kB]
Get:30 http://us-east-1.ec2.ports.ubuntu.com/ubuntu-ports noble-updates/main Translation-en [278 kB]
Get:31 http://us-east-1.ec2.ports.ubuntu.com/ubuntu-ports noble-updates/main arm64 Components [178 kB]
Get:32 http://us-east-1.ec2.ports.ubuntu.com/ubuntu-ports noble-updates/universe arm64 Packages [1704 kB]

Get:33 http://us-east-1.ec2.ports.ubuntu.com/ubuntu-ports noble-updates/universe Translation-en [334 kB]
Get:34 http://us-east-1.ec2.ports.ubuntu.com/ubuntu-ports noble-updates/universe arm64 Components [387 kB]
Get:35 http://us-east-1.ec2.ports.ubuntu.com/ubuntu-ports noble-updates/universe arm64 c-n-f Metadata [33.5 kB]
Get:36 http://us-east-1.ec2.ports.ubuntu.com/ubuntu-ports noble-updates/restricted arm64 Packages [2036 kB]
Get:37 http://us-east-1.ec2.ports.ubuntu.com/ubuntu-ports noble-updates/restricted Translation-en [308 kB]
Get:38 http://us-east-1.ec2.ports.ubuntu.com/ubuntu-ports noble-updates/multiverse arm64 Packages [72.7 kB]
Get:39 http://us-east-1.ec2.ports.ubuntu.com/ubuntu-ports noble-updates/multiverse Translation-en [12.3 kB]
Get:40 http://us-east-1.ec2.ports.ubuntu.com/ubuntu-ports noble-updates/multiverse arm64 Components [212 B]
Reading package lists...Get:41 http://us-east-1.ec2.ports.ubuntu.com/ubuntu-ports noble-updates/multiverse arm64 c-n-f Metadata [472 B]
Get:42 http://us-east-1.ec2.ports.ubuntu.com/ubuntu-ports noble-backports/main arm64 Packages [40.6 kB]
Get:43 http://us-east-1.ec2.ports.ubuntu.com/ubuntu-ports noble-backports/main Translation-en [9172 B]
Get:44 http://us-east-1.ec2.ports.ubuntu.com/ubuntu-ports noble-backports/main arm64 Components [3572 B]
Get:45 http://us-east-1.ec2.ports.ubuntu.com/ubuntu-ports noble-backports/main arm64 c-n-f Metadata [372 B]

Building dependency tree...Get:46 http://us-east-1.ec2.ports.ubuntu.com/ubuntu-ports noble-backports/universe arm64 Packages [32.7 kB]
Get:47 http://us-east-1.ec2.ports.ubuntu.com/ubuntu-ports noble-backports/universe Translation-en [18.6 kB]
Get:48 http://us-east-1.ec2.ports.ubuntu.com/ubuntu-ports noble-backports/universe arm64 Components [12.6 kB]
Get:49 http://us-east-1.ec2.ports.ubuntu.com/ubuntu-ports noble-backports/universe arm64 c-n-f Metadata [1592 B]
Get:50 http://us-east-1.ec2.ports.ubuntu.com/ubuntu-ports noble-backports/restricted arm64 Components [212 B]
Get:51 http://us-east-1.ec2.ports.ubuntu.com/ubuntu-ports noble-backports/restricted arm64 c-n-f Metadata [116 B]
Get:52 http://us-east-1.ec2.ports.ubuntu.com/ubuntu-ports noble-backports/multiverse arm64 Packages [748 B]
Get:53 http://us-east-1.ec2.ports.ubuntu.com/ubuntu-ports noble-backports/multiverse Translation-en [340 B]
Get:54 http://us-east-1.ec2.ports.ubuntu.com/ubuntu-ports noble-backports/multiverse arm64 Components [212 B]
Get:55 http://us-east-1.ec2.ports.ubuntu.com/ubuntu-ports noble-backports/multiverse arm64 c-n-f Metadata [116 B]
Unpacking fontconfig-config (2.15.0-1.1ubuntu2) ...
Selecting previously unselected package javascript-common.
Preparing to unpack .../58-javascript-common_11+nmu1_all.deb ...
Selecting previously unselected package cpp-13.
Preparing to unpack .../20-cpp-13_13.3.0-6ubuntu2~24.04.1_arm64.deb ...
Selecting previously unselected package binutils-common:arm64.
Preparing to unpack .../02-binutils-common_2.42-4ubuntu2.10_arm64.deb ...
Unpacking binutils-common:arm64 (2.42-4ubuntu2.10) ...
Unpacking javascript-common (11+nmu1) ...
Unpacking cpp-13 (13.3.0-6ubuntu2~24.04.1) ...
Selecting previously unselected package cpp-aarch64-linux-gnu.
Preparing to unpack .../21-cpp-aarch64-linux-gnu_4%3a13.2.0-7ubuntu1_arm64.deb ...
Unpacking cpp-aarch64-linux-gnu (4:13.2.0-7ubuntu1) ...
Selecting previously unselected package libalgorithm-diff-perl.
Preparing to unpack .../59-libalgorithm-diff-perl_1.201-1_all.deb ...
Unpacking libalgorithm-diff-perl (1.201-1) ...
Selecting previously unselected package libsframe1:arm64.
Preparing to unpack .../03-libsframe1_2.42-4ubuntu2.10_arm64.deb ...
Selecting previously unselected package cpp.
Unpacking libsframe1:arm64 (2.42-4ubuntu2.10) ...
Preparing to unpack .../22-cpp_4%3a13.2.0-7ubuntu1_arm64.deb ...
Selecting previously unselected package libalgorithm-diff-xs-perl:arm64.
Unpacking cpp (4:13.2.0-7ubuntu1) ...
Preparing to unpack .../60-libalgorithm-diff-xs-perl_0.04-8build3_arm64.deb ...
Unpacking libalgorithm-diff-xs-perl:arm64 (0.04-8build3) ...
Selecting previously unselected package libbinutils:arm64.
Selecting previously unselected package libalgorithm-merge-perl.

Reading state information...
Preparing to unpack .../04-libbinutils_2.42-4ubuntu2.10_arm64.deb ...
Preparing to unpack .../61-libalgorithm-merge-perl_0.08-5_all.deb ...
Unpacking libalgorithm-merge-perl (0.08-5) ...
Unpacking libbinutils:arm64 (2.42-4ubuntu2.10) ...
Selecting previously unselected package libcc1-0:arm64.
Preparing to unpack .../23-libcc1-0_14.2.0-4ubuntu2~24.04.1_arm64.deb ...
Unpacking libcc1-0:arm64 (14.2.0-4ubuntu2~24.04.1) ...
Selecting previously unselected package libaom3:arm64.
Preparing to unpack .../62-libaom3_3.8.2-2ubuntu0.1_arm64.deb ...
Selecting previously unselected package libgomp1:arm64.
Unpacking libaom3:arm64 (3.8.2-2ubuntu0.1) ...
Preparing to unpack .../24-libgomp1_14.2.0-4ubuntu2~24.04.1_arm64.deb ...
Unpacking libgomp1:arm64 (14.2.0-4ubuntu2~24.04.1) ...
Selecting previously unselected package libctf-nobfd0:arm64.
Preparing to unpack .../05-libctf-nobfd0_2.42-4ubuntu2.10_arm64.deb ...
Unpacking libctf-nobfd0:arm64 (2.42-4ubuntu2.10) ...
Selecting previously unselected package libitm1:arm64.
Preparing to unpack .../25-libitm1_14.2.0-4ubuntu2~24.04.1_arm64.deb ...
Unpacking libitm1:arm64 (14.2.0-4ubuntu2~24.04.1) ...
Selecting previously unselected package libfontconfig1:arm64.
Preparing to unpack .../63-libfontconfig1_2.15.0-1.1ubuntu2_arm64.deb ...
Unpacking libfontconfig1:arm64 (2.15.0-1.1ubuntu2) ...
Selecting previously unselected package libctf0:arm64.
Preparing to unpack .../06-libctf0_2.42-4ubuntu2.10_arm64.deb ...
Unpacking libctf0:arm64 (2.42-4ubuntu2.10) ...
Selecting previously unselected package libatomic1:arm64.
Preparing to unpack .../26-libatomic1_14.2.0-4ubuntu2~24.04.1_arm64.deb ...
Selecting previously unselected package libsharpyuv0:arm64.
Unpacking libatomic1:arm64 (14.2.0-4ubuntu2~24.04.1) ...
Preparing to unpack .../64-libsharpyuv0_1.3.2-0.4build3_arm64.deb ...
Unpacking libsharpyuv0:arm64 (1.3.2-0.4build3) ...
Selecting previously unselected package libgprofng0:arm64.
Selecting previously unselected package libasan8:arm64.
Preparing to unpack .../07-libgprofng0_2.42-4ubuntu2.10_arm64.deb ...
Selecting previously unselected package libheif-plugin-aomdec:arm64.
Unpacking libgprofng0:arm64 (2.42-4ubuntu2.10) ...
Preparing to unpack .../27-libasan8_14.2.0-4ubuntu2~24.04.1_arm64.deb ...
Unpacking libasan8:arm64 (14.2.0-4ubuntu2~24.04.1) ...
Preparing to unpack .../65-libheif-plugin-aomdec_1.17.6-1ubuntu4.6_arm64.deb ...
Unpacking libheif-plugin-aomdec:arm64 (1.17.6-1ubuntu4.6) ...
Selecting previously unselected package libheif1:arm64.
Preparing to unpack .../66-libheif1_1.17.6-1ubuntu4.6_arm64.deb ...
Unpacking libheif1:arm64 (1.17.6-1ubuntu4.6) ...
Selecting previously unselected package binutils-aarch64-linux-gnu.
Preparing to unpack .../08-binutils-aarch64-linux-gnu_2.42-4ubuntu2.10_arm64.deb ...
Unpacking binutils-aarch64-linux-gnu (2.42-4ubuntu2.10) ...
Selecting previously unselected package liblsan0:arm64.
Selecting previously unselected package libjpeg-turbo8:arm64.
Preparing to unpack .../28-liblsan0_14.2.0-4ubuntu2~24.04.1_arm64.deb ...
Unpacking liblsan0:arm64 (14.2.0-4ubuntu2~24.04.1) ...
Preparing to unpack .../67-libjpeg-turbo8_2.1.5-2ubuntu2_arm64.deb ...
Unpacking libjpeg-turbo8:arm64 (2.1.5-2ubuntu2) ...
curl is already the newest version (8.5.0-2ubuntu10.11).
curl set to manually installed.
ca-certificates is already the newest version (20260601~24.04.1).
ca-certificates set to manually installed.
jq is already the newest version (1.7.1-3ubuntu0.24.04.2).
jq set to manually installed.
git is already the newest version (1:2.43.0-1ubuntu7.3).
git set to manually installed.
The following additional packages will be installed:
  binutils binutils-aarch64-linux-gnu binutils-common bridge-utils bzip2
  containerd cpp cpp-13 cpp-13-aarch64-linux-gnu cpp-aarch64-linux-gnu
  dns-root-data dnsmasq-base dpkg-dev fakeroot fontconfig-config
  fonts-dejavu-core fonts-dejavu-mono g++ g++-13 g++-13-aarch64-linux-gnu
  g++-aarch64-linux-gnu gcc gcc-13 gcc-13-aarch64-linux-gnu gcc-13-base
  gcc-aarch64-linux-gnu javascript-common libalgorithm-diff-perl
  libalgorithm-diff-xs-perl libalgorithm-merge-perl libaom3 libasan8
  libatomic1 libbinutils libc-bin libc-dev-bin libc-devtools libc6 libc6-dev
  libcc1-0 libcrypt-dev libctf-nobfd0 libctf0 libdeflate0 libdpkg-perl
  libexpat1-dev libfakeroot libfile-fcntllock-perl libfontconfig1
  libgcc-13-dev libgd3 libgomp1 libgprofng0 libheif-plugin-aomdec
  libheif-plugin-aomenc libheif1 libhwasan0 libisl23 libitm1 libjbig0
Selecting previously unselected package libjpeg8:arm64.
Preparing to unpack .../68-libjpeg8_8c-2ubuntu11_arm64.deb ...
Unpacking libjpeg8:arm64 (8c-2ubuntu11) ...
Selecting previously unselected package libtsan2:arm64.
Preparing to unpack .../29-libtsan2_14.2.0-4ubuntu2~24.04.1_arm64.deb ...
Unpacking libtsan2:arm64 (14.2.0-4ubuntu2~24.04.1) ...
Setting up libjpeg-turbo8:arm64 (2.1.5-2ubuntu2) ...
Setting up bridge-utils (1.7.1-1ubuntu2) ...
Selecting previously unselected package libdeflate0:arm64.
Preparing to unpack .../69-libdeflate0_1.19-1build1.1_arm64.deb ...
Unpacking libdeflate0:arm64 (1.19-1build1.1) ...
Selecting previously unselected package libjbig0:arm64.
Preparing to unpack .../70-libjbig0_2.1-6.1ubuntu2_arm64.deb ...
Unpacking libjbig0:arm64 (2.1-6.1ubuntu2) ...
Selecting previously unselected package binutils.
Preparing to unpack .../09-binutils_2.42-4ubuntu2.10_arm64.deb ...
Unpacking binutils (2.42-4ubuntu2.10) ...
Selecting previously unselected package bridge-utils.
Preparing to unpack .../10-bridge-utils_1.7.1-1ubuntu2_arm64.deb ...
Selecting previously unselected package libubsan1:arm64.
Preparing to unpack .../30-libubsan1_14.2.0-4ubuntu2~24.04.1_arm64.deb ...
Unpacking libubsan1:arm64 (14.2.0-4ubuntu2~24.04.1) ...
Setting up libdpkg-perl (1.22.6ubuntu6.6) ...
  libjpeg-turbo8 libjpeg8 libjs-jquery libjs-sphinxdoc libjs-underscore
  liblerc4 liblsan0 libmpc3 libpython3-dev libpython3.12-dev libsframe1
  libsharpyuv0 libstdc++-13-dev libtiff6 libtsan2 libubsan1 libwebp7 libxpm4
  linux-libc-dev linux-tools-common locales lto-disabled-list make
  manpages-dev pigz python3-dev python3-wheel python3.12-dev rpcsvc-proto runc
  ubuntu-fan zlib1g-dev
Suggested packages:
  binutils-doc gprofng-gui ifupdown bzip2-doc cpp-doc gcc-13-locales
  cpp-13-doc aufs-tools cgroupfs-mount | cgroup-lite debootstrap docker-buildx
  docker-compose-v2 docker-doc rinse zfs-fuse | zfsutils debian-keyring
  gcc-13-doc gcc-multilib autoconf automake libtool flex bison gdb gcc-doc
  gdb-aarch64-linux-gnu apache2 | lighttpd | httpd glibc-doc libnss-nis
  libnss-nisplus bzr libgd-tools libheif-plugin-libde265 libheif-plugin-x265
  libheif-plugin-ffmpegdec libheif-plugin-jpegdec libheif-plugin-jpegenc
  libheif-plugin-j2kdec libheif-plugin-j2kenc libheif-plugin-rav1e
  libheif-plugin-svtenc libstdc++-13-doc make-doc
The following NEW packages will be installed:
  binutils binutils-aarch64-linux-gnu binutils-common bridge-utils
  build-essential bzip2 containerd cpp cpp-13 cpp-13-aarch64-linux-gnu
  cpp-aarch64-linux-gnu dns-root-data dnsmasq-base docker.io dpkg-dev fakeroot
  fontconfig-config fonts-dejavu-core fonts-dejavu-mono g++ g++-13
  g++-13-aarch64-linux-gnu g++-aarch64-linux-gnu gcc gcc-13
  gcc-13-aarch64-linux-gnu gcc-13-base gcc-aarch64-linux-gnu javascript-common
  libalgorithm-diff-perl libalgorithm-diff-xs-perl libalgorithm-merge-perl
  libaom3 libasan8 libatomic1 libbinutils libc-dev-bin libc-devtools libc6-dev
  libcc1-0 libcrypt-dev libctf-nobfd0 libctf0 libdeflate0 libdpkg-perl
  libexpat1-dev libfakeroot libfile-fcntllock-perl libfontconfig1
  libgcc-13-dev libgd3 libgomp1 libgprofng0 libheif-plugin-aomdec
  libheif-plugin-aomenc libheif1 libhwasan0 libisl23 libitm1 libjbig0
  libjpeg-turbo8 libjpeg8 libjs-jquery libjs-sphinxdoc libjs-underscore
  liblerc4 liblsan0 libmpc3 libpython3-dev libpython3.12-dev libsframe1
  libsharpyuv0 libstdc++-13-dev libtiff6 libtsan2 libubsan1 libwebp7 libxpm4
  linux-libc-dev lto-disabled-list make manpages-dev pigz python3-dev
  python3-pip python3-wheel python3.12-dev rpcsvc-proto runc ubuntu-fan
  zlib1g-dev
The following packages will be upgraded:
  libc-bin libc6 linux-tools-common locales
4 upgraded, 91 newly installed, 0 to remove and 30 not upgraded.
Need to get 155 MB of archives.
After this operation, 558 MB of additional disk space will be used.
Get:1 http://us-east-1.ec2.ports.ubuntu.com/ubuntu-ports noble-updates/main arm64 libc6 arm64 2.39-0ubuntu8.8 [2775 kB]
Unpacking bridge-utils (1.7.1-1ubuntu2) ...
Selecting previously unselected package liblerc4:arm64.
Setting up libwebp7:arm64 (1.3.2-0.4build3) ...
Preparing to unpack .../71-liblerc4_4.0.0+ds-4ubuntu2_arm64.deb ...
Unpacking liblerc4:arm64 (4.0.0+ds-4ubuntu2) ...
Setting up libubsan1:arm64 (14.2.0-4ubuntu2~24.04.1) ...
Setting up libhwasan0:arm64 (14.2.0-4ubuntu2~24.04.1) ...
Setting up pigz (2.8-1) ...
Selecting previously unselected package libhwasan0:arm64.
Setting up libcrypt-dev:arm64 (1:4.4.36-4build1) ...
Preparing to unpack .../31-libhwasan0_14.2.0-4ubuntu2~24.04.1_arm64.deb ...
Selecting previously unselected package libc-dev-bin.
Unpacking libhwasan0:arm64 (14.2.0-4ubuntu2~24.04.1) ...
Selecting previously unselected package libwebp7:arm64.
Preparing to unpack .../11-libc-dev-bin_2.39-0ubuntu8.8_arm64.deb ...
Unpacking libc-dev-bin (2.39-0ubuntu8.8) ...
Preparing to unpack .../72-libwebp7_1.3.2-0.4build3_arm64.deb ...
Unpacking libwebp7:arm64 (1.3.2-0.4build3) ...
Setting up libasan8:arm64 (14.2.0-4ubuntu2~24.04.1) ...
Setting up libtsan2:arm64 (14.2.0-4ubuntu2~24.04.1) ...
Setting up libjs-jquery (3.6.1+dfsg+~3.5.14-1) ...
Get:23 http://us-east-1.ec2.ports.ubuntu.com/ubuntu-ports noble-updates/main arm64 cpp-13 arm64 13.3.0-6ubuntu2~24.04.1 [1038 B]
Get:24 http://us-east-1.ec2.ports.ubuntu.com/ubuntu-ports noble/main arm64 cpp-aarch64-linux-gnu arm64 4:13.2.0-7ubuntu1 [5316 B]
Get:25 http://us-east-1.ec2.ports.ubuntu.com/ubuntu-ports noble/main arm64 cpp arm64 4:13.2.0-7ubuntu1 [22.4 kB]
Get:26 http://us-east-1.ec2.ports.ubuntu.com/ubuntu-ports noble-updates/main arm64 libcc1-0 arm64 14.2.0-4ubuntu2~24.04.1 [49.7 kB]
Get:27 http://us-east-1.ec2.ports.ubuntu.com/ubuntu-ports noble-updates/main arm64 libgomp1 arm64 14.2.0-4ubuntu2~24.04.1 [145 kB]
Get:28 http://us-east-1.ec2.ports.ubuntu.com/ubuntu-ports noble-updates/main arm64 libitm1 arm64 14.2.0-4ubuntu2~24.04.1 [28.2 kB]
Selecting previously unselected package linux-libc-dev:arm64.
Get:29 http://us-east-1.ec2.ports.ubuntu.com/ubuntu-ports noble-updates/main arm64 libatomic1 arm64 14.2.0-4ubuntu2~24.04.1 [11.6 kB]
Get:30 http://us-east-1.ec2.ports.ubuntu.com/ubuntu-ports noble-updates/main arm64 libasan8 arm64 14.2.0-4ubuntu2~24.04.1 [2928 kB]
Setting up libbinutils:arm64 (2.42-4ubuntu2.10) ...
Preparing to unpack .../12-linux-libc-dev_6.8.0-136.136_arm64.deb ...
Selecting previously unselected package libtiff6:arm64.
Unpacking linux-libc-dev:arm64 (6.8.0-136.136) ...
Selecting previously unselected package libgcc-13-dev:arm64.
Preparing to unpack .../73-libtiff6_4.5.1+git230720-4ubuntu2.5_arm64.deb ...
Setting up libisl23:arm64 (0.26-3build1.1) ...
Unpacking libtiff6:arm64 (4.5.1+git230720-4ubuntu2.5) ...
Preparing to unpack .../32-libgcc-13-dev_13.3.0-6ubuntu2~24.04.1_arm64.deb ...
Unpacking libgcc-13-dev:arm64 (13.3.0-6ubuntu2~24.04.1) ...
Setting up libc-dev-bin (2.39-0ubuntu8.8) ...
Setting up containerd (2.2.1-0ubuntu1~24.04.3) ...
Selecting previously unselected package libxpm4:arm64.
Preparing to unpack .../74-libxpm4_1%3a3.5.17-1ubuntu0.24.04.1_arm64.deb ...
Unpacking libxpm4:arm64 (1:3.5.17-1ubuntu0.24.04.1) ...
Get:2 http://us-east-1.ec2.ports.ubuntu.com/ubuntu-ports noble-updates/main arm64 libc-bin arm64 2.39-0ubuntu8.8 [591 kB]
Get:3 http://us-east-1.ec2.ports.ubuntu.com/ubuntu-ports noble/universe arm64 pigz arm64 2.8-1 [60.7 kB]
Get:4 http://us-east-1.ec2.ports.ubuntu.com/ubuntu-ports noble-updates/main arm64 locales all 2.39-0ubuntu8.8 [4231 kB]
Selecting previously unselected package libgd3:arm64.
Selecting previously unselected package gcc-13-aarch64-linux-gnu.
Preparing to unpack .../75-libgd3_2.3.3-9ubuntu5_arm64.deb ...
Unpacking libgd3:arm64 (2.3.3-9ubuntu5) ...
Preparing to unpack .../33-gcc-13-aarch64-linux-gnu_13.3.0-6ubuntu2~24.04.1_arm64.deb ...
Unpacking gcc-13-aarch64-linux-gnu (13.3.0-6ubuntu2~24.04.1) ...
Get:31 http://us-east-1.ec2.ports.ubuntu.com/ubuntu-ports noble-updates/main arm64 liblsan0 arm64 14.2.0-4ubuntu2~24.04.1 [1289 kB]
Get:32 http://us-east-1.ec2.ports.ubuntu.com/ubuntu-ports noble-updates/main arm64 libtsan2 arm64 14.2.0-4ubuntu2~24.04.1 [2697 kB]
Get:5 http://us-east-1.ec2.ports.ubuntu.com/ubuntu-ports noble-updates/main arm64 binutils-common arm64 2.42-4ubuntu2.10 [240 kB]
Get:6 http://us-east-1.ec2.ports.ubuntu.com/ubuntu-ports noble-updates/main arm64 libsframe1 arm64 2.42-4ubuntu2.10 [15.4 kB]
Get:7 http://us-east-1.ec2.ports.ubuntu.com/ubuntu-ports noble-updates/main arm64 libbinutils arm64 2.42-4ubuntu2.10 [766 kB]
Selecting previously unselected package libc-devtools.
Get:8 http://us-east-1.ec2.ports.ubuntu.com/ubuntu-ports noble-updates/main arm64 libctf-nobfd0 arm64 2.42-4ubuntu2.10 [101 kB]
Preparing to unpack .../76-libc-devtools_2.39-0ubuntu8.8_arm64.deb ...
Get:9 http://us-east-1.ec2.ports.ubuntu.com/ubuntu-ports noble-updates/main arm64 libctf0 arm64 2.42-4ubuntu2.10 [95.7 kB]
Unpacking libc-devtools (2.39-0ubuntu8.8) ...
Get:10 http://us-east-1.ec2.ports.ubuntu.com/ubuntu-ports noble-updates/main arm64 libgprofng0 arm64 2.42-4ubuntu2.10 [776 kB]
Get:33 http://us-east-1.ec2.ports.ubuntu.com/ubuntu-ports noble-updates/main arm64 libubsan1 arm64 14.2.0-4ubuntu2~24.04.1 [1157 kB]
Get:11 http://us-east-1.ec2.ports.ubuntu.com/ubuntu-ports noble-updates/main arm64 binutils-aarch64-linux-gnu arm64 2.42-4ubuntu2.10 [3304 kB]
Get:34 http://us-east-1.ec2.ports.ubuntu.com/ubuntu-ports noble-updates/main arm64 libhwasan0 arm64 14.2.0-4ubuntu2~24.04.1 [1605 kB]
Created symlink /etc/systemd/system/multi-user.target.wants/containerd.service → /usr/lib/systemd/system/containerd.service.
Selecting previously unselected package libexpat1-dev:arm64.
Get:35 http://us-east-1.ec2.ports.ubuntu.com/ubuntu-ports noble-updates/main arm64 libgcc-13-dev arm64 13.3.0-6ubuntu2~24.04.1 [2473 kB]
Preparing to unpack .../77-libexpat1-dev_2.6.1-2ubuntu0.4_arm64.deb ...
Unpacking libexpat1-dev:arm64 (2.6.1-2ubuntu0.4) ...
Get:12 http://us-east-1.ec2.ports.ubuntu.com/ubuntu-ports noble-updates/main arm64 binutils arm64 2.42-4ubuntu2.10 [18.1 kB]
Get:13 http://us-east-1.ec2.ports.ubuntu.com/ubuntu-ports noble/main arm64 bridge-utils arm64 1.7.1-1ubuntu2 [34.2 kB]
Get:14 http://us-east-1.ec2.ports.ubuntu.com/ubuntu-ports noble-updates/main arm64 libc-dev-bin arm64 2.39-0ubuntu8.8 [19.7 kB]
Get:15 http://us-east-1.ec2.ports.ubuntu.com/ubuntu-ports noble-updates/main arm64 linux-libc-dev arm64 6.8.0-136.136 [1550 kB]
Selecting previously unselected package libfile-fcntllock-perl.
Preparing to unpack .../78-libfile-fcntllock-perl_0.22-4ubuntu5_arm64.deb ...
Get:16 http://us-east-1.ec2.ports.ubuntu.com/ubuntu-ports noble/main arm64 libcrypt-dev arm64 1:4.4.36-4build1 [118 kB]
Selecting previously unselected package libcrypt-dev:arm64.
Unpacking libfile-fcntllock-perl (0.22-4ubuntu5) ...
Get:17 http://us-east-1.ec2.ports.ubuntu.com/ubuntu-ports noble/main arm64 rpcsvc-proto arm64 1.4.2-0ubuntu7 [64.8 kB]
Get:18 http://us-east-1.ec2.ports.ubuntu.com/ubuntu-ports noble-updates/main arm64 libc6-dev arm64 2.39-0ubuntu8.8 [1596 kB]
Preparing to unpack .../13-libcrypt-dev_1%3a4.4.36-4build1_arm64.deb ...
Unpacking libcrypt-dev:arm64 (1:4.4.36-4build1) ...
Get:19 http://us-east-1.ec2.ports.ubuntu.com/ubuntu-ports noble-updates/main arm64 gcc-13-base arm64 13.3.0-6ubuntu2~24.04.1 [51.6 kB]
Get:20 http://us-east-1.ec2.ports.ubuntu.com/ubuntu-ports noble-updates/main arm64 libisl23 arm64 0.26-3build1.1 [669 kB]
Get:21 http://us-east-1.ec2.ports.ubuntu.com/ubuntu-ports noble-updates/main arm64 libmpc3 arm64 1.3.1-1build1.1 [56.4 kB]
Selecting previously unselected package libheif-plugin-aomenc:arm64.
Get:22 http://us-east-1.ec2.ports.ubuntu.com/ubuntu-ports noble-updates/main arm64 cpp-13-aarch64-linux-gnu arm64 13.3.0-6ubuntu2~24.04.1 [9560 kB]
Preparing to unpack .../79-libheif-plugin-aomenc_1.17.6-1ubuntu4.6_arm64.deb ...
Unpacking libheif-plugin-aomenc:arm64 (1.17.6-1ubuntu4.6) ...
Selecting previously unselected package rpcsvc-proto.
Preparing to unpack .../14-rpcsvc-proto_1.4.2-0ubuntu7_arm64.deb ...
Unpacking rpcsvc-proto (1.4.2-0ubuntu7) ...
Selecting previously unselected package libjs-jquery.
Preparing to unpack .../80-libjs-jquery_3.6.1+dfsg+~3.5.14-1_all.deb ...
Unpacking libjs-jquery (3.6.1+dfsg+~3.5.14-1) ...
Selecting previously unselected package libc6-dev:arm64.
Preparing to unpack .../15-libc6-dev_2.39-0ubuntu8.8_arm64.deb ...
Unpacking libc6-dev:arm64 (2.39-0ubuntu8.8) ...
Selecting previously unselected package libjs-underscore.
Get:23 http://us-east-1.ec2.ports.ubuntu.com/ubuntu-ports noble-updates/main arm64 cpp-13 arm64 13.3.0-6ubuntu2~24.04.1 [1038 B]
Get:24 http://us-east-1.ec2.ports.ubuntu.com/ubuntu-ports noble/main arm64 cpp-aarch64-linux-gnu arm64 4:13.2.0-7ubuntu1 [5316 B]
Get:25 http://us-east-1.ec2.ports.ubuntu.com/ubuntu-ports noble/main arm64 cpp arm64 4:13.2.0-7ubuntu1 [22.4 kB]
Preparing to unpack .../81-libjs-underscore_1.13.4~dfsg+~1.11.4-3_all.deb ...
Get:26 http://us-east-1.ec2.ports.ubuntu.com/ubuntu-ports noble-updates/main arm64 libcc1-0 arm64 14.2.0-4ubuntu2~24.04.1 [49.7 kB]
Get:27 http://us-east-1.ec2.ports.ubuntu.com/ubuntu-ports noble-updates/main arm64 libgomp1 arm64 14.2.0-4ubuntu2~24.04.1 [145 kB]
Get:28 http://us-east-1.ec2.ports.ubuntu.com/ubuntu-ports noble-updates/main arm64 libitm1 arm64 14.2.0-4ubuntu2~24.04.1 [28.2 kB]
Get:29 http://us-east-1.ec2.ports.ubuntu.com/ubuntu-ports noble-updates/main arm64 libatomic1 arm64 14.2.0-4ubuntu2~24.04.1 [11.6 kB]
Get:30 http://us-east-1.ec2.ports.ubuntu.com/ubuntu-ports noble-updates/main arm64 libasan8 arm64 14.2.0-4ubuntu2~24.04.1 [2928 kB]
Unpacking libjs-underscore (1.13.4~dfsg+~1.11.4-3) ...
Get:31 http://us-east-1.ec2.ports.ubuntu.com/ubuntu-ports noble-updates/main arm64 liblsan0 arm64 14.2.0-4ubuntu2~24.04.1 [1289 kB]
Get:32 http://us-east-1.ec2.ports.ubuntu.com/ubuntu-ports noble-updates/main arm64 libtsan2 arm64 14.2.0-4ubuntu2~24.04.1 [2697 kB]
Selecting previously unselected package libjs-sphinxdoc.
Preparing to unpack .../82-libjs-sphinxdoc_7.2.6-6_all.deb ...
Unpacking libjs-sphinxdoc (7.2.6-6) ...
Get:33 http://us-east-1.ec2.ports.ubuntu.com/ubuntu-ports noble-updates/main arm64 libubsan1 arm64 14.2.0-4ubuntu2~24.04.1 [1157 kB]
Get:34 http://us-east-1.ec2.ports.ubuntu.com/ubuntu-ports noble-updates/main arm64 libhwasan0 arm64 14.2.0-4ubuntu2~24.04.1 [1605 kB]
Get:35 http://us-east-1.ec2.ports.ubuntu.com/ubuntu-ports noble-updates/main arm64 libgcc-13-dev arm64 13.3.0-6ubuntu2~24.04.1 [2473 kB]
Get:36 http://us-east-1.ec2.ports.ubuntu.com/ubuntu-ports noble-updates/main arm64 gcc-13-aarch64-linux-gnu arm64 13.3.0-6ubuntu2~24.04.1 [18.7 MB]
Selecting previously unselected package gcc-13-base:arm64.
Preparing to unpack .../16-gcc-13-base_13.3.0-6ubuntu2~24.04.1_arm64.deb ...
Unpacking gcc-13-base:arm64 (13.3.0-6ubuntu2~24.04.1) ...
Selecting previously unselected package zlib1g-dev:arm64.
Preparing to unpack .../83-zlib1g-dev_1%3a1.3.dfsg-3.1ubuntu2.1_arm64.deb ...
Unpacking zlib1g-dev:arm64 (1:1.3.dfsg-3.1ubuntu2.1) ...
Selecting previously unselected package gcc-13.
Preparing to unpack .../34-gcc-13_13.3.0-6ubuntu2~24.04.1_arm64.deb ...
Unpacking gcc-13 (13.3.0-6ubuntu2~24.04.1) ...
Selecting previously unselected package gcc-aarch64-linux-gnu.
Preparing to unpack .../35-gcc-aarch64-linux-gnu_4%3a13.2.0-7ubuntu1_arm64.deb ...
Unpacking gcc-aarch64-linux-gnu (4:13.2.0-7ubuntu1) ...
Setting up linux-tools-common (6.8.0-136.136) ...
Selecting previously unselected package libisl23:arm64.
Selecting previously unselected package libpython3.12-dev:arm64.
Preparing to unpack .../84-libpython3.12-dev_3.12.3-1ubuntu0.15_arm64.deb ...
Selecting previously unselected package gcc.
Preparing to unpack .../17-libisl23_0.26-3build1.1_arm64.deb ...
Setting up libalgorithm-diff-xs-perl:arm64 (0.04-8build3) ...
Unpacking libpython3.12-dev:arm64 (3.12.3-1ubuntu0.15) ...
Unpacking libisl23:arm64 (0.26-3build1.1) ...
Preparing to unpack .../36-gcc_4%3a13.2.0-7ubuntu1_arm64.deb ...
Unpacking gcc (4:13.2.0-7ubuntu1) ...
Setting up libcc1-0:arm64 (14.2.0-4ubuntu2~24.04.1) ...
Setting up liblsan0:arm64 (14.2.0-4ubuntu2~24.04.1) ...
Setting up libitm1:arm64 (14.2.0-4ubuntu2~24.04.1) ...
Setting up libjs-underscore (1.13.4~dfsg+~1.11.4-3) ...
Selecting previously unselected package libstdc++-13-dev:arm64.
Preparing to unpack .../37-libstdc++-13-dev_13.3.0-6ubuntu2~24.04.1_arm64.deb ...
Setting up libalgorithm-merge-perl (0.08-5) ...
Unpacking libstdc++-13-dev:arm64 (13.3.0-6ubuntu2~24.04.1) ...
Setting up libctf0:arm64 (2.42-4ubuntu2.10) ...
Selecting previously unselected package libmpc3:arm64.
Setting up libjpeg8:arm64 (8c-2ubuntu11) ...
Preparing to unpack .../18-libmpc3_1.3.1-1build1.1_arm64.deb ...
Unpacking libmpc3:arm64 (1.3.1-1build1.1) ...
Setting up ubuntu-fan (0.12.16+24.04.1) ...
Selecting previously unselected package cpp-13-aarch64-linux-gnu.
Preparing to unpack .../19-cpp-13-aarch64-linux-gnu_13.3.0-6ubuntu2~24.04.1_arm64.deb ...
Unpacking cpp-13-aarch64-linux-gnu (13.3.0-6ubuntu2~24.04.1) ...
[22:02:07] [one-api] installing deps (bare base: docker + psutil; the rig is a prebuilt download, and each
[22:02:07] [one-api] gateway installs its OWN prereqs via gw_prereqs - no blanket build toolchain on every box)
Get:37 http://us-east-1.ec2.ports.ubuntu.com/ubuntu-ports noble-updates/main arm64 gcc-13 arm64 13.3.0-6ubuntu2~24.04.1 [484 kB]
Get:38 http://us-east-1.ec2.ports.ubuntu.com/ubuntu-ports noble/main arm64 gcc-aarch64-linux-gnu arm64 4:13.2.0-7ubuntu1 [1198 B]
Get:39 http://us-east-1.ec2.ports.ubuntu.com/ubuntu-ports noble/main arm64 gcc arm64 4:13.2.0-7ubuntu1 [5018 B]
Get:40 http://us-east-1.ec2.ports.ubuntu.com/ubuntu-ports noble-updates/main arm64 libstdc++-13-dev arm64 13.3.0-6ubuntu2~24.04.1 [2397 kB]
Get:41 http://us-east-1.ec2.ports.ubuntu.com/ubuntu-ports noble-updates/main arm64 g++-13-aarch64-linux-gnu arm64 13.3.0-6ubuntu2~24.04.1 [10.9 MB]
Get:36 http://us-east-1.ec2.ports.ubuntu.com/ubuntu-ports noble-updates/main arm64 gcc-13-aarch64-linux-gnu arm64 13.3.0-6ubuntu2~24.04.1 [18.7 MB]
Selecting previously unselected package libpython3-dev:arm64.
Preparing to unpack .../85-libpython3-dev_3.12.3-0ubuntu2.1_arm64.deb ...
Unpacking libpython3-dev:arm64 (3.12.3-0ubuntu2.1) ...
Created symlink /etc/systemd/system/multi-user.target.wants/ubuntu-fan.service → /usr/lib/systemd/system/ubuntu-fan.service.
Preparing to unpack .../86-linux-tools-common_6.8.0-136.136_all.deb ...
Selecting previously unselected package g++-13-aarch64-linux-gnu.
Preparing to unpack .../38-g++-13-aarch64-linux-gnu_13.3.0-6ubuntu2~24.04.1_arm64.deb ...
Unpacking linux-tools-common (6.8.0-136.136) over (6.8.0-134.134) ...
Unpacking g++-13-aarch64-linux-gnu (13.3.0-6ubuntu2~24.04.1) ...
Get:42 http://us-east-1.ec2.ports.ubuntu.com/ubuntu-ports noble-updates/main arm64 g++-13 arm64 13.3.0-6ubuntu2~24.04.1 [16.0 kB]
Get:43 http://us-east-1.ec2.ports.ubuntu.com/ubuntu-ports noble/main arm64 g++-aarch64-linux-gnu arm64 4:13.2.0-7ubuntu1 [962 B]
Get:44 http://us-east-1.ec2.ports.ubuntu.com/ubuntu-ports noble/main arm64 g++ arm64 4:13.2.0-7ubuntu1 [1082 B]
Get:45 http://us-east-1.ec2.ports.ubuntu.com/ubuntu-ports noble/main arm64 make arm64 4.3-4.1build2 [178 kB]
Get:46 http://us-east-1.ec2.ports.ubuntu.com/ubuntu-ports noble-updates/main arm64 libdpkg-perl all 1.22.6ubuntu6.6 [268 kB]
Get:47 http://us-east-1.ec2.ports.ubuntu.com/ubuntu-ports noble-updates/main arm64 bzip2 arm64 1.0.8-5.1build0.1 [34.0 kB]
Get:48 http://us-east-1.ec2.ports.ubuntu.com/ubuntu-ports noble/main arm64 lto-disabled-list all 47 [12.4 kB]
Get:49 http://us-east-1.ec2.ports.ubuntu.com/ubuntu-ports noble-updates/main arm64 dpkg-dev all 1.22.6ubuntu6.6 [1074 kB]
Selecting previously unselected package manpages-dev.
Get:50 http://us-east-1.ec2.ports.ubuntu.com/ubuntu-ports noble/main arm64 build-essential arm64 12.10ubuntu1 [4932 B]
Get:51 http://us-east-1.ec2.ports.ubuntu.com/ubuntu-ports noble-updates/main arm64 runc arm64 1.3.4-0ubuntu1~24.04.1 [8578 kB]
Preparing to unpack .../87-manpages-dev_6.7-2_all.deb ...
Unpacking manpages-dev (6.7-2) ...
Selecting previously unselected package cpp-13.
Preparing to unpack .../20-cpp-13_13.3.0-6ubuntu2~24.04.1_arm64.deb ...
Unpacking cpp-13 (13.3.0-6ubuntu2~24.04.1) ...
Selecting previously unselected package cpp-aarch64-linux-gnu.
Get:52 http://us-east-1.ec2.ports.ubuntu.com/ubuntu-ports noble-updates/main arm64 containerd arm64 2.2.1-0ubuntu1~24.04.3 [25.2 MB]
Preparing to unpack .../21-cpp-aarch64-linux-gnu_4%3a13.2.0-7ubuntu1_arm64.deb ...
Unpacking cpp-aarch64-linux-gnu (4:13.2.0-7ubuntu1) ...
Selecting previously unselected package cpp.
Preparing to unpack .../22-cpp_4%3a13.2.0-7ubuntu1_arm64.deb ...
Unpacking cpp (4:13.2.0-7ubuntu1) ...
Warning: Permanently added '3.82.13.197' (ED25519) to the list of known hosts.
Selecting previously unselected package libcc1-0:arm64.
Preparing to unpack .../23-libcc1-0_14.2.0-4ubuntu2~24.04.1_arm64.deb ...
Get:37 http://us-east-1.ec2.ports.ubuntu.com/ubuntu-ports noble-updates/main arm64 gcc-13 arm64 13.3.0-6ubuntu2~24.04.1 [484 kB]
Get:38 http://us-east-1.ec2.ports.ubuntu.com/ubuntu-ports noble/main arm64 gcc-aarch64-linux-gnu arm64 4:13.2.0-7ubuntu1 [1198 B]
Get:39 http://us-east-1.ec2.ports.ubuntu.com/ubuntu-ports noble/main arm64 gcc arm64 4:13.2.0-7ubuntu1 [5018 B]
Get:40 http://us-east-1.ec2.ports.ubuntu.com/ubuntu-ports noble-updates/main arm64 libstdc++-13-dev arm64 13.3.0-6ubuntu2~24.04.1 [2397 kB]
Get:41 http://us-east-1.ec2.ports.ubuntu.com/ubuntu-ports noble-updates/main arm64 g++-13-aarch64-linux-gnu arm64 13.3.0-6ubuntu2~24.04.1 [10.9 MB]
Selecting previously unselected package python3.12-dev.
Preparing to unpack .../88-python3.12-dev_3.12.3-1ubuntu0.15_arm64.deb ...
Unpacking python3.12-dev (3.12.3-1ubuntu0.15) ...
Selecting previously unselected package g++-13.
Preparing to unpack .../39-g++-13_13.3.0-6ubuntu2~24.04.1_arm64.deb ...
Unpacking g++-13 (13.3.0-6ubuntu2~24.04.1) ...
Setting up cpp-13-aarch64-linux-gnu (13.3.0-6ubuntu2~24.04.1) ...
Setting up fontconfig-config (2.15.0-1.1ubuntu2) ...
Unpacking libcc1-0:arm64 (14.2.0-4ubuntu2~24.04.1) ...
Selecting previously unselected package libgomp1:arm64.
Preparing to unpack .../24-libgomp1_14.2.0-4ubuntu2~24.04.1_arm64.deb ...
Selecting previously unselected package python3-dev.
Unpacking libgomp1:arm64 (14.2.0-4ubuntu2~24.04.1) ...
Selecting previously unselected package g++-aarch64-linux-gnu.
Preparing to unpack .../89-python3-dev_3.12.3-0ubuntu2.1_arm64.deb ...
Preparing to unpack .../40-g++-aarch64-linux-gnu_4%3a13.2.0-7ubuntu1_arm64.deb ...
Unpacking python3-dev (3.12.3-0ubuntu2.1) ...
Unpacking g++-aarch64-linux-gnu (4:13.2.0-7ubuntu1) ...
Selecting previously unselected package g++.
Selecting previously unselected package python3-wheel.
Preparing to unpack .../41-g++_4%3a13.2.0-7ubuntu1_arm64.deb ...
Selecting previously unselected package libitm1:arm64.
Preparing to unpack .../90-python3-wheel_0.42.0-2_all.deb ...
Unpacking g++ (4:13.2.0-7ubuntu1) ...
Preparing to unpack .../25-libitm1_14.2.0-4ubuntu2~24.04.1_arm64.deb ...
Unpacking python3-wheel (0.42.0-2) ...
Unpacking libitm1:arm64 (14.2.0-4ubuntu2~24.04.1) ...
Selecting previously unselected package make.
Preparing to unpack .../42-make_4.3-4.1build2_arm64.deb ...
Unpacking make (4.3-4.1build2) ...
Selecting previously unselected package python3-pip.
Preparing to unpack .../91-python3-pip_24.0+dfsg-1ubuntu1.3_all.deb ...
Selecting previously unselected package libatomic1:arm64.
Unpacking python3-pip (24.0+dfsg-1ubuntu1.3) ...
Preparing to unpack .../26-libatomic1_14.2.0-4ubuntu2~24.04.1_arm64.deb ...
Unpacking libatomic1:arm64 (14.2.0-4ubuntu2~24.04.1) ...
Selecting previously unselected package libdpkg-perl.
Preparing to unpack .../43-libdpkg-perl_1.22.6ubuntu6.6_all.deb ...
Setting up docker.io (29.1.3-0ubuntu3~24.04.2) ...
Unpacking libdpkg-perl (1.22.6ubuntu6.6) ...
Selecting previously unselected package libasan8:arm64.
Preparing to unpack .../27-libasan8_14.2.0-4ubuntu2~24.04.1_arm64.deb ...
Unpacking libasan8:arm64 (14.2.0-4ubuntu2~24.04.1) ...
Selecting previously unselected package bzip2.
Preparing to unpack .../44-bzip2_1.0.8-5.1build0.1_arm64.deb ...
Unpacking bzip2 (1.0.8-5.1build0.1) ...
Get:42 http://us-east-1.ec2.ports.ubuntu.com/ubuntu-ports noble-updates/main arm64 g++-13 arm64 13.3.0-6ubuntu2~24.04.1 [16.0 kB]
Get:43 http://us-east-1.ec2.ports.ubuntu.com/ubuntu-ports noble/main arm64 g++-aarch64-linux-gnu arm64 4:13.2.0-7ubuntu1 [962 B]
Get:44 http://us-east-1.ec2.ports.ubuntu.com/ubuntu-ports noble/main arm64 g++ arm64 4:13.2.0-7ubuntu1 [1082 B]
Get:45 http://us-east-1.ec2.ports.ubuntu.com/ubuntu-ports noble/main arm64 make arm64 4.3-4.1build2 [178 kB]
Get:46 http://us-east-1.ec2.ports.ubuntu.com/ubuntu-ports noble-updates/main arm64 libdpkg-perl all 1.22.6ubuntu6.6 [268 kB]
Get:47 http://us-east-1.ec2.ports.ubuntu.com/ubuntu-ports noble-updates/main arm64 bzip2 arm64 1.0.8-5.1build0.1 [34.0 kB]
Get:48 http://us-east-1.ec2.ports.ubuntu.com/ubuntu-ports noble/main arm64 lto-disabled-list all 47 [12.4 kB]
Get:49 http://us-east-1.ec2.ports.ubuntu.com/ubuntu-ports noble-updates/main arm64 dpkg-dev all 1.22.6ubuntu6.6 [1074 kB]
Selecting previously unselected package lto-disabled-list.
Selecting previously unselected package ubuntu-fan.
Preparing to unpack .../45-lto-disabled-list_47_all.deb ...
Unpacking lto-disabled-list (47) ...
Preparing to unpack .../92-ubuntu-fan_0.12.16+24.04.1_all.deb ...
Unpacking ubuntu-fan (0.12.16+24.04.1) ...
info: Selecting GID from range 100 to 999 ...
info: Adding group `docker' (GID 112) ...
Get:50 http://us-east-1.ec2.ports.ubuntu.com/ubuntu-ports noble/main arm64 build-essential arm64 12.10ubuntu1 [4932 B]
Get:51 http://us-east-1.ec2.ports.ubuntu.com/ubuntu-ports noble-updates/main arm64 runc arm64 1.3.4-0ubuntu1~24.04.1 [8578 kB]
Selecting previously unselected package dpkg-dev.
Preparing to unpack .../46-dpkg-dev_1.22.6ubuntu6.6_all.deb ...
Unpacking dpkg-dev (1.22.6ubuntu6.6) ...
Selecting previously unselected package liblsan0:arm64.
Preparing to unpack .../28-liblsan0_14.2.0-4ubuntu2~24.04.1_arm64.deb ...
Unpacking liblsan0:arm64 (14.2.0-4ubuntu2~24.04.1) ...
Setting up javascript-common (11+nmu1) ...
Setting up libsharpyuv0:arm64 (1.3.2-0.4build3) ...
Get:53 http://us-east-1.ec2.ports.ubuntu.com/ubuntu-ports noble-updates/main arm64 dns-root-data all 2024071801~ubuntu0.24.04.1 [5918 B]
Get:54 http://us-east-1.ec2.ports.ubuntu.com/ubuntu-ports noble-updates/main arm64 dnsmasq-base arm64 2.90-2ubuntu0.4 [367 kB]
Get:55 http://us-east-1.ec2.ports.ubuntu.com/ubuntu-ports noble-updates/universe arm64 docker.io arm64 29.1.3-0ubuntu3~24.04.2 [32.0 MB]
Setting up libaom3:arm64 (3.8.2-2ubuntu0.1) ...
Selecting previously unselected package libtsan2:arm64.
Preparing to unpack .../29-libtsan2_14.2.0-4ubuntu2~24.04.1_arm64.deb ...
Unpacking libtsan2:arm64 (14.2.0-4ubuntu2~24.04.1) ...
Setting up manpages-dev (6.7-2) ...
Created symlink /etc/systemd/system/multi-user.target.wants/docker.service → /usr/lib/systemd/system/docker.service.
Selecting previously unselected package build-essential.
Preparing to unpack .../47-build-essential_12.10ubuntu1_arm64.deb ...
Setting up lto-disabled-list (47) ...
Unpacking build-essential (12.10ubuntu1) ...
Setting up liblerc4:arm64 (4.0.0+ds-4ubuntu2) ...
Setting up libxpm4:arm64 (1:3.5.17-1ubuntu0.24.04.1) ...
Selecting previously unselected package runc.
Preparing to unpack .../48-runc_1.3.4-0ubuntu1~24.04.1_arm64.deb ...
Unpacking runc (1.3.4-0ubuntu1~24.04.1) ...
Get:52 http://us-east-1.ec2.ports.ubuntu.com/ubuntu-ports noble-updates/main arm64 containerd arm64 2.2.1-0ubuntu1~24.04.3 [25.2 MB]
Setting up libfile-fcntllock-perl (0.22-4ubuntu5) ...
Setting up libalgorithm-diff-perl (1.201-1) ...
Selecting previously unselected package libubsan1:arm64.
Preparing to unpack .../30-libubsan1_14.2.0-4ubuntu2~24.04.1_arm64.deb ...
Setting up binutils-common:arm64 (2.42-4ubuntu2.10) ...
Unpacking libubsan1:arm64 (14.2.0-4ubuntu2~24.04.1) ...
Created symlink /etc/systemd/system/sockets.target.wants/docker.socket → /usr/lib/systemd/system/docker.socket.
Setting up libdeflate0:arm64 (1.19-1build1.1) ...
Setting up linux-libc-dev:arm64 (6.8.0-136.136) ...
Setting up libctf-nobfd0:arm64 (2.42-4ubuntu2.10) ...
Setting up dnsmasq-base (2.90-2ubuntu0.4) ...
Selecting previously unselected package libhwasan0:arm64.
Preparing to unpack .../31-libhwasan0_14.2.0-4ubuntu2~24.04.1_arm64.deb ...
Unpacking libhwasan0:arm64 (14.2.0-4ubuntu2~24.04.1) ...
Setting up libgomp1:arm64 (14.2.0-4ubuntu2~24.04.1) ...
Setting up bzip2 (1.0.8-5.1build0.1) ...
Selecting previously unselected package libgcc-13-dev:arm64.
Setting up locales (2.39-0ubuntu8.8) ...
Preparing to unpack .../32-libgcc-13-dev_13.3.0-6ubuntu2~24.04.1_arm64.deb ...
Unpacking libgcc-13-dev:arm64 (13.3.0-6ubuntu2~24.04.1) ...
Selecting previously unselected package containerd.
Preparing to unpack .../49-containerd_2.2.1-0ubuntu1~24.04.3_arm64.deb ...
Unpacking containerd (2.2.1-0ubuntu1~24.04.3) ...
Selecting previously unselected package gcc-13-aarch64-linux-gnu.
Preparing to unpack .../33-gcc-13-aarch64-linux-gnu_13.3.0-6ubuntu2~24.04.1_arm64.deb ...
Unpacking gcc-13-aarch64-linux-gnu (13.3.0-6ubuntu2~24.04.1) ...
Get:56 http://us-east-1.ec2.ports.ubuntu.com/ubuntu-ports noble/main arm64 libfakeroot arm64 1.33-1 [32.5 kB]
Get:57 http://us-east-1.ec2.ports.ubuntu.com/ubuntu-ports noble/main arm64 fakeroot arm64 1.33-1 [66.9 kB]
Get:58 http://us-east-1.ec2.ports.ubuntu.com/ubuntu-ports noble/main arm64 fonts-dejavu-mono all 2.37-8 [502 kB]
Get:59 http://us-east-1.ec2.ports.ubuntu.com/ubuntu-ports noble/main arm64 fonts-dejavu-core all 2.37-8 [835 kB]
Get:60 http://us-east-1.ec2.ports.ubuntu.com/ubuntu-ports noble/main arm64 fontconfig-config arm64 2.15.0-1.1ubuntu2 [37.4 kB]
Get:61 http://us-east-1.ec2.ports.ubuntu.com/ubuntu-ports noble/main arm64 javascript-common all 11+nmu1 [5936 B]
Get:62 http://us-east-1.ec2.ports.ubuntu.com/ubuntu-ports noble/main arm64 libalgorithm-diff-perl all 1.201-1 [41.8 kB]
Get:63 http://us-east-1.ec2.ports.ubuntu.com/ubuntu-ports noble/main arm64 libalgorithm-diff-xs-perl arm64 0.04-8build3 [10.9 kB]
Get:64 http://us-east-1.ec2.ports.ubuntu.com/ubuntu-ports noble/main arm64 libalgorithm-merge-perl all 0.08-5 [11.4 kB]
Get:65 http://us-east-1.ec2.ports.ubuntu.com/ubuntu-ports noble-updates/main arm64 libaom3 arm64 3.8.2-2ubuntu0.1 [1617 kB]
[22:02:08] [plano] ip=100.31.247.94 - waiting for ssh
Fetched 37.7 MB in 4s (9247 kB/s)
Reading package lists...Get:66 http://us-east-1.ec2.ports.ubuntu.com/ubuntu-ports noble/main arm64 libfontconfig1 arm64 2.15.0-1.1ubuntu2 [142 kB]
Get:67 http://us-east-1.ec2.ports.ubuntu.com/ubuntu-ports noble/main arm64 libsharpyuv0 arm64 1.3.2-0.4build3 [14.5 kB]
Get:68 http://us-east-1.ec2.ports.ubuntu.com/ubuntu-ports noble-updates/main arm64 libheif-plugin-aomdec arm64 1.17.6-1ubuntu4.6 [11.1 kB]
Get:69 http://us-east-1.ec2.ports.ubuntu.com/ubuntu-ports noble-updates/main arm64 libheif1 arm64 1.17.6-1ubuntu4.6 [260 kB]
Get:70 http://us-east-1.ec2.ports.ubuntu.com/ubuntu-ports noble/main arm64 libjpeg-turbo8 arm64 2.1.5-2ubuntu2 [163 kB]
Get:71 http://us-east-1.ec2.ports.ubuntu.com/ubuntu-ports noble/main arm64 libjpeg8 arm64 8c-2ubuntu11 [2148 B]
Get:72 http://us-east-1.ec2.ports.ubuntu.com/ubuntu-ports noble-updates/main arm64 libdeflate0 arm64 1.19-1build1.1 [43.5 kB]
Get:73 http://us-east-1.ec2.ports.ubuntu.com/ubuntu-ports noble/main arm64 libjbig0 arm64 2.1-6.1ubuntu2 [29.3 kB]
Get:74 http://us-east-1.ec2.ports.ubuntu.com/ubuntu-ports noble/main arm64 liblerc4 arm64 4.0.0+ds-4ubuntu2 [154 kB]
Get:75 http://us-east-1.ec2.ports.ubuntu.com/ubuntu-ports noble/main arm64 libwebp7 arm64 1.3.2-0.4build3 [191 kB]
Get:76 http://us-east-1.ec2.ports.ubuntu.com/ubuntu-ports noble-updates/main arm64 libtiff6 arm64 4.5.1+git230720-4ubuntu2.5 [192 kB]
Get:77 http://us-east-1.ec2.ports.ubuntu.com/ubuntu-ports noble-updates/main arm64 libxpm4 arm64 1:3.5.17-1ubuntu0.24.04.1 [35.3 kB]
Get:78 http://us-east-1.ec2.ports.ubuntu.com/ubuntu-ports noble/main arm64 libgd3 arm64 2.3.3-9ubuntu5 [122 kB]
Get:79 http://us-east-1.ec2.ports.ubuntu.com/ubuntu-ports noble-updates/main arm64 libc-devtools arm64 2.39-0ubuntu8.8 [27.8 kB]
Get:80 http://us-east-1.ec2.ports.ubuntu.com/ubuntu-ports noble-updates/main arm64 libexpat1-dev arm64 2.6.1-2ubuntu0.4 [128 kB]
Get:81 http://us-east-1.ec2.ports.ubuntu.com/ubuntu-ports noble/main arm64 libfile-fcntllock-perl arm64 0.22-4ubuntu5 [30.6 kB]
Get:82 http://us-east-1.ec2.ports.ubuntu.com/ubuntu-ports noble-updates/main arm64 libheif-plugin-aomenc arm64 1.17.6-1ubuntu4.6 [13.7 kB]
Get:83 http://us-east-1.ec2.ports.ubuntu.com/ubuntu-ports noble/main arm64 libjs-jquery all 3.6.1+dfsg+~3.5.14-1 [328 kB]
Get:84 http://us-east-1.ec2.ports.ubuntu.com/ubuntu-ports noble/main arm64 libjs-underscore all 1.13.4~dfsg+~1.11.4-3 [118 kB]
Get:85 http://us-east-1.ec2.ports.ubuntu.com/ubuntu-ports noble/main arm64 libjs-sphinxdoc all 7.2.6-6 [149 kB]
Get:86 http://us-east-1.ec2.ports.ubuntu.com/ubuntu-ports noble-updates/main arm64 zlib1g-dev arm64 1:1.3.dfsg-3.1ubuntu2.1 [894 kB]
Get:87 http://us-east-1.ec2.ports.ubuntu.com/ubuntu-ports noble-updates/main arm64 libpython3.12-dev arm64 3.12.3-1ubuntu0.15 [5538 kB]
Hit:1 http://us-east-1.ec2.ports.ubuntu.com/ubuntu-ports noble InRelease
Get:2 http://us-east-1.ec2.ports.ubuntu.com/ubuntu-ports noble-updates InRelease [126 kB]
Get:3 http://us-east-1.ec2.ports.ubuntu.com/ubuntu-ports noble-backports InRelease [126 kB]
Get:4 http://ports.ubuntu.com/ubuntu-ports noble-security InRelease [126 kB]
Get:88 http://us-east-1.ec2.ports.ubuntu.com/ubuntu-ports noble-updates/main arm64 libpython3-dev arm64 3.12.3-0ubuntu2.1 [10.4 kB]
Get:89 http://us-east-1.ec2.ports.ubuntu.com/ubuntu-ports noble-updates/main arm64 linux-tools-common all 6.8.0-136.136 [416 kB]
Get:90 http://us-east-1.ec2.ports.ubuntu.com/ubuntu-ports noble/main arm64 manpages-dev all 6.7-2 [2013 kB]
Get:91 http://us-east-1.ec2.ports.ubuntu.com/ubuntu-ports noble-updates/main arm64 python3.12-dev arm64 3.12.3-1ubuntu0.15 [498 kB]
Get:92 http://us-east-1.ec2.ports.ubuntu.com/ubuntu-ports noble-updates/main arm64 python3-dev arm64 3.12.3-0ubuntu2.1 [26.7 kB]
Get:93 http://us-east-1.ec2.ports.ubuntu.com/ubuntu-ports noble/universe arm64 python3-wheel all 0.42.0-2 [53.1 kB]
Get:94 http://us-east-1.ec2.ports.ubuntu.com/ubuntu-ports noble-updates/universe arm64 python3-pip all 24.0+dfsg-1ubuntu1.3 [1320 kB]
Get:5 http://us-east-1.ec2.ports.ubuntu.com/ubuntu-ports noble/universe arm64 Packages [15.3 MB]
Generating locales (this might take a while)...
Get:95 http://us-east-1.ec2.ports.ubuntu.com/ubuntu-ports noble-updates/universe arm64 ubuntu-fan all 0.12.16+24.04.1 [34.2 kB]
  en_US.UTF-8...Setting up cpp-aarch64-linux-gnu (4:13.2.0-7ubuntu1) ...
Selecting previously unselected package gcc-13.
Preparing to unpack .../34-gcc-13_13.3.0-6ubuntu2~24.04.1_arm64.deb ...
Setting up libgprofng0:arm64 (2.42-4ubuntu2.10) ...
Unpacking gcc-13 (13.3.0-6ubuntu2~24.04.1) ...
Selecting previously unselected package gcc-aarch64-linux-gnu.
Preparing to unpack .../35-gcc-aarch64-linux-gnu_4%3a13.2.0-7ubuntu1_arm64.deb ...
Unpacking gcc-aarch64-linux-gnu (4:13.2.0-7ubuntu1) ...
Get:53 http://us-east-1.ec2.ports.ubuntu.com/ubuntu-ports noble-updates/main arm64 dns-root-data all 2024071801~ubuntu0.24.04.1 [5918 B]
Get:54 http://us-east-1.ec2.ports.ubuntu.com/ubuntu-ports noble-updates/main arm64 dnsmasq-base arm64 2.90-2ubuntu0.4 [367 kB]
Get:55 http://us-east-1.ec2.ports.ubuntu.com/ubuntu-ports noble-updates/universe arm64 docker.io arm64 29.1.3-0ubuntu3~24.04.2 [32.0 MB]
Setting up libjs-sphinxdoc (7.2.6-6) ...
Setting up libgcc-13-dev:arm64 (13.3.0-6ubuntu2~24.04.1) ...
Setting up libtiff6:arm64 (4.5.1+git230720-4ubuntu2.5) ...
Setting up libc6-dev:arm64 (2.39-0ubuntu8.8) ...
Setting up libstdc++-13-dev:arm64 (13.3.0-6ubuntu2~24.04.1) ...
Setting up cpp-13 (13.3.0-6ubuntu2~24.04.1) ...
Setting up binutils-aarch64-linux-gnu (2.42-4ubuntu2.10) ...
Setting up binutils (2.42-4ubuntu2.10) ...
Selecting previously unselected package gcc.
Preparing to unpack .../36-gcc_4%3a13.2.0-7ubuntu1_arm64.deb ...
Setting up gcc-13-aarch64-linux-gnu (13.3.0-6ubuntu2~24.04.1) ...
Unpacking gcc (4:13.2.0-7ubuntu1) ...
Setting up dpkg-dev (1.22.6ubuntu6.6) ...
Get:6 http://ports.ubuntu.com/ubuntu-ports noble-security/main arm64 Packages [940 kB]
Get:7 http://us-east-1.ec2.ports.ubuntu.com/ubuntu-ports noble/universe Translation-en [5982 kB]
Selecting previously unselected package libstdc++-13-dev:arm64.
Preparing to unpack .../37-libstdc++-13-dev_13.3.0-6ubuntu2~24.04.1_arm64.deb ...
Selecting previously unselected package dns-root-data.
Unpacking libstdc++-13-dev:arm64 (13.3.0-6ubuntu2~24.04.1) ...
Preparing to unpack .../50-dns-root-data_2024071801~ubuntu0.24.04.1_all.deb ...
Setting up libexpat1-dev:arm64 (2.6.1-2ubuntu0.4) ...
Setting up gcc-13 (13.3.0-6ubuntu2~24.04.1) ...
Setting up zlib1g-dev:arm64 (1:1.3.dfsg-3.1ubuntu2.1) ...
Get:8 http://us-east-1.ec2.ports.ubuntu.com/ubuntu-ports noble/universe arm64 Components [3573 kB]
Unpacking dns-root-data (2024071801~ubuntu0.24.04.1) ...
Setting up cpp (4:13.2.0-7ubuntu1) ...
Setting up g++-13-aarch64-linux-gnu (13.3.0-6ubuntu2~24.04.1) ...
Get:9 http://us-east-1.ec2.ports.ubuntu.com/ubuntu-ports noble/universe arm64 c-n-f Metadata [295 kB]
Get:10 http://us-east-1.ec2.ports.ubuntu.com/ubuntu-ports noble/multiverse arm64 Packages [223 kB]
Get:11 http://us-east-1.ec2.ports.ubuntu.com/ubuntu-ports noble/multiverse Translation-en [118 kB]
Get:12 http://us-east-1.ec2.ports.ubuntu.com/ubuntu-ports noble/multiverse arm64 Components [31.6 kB]
Get:13 http://us-east-1.ec2.ports.ubuntu.com/ubuntu-ports noble/multiverse arm64 c-n-f Metadata [7152 B]
Get:14 http://us-east-1.ec2.ports.ubuntu.com/ubuntu-ports noble-updates/main arm64 Packages [1190 kB]
Setting up gcc-aarch64-linux-gnu (4:13.2.0-7ubuntu1) ...
Get:15 http://us-east-1.ec2.ports.ubuntu.com/ubuntu-ports noble-updates/main Translation-en [278 kB]
Get:16 http://us-east-1.ec2.ports.ubuntu.com/ubuntu-ports noble-updates/main arm64 Components [178 kB]
Get:17 http://us-east-1.ec2.ports.ubuntu.com/ubuntu-ports noble-updates/universe arm64 Packages [1704 kB]
Selecting previously unselected package dnsmasq-base.
Get:18 http://ports.ubuntu.com/ubuntu-ports noble-security/main Translation-en [198 kB]
Preparing to unpack .../51-dnsmasq-base_2.90-2ubuntu0.4_arm64.deb ...
Get:19 http://ports.ubuntu.com/ubuntu-ports noble-security/main arm64 Components [43.3 kB]
Setting up g++-13 (13.3.0-6ubuntu2~24.04.1) ...
Unpacking dnsmasq-base (2.90-2ubuntu0.4) ...
Setting up libpython3.12-dev:arm64 (3.12.3-1ubuntu0.15) ...
Setting up gcc (4:13.2.0-7ubuntu1) ...
Get:20 http://ports.ubuntu.com/ubuntu-ports noble-security/main arm64 c-n-f Metadata [11.6 kB]
Get:21 http://ports.ubuntu.com/ubuntu-ports noble-security/universe arm64 Packages [1259 kB]
Get:22 http://us-east-1.ec2.ports.ubuntu.com/ubuntu-ports noble-updates/universe Translation-en [334 kB]
Get:23 http://us-east-1.ec2.ports.ubuntu.com/ubuntu-ports noble-updates/universe arm64 Components [387 kB]
Get:24 http://us-east-1.ec2.ports.ubuntu.com/ubuntu-ports noble-updates/universe arm64 c-n-f Metadata [33.5 kB]
Get:25 http://us-east-1.ec2.ports.ubuntu.com/ubuntu-ports noble-updates/restricted arm64 Packages [2036 kB]
Get:26 http://us-east-1.ec2.ports.ubuntu.com/ubuntu-ports noble-updates/restricted Translation-en [308 kB]
Get:27 http://us-east-1.ec2.ports.ubuntu.com/ubuntu-ports noble-updates/multiverse arm64 Packages [72.7 kB]
Get:28 http://us-east-1.ec2.ports.ubuntu.com/ubuntu-ports noble-updates/multiverse Translation-en [12.3 kB]
Get:29 http://us-east-1.ec2.ports.ubuntu.com/ubuntu-ports noble-updates/multiverse arm64 Components [212 B]
Get:30 http://us-east-1.ec2.ports.ubuntu.com/ubuntu-ports noble-updates/multiverse arm64 c-n-f Metadata [472 B]
Get:31 http://us-east-1.ec2.ports.ubuntu.com/ubuntu-ports noble-backports/main arm64 Packages [40.6 kB]
Get:32 http://us-east-1.ec2.ports.ubuntu.com/ubuntu-ports noble-backports/main Translation-en [9172 B]
Get:33 http://us-east-1.ec2.ports.ubuntu.com/ubuntu-ports noble-backports/main arm64 Components [3572 B]
Get:34 http://us-east-1.ec2.ports.ubuntu.com/ubuntu-ports noble-backports/main arm64 c-n-f Metadata [372 B]
Get:35 http://us-east-1.ec2.ports.ubuntu.com/ubuntu-ports noble-backports/universe arm64 Packages [32.7 kB]
Get:36 http://us-east-1.ec2.ports.ubuntu.com/ubuntu-ports noble-backports/universe Translation-en [18.6 kB]
Get:37 http://us-east-1.ec2.ports.ubuntu.com/ubuntu-ports noble-backports/universe arm64 Components [12.6 kB]
Get:38 http://us-east-1.ec2.ports.ubuntu.com/ubuntu-ports noble-backports/universe arm64 c-n-f Metadata [1592 B]
Setting up python3.12-dev (3.12.3-1ubuntu0.15) ...
Get:39 http://us-east-1.ec2.ports.ubuntu.com/ubuntu-ports noble-backports/restricted arm64 Components [212 B]
Get:40 http://us-east-1.ec2.ports.ubuntu.com/ubuntu-ports noble-backports/restricted arm64 c-n-f Metadata [116 B]
Get:41 http://us-east-1.ec2.ports.ubuntu.com/ubuntu-ports noble-backports/multiverse arm64 Packages [748 B]
Get:42 http://us-east-1.ec2.ports.ubuntu.com/ubuntu-ports noble-backports/multiverse Translation-en [340 B]
Get:43 http://us-east-1.ec2.ports.ubuntu.com/ubuntu-ports noble-backports/multiverse arm64 Components [212 B]
Get:44 http://us-east-1.ec2.ports.ubuntu.com/ubuntu-ports noble-backports/multiverse arm64 c-n-f Metadata [116 B]
Get:45 http://ports.ubuntu.com/ubuntu-ports noble-security/universe Translation-en [239 kB]
Setting up g++-aarch64-linux-gnu (4:13.2.0-7ubuntu1) ...
Selecting previously unselected package docker.io.
Get:46 http://ports.ubuntu.com/ubuntu-ports noble-security/universe arm64 Components [76.3 kB]
Setting up libpython3-dev:arm64 (3.12.3-0ubuntu2.1) ...
Preparing to unpack .../52-docker.io_29.1.3-0ubuntu3~24.04.2_arm64.deb ...
Get:47 http://ports.ubuntu.com/ubuntu-ports noble-security/universe arm64 c-n-f Metadata [23.7 kB]
Get:48 http://ports.ubuntu.com/ubuntu-ports noble-security/restricted arm64 Packages [1930 kB]
Unpacking docker.io (29.1.3-0ubuntu3~24.04.2) ...
Setting up python3-dev (3.12.3-0ubuntu2.1) ...
Setting up g++ (4:13.2.0-7ubuntu1) ...
Get:49 http://ports.ubuntu.com/ubuntu-ports noble-security/restricted Translation-en [290 kB]
update-alternatives: using /usr/bin/g++ to provide /usr/bin/c++ (c++) in auto mode
Get:50 http://ports.ubuntu.com/ubuntu-ports noble-security/restricted arm64 Components [212 B]
Get:51 http://ports.ubuntu.com/ubuntu-ports noble-security/restricted arm64 c-n-f Metadata [388 B]
Get:52 http://ports.ubuntu.com/ubuntu-ports noble-security/multiverse arm64 Packages [68.7 kB]
Get:53 http://ports.ubuntu.com/ubuntu-ports noble-security/multiverse Translation-en [10.6 kB]
Get:54 http://ports.ubuntu.com/ubuntu-ports noble-security/multiverse arm64 Components [208 B]
Get:55 http://ports.ubuntu.com/ubuntu-ports noble-security/multiverse arm64 c-n-f Metadata [456 B]
Setting up build-essential (12.10ubuntu1) ...
Setting up libheif-plugin-aomdec:arm64 (1.17.6-1ubuntu4.6) ...
Setting up libheif1:arm64 (1.17.6-1ubuntu4.6) ...
Selecting previously unselected package g++-13-aarch64-linux-gnu.
Setting up libheif-plugin-aomenc:arm64 (1.17.6-1ubuntu4.6) ...
Preparing to unpack .../38-g++-13-aarch64-linux-gnu_13.3.0-6ubuntu2~24.04.1_arm64.deb ...
Unpacking g++-13-aarch64-linux-gnu (13.3.0-6ubuntu2~24.04.1) ...
Processing triggers for libc-bin (2.39-0ubuntu8.8) ...
Processing triggers for man-db (2.12.0-4build2) ...
Preconfiguring packages ...
Fetched 155 MB in 2s (75.6 MB/s)
Selecting previously unselected package g++-13.
(Reading database ... Preparing to unpack .../39-g++-13_13.3.0-6ubuntu2~24.04.1_arm64.deb ...
Unpacking g++-13 (13.3.0-6ubuntu2~24.04.1) ...
(Reading database ... 5%(Reading database ... 10%(Reading database ... 15%(Reading database ... 20%(Reading database ... 25%(Reading database ... 30%(Reading database ... 35%(Reading database ... 40%(Reading database ... 45%(Reading database ... 50%(Reading database ... 55%Selecting previously unselected package g++-aarch64-linux-gnu.
Preparing to unpack .../40-g++-aarch64-linux-gnu_4%3a13.2.0-7ubuntu1_arm64.deb ...
Unpacking g++-aarch64-linux-gnu (4:13.2.0-7ubuntu1) ...
Selecting previously unselected package g++.
Preparing to unpack .../41-g++_4%3a13.2.0-7ubuntu1_arm64.deb ...
Unpacking g++ (4:13.2.0-7ubuntu1) ...
(Reading database ... 60%(Reading database ... 65%Selecting previously unselected package make.
Preparing to unpack .../42-make_4.3-4.1build2_arm64.deb ...
Unpacking make (4.3-4.1build2) ...
(Reading database ... 70%Selecting previously unselected package libdpkg-perl.
Preparing to unpack .../43-libdpkg-perl_1.22.6ubuntu6.6_all.deb ...
Unpacking libdpkg-perl (1.22.6ubuntu6.6) ...
(Reading database ... 75%(Reading database ... 80%Selecting previously unselected package bzip2.
Preparing to unpack .../44-bzip2_1.0.8-5.1build0.1_arm64.deb ...

Unpacking bzip2 (1.0.8-5.1build0.1) ...
(Reading database ... 85%Reading package lists...
Building dependency tree...Selecting previously unselected package lto-disabled-list.
Preparing to unpack .../45-lto-disabled-list_47_all.deb ...
Unpacking lto-disabled-list (47) ...
(Reading database ... 90%Selecting previously unselected package dpkg-dev.
Preparing to unpack .../46-dpkg-dev_1.22.6ubuntu6.6_all.deb ...
Unpacking dpkg-dev (1.22.6ubuntu6.6) ...
(Reading database ... 95%(Reading database ... 100%(Reading database ... 74109 files and directories currently installed.)
Preparing to unpack .../libc6_2.39-0ubuntu8.8_arm64.deb ...
Selecting previously unselected package libfakeroot:arm64.
Selecting previously unselected package build-essential.
Preparing to unpack .../53-libfakeroot_1.33-1_arm64.deb ...
Unpacking libfakeroot:arm64 (1.33-1) ...
Preparing to unpack .../47-build-essential_12.10ubuntu1_arm64.deb ...
Unpacking build-essential (12.10ubuntu1) ...
Selecting previously unselected package fakeroot.
Selecting previously unselected package runc.
Preparing to unpack .../54-fakeroot_1.33-1_arm64.deb ...
Unpacking libc6:arm64 (2.39-0ubuntu8.8) over (2.39-0ubuntu8.7) ...
Unpacking fakeroot (1.33-1) ...
Preparing to unpack .../48-runc_1.3.4-0ubuntu1~24.04.1_arm64.deb ...
Unpacking runc (1.3.4-0ubuntu1~24.04.1) ...
Selecting previously unselected package fonts-dejavu-mono.

Reading state information...
Preparing to unpack .../55-fonts-dejavu-mono_2.37-8_all.deb ...
Unpacking fonts-dejavu-mono (2.37-8) ...
Selecting previously unselected package fonts-dejavu-core.
Preparing to unpack .../56-fonts-dejavu-core_2.37-8_all.deb ...
Unpacking fonts-dejavu-core (2.37-8) ...
 done
Generation complete.
Setting up python3-wheel (0.42.0-2) ...
Selecting previously unselected package fontconfig-config.
Setting up libc6:arm64 (2.39-0ubuntu8.8) ...
Preparing to unpack .../57-fontconfig-config_2.15.0-1.1ubuntu2_arm64.deb ...
Selecting previously unselected package containerd.
Preparing to unpack .../49-containerd_2.2.1-0ubuntu1~24.04.3_arm64.deb ...
Unpacking containerd (2.2.1-0ubuntu1~24.04.3) ...
Unpacking fontconfig-config (2.15.0-1.1ubuntu2) ...
Setting up libjbig0:arm64 (2.1-6.1ubuntu2) ...
Setting up libsframe1:arm64 (2.42-4ubuntu2.10) ...
Setting up libfakeroot:arm64 (1.33-1) ...
Setting up runc (1.3.4-0ubuntu1~24.04.1) ...
Setting up dns-root-data (2024071801~ubuntu0.24.04.1) ...
Selecting previously unselected package javascript-common.
Preparing to unpack .../58-javascript-common_11+nmu1_all.deb ...
Setting up fakeroot (1.33-1) ...
Unpacking javascript-common (11+nmu1) ...
update-alternatives: using /usr/bin/fakeroot-sysv to provide /usr/bin/fakeroot (fakeroot) in auto mode
Selecting previously unselected package libalgorithm-diff-perl.
Preparing to unpack .../59-libalgorithm-diff-perl_1.201-1_all.deb ...
Unpacking libalgorithm-diff-perl (1.201-1) ...
Setting up rpcsvc-proto (1.4.2-0ubuntu7) ...
Setting up gcc-13-base:arm64 (13.3.0-6ubuntu2~24.04.1) ...
curl is already the newest version (8.5.0-2ubuntu10.11).
curl set to manually installed.
ca-certificates is already the newest version (20260601~24.04.1).
ca-certificates set to manually installed.
jq is already the newest version (1.7.1-3ubuntu0.24.04.2).
jq set to manually installed.
git is already the newest version (1:2.43.0-1ubuntu7.3).
git set to manually installed.
The following additional packages will be installed:
  binutils binutils-aarch64-linux-gnu binutils-common bridge-utils bzip2
  containerd cpp cpp-13 cpp-13-aarch64-linux-gnu cpp-aarch64-linux-gnu
  dns-root-data dnsmasq-base dpkg-dev fakeroot fontconfig-config
  fonts-dejavu-core fonts-dejavu-mono g++ g++-13 g++-13-aarch64-linux-gnu
  g++-aarch64-linux-gnu gcc gcc-13 gcc-13-aarch64-linux-gnu gcc-13-base
  gcc-aarch64-linux-gnu javascript-common libalgorithm-diff-perl
  libalgorithm-diff-xs-perl libalgorithm-merge-perl libaom3 libasan8
  libatomic1 libbinutils libc-bin libc-dev-bin libc-devtools libc6 libc6-dev
  libcc1-0 libcrypt-dev libctf-nobfd0 libctf0 libdeflate0 libdpkg-perl
  libexpat1-dev libfakeroot libfile-fcntllock-perl libfontconfig1
  libgcc-13-dev libgd3 libgomp1 libgprofng0 libheif-plugin-aomdec
Setting up make (4.3-4.1build2) ...
Selecting previously unselected package libalgorithm-diff-xs-perl:arm64.
Preparing to unpack .../60-libalgorithm-diff-xs-perl_0.04-8build3_arm64.deb ...
Setting up fonts-dejavu-mono (2.37-8) ...
Unpacking libalgorithm-diff-xs-perl:arm64 (0.04-8build3) ...
Selecting previously unselected package libalgorithm-merge-perl.
Preparing to unpack .../61-libalgorithm-merge-perl_0.08-5_all.deb ...
Unpacking libalgorithm-merge-perl (0.08-5) ...
Setting up libmpc3:arm64 (1.3.1-1build1.1) ...
  libheif-plugin-aomenc libheif1 libhwasan0 libisl23 libitm1 libjbig0
  libjpeg-turbo8 libjpeg8 libjs-jquery libjs-sphinxdoc libjs-underscore
  liblerc4 liblsan0 libmpc3 libpython3-dev libpython3.12-dev libsframe1
  libsharpyuv0 libstdc++-13-dev libtiff6 libtsan2 libubsan1 libwebp7 libxpm4
  linux-libc-dev linux-tools-common locales lto-disabled-list make
  manpages-dev pigz python3-dev python3-wheel python3.12-dev rpcsvc-proto runc
  ubuntu-fan zlib1g-dev
Suggested packages:
  binutils-doc gprofng-gui ifupdown bzip2-doc cpp-doc gcc-13-locales
  cpp-13-doc aufs-tools cgroupfs-mount | cgroup-lite debootstrap docker-buildx
  docker-compose-v2 docker-doc rinse zfs-fuse | zfsutils debian-keyring
  gcc-13-doc gcc-multilib autoconf automake libtool flex bison gdb gcc-doc
  gdb-aarch64-linux-gnu apache2 | lighttpd | httpd glibc-doc libnss-nis
  libnss-nisplus bzr libgd-tools libheif-plugin-libde265 libheif-plugin-x265
  libheif-plugin-ffmpegdec libheif-plugin-jpegdec libheif-plugin-jpegenc
  libheif-plugin-j2kdec libheif-plugin-j2kenc libheif-plugin-rav1e
  libheif-plugin-svtenc libstdc++-13-doc make-doc
The following NEW packages will be installed:
  binutils binutils-aarch64-linux-gnu binutils-common bridge-utils
  build-essential bzip2 containerd cpp cpp-13 cpp-13-aarch64-linux-gnu
  cpp-aarch64-linux-gnu dns-root-data dnsmasq-base docker.io dpkg-dev fakeroot
  fontconfig-config fonts-dejavu-core fonts-dejavu-mono g++ g++-13
  g++-13-aarch64-linux-gnu g++-aarch64-linux-gnu gcc gcc-13
  gcc-13-aarch64-linux-gnu gcc-13-base gcc-aarch64-linux-gnu javascript-common
  libalgorithm-diff-perl libalgorithm-diff-xs-perl libalgorithm-merge-perl
  libaom3 libasan8 libatomic1 libbinutils libc-dev-bin libc-devtools libc6-dev
  libcc1-0 libcrypt-dev libctf-nobfd0 libctf0 libdeflate0 libdpkg-perl
  libexpat1-dev libfakeroot libfile-fcntllock-perl libfontconfig1
Setting up libatomic1:arm64 (14.2.0-4ubuntu2~24.04.1) ...
  libgcc-13-dev libgd3 libgomp1 libgprofng0 libheif-plugin-aomdec
  libheif-plugin-aomenc libheif1 libhwasan0 libisl23 libitm1 libjbig0
  libjpeg-turbo8 libjpeg8 libjs-jquery libjs-sphinxdoc libjs-underscore
  liblerc4 liblsan0 libmpc3 libpython3-dev libpython3.12-dev libsframe1
  libsharpyuv0 libstdc++-13-dev libtiff6 libtsan2 libubsan1 libwebp7 libxpm4
  linux-libc-dev lto-disabled-list make manpages-dev pigz python3-dev
  python3-pip python3-wheel python3.12-dev rpcsvc-proto runc ubuntu-fan
  zlib1g-dev
The following packages will be upgraded:
  libc-bin libc6 linux-tools-common locales
(Reading database ... (Reading database ... 5%(Reading database ... 10%(Reading database ... 15%(Reading database ... 20%(Reading database ... 25%(Reading database ... 30%(Reading database ... 35%(Reading database ... 40%(Reading database ... 45%(Reading database ... 50%(Reading database ... 55%Setting up fonts-dejavu-core (2.37-8) ...
(Reading database ... 60%(Reading database ... 65%Selecting previously unselected package libaom3:arm64.
(Reading database ... 70%(Reading database ... 75%Preparing to unpack .../62-libaom3_3.8.2-2ubuntu0.1_arm64.deb ...
Unpacking libaom3:arm64 (3.8.2-2ubuntu0.1) ...
4 upgraded, 91 newly installed, 0 to remove and 30 not upgraded.
Need to get 155 MB of archives.
After this operation, 558 MB of additional disk space will be used.
Get:1 http://us-east-1.ec2.ports.ubuntu.com/ubuntu-ports noble-updates/main arm64 libc6 arm64 2.39-0ubuntu8.8 [2775 kB]
Setting up python3-pip (24.0+dfsg-1ubuntu1.3) ...
(Reading database ... 80%(Reading database ... 85%(Reading database ... 90%(Reading database ... 95%(Reading database ... 100%(Reading database ... 74109 files and directories currently installed.)
Preparing to unpack .../libc-bin_2.39-0ubuntu8.8_arm64.deb ...
Unpacking libc-bin (2.39-0ubuntu8.8) over (2.39-0ubuntu8.7) ...
[22:02:10] [plano] installing deps (bare base: docker + psutil; the rig is a prebuilt download, and each
[22:02:10] [plano] gateway installs its OWN prereqs via gw_prereqs - no blanket build toolchain on every box)
Selecting previously unselected package libfontconfig1:arm64.
Preparing to unpack .../63-libfontconfig1_2.15.0-1.1ubuntu2_arm64.deb ...
Unpacking libfontconfig1:arm64 (2.15.0-1.1ubuntu2) ...
Setting up libc-bin (2.39-0ubuntu8.8) ...
Selecting previously unselected package libsharpyuv0:arm64.
Preparing to unpack .../64-libsharpyuv0_1.3.2-0.4build3_arm64.deb ...
Unpacking libsharpyuv0:arm64 (1.3.2-0.4build3) ...
Selecting previously unselected package pigz.
(Reading database ... Get:2 http://us-east-1.ec2.ports.ubuntu.com/ubuntu-ports noble-updates/main arm64 libc-bin arm64 2.39-0ubuntu8.8 [591 kB]
Selecting previously unselected package libheif-plugin-aomdec:arm64.
Preparing to unpack .../65-libheif-plugin-aomdec_1.17.6-1ubuntu4.6_arm64.deb ...
Unpacking libheif-plugin-aomdec:arm64 (1.17.6-1ubuntu4.6) ...
(Reading database ... 5%(Reading database ... 10%(Reading database ... 15%(Reading database ... 20%(Reading database ... 25%(Reading database ... 30%(Reading database ... 35%(Reading database ... 40%(Reading database ... 45%(Reading database ... 50%(Reading database ... 55%(Reading database ... 60%(Reading database ... 65%(Reading database ... 70%(Reading database ... 75%(Reading database ... 80%(Reading database ... 85%(Reading database ... 90%(Reading database ... 95%(Reading database ... 100%Get:3 http://us-east-1.ec2.ports.ubuntu.com/ubuntu-ports noble/universe arm64 pigz arm64 2.8-1 [60.7 kB]
Get:4 http://us-east-1.ec2.ports.ubuntu.com/ubuntu-ports noble-updates/main arm64 locales all 2.39-0ubuntu8.8 [4231 kB]
Selecting previously unselected package libheif1:arm64.
Selecting previously unselected package dns-root-data.
Preparing to unpack .../66-libheif1_1.17.6-1ubuntu4.6_arm64.deb ...
Preparing to unpack .../50-dns-root-data_2024071801~ubuntu0.24.04.1_all.deb ...
Unpacking dns-root-data (2024071801~ubuntu0.24.04.1) ...
Unpacking libheif1:arm64 (1.17.6-1ubuntu4.6) ...
Selecting previously unselected package libjpeg-turbo8:arm64.
Selecting previously unselected package dnsmasq-base.
(Reading database ... 74109 files and directories currently installed.)
Preparing to unpack .../00-pigz_2.8-1_arm64.deb ...
Unpacking pigz (2.8-1) ...
Preparing to unpack .../01-locales_2.39-0ubuntu8.8_all.deb ...
Unpacking locales (2.39-0ubuntu8.8) over (2.39-0ubuntu8.7) ...
Preparing to unpack .../67-libjpeg-turbo8_2.1.5-2ubuntu2_arm64.deb ...
Preparing to unpack .../51-dnsmasq-base_2.90-2ubuntu0.4_arm64.deb ...
Unpacking libjpeg-turbo8:arm64 (2.1.5-2ubuntu2) ...
Unpacking dnsmasq-base (2.90-2ubuntu0.4) ...
Selecting previously unselected package libjpeg8:arm64.
Preparing to unpack .../68-libjpeg8_8c-2ubuntu11_arm64.deb ...
Unpacking libjpeg8:arm64 (8c-2ubuntu11) ...
Selecting previously unselected package docker.io.
Preparing to unpack .../52-docker.io_29.1.3-0ubuntu3~24.04.2_arm64.deb ...
Unpacking docker.io (29.1.3-0ubuntu3~24.04.2) ...
Selecting previously unselected package libdeflate0:arm64.
Preparing to unpack .../69-libdeflate0_1.19-1build1.1_arm64.deb ...
Unpacking libdeflate0:arm64 (1.19-1build1.1) ...
Selecting previously unselected package libjbig0:arm64.
Selecting previously unselected package binutils-common:arm64.
Preparing to unpack .../70-libjbig0_2.1-6.1ubuntu2_arm64.deb ...
Unpacking libjbig0:arm64 (2.1-6.1ubuntu2) ...
Preparing to unpack .../02-binutils-common_2.42-4ubuntu2.10_arm64.deb ...
Unpacking binutils-common:arm64 (2.42-4ubuntu2.10) ...
Warning: Permanently added '100.31.247.94' (ED25519) to the list of known hosts.
Selecting previously unselected package liblerc4:arm64.
Preparing to unpack .../71-liblerc4_4.0.0+ds-4ubuntu2_arm64.deb ...
Unpacking liblerc4:arm64 (4.0.0+ds-4ubuntu2) ...
Selecting previously unselected package libsframe1:arm64.
Preparing to unpack .../03-libsframe1_2.42-4ubuntu2.10_arm64.deb ...
Unpacking libsframe1:arm64 (2.42-4ubuntu2.10) ...
Selecting previously unselected package libwebp7:arm64.
Preparing to unpack .../72-libwebp7_1.3.2-0.4build3_arm64.deb ...
Unpacking libwebp7:arm64 (1.3.2-0.4build3) ...
Selecting previously unselected package libbinutils:arm64.
Preparing to unpack .../04-libbinutils_2.42-4ubuntu2.10_arm64.deb ...
Unpacking libbinutils:arm64 (2.42-4ubuntu2.10) ...
Selecting previously unselected package libtiff6:arm64.
Preparing to unpack .../73-libtiff6_4.5.1+git230720-4ubuntu2.5_arm64.deb ...
Unpacking libtiff6:arm64 (4.5.1+git230720-4ubuntu2.5) ...
Selecting previously unselected package libxpm4:arm64.
Preparing to unpack .../74-libxpm4_1%3a3.5.17-1ubuntu0.24.04.1_arm64.deb ...
Selecting previously unselected package libctf-nobfd0:arm64.
Unpacking libxpm4:arm64 (1:3.5.17-1ubuntu0.24.04.1) ...
Preparing to unpack .../05-libctf-nobfd0_2.42-4ubuntu2.10_arm64.deb ...
Unpacking libctf-nobfd0:arm64 (2.42-4ubuntu2.10) ...
Selecting previously unselected package libgd3:arm64.
Preparing to unpack .../75-libgd3_2.3.3-9ubuntu5_arm64.deb ...
Unpacking libgd3:arm64 (2.3.3-9ubuntu5) ...
Selecting previously unselected package libctf0:arm64.
Preparing to unpack .../06-libctf0_2.42-4ubuntu2.10_arm64.deb ...
Unpacking libctf0:arm64 (2.42-4ubuntu2.10) ...
Selecting previously unselected package libc-devtools.
Preparing to unpack .../76-libc-devtools_2.39-0ubuntu8.8_arm64.deb ...
Unpacking libc-devtools (2.39-0ubuntu8.8) ...
Get:5 http://us-east-1.ec2.ports.ubuntu.com/ubuntu-ports noble-updates/main arm64 binutils-common arm64 2.42-4ubuntu2.10 [240 kB]
Get:6 http://us-east-1.ec2.ports.ubuntu.com/ubuntu-ports noble-updates/main arm64 libsframe1 arm64 2.42-4ubuntu2.10 [15.4 kB]
Get:7 http://us-east-1.ec2.ports.ubuntu.com/ubuntu-ports noble-updates/main arm64 libbinutils arm64 2.42-4ubuntu2.10 [766 kB]
Selecting previously unselected package libexpat1-dev:arm64.
Preparing to unpack .../77-libexpat1-dev_2.6.1-2ubuntu0.4_arm64.deb ...
Unpacking libexpat1-dev:arm64 (2.6.1-2ubuntu0.4) ...
Get:8 http://us-east-1.ec2.ports.ubuntu.com/ubuntu-ports noble-updates/main arm64 libctf-nobfd0 arm64 2.42-4ubuntu2.10 [101 kB]
Get:9 http://us-east-1.ec2.ports.ubuntu.com/ubuntu-ports noble-updates/main arm64 libctf0 arm64 2.42-4ubuntu2.10 [95.7 kB]
Get:10 http://us-east-1.ec2.ports.ubuntu.com/ubuntu-ports noble-updates/main arm64 libgprofng0 arm64 2.42-4ubuntu2.10 [776 kB]
Get:11 http://us-east-1.ec2.ports.ubuntu.com/ubuntu-ports noble-updates/main arm64 binutils-aarch64-linux-gnu arm64 2.42-4ubuntu2.10 [3304 kB]
Selecting previously unselected package libgprofng0:arm64.
Preparing to unpack .../07-libgprofng0_2.42-4ubuntu2.10_arm64.deb ...
Unpacking libgprofng0:arm64 (2.42-4ubuntu2.10) ...
Get:56 http://us-east-1.ec2.ports.ubuntu.com/ubuntu-ports noble/main arm64 libfakeroot arm64 1.33-1 [32.5 kB]
Get:57 http://us-east-1.ec2.ports.ubuntu.com/ubuntu-ports noble/main arm64 fakeroot arm64 1.33-1 [66.9 kB]
Get:58 http://us-east-1.ec2.ports.ubuntu.com/ubuntu-ports noble/main arm64 fonts-dejavu-mono all 2.37-8 [502 kB]
Get:59 http://us-east-1.ec2.ports.ubuntu.com/ubuntu-ports noble/main arm64 fonts-dejavu-core all 2.37-8 [835 kB]
Get:12 http://us-east-1.ec2.ports.ubuntu.com/ubuntu-ports noble-updates/main arm64 binutils arm64 2.42-4ubuntu2.10 [18.1 kB]
Get:13 http://us-east-1.ec2.ports.ubuntu.com/ubuntu-ports noble/main arm64 bridge-utils arm64 1.7.1-1ubuntu2 [34.2 kB]
Selecting previously unselected package libfile-fcntllock-perl.
Get:14 http://us-east-1.ec2.ports.ubuntu.com/ubuntu-ports noble-updates/main arm64 libc-dev-bin arm64 2.39-0ubuntu8.8 [19.7 kB]
Get:60 http://us-east-1.ec2.ports.ubuntu.com/ubuntu-ports noble/main arm64 fontconfig-config arm64 2.15.0-1.1ubuntu2 [37.4 kB]
Get:61 http://us-east-1.ec2.ports.ubuntu.com/ubuntu-ports noble/main arm64 javascript-common all 11+nmu1 [5936 B]
Get:62 http://us-east-1.ec2.ports.ubuntu.com/ubuntu-ports noble/main arm64 libalgorithm-diff-perl all 1.201-1 [41.8 kB]
Get:63 http://us-east-1.ec2.ports.ubuntu.com/ubuntu-ports noble/main arm64 libalgorithm-diff-xs-perl arm64 0.04-8build3 [10.9 kB]
Get:64 http://us-east-1.ec2.ports.ubuntu.com/ubuntu-ports noble/main arm64 libalgorithm-merge-perl all 0.08-5 [11.4 kB]
Get:65 http://us-east-1.ec2.ports.ubuntu.com/ubuntu-ports noble-updates/main arm64 libaom3 arm64 3.8.2-2ubuntu0.1 [1617 kB]
Preparing to unpack .../78-libfile-fcntllock-perl_0.22-4ubuntu5_arm64.deb ...
Unpacking libfile-fcntllock-perl (0.22-4ubuntu5) ...
Selecting previously unselected package binutils-aarch64-linux-gnu.
Preparing to unpack .../08-binutils-aarch64-linux-gnu_2.42-4ubuntu2.10_arm64.deb ...
Unpacking binutils-aarch64-linux-gnu (2.42-4ubuntu2.10) ...
Selecting previously unselected package libheif-plugin-aomenc:arm64.
Preparing to unpack .../79-libheif-plugin-aomenc_1.17.6-1ubuntu4.6_arm64.deb ...
Unpacking libheif-plugin-aomenc:arm64 (1.17.6-1ubuntu4.6) ...
Get:15 http://us-east-1.ec2.ports.ubuntu.com/ubuntu-ports noble-updates/main arm64 linux-libc-dev arm64 6.8.0-136.136 [1550 kB]
Get:16 http://us-east-1.ec2.ports.ubuntu.com/ubuntu-ports noble/main arm64 libcrypt-dev arm64 1:4.4.36-4build1 [118 kB]
Get:17 http://us-east-1.ec2.ports.ubuntu.com/ubuntu-ports noble/main arm64 rpcsvc-proto arm64 1.4.2-0ubuntu7 [64.8 kB]
Get:18 http://us-east-1.ec2.ports.ubuntu.com/ubuntu-ports noble-updates/main arm64 libc6-dev arm64 2.39-0ubuntu8.8 [1596 kB]
Get:19 http://us-east-1.ec2.ports.ubuntu.com/ubuntu-ports noble-updates/main arm64 gcc-13-base arm64 13.3.0-6ubuntu2~24.04.1 [51.6 kB]
Get:20 http://us-east-1.ec2.ports.ubuntu.com/ubuntu-ports noble-updates/main arm64 libisl23 arm64 0.26-3build1.1 [669 kB]
Get:21 http://us-east-1.ec2.ports.ubuntu.com/ubuntu-ports noble-updates/main arm64 libmpc3 arm64 1.3.1-1build1.1 [56.4 kB]
Get:22 http://us-east-1.ec2.ports.ubuntu.com/ubuntu-ports noble-updates/main arm64 cpp-13-aarch64-linux-gnu arm64 13.3.0-6ubuntu2~24.04.1 [9560 kB]
Get:66 http://us-east-1.ec2.ports.ubuntu.com/ubuntu-ports noble/main arm64 libfontconfig1 arm64 2.15.0-1.1ubuntu2 [142 kB]
Get:67 http://us-east-1.ec2.ports.ubuntu.com/ubuntu-ports noble/main arm64 libsharpyuv0 arm64 1.3.2-0.4build3 [14.5 kB]
Get:68 http://us-east-1.ec2.ports.ubuntu.com/ubuntu-ports noble-updates/main arm64 libheif-plugin-aomdec arm64 1.17.6-1ubuntu4.6 [11.1 kB]
Get:69 http://us-east-1.ec2.ports.ubuntu.com/ubuntu-ports noble-updates/main arm64 libheif1 arm64 1.17.6-1ubuntu4.6 [260 kB]
Get:70 http://us-east-1.ec2.ports.ubuntu.com/ubuntu-ports noble/main arm64 libjpeg-turbo8 arm64 2.1.5-2ubuntu2 [163 kB]
Get:71 http://us-east-1.ec2.ports.ubuntu.com/ubuntu-ports noble/main arm64 libjpeg8 arm64 8c-2ubuntu11 [2148 B]
Get:72 http://us-east-1.ec2.ports.ubuntu.com/ubuntu-ports noble-updates/main arm64 libdeflate0 arm64 1.19-1build1.1 [43.5 kB]
Get:73 http://us-east-1.ec2.ports.ubuntu.com/ubuntu-ports noble/main arm64 libjbig0 arm64 2.1-6.1ubuntu2 [29.3 kB]
Get:74 http://us-east-1.ec2.ports.ubuntu.com/ubuntu-ports noble/main arm64 liblerc4 arm64 4.0.0+ds-4ubuntu2 [154 kB]
Get:75 http://us-east-1.ec2.ports.ubuntu.com/ubuntu-ports noble/main arm64 libwebp7 arm64 1.3.2-0.4build3 [191 kB]
Get:76 http://us-east-1.ec2.ports.ubuntu.com/ubuntu-ports noble-updates/main arm64 libtiff6 arm64 4.5.1+git230720-4ubuntu2.5 [192 kB]
Get:77 http://us-east-1.ec2.ports.ubuntu.com/ubuntu-ports noble-updates/main arm64 libxpm4 arm64 1:3.5.17-1ubuntu0.24.04.1 [35.3 kB]
Get:78 http://us-east-1.ec2.ports.ubuntu.com/ubuntu-ports noble/main arm64 libgd3 arm64 2.3.3-9ubuntu5 [122 kB]
Get:79 http://us-east-1.ec2.ports.ubuntu.com/ubuntu-ports noble-updates/main arm64 libc-devtools arm64 2.39-0ubuntu8.8 [27.8 kB]
Get:80 http://us-east-1.ec2.ports.ubuntu.com/ubuntu-ports noble-updates/main arm64 libexpat1-dev arm64 2.6.1-2ubuntu0.4 [128 kB]
Get:81 http://us-east-1.ec2.ports.ubuntu.com/ubuntu-ports noble/main arm64 libfile-fcntllock-perl arm64 0.22-4ubuntu5 [30.6 kB]
Get:82 http://us-east-1.ec2.ports.ubuntu.com/ubuntu-ports noble-updates/main arm64 libheif-plugin-aomenc arm64 1.17.6-1ubuntu4.6 [13.7 kB]
Get:83 http://us-east-1.ec2.ports.ubuntu.com/ubuntu-ports noble/main arm64 libjs-jquery all 3.6.1+dfsg+~3.5.14-1 [328 kB]
Get:84 http://us-east-1.ec2.ports.ubuntu.com/ubuntu-ports noble/main arm64 libjs-underscore all 1.13.4~dfsg+~1.11.4-3 [118 kB]
Get:85 http://us-east-1.ec2.ports.ubuntu.com/ubuntu-ports noble/main arm64 libjs-sphinxdoc all 7.2.6-6 [149 kB]
Selecting previously unselected package libjs-jquery.
Get:86 http://us-east-1.ec2.ports.ubuntu.com/ubuntu-ports noble-updates/main arm64 zlib1g-dev arm64 1:1.3.dfsg-3.1ubuntu2.1 [894 kB]
Preparing to unpack .../80-libjs-jquery_3.6.1+dfsg+~3.5.14-1_all.deb ...
Get:87 http://us-east-1.ec2.ports.ubuntu.com/ubuntu-ports noble-updates/main arm64 libpython3.12-dev arm64 3.12.3-1ubuntu0.15 [5538 kB]
Unpacking libjs-jquery (3.6.1+dfsg+~3.5.14-1) ...
Selecting previously unselected package libjs-underscore.
Preparing to unpack .../81-libjs-underscore_1.13.4~dfsg+~1.11.4-3_all.deb ...
Unpacking libjs-underscore (1.13.4~dfsg+~1.11.4-3) ...
Selecting previously unselected package binutils.
Preparing to unpack .../09-binutils_2.42-4ubuntu2.10_arm64.deb ...
Unpacking binutils (2.42-4ubuntu2.10) ...
Get:88 http://us-east-1.ec2.ports.ubuntu.com/ubuntu-ports noble-updates/main arm64 libpython3-dev arm64 3.12.3-0ubuntu2.1 [10.4 kB]
Get:89 http://us-east-1.ec2.ports.ubuntu.com/ubuntu-ports noble-updates/main arm64 linux-tools-common all 6.8.0-136.136 [416 kB]
Selecting previously unselected package libjs-sphinxdoc.
Get:90 http://us-east-1.ec2.ports.ubuntu.com/ubuntu-ports noble/main arm64 manpages-dev all 6.7-2 [2013 kB]
Preparing to unpack .../82-libjs-sphinxdoc_7.2.6-6_all.deb ...
Unpacking libjs-sphinxdoc (7.2.6-6) ...
Get:91 http://us-east-1.ec2.ports.ubuntu.com/ubuntu-ports noble-updates/main arm64 python3.12-dev arm64 3.12.3-1ubuntu0.15 [498 kB]
Get:92 http://us-east-1.ec2.ports.ubuntu.com/ubuntu-ports noble-updates/main arm64 python3-dev arm64 3.12.3-0ubuntu2.1 [26.7 kB]
Get:93 http://us-east-1.ec2.ports.ubuntu.com/ubuntu-ports noble/universe arm64 python3-wheel all 0.42.0-2 [53.1 kB]
Get:94 http://us-east-1.ec2.ports.ubuntu.com/ubuntu-ports noble-updates/universe arm64 python3-pip all 24.0+dfsg-1ubuntu1.3 [1320 kB]
Selecting previously unselected package bridge-utils.
Get:95 http://us-east-1.ec2.ports.ubuntu.com/ubuntu-ports noble-updates/universe arm64 ubuntu-fan all 0.12.16+24.04.1 [34.2 kB]
Preparing to unpack .../10-bridge-utils_1.7.1-1ubuntu2_arm64.deb ...
Selecting previously unselected package zlib1g-dev:arm64.
Unpacking bridge-utils (1.7.1-1ubuntu2) ...
Preparing to unpack .../83-zlib1g-dev_1%3a1.3.dfsg-3.1ubuntu2.1_arm64.deb ...
Unpacking zlib1g-dev:arm64 (1:1.3.dfsg-3.1ubuntu2.1) ...
Get:23 http://us-east-1.ec2.ports.ubuntu.com/ubuntu-ports noble-updates/main arm64 cpp-13 arm64 13.3.0-6ubuntu2~24.04.1 [1038 B]
Get:24 http://us-east-1.ec2.ports.ubuntu.com/ubuntu-ports noble/main arm64 cpp-aarch64-linux-gnu arm64 4:13.2.0-7ubuntu1 [5316 B]
Get:25 http://us-east-1.ec2.ports.ubuntu.com/ubuntu-ports noble/main arm64 cpp arm64 4:13.2.0-7ubuntu1 [22.4 kB]
Get:26 http://us-east-1.ec2.ports.ubuntu.com/ubuntu-ports noble-updates/main arm64 libcc1-0 arm64 14.2.0-4ubuntu2~24.04.1 [49.7 kB]
Get:27 http://us-east-1.ec2.ports.ubuntu.com/ubuntu-ports noble-updates/main arm64 libgomp1 arm64 14.2.0-4ubuntu2~24.04.1 [145 kB]
Get:28 http://us-east-1.ec2.ports.ubuntu.com/ubuntu-ports noble-updates/main arm64 libitm1 arm64 14.2.0-4ubuntu2~24.04.1 [28.2 kB]
Get:29 http://us-east-1.ec2.ports.ubuntu.com/ubuntu-ports noble-updates/main arm64 libatomic1 arm64 14.2.0-4ubuntu2~24.04.1 [11.6 kB]
Get:30 http://us-east-1.ec2.ports.ubuntu.com/ubuntu-ports noble-updates/main arm64 libasan8 arm64 14.2.0-4ubuntu2~24.04.1 [2928 kB]
Selecting previously unselected package libpython3.12-dev:arm64.
Selecting previously unselected package libc-dev-bin.
Preparing to unpack .../84-libpython3.12-dev_3.12.3-1ubuntu0.15_arm64.deb ...
Preparing to unpack .../11-libc-dev-bin_2.39-0ubuntu8.8_arm64.deb ...
Unpacking libpython3.12-dev:arm64 (3.12.3-1ubuntu0.15) ...
Unpacking libc-dev-bin (2.39-0ubuntu8.8) ...
Get:31 http://us-east-1.ec2.ports.ubuntu.com/ubuntu-ports noble-updates/main arm64 liblsan0 arm64 14.2.0-4ubuntu2~24.04.1 [1289 kB]
Get:32 http://us-east-1.ec2.ports.ubuntu.com/ubuntu-ports noble-updates/main arm64 libtsan2 arm64 14.2.0-4ubuntu2~24.04.1 [2697 kB]
Selecting previously unselected package linux-libc-dev:arm64.
Preparing to unpack .../12-linux-libc-dev_6.8.0-136.136_arm64.deb ...
Get:33 http://us-east-1.ec2.ports.ubuntu.com/ubuntu-ports noble-updates/main arm64 libubsan1 arm64 14.2.0-4ubuntu2~24.04.1 [1157 kB]
Unpacking linux-libc-dev:arm64 (6.8.0-136.136) ...
Selecting previously unselected package libfakeroot:arm64.
Get:34 http://us-east-1.ec2.ports.ubuntu.com/ubuntu-ports noble-updates/main arm64 libhwasan0 arm64 14.2.0-4ubuntu2~24.04.1 [1605 kB]
Preparing to unpack .../53-libfakeroot_1.33-1_arm64.deb ...
Get:35 http://us-east-1.ec2.ports.ubuntu.com/ubuntu-ports noble-updates/main arm64 libgcc-13-dev arm64 13.3.0-6ubuntu2~24.04.1 [2473 kB]
Unpacking libfakeroot:arm64 (1.33-1) ...
Get:36 http://us-east-1.ec2.ports.ubuntu.com/ubuntu-ports noble-updates/main arm64 gcc-13-aarch64-linux-gnu arm64 13.3.0-6ubuntu2~24.04.1 [18.7 MB]
Selecting previously unselected package fakeroot.
Preparing to unpack .../54-fakeroot_1.33-1_arm64.deb ...
Unpacking fakeroot (1.33-1) ...
Selecting previously unselected package libpython3-dev:arm64.
Setting up libjpeg-turbo8:arm64 (2.1.5-2ubuntu2) ...
Selecting previously unselected package fonts-dejavu-mono.
Preparing to unpack .../85-libpython3-dev_3.12.3-0ubuntu2.1_arm64.deb ...
Unpacking libpython3-dev:arm64 (3.12.3-0ubuntu2.1) ...
Preparing to unpack .../55-fonts-dejavu-mono_2.37-8_all.deb ...
Setting up bridge-utils (1.7.1-1ubuntu2) ...
Unpacking fonts-dejavu-mono (2.37-8) ...
Selecting previously unselected package fonts-dejavu-core.
Preparing to unpack .../86-linux-tools-common_6.8.0-136.136_all.deb ...
Unpacking linux-tools-common (6.8.0-136.136) over (6.8.0-134.134) ...
Selecting previously unselected package libcrypt-dev:arm64.
Preparing to unpack .../13-libcrypt-dev_1%3a4.4.36-4build1_arm64.deb ...
Unpacking libcrypt-dev:arm64 (1:4.4.36-4build1) ...
Preparing to unpack .../56-fonts-dejavu-core_2.37-8_all.deb ...
Unpacking fonts-dejavu-core (2.37-8) ...
Setting up libdpkg-perl (1.22.6ubuntu6.6) ...
Selecting previously unselected package manpages-dev.
Setting up libwebp7:arm64 (1.3.2-0.4build3) ...
Preparing to unpack .../87-manpages-dev_6.7-2_all.deb ...
Unpacking manpages-dev (6.7-2) ...
Setting up libubsan1:arm64 (14.2.0-4ubuntu2~24.04.1) ...
Selecting previously unselected package rpcsvc-proto.
Preparing to unpack .../14-rpcsvc-proto_1.4.2-0ubuntu7_arm64.deb ...
Setting up libhwasan0:arm64 (14.2.0-4ubuntu2~24.04.1) ...
Unpacking rpcsvc-proto (1.4.2-0ubuntu7) ...
Setting up pigz (2.8-1) ...
Selecting previously unselected package fontconfig-config.
Setting up libcrypt-dev:arm64 (1:4.4.36-4build1) ...
Preparing to unpack .../57-fontconfig-config_2.15.0-1.1ubuntu2_arm64.deb ...
Setting up libasan8:arm64 (14.2.0-4ubuntu2~24.04.1) ...
Selecting previously unselected package libc6-dev:arm64.
Preparing to unpack .../15-libc6-dev_2.39-0ubuntu8.8_arm64.deb ...
Setting up libtsan2:arm64 (14.2.0-4ubuntu2~24.04.1) ...
Unpacking libc6-dev:arm64 (2.39-0ubuntu8.8) ...
Setting up libjs-jquery (3.6.1+dfsg+~3.5.14-1) ...
Setting up libbinutils:arm64 (2.42-4ubuntu2.10) ...
Setting up libisl23:arm64 (0.26-3build1.1) ...
Setting up libc-dev-bin (2.39-0ubuntu8.8) ...
Get:37 http://us-east-1.ec2.ports.ubuntu.com/ubuntu-ports noble-updates/main arm64 gcc-13 arm64 13.3.0-6ubuntu2~24.04.1 [484 kB]
Get:38 http://us-east-1.ec2.ports.ubuntu.com/ubuntu-ports noble/main arm64 gcc-aarch64-linux-gnu arm64 4:13.2.0-7ubuntu1 [1198 B]
Get:39 http://us-east-1.ec2.ports.ubuntu.com/ubuntu-ports noble/main arm64 gcc arm64 4:13.2.0-7ubuntu1 [5018 B]
Get:40 http://us-east-1.ec2.ports.ubuntu.com/ubuntu-ports noble-updates/main arm64 libstdc++-13-dev arm64 13.3.0-6ubuntu2~24.04.1 [2397 kB]
Setting up containerd (2.2.1-0ubuntu1~24.04.3) ...
Get:41 http://us-east-1.ec2.ports.ubuntu.com/ubuntu-ports noble-updates/main arm64 g++-13-aarch64-linux-gnu arm64 13.3.0-6ubuntu2~24.04.1 [10.9 MB]
Hit:1 http://us-east-1.ec2.ports.ubuntu.com/ubuntu-ports noble InRelease
Unpacking fontconfig-config (2.15.0-1.1ubuntu2) ...
Get:2 http://us-east-1.ec2.ports.ubuntu.com/ubuntu-ports noble-updates InRelease [126 kB]
[22:02:11] [portkey] ip=98.93.158.7 - waiting for ssh
Selecting previously unselected package gcc-13-base:arm64.
Preconfiguring packages ...
Preparing to unpack .../16-gcc-13-base_13.3.0-6ubuntu2~24.04.1_arm64.deb ...
Unpacking gcc-13-base:arm64 (13.3.0-6ubuntu2~24.04.1) ...
Selecting previously unselected package python3.12-dev.
Preparing to unpack .../88-python3.12-dev_3.12.3-1ubuntu0.15_arm64.deb ...
Unpacking python3.12-dev (3.12.3-1ubuntu0.15) ...
Get:3 http://us-east-1.ec2.ports.ubuntu.com/ubuntu-ports noble-backports InRelease [126 kB]
Selecting previously unselected package javascript-common.
Preparing to unpack .../58-javascript-common_11+nmu1_all.deb ...
Selecting previously unselected package libisl23:arm64.
Preparing to unpack .../17-libisl23_0.26-3build1.1_arm64.deb ...
Unpacking javascript-common (11+nmu1) ...
Unpacking libisl23:arm64 (0.26-3build1.1) ...
Get:42 http://us-east-1.ec2.ports.ubuntu.com/ubuntu-ports noble-updates/main arm64 g++-13 arm64 13.3.0-6ubuntu2~24.04.1 [16.0 kB]
Get:43 http://us-east-1.ec2.ports.ubuntu.com/ubuntu-ports noble/main arm64 g++-aarch64-linux-gnu arm64 4:13.2.0-7ubuntu1 [962 B]
Get:44 http://us-east-1.ec2.ports.ubuntu.com/ubuntu-ports noble/main arm64 g++ arm64 4:13.2.0-7ubuntu1 [1082 B]
Get:45 http://us-east-1.ec2.ports.ubuntu.com/ubuntu-ports noble/main arm64 make arm64 4.3-4.1build2 [178 kB]
Get:46 http://us-east-1.ec2.ports.ubuntu.com/ubuntu-ports noble-updates/main arm64 libdpkg-perl all 1.22.6ubuntu6.6 [268 kB]
Get:47 http://us-east-1.ec2.ports.ubuntu.com/ubuntu-ports noble-updates/main arm64 bzip2 arm64 1.0.8-5.1build0.1 [34.0 kB]
Selecting previously unselected package python3-dev.
Get:48 http://us-east-1.ec2.ports.ubuntu.com/ubuntu-ports noble/main arm64 lto-disabled-list all 47 [12.4 kB]
Get:49 http://us-east-1.ec2.ports.ubuntu.com/ubuntu-ports noble-updates/main arm64 dpkg-dev all 1.22.6ubuntu6.6 [1074 kB]
Get:4 http://us-east-1.ec2.ports.ubuntu.com/ubuntu-ports noble/universe arm64 Packages [15.3 MB]
Get:50 http://us-east-1.ec2.ports.ubuntu.com/ubuntu-ports noble/main arm64 build-essential arm64 12.10ubuntu1 [4932 B]
Get:51 http://us-east-1.ec2.ports.ubuntu.com/ubuntu-ports noble-updates/main arm64 runc arm64 1.3.4-0ubuntu1~24.04.1 [8578 kB]
Created symlink /etc/systemd/system/multi-user.target.wants/containerd.service → /usr/lib/systemd/system/containerd.service.
Preparing to unpack .../89-python3-dev_3.12.3-0ubuntu2.1_arm64.deb ...
Unpacking python3-dev (3.12.3-0ubuntu2.1) ...
Fetched 155 MB in 7s (22.0 MB/s)
Selecting previously unselected package libalgorithm-diff-perl.
Preparing to unpack .../59-libalgorithm-diff-perl_1.201-1_all.deb ...
Unpacking libalgorithm-diff-perl (1.201-1) ...
Selecting previously unselected package python3-wheel.
Selecting previously unselected package libmpc3:arm64.
Preparing to unpack .../90-python3-wheel_0.42.0-2_all.deb ...
Preparing to unpack .../18-libmpc3_1.3.1-1build1.1_arm64.deb ...
Unpacking python3-wheel (0.42.0-2) ...
Unpacking libmpc3:arm64 (1.3.1-1build1.1) ...
(Reading database ... Selecting previously unselected package libalgorithm-diff-xs-perl:arm64.
Preparing to unpack .../60-libalgorithm-diff-xs-perl_0.04-8build3_arm64.deb ...
Unpacking libalgorithm-diff-xs-perl:arm64 (0.04-8build3) ...
(Reading database ... 5%(Reading database ... 10%(Reading database ... 15%(Reading database ... 20%(Reading database ... 25%(Reading database ... 30%(Reading database ... 35%(Reading database ... 40%(Reading database ... 45%(Reading database ... 50%(Reading database ... 55%Selecting previously unselected package python3-pip.
Preparing to unpack .../91-python3-pip_24.0+dfsg-1ubuntu1.3_all.deb ...
Selecting previously unselected package cpp-13-aarch64-linux-gnu.
Unpacking python3-pip (24.0+dfsg-1ubuntu1.3) ...
Get:52 http://us-east-1.ec2.ports.ubuntu.com/ubuntu-ports noble-updates/main arm64 containerd arm64 2.2.1-0ubuntu1~24.04.3 [25.2 MB]
Preparing to unpack .../19-cpp-13-aarch64-linux-gnu_13.3.0-6ubuntu2~24.04.1_arm64.deb ...
Unpacking cpp-13-aarch64-linux-gnu (13.3.0-6ubuntu2~24.04.1) ...
Selecting previously unselected package libalgorithm-merge-perl.
Preparing to unpack .../61-libalgorithm-merge-perl_0.08-5_all.deb ...
Unpacking libalgorithm-merge-perl (0.08-5) ...
Selecting previously unselected package libaom3:arm64.
Preparing to unpack .../62-libaom3_3.8.2-2ubuntu0.1_arm64.deb ...
Unpacking libaom3:arm64 (3.8.2-2ubuntu0.1) ...
(Reading database ... 60%(Reading database ... 65%(Reading database ... 70%Selecting previously unselected package ubuntu-fan.
Preparing to unpack .../92-ubuntu-fan_0.12.16+24.04.1_all.deb ...
Unpacking ubuntu-fan (0.12.16+24.04.1) ...
Selecting previously unselected package libfontconfig1:arm64.
Preparing to unpack .../63-libfontconfig1_2.15.0-1.1ubuntu2_arm64.deb ...
Unpacking libfontconfig1:arm64 (2.15.0-1.1ubuntu2) ...
Selecting previously unselected package libsharpyuv0:arm64.
Get:5 http://us-east-1.ec2.ports.ubuntu.com/ubuntu-ports noble/universe Translation-en [5982 kB]
Get:6 http://us-east-1.ec2.ports.ubuntu.com/ubuntu-ports noble/universe arm64 Components [3573 kB]
Preparing to unpack .../64-libsharpyuv0_1.3.2-0.4build3_arm64.deb ...
Selecting previously unselected package cpp-13.
Unpacking libsharpyuv0:arm64 (1.3.2-0.4build3) ...
Get:7 http://us-east-1.ec2.ports.ubuntu.com/ubuntu-ports noble/universe arm64 c-n-f Metadata [295 kB]
Preparing to unpack .../20-cpp-13_13.3.0-6ubuntu2~24.04.1_arm64.deb ...
Get:8 http://us-east-1.ec2.ports.ubuntu.com/ubuntu-ports noble/multiverse arm64 Packages [223 kB]
Get:9 http://us-east-1.ec2.ports.ubuntu.com/ubuntu-ports noble/multiverse Translation-en [118 kB]
Unpacking cpp-13 (13.3.0-6ubuntu2~24.04.1) ...
Get:10 http://us-east-1.ec2.ports.ubuntu.com/ubuntu-ports noble/multiverse arm64 Components [31.6 kB]
Get:11 http://us-east-1.ec2.ports.ubuntu.com/ubuntu-ports noble/multiverse arm64 c-n-f Metadata [7152 B]
Get:12 http://us-east-1.ec2.ports.ubuntu.com/ubuntu-ports noble-updates/main arm64 Packages [1190 kB]
Setting up javascript-common (11+nmu1) ...
Get:13 http://us-east-1.ec2.ports.ubuntu.com/ubuntu-ports noble-updates/main Translation-en [278 kB]
Get:14 http://us-east-1.ec2.ports.ubuntu.com/ubuntu-ports noble-updates/main arm64 Components [178 kB]
Selecting previously unselected package cpp-aarch64-linux-gnu.
Selecting previously unselected package libheif-plugin-aomdec:arm64.
Preparing to unpack .../21-cpp-aarch64-linux-gnu_4%3a13.2.0-7ubuntu1_arm64.deb ...
(Reading database ... 75%Unpacking cpp-aarch64-linux-gnu (4:13.2.0-7ubuntu1) ...
Preparing to unpack .../65-libheif-plugin-aomdec_1.17.6-1ubuntu4.6_arm64.deb ...
Unpacking libheif-plugin-aomdec:arm64 (1.17.6-1ubuntu4.6) ...
Setting up linux-tools-common (6.8.0-136.136) ...
Setting up libsharpyuv0:arm64 (1.3.2-0.4build3) ...
Selecting previously unselected package cpp.
Get:15 http://us-east-1.ec2.ports.ubuntu.com/ubuntu-ports noble-updates/universe arm64 Packages [1704 kB]
Get:16 http://us-east-1.ec2.ports.ubuntu.com/ubuntu-ports noble-updates/universe Translation-en [334 kB]
Get:17 http://us-east-1.ec2.ports.ubuntu.com/ubuntu-ports noble-updates/universe arm64 Components [387 kB]
Get:18 http://us-east-1.ec2.ports.ubuntu.com/ubuntu-ports noble-updates/universe arm64 c-n-f Metadata [33.5 kB]
Get:19 http://us-east-1.ec2.ports.ubuntu.com/ubuntu-ports noble-updates/restricted arm64 Packages [2036 kB]
Get:20 http://us-east-1.ec2.ports.ubuntu.com/ubuntu-ports noble-updates/restricted Translation-en [308 kB]
Get:21 http://us-east-1.ec2.ports.ubuntu.com/ubuntu-ports noble-updates/multiverse arm64 Packages [72.7 kB]
Get:22 http://us-east-1.ec2.ports.ubuntu.com/ubuntu-ports noble-updates/multiverse Translation-en [12.3 kB]
Get:23 http://us-east-1.ec2.ports.ubuntu.com/ubuntu-ports noble-updates/multiverse arm64 Components [212 B]
Get:24 http://us-east-1.ec2.ports.ubuntu.com/ubuntu-ports noble-updates/multiverse arm64 c-n-f Metadata [472 B]
Get:25 http://us-east-1.ec2.ports.ubuntu.com/ubuntu-ports noble-backports/main arm64 Packages [40.6 kB]
Get:26 http://us-east-1.ec2.ports.ubuntu.com/ubuntu-ports noble-backports/main Translation-en [9172 B]
Get:27 http://us-east-1.ec2.ports.ubuntu.com/ubuntu-ports noble-backports/main arm64 Components [3572 B]
Get:28 http://us-east-1.ec2.ports.ubuntu.com/ubuntu-ports noble-backports/main arm64 c-n-f Metadata [372 B]
Setting up libaom3:arm64 (3.8.2-2ubuntu0.1) ...
Setting up libalgorithm-diff-xs-perl:arm64 (0.04-8build3) ...
Preparing to unpack .../22-cpp_4%3a13.2.0-7ubuntu1_arm64.deb ...
Get:29 http://us-east-1.ec2.ports.ubuntu.com/ubuntu-ports noble-backports/universe arm64 Packages [32.7 kB]
Unpacking cpp (4:13.2.0-7ubuntu1) ...
Setting up libcc1-0:arm64 (14.2.0-4ubuntu2~24.04.1) ...
Get:30 http://us-east-1.ec2.ports.ubuntu.com/ubuntu-ports noble-backports/universe Translation-en [18.6 kB]
Get:31 http://us-east-1.ec2.ports.ubuntu.com/ubuntu-ports noble-backports/universe arm64 Components [12.6 kB]
(Reading database ... 80%Get:32 http://us-east-1.ec2.ports.ubuntu.com/ubuntu-ports noble-backports/universe arm64 c-n-f Metadata [1592 B]
Setting up manpages-dev (6.7-2) ...
Selecting previously unselected package libheif1:arm64.
Get:33 http://us-east-1.ec2.ports.ubuntu.com/ubuntu-ports noble-backports/restricted arm64 Components [212 B]
Setting up liblsan0:arm64 (14.2.0-4ubuntu2~24.04.1) ...
Preparing to unpack .../66-libheif1_1.17.6-1ubuntu4.6_arm64.deb ...
Get:34 http://us-east-1.ec2.ports.ubuntu.com/ubuntu-ports noble-backports/restricted arm64 c-n-f Metadata [116 B]
Get:53 http://us-east-1.ec2.ports.ubuntu.com/ubuntu-ports noble-updates/main arm64 dns-root-data all 2024071801~ubuntu0.24.04.1 [5918 B]
Get:54 http://us-east-1.ec2.ports.ubuntu.com/ubuntu-ports noble-updates/main arm64 dnsmasq-base arm64 2.90-2ubuntu0.4 [367 kB]
Get:35 http://us-east-1.ec2.ports.ubuntu.com/ubuntu-ports noble-backports/multiverse arm64 Packages [748 B]
Get:55 http://us-east-1.ec2.ports.ubuntu.com/ubuntu-ports noble-updates/universe arm64 docker.io arm64 29.1.3-0ubuntu3~24.04.2 [32.0 MB]
Unpacking libheif1:arm64 (1.17.6-1ubuntu4.6) ...
Get:36 http://us-east-1.ec2.ports.ubuntu.com/ubuntu-ports noble-backports/multiverse Translation-en [340 B]
Get:37 http://us-east-1.ec2.ports.ubuntu.com/ubuntu-ports noble-backports/multiverse arm64 Components [212 B]
Get:38 http://us-east-1.ec2.ports.ubuntu.com/ubuntu-ports noble-backports/multiverse arm64 c-n-f Metadata [116 B]
Setting up libitm1:arm64 (14.2.0-4ubuntu2~24.04.1) ...
Setting up lto-disabled-list (47) ...
Selecting previously unselected package libcc1-0:arm64.
Setting up libjs-underscore (1.13.4~dfsg+~1.11.4-3) ...
Preparing to unpack .../23-libcc1-0_14.2.0-4ubuntu2~24.04.1_arm64.deb ...
Setting up liblerc4:arm64 (4.0.0+ds-4ubuntu2) ...
Fetched 37.7 MB in 4s (9811 kB/s)
Reading package lists...Unpacking libcc1-0:arm64 (14.2.0-4ubuntu2~24.04.1) ...
(Reading database ... 85%Setting up libalgorithm-merge-perl (0.08-5) ...
Get:39 http://ports.ubuntu.com/ubuntu-ports noble-security InRelease [126 kB]
Setting up libxpm4:arm64 (1:3.5.17-1ubuntu0.24.04.1) ...
Setting up libctf0:arm64 (2.42-4ubuntu2.10) ...
Selecting previously unselected package libjpeg-turbo8:arm64.
Setting up libjpeg8:arm64 (8c-2ubuntu11) ...
Selecting previously unselected package libgomp1:arm64.
Preparing to unpack .../67-libjpeg-turbo8_2.1.5-2ubuntu2_arm64.deb ...
Setting up libfile-fcntllock-perl (0.22-4ubuntu5) ...
Unpacking libjpeg-turbo8:arm64 (2.1.5-2ubuntu2) ...
Preparing to unpack .../24-libgomp1_14.2.0-4ubuntu2~24.04.1_arm64.deb ...
(Reading database ... 90%Setting up ubuntu-fan (0.12.16+24.04.1) ...
Unpacking libgomp1:arm64 (14.2.0-4ubuntu2~24.04.1) ...
Setting up libalgorithm-diff-perl (1.201-1) ...
Setting up binutils-common:arm64 (2.42-4ubuntu2.10) ...
Selecting previously unselected package libitm1:arm64.
Selecting previously unselected package libjpeg8:arm64.
Preparing to unpack .../68-libjpeg8_8c-2ubuntu11_arm64.deb ...
Preparing to unpack .../25-libitm1_14.2.0-4ubuntu2~24.04.1_arm64.deb ...
Unpacking libjpeg8:arm64 (8c-2ubuntu11) ...
Unpacking libitm1:arm64 (14.2.0-4ubuntu2~24.04.1) ...
Setting up libdeflate0:arm64 (1.19-1build1.1) ...
(Reading database ... 95%Setting up linux-libc-dev:arm64 (6.8.0-136.136) ...
Selecting previously unselected package libatomic1:arm64.
Preparing to unpack .../26-libatomic1_14.2.0-4ubuntu2~24.04.1_arm64.deb ...
Setting up libctf-nobfd0:arm64 (2.42-4ubuntu2.10) ...
(Reading database ... 100%(Reading database ... 74109 files and directories currently installed.)
Preparing to unpack .../libc6_2.39-0ubuntu8.8_arm64.deb ...
Unpacking libatomic1:arm64 (14.2.0-4ubuntu2~24.04.1) ...
Selecting previously unselected package libdeflate0:arm64.
Setting up dnsmasq-base (2.90-2ubuntu0.4) ...
Preparing to unpack .../69-libdeflate0_1.19-1build1.1_arm64.deb ...
Unpacking libdeflate0:arm64 (1.19-1build1.1) ...
Selecting previously unselected package libasan8:arm64.
Preparing to unpack .../27-libasan8_14.2.0-4ubuntu2~24.04.1_arm64.deb ...
Unpacking libasan8:arm64 (14.2.0-4ubuntu2~24.04.1) ...
Selecting previously unselected package libjbig0:arm64.
Setting up libgomp1:arm64 (14.2.0-4ubuntu2~24.04.1) ...
Preparing to unpack .../70-libjbig0_2.1-6.1ubuntu2_arm64.deb ...
Unpacking libjbig0:arm64 (2.1-6.1ubuntu2) ...
Setting up bzip2 (1.0.8-5.1build0.1) ...
Created symlink /etc/systemd/system/multi-user.target.wants/ubuntu-fan.service → /usr/lib/systemd/system/ubuntu-fan.service.
Setting up locales (2.39-0ubuntu8.8) ...
Selecting previously unselected package liblsan0:arm64.
Unpacking libc6:arm64 (2.39-0ubuntu8.8) over (2.39-0ubuntu8.7) ...
Selecting previously unselected package liblerc4:arm64.
Processing triggers for dbus (1.14.10-4ubuntu4.1) ...
Preparing to unpack .../28-liblsan0_14.2.0-4ubuntu2~24.04.1_arm64.deb ...
Preparing to unpack .../71-liblerc4_4.0.0+ds-4ubuntu2_arm64.deb ...
Unpacking liblsan0:arm64 (14.2.0-4ubuntu2~24.04.1) ...
Unpacking liblerc4:arm64 (4.0.0+ds-4ubuntu2) ...
Processing triggers for sgml-base (1.31) ...
Setting up libfontconfig1:arm64 (2.15.0-1.1ubuntu2) ...
Selecting previously unselected package libwebp7:arm64.
Setting up libgd3:arm64 (2.3.3-9ubuntu5) ...
Selecting previously unselected package libtsan2:arm64.
Preparing to unpack .../72-libwebp7_1.3.2-0.4build3_arm64.deb ...
Unpacking libwebp7:arm64 (1.3.2-0.4build3) ...
Setting up libc-devtools (2.39-0ubuntu8.8) ...
Preparing to unpack .../29-libtsan2_14.2.0-4ubuntu2~24.04.1_arm64.deb ...
Unpacking libtsan2:arm64 (14.2.0-4ubuntu2~24.04.1) ...
Processing triggers for libc-bin (2.39-0ubuntu8.8) ...
Selecting previously unselected package libtiff6:arm64.
Preparing to unpack .../73-libtiff6_4.5.1+git230720-4ubuntu2.5_arm64.deb ...
Unpacking libtiff6:arm64 (4.5.1+git230720-4ubuntu2.5) ...
Selecting previously unselected package libubsan1:arm64.
Preparing to unpack .../30-libubsan1_14.2.0-4ubuntu2~24.04.1_arm64.deb ...
Selecting previously unselected package libxpm4:arm64.
Preparing to unpack .../74-libxpm4_1%3a3.5.17-1ubuntu0.24.04.1_arm64.deb ...
Unpacking libxpm4:arm64 (1:3.5.17-1ubuntu0.24.04.1) ...
Get:56 http://us-east-1.ec2.ports.ubuntu.com/ubuntu-ports noble/main arm64 libfakeroot arm64 1.33-1 [32.5 kB]
Get:57 http://us-east-1.ec2.ports.ubuntu.com/ubuntu-ports noble/main arm64 fakeroot arm64 1.33-1 [66.9 kB]
Get:58 http://us-east-1.ec2.ports.ubuntu.com/ubuntu-ports noble/main arm64 fonts-dejavu-mono all 2.37-8 [502 kB]
Get:59 http://us-east-1.ec2.ports.ubuntu.com/ubuntu-ports noble/main arm64 fonts-dejavu-core all 2.37-8 [835 kB]
Get:60 http://us-east-1.ec2.ports.ubuntu.com/ubuntu-ports noble/main arm64 fontconfig-config arm64 2.15.0-1.1ubuntu2 [37.4 kB]
Get:61 http://us-east-1.ec2.ports.ubuntu.com/ubuntu-ports noble/main arm64 javascript-common all 11+nmu1 [5936 B]
Get:62 http://us-east-1.ec2.ports.ubuntu.com/ubuntu-ports noble/main arm64 libalgorithm-diff-perl all 1.201-1 [41.8 kB]
Get:63 http://us-east-1.ec2.ports.ubuntu.com/ubuntu-ports noble/main arm64 libalgorithm-diff-xs-perl arm64 0.04-8build3 [10.9 kB]
Get:64 http://us-east-1.ec2.ports.ubuntu.com/ubuntu-ports noble/main arm64 libalgorithm-merge-perl all 0.08-5 [11.4 kB]
Get:65 http://us-east-1.ec2.ports.ubuntu.com/ubuntu-ports noble-updates/main arm64 libaom3 arm64 3.8.2-2ubuntu0.1 [1617 kB]
Unpacking libubsan1:arm64 (14.2.0-4ubuntu2~24.04.1) ...
Selecting previously unselected package libhwasan0:arm64.
Setting up libc6:arm64 (2.39-0ubuntu8.8) ...
Preparing to unpack .../31-libhwasan0_14.2.0-4ubuntu2~24.04.1_arm64.deb ...
Selecting previously unselected package libgd3:arm64.
Unpacking libhwasan0:arm64 (14.2.0-4ubuntu2~24.04.1) ...
Preparing to unpack .../75-libgd3_2.3.3-9ubuntu5_arm64.deb ...
Unpacking libgd3:arm64 (2.3.3-9ubuntu5) ...
Selecting previously unselected package libc-devtools.
Preparing to unpack .../76-libc-devtools_2.39-0ubuntu8.8_arm64.deb ...
Unpacking libc-devtools (2.39-0ubuntu8.8) ...
Selecting previously unselected package libgcc-13-dev:arm64.
Setting up cpp-13-aarch64-linux-gnu (13.3.0-6ubuntu2~24.04.1) ...
Preparing to unpack .../32-libgcc-13-dev_13.3.0-6ubuntu2~24.04.1_arm64.deb ...
Get:66 http://us-east-1.ec2.ports.ubuntu.com/ubuntu-ports noble/main arm64 libfontconfig1 arm64 2.15.0-1.1ubuntu2 [142 kB]
Get:67 http://us-east-1.ec2.ports.ubuntu.com/ubuntu-ports noble/main arm64 libsharpyuv0 arm64 1.3.2-0.4build3 [14.5 kB]
Get:68 http://us-east-1.ec2.ports.ubuntu.com/ubuntu-ports noble-updates/main arm64 libheif-plugin-aomdec arm64 1.17.6-1ubuntu4.6 [11.1 kB]
Get:69 http://us-east-1.ec2.ports.ubuntu.com/ubuntu-ports noble-updates/main arm64 libheif1 arm64 1.17.6-1ubuntu4.6 [260 kB]
Get:70 http://us-east-1.ec2.ports.ubuntu.com/ubuntu-ports noble/main arm64 libjpeg-turbo8 arm64 2.1.5-2ubuntu2 [163 kB]
Get:71 http://us-east-1.ec2.ports.ubuntu.com/ubuntu-ports noble/main arm64 libjpeg8 arm64 8c-2ubuntu11 [2148 B]
Get:72 http://us-east-1.ec2.ports.ubuntu.com/ubuntu-ports noble-updates/main arm64 libdeflate0 arm64 1.19-1build1.1 [43.5 kB]
Get:73 http://us-east-1.ec2.ports.ubuntu.com/ubuntu-ports noble/main arm64 libjbig0 arm64 2.1-6.1ubuntu2 [29.3 kB]
Get:74 http://us-east-1.ec2.ports.ubuntu.com/ubuntu-ports noble/main arm64 liblerc4 arm64 4.0.0+ds-4ubuntu2 [154 kB]
Get:75 http://us-east-1.ec2.ports.ubuntu.com/ubuntu-ports noble/main arm64 libwebp7 arm64 1.3.2-0.4build3 [191 kB]
Get:76 http://us-east-1.ec2.ports.ubuntu.com/ubuntu-ports noble-updates/main arm64 libtiff6 arm64 4.5.1+git230720-4ubuntu2.5 [192 kB]
Get:77 http://us-east-1.ec2.ports.ubuntu.com/ubuntu-ports noble-updates/main arm64 libxpm4 arm64 1:3.5.17-1ubuntu0.24.04.1 [35.3 kB]
Get:78 http://us-east-1.ec2.ports.ubuntu.com/ubuntu-ports noble/main arm64 libgd3 arm64 2.3.3-9ubuntu5 [122 kB]
Get:79 http://us-east-1.ec2.ports.ubuntu.com/ubuntu-ports noble-updates/main arm64 libc-devtools arm64 2.39-0ubuntu8.8 [27.8 kB]
Get:80 http://us-east-1.ec2.ports.ubuntu.com/ubuntu-ports noble-updates/main arm64 libexpat1-dev arm64 2.6.1-2ubuntu0.4 [128 kB]
Get:81 http://us-east-1.ec2.ports.ubuntu.com/ubuntu-ports noble/main arm64 libfile-fcntllock-perl arm64 0.22-4ubuntu5 [30.6 kB]
Get:82 http://us-east-1.ec2.ports.ubuntu.com/ubuntu-ports noble-updates/main arm64 libheif-plugin-aomenc arm64 1.17.6-1ubuntu4.6 [13.7 kB]
Get:83 http://us-east-1.ec2.ports.ubuntu.com/ubuntu-ports noble/main arm64 libjs-jquery all 3.6.1+dfsg+~3.5.14-1 [328 kB]
Get:84 http://us-east-1.ec2.ports.ubuntu.com/ubuntu-ports noble/main arm64 libjs-underscore all 1.13.4~dfsg+~1.11.4-3 [118 kB]
Get:85 http://us-east-1.ec2.ports.ubuntu.com/ubuntu-ports noble/main arm64 libjs-sphinxdoc all 7.2.6-6 [149 kB]
Get:86 http://us-east-1.ec2.ports.ubuntu.com/ubuntu-ports noble-updates/main arm64 zlib1g-dev arm64 1:1.3.dfsg-3.1ubuntu2.1 [894 kB]
Get:87 http://us-east-1.ec2.ports.ubuntu.com/ubuntu-ports noble-updates/main arm64 libpython3.12-dev arm64 3.12.3-1ubuntu0.15 [5538 kB]
Unpacking libgcc-13-dev:arm64 (13.3.0-6ubuntu2~24.04.1) ...
Setting up fontconfig-config (2.15.0-1.1ubuntu2) ...
Selecting previously unselected package libexpat1-dev:arm64.
Preparing to unpack .../77-libexpat1-dev_2.6.1-2ubuntu0.4_arm64.deb ...
Unpacking libexpat1-dev:arm64 (2.6.1-2ubuntu0.4) ...
Selecting previously unselected package libfile-fcntllock-perl.
Preparing to unpack .../78-libfile-fcntllock-perl_0.22-4ubuntu5_arm64.deb ...
Unpacking libfile-fcntllock-perl (0.22-4ubuntu5) ...
Get:88 http://us-east-1.ec2.ports.ubuntu.com/ubuntu-ports noble-updates/main arm64 libpython3-dev arm64 3.12.3-0ubuntu2.1 [10.4 kB]
Get:89 http://us-east-1.ec2.ports.ubuntu.com/ubuntu-ports noble-updates/main arm64 linux-tools-common all 6.8.0-136.136 [416 kB]
Get:90 http://us-east-1.ec2.ports.ubuntu.com/ubuntu-ports noble/main arm64 manpages-dev all 6.7-2 [2013 kB]
Selecting previously unselected package gcc-13-aarch64-linux-gnu.
Get:91 http://us-east-1.ec2.ports.ubuntu.com/ubuntu-ports noble-updates/main arm64 python3.12-dev arm64 3.12.3-1ubuntu0.15 [498 kB]
Preparing to unpack .../33-gcc-13-aarch64-linux-gnu_13.3.0-6ubuntu2~24.04.1_arm64.deb ...
Get:92 http://us-east-1.ec2.ports.ubuntu.com/ubuntu-ports noble-updates/main arm64 python3-dev arm64 3.12.3-0ubuntu2.1 [26.7 kB]
Get:93 http://us-east-1.ec2.ports.ubuntu.com/ubuntu-ports noble/universe arm64 python3-wheel all 0.42.0-2 [53.1 kB]
Get:94 http://us-east-1.ec2.ports.ubuntu.com/ubuntu-ports noble-updates/universe arm64 python3-pip all 24.0+dfsg-1ubuntu1.3 [1320 kB]
Unpacking gcc-13-aarch64-linux-gnu (13.3.0-6ubuntu2~24.04.1) ...
Selecting previously unselected package libheif-plugin-aomenc:arm64.
Get:95 http://us-east-1.ec2.ports.ubuntu.com/ubuntu-ports noble-updates/universe arm64 ubuntu-fan all 0.12.16+24.04.1 [34.2 kB]
Preparing to unpack .../79-libheif-plugin-aomenc_1.17.6-1ubuntu4.6_arm64.deb ...
Unpacking libheif-plugin-aomenc:arm64 (1.17.6-1ubuntu4.6) ...
Get:40 http://ports.ubuntu.com/ubuntu-ports noble-security/main arm64 Packages [940 kB]
Generating locales (this might take a while)...
Setting up docker.io (29.1.3-0ubuntu3~24.04.2) ...
  en_US.UTF-8...Selecting previously unselected package libjs-jquery.
Preparing to unpack .../80-libjs-jquery_3.6.1+dfsg+~3.5.14-1_all.deb ...
Unpacking libjs-jquery (3.6.1+dfsg+~3.5.14-1) ...
Selecting previously unselected package libjs-underscore.
Preparing to unpack .../81-libjs-underscore_1.13.4~dfsg+~1.11.4-3_all.deb ...
Unpacking libjs-underscore (1.13.4~dfsg+~1.11.4-3) ...
(Reading database ... (Reading database ... 5%(Reading database ... 10%(Reading database ... 15%(Reading database ... 20%(Reading database ... 25%(Reading database ... 30%(Reading database ... 35%(Reading database ... 40%(Reading database ... 45%(Reading database ... 50%(Reading database ... 55%info: Selecting GID from range 100 to 999 ...
info: Adding group `docker' (GID 112) ...
(Reading database ... 60%(Reading database ... 65%Selecting previously unselected package libjs-sphinxdoc.
Preparing to unpack .../82-libjs-sphinxdoc_7.2.6-6_all.deb ...
Unpacking libjs-sphinxdoc (7.2.6-6) ...
Selecting previously unselected package zlib1g-dev:arm64.
(Reading database ... 70%(Reading database ... 75%(Reading database ... 80%(Reading database ... 85%(Reading database ... 90%(Reading database ... 95%(Reading database ... 100%(Reading database ... 74109 files and directories currently installed.)
Preparing to unpack .../libc-bin_2.39-0ubuntu8.8_arm64.deb ...
Unpacking libc-bin (2.39-0ubuntu8.8) over (2.39-0ubuntu8.7) ...
Preparing to unpack .../83-zlib1g-dev_1%3a1.3.dfsg-3.1ubuntu2.1_arm64.deb ...
Unpacking zlib1g-dev:arm64 (1:1.3.dfsg-3.1ubuntu2.1) ...
Selecting previously unselected package libpython3.12-dev:arm64.
Setting up libc-bin (2.39-0ubuntu8.8) ...
Preparing to unpack .../84-libpython3.12-dev_3.12.3-1ubuntu0.15_arm64.deb ...
Unpacking libpython3.12-dev:arm64 (3.12.3-1ubuntu0.15) ...
Created symlink /etc/systemd/system/multi-user.target.wants/docker.service → /usr/lib/systemd/system/docker.service.
Selecting previously unselected package pigz.
(Reading database ... (Reading database ... 5%(Reading database ... 10%(Reading database ... 15%(Reading database ... 20%(Reading database ... 25%(Reading database ... 30%(Reading database ... 35%(Reading database ... 40%(Reading database ... 45%(Reading database ... 50%Selecting previously unselected package gcc-13.
Preparing to unpack .../34-gcc-13_13.3.0-6ubuntu2~24.04.1_arm64.deb ...
Unpacking gcc-13 (13.3.0-6ubuntu2~24.04.1) ...

(Reading database ... 55%(Reading database ... 60%(Reading database ... 65%(Reading database ... 70%(Reading database ... 75%(Reading database ... 80%(Reading database ... 85%Created symlink /etc/systemd/system/sockets.target.wants/docker.socket → /usr/lib/systemd/system/docker.socket.
Reading package lists...Selecting previously unselected package gcc-aarch64-linux-gnu.
Preparing to unpack .../35-gcc-aarch64-linux-gnu_4%3a13.2.0-7ubuntu1_arm64.deb ...

Unpacking gcc-aarch64-linux-gnu (4:13.2.0-7ubuntu1) ...
Building dependency tree...Selecting previously unselected package gcc.
Preparing to unpack .../36-gcc_4%3a13.2.0-7ubuntu1_arm64.deb ...
Unpacking gcc (4:13.2.0-7ubuntu1) ...
(Reading database ... 90%(Reading database ... 95%(Reading database ... 100%(Reading database ... 74109 files and directories currently installed.)
Preparing to unpack .../00-pigz_2.8-1_arm64.deb ...
Unpacking pigz (2.8-1) ...
Preparing to unpack .../01-locales_2.39-0ubuntu8.8_all.deb ...
Unpacking locales (2.39-0ubuntu8.8) over (2.39-0ubuntu8.7) ...
Selecting previously unselected package libstdc++-13-dev:arm64.
Preparing to unpack .../37-libstdc++-13-dev_13.3.0-6ubuntu2~24.04.1_arm64.deb ...
Unpacking libstdc++-13-dev:arm64 (13.3.0-6ubuntu2~24.04.1) ...
Selecting previously unselected package libpython3-dev:arm64.
Preparing to unpack .../85-libpython3-dev_3.12.3-0ubuntu2.1_arm64.deb ...
Unpacking libpython3-dev:arm64 (3.12.3-0ubuntu2.1) ...
Preparing to unpack .../86-linux-tools-common_6.8.0-136.136_all.deb ...
Unpacking linux-tools-common (6.8.0-136.136) over (6.8.0-134.134) ...
Selecting previously unselected package manpages-dev.
Preparing to unpack .../87-manpages-dev_6.7-2_all.deb ...
Selecting previously unselected package binutils-common:arm64.
Unpacking manpages-dev (6.7-2) ...
Preparing to unpack .../02-binutils-common_2.42-4ubuntu2.10_arm64.deb ...
Unpacking binutils-common:arm64 (2.42-4ubuntu2.10) ...
Selecting previously unselected package g++-13-aarch64-linux-gnu.
Preparing to unpack .../38-g++-13-aarch64-linux-gnu_13.3.0-6ubuntu2~24.04.1_arm64.deb ...
Unpacking g++-13-aarch64-linux-gnu (13.3.0-6ubuntu2~24.04.1) ...
Preconfiguring packages ...
Selecting previously unselected package libsframe1:arm64.
Preparing to unpack .../03-libsframe1_2.42-4ubuntu2.10_arm64.deb ...
Unpacking libsframe1:arm64 (2.42-4ubuntu2.10) ...

Reading state information...
Selecting previously unselected package libbinutils:arm64.
Preparing to unpack .../04-libbinutils_2.42-4ubuntu2.10_arm64.deb ...
Unpacking libbinutils:arm64 (2.42-4ubuntu2.10) ...
[22:02:13] [portkey] installing deps (bare base: docker + psutil; the rig is a prebuilt download, and each
[22:02:13] [portkey] gateway installs its OWN prereqs via gw_prereqs - no blanket build toolchain on every box)
Selecting previously unselected package libctf-nobfd0:arm64.
Fetched 155 MB in 2s (62.6 MB/s)
Preparing to unpack .../05-libctf-nobfd0_2.42-4ubuntu2.10_arm64.deb ...
Unpacking libctf-nobfd0:arm64 (2.42-4ubuntu2.10) ...
Selecting previously unselected package libctf0:arm64.
Preparing to unpack .../06-libctf0_2.42-4ubuntu2.10_arm64.deb ...
Unpacking libctf0:arm64 (2.42-4ubuntu2.10) ...
(Reading database ... Selecting previously unselected package python3.12-dev.
(Reading database ... 5%(Reading database ... 10%(Reading database ... 15%(Reading database ... 20%(Reading database ... 25%(Reading database ... 30%(Reading database ... 35%(Reading database ... 40%(Reading database ... 45%Preparing to unpack .../88-python3.12-dev_3.12.3-1ubuntu0.15_arm64.deb ...
Selecting previously unselected package libgprofng0:arm64.
Unpacking python3.12-dev (3.12.3-1ubuntu0.15) ...
Preparing to unpack .../07-libgprofng0_2.42-4ubuntu2.10_arm64.deb ...
Selecting previously unselected package g++-13.
Unpacking libgprofng0:arm64 (2.42-4ubuntu2.10) ...
Preparing to unpack .../39-g++-13_13.3.0-6ubuntu2~24.04.1_arm64.deb ...
Unpacking g++-13 (13.3.0-6ubuntu2~24.04.1) ...
Selecting previously unselected package g++-aarch64-linux-gnu.
Selecting previously unselected package python3-dev.
Preparing to unpack .../40-g++-aarch64-linux-gnu_4%3a13.2.0-7ubuntu1_arm64.deb ...
Preparing to unpack .../89-python3-dev_3.12.3-0ubuntu2.1_arm64.deb ...
Selecting previously unselected package binutils-aarch64-linux-gnu.
Unpacking g++-aarch64-linux-gnu (4:13.2.0-7ubuntu1) ...
(Reading database ... 50%(Reading database ... 55%Unpacking python3-dev (3.12.3-0ubuntu2.1) ...
Preparing to unpack .../08-binutils-aarch64-linux-gnu_2.42-4ubuntu2.10_arm64.deb ...
Selecting previously unselected package python3-wheel.
Preparing to unpack .../90-python3-wheel_0.42.0-2_all.deb ...
Unpacking python3-wheel (0.42.0-2) ...
Unpacking binutils-aarch64-linux-gnu (2.42-4ubuntu2.10) ...
Selecting previously unselected package g++.
Preparing to unpack .../41-g++_4%3a13.2.0-7ubuntu1_arm64.deb ...
Unpacking g++ (4:13.2.0-7ubuntu1) ...
Selecting previously unselected package make.
Preparing to unpack .../42-make_4.3-4.1build2_arm64.deb ...
Unpacking make (4.3-4.1build2) ...
Selecting previously unselected package libdpkg-perl.
Setting up cpp-aarch64-linux-gnu (4:13.2.0-7ubuntu1) ...
Selecting previously unselected package python3-pip.
Preparing to unpack .../91-python3-pip_24.0+dfsg-1ubuntu1.3_all.deb ...
Unpacking python3-pip (24.0+dfsg-1ubuntu1.3) ...
Setting up libgprofng0:arm64 (2.42-4ubuntu2.10) ...
Preparing to unpack .../43-libdpkg-perl_1.22.6ubuntu6.6_all.deb ...
Unpacking libdpkg-perl (1.22.6ubuntu6.6) ...
(Reading database ... 60%Setting up libjs-sphinxdoc (7.2.6-6) ...
Setting up libgcc-13-dev:arm64 (13.3.0-6ubuntu2~24.04.1) ...
(Reading database ... 65%Selecting previously unselected package binutils.
Setting up libtiff6:arm64 (4.5.1+git230720-4ubuntu2.5) ...
Preparing to unpack .../09-binutils_2.42-4ubuntu2.10_arm64.deb ...
Selecting previously unselected package bzip2.
Preparing to unpack .../44-bzip2_1.0.8-5.1build0.1_arm64.deb ...
Unpacking binutils (2.42-4ubuntu2.10) ...
Setting up libc6-dev:arm64 (2.39-0ubuntu8.8) ...
Unpacking bzip2 (1.0.8-5.1build0.1) ...
Setting up libstdc++-13-dev:arm64 (13.3.0-6ubuntu2~24.04.1) ...
Setting up cpp-13 (13.3.0-6ubuntu2~24.04.1) ...
Selecting previously unselected package lto-disabled-list.
(Reading database ... 70%Setting up binutils-aarch64-linux-gnu (2.42-4ubuntu2.10) ...
Preparing to unpack .../45-lto-disabled-list_47_all.deb ...
Unpacking lto-disabled-list (47) ...
Selecting previously unselected package bridge-utils.
Setting up binutils (2.42-4ubuntu2.10) ...
Preparing to unpack .../10-bridge-utils_1.7.1-1ubuntu2_arm64.deb ...
Unpacking bridge-utils (1.7.1-1ubuntu2) ...
Setting up gcc-13-aarch64-linux-gnu (13.3.0-6ubuntu2~24.04.1) ...
Selecting previously unselected package dpkg-dev.
Preparing to unpack .../46-dpkg-dev_1.22.6ubuntu6.6_all.deb ...
Unpacking dpkg-dev (1.22.6ubuntu6.6) ...
Setting up dpkg-dev (1.22.6ubuntu6.6) ...
Selecting previously unselected package ubuntu-fan.
Preparing to unpack .../92-ubuntu-fan_0.12.16+24.04.1_all.deb ...
Unpacking ubuntu-fan (0.12.16+24.04.1) ...
(Reading database ... 75%Warning: Permanently added '98.93.158.7' (ED25519) to the list of known hosts.
curl is already the newest version (8.5.0-2ubuntu10.11).
curl set to manually installed.
ca-certificates is already the newest version (20260601~24.04.1).
ca-certificates set to manually installed.
jq is already the newest version (1.7.1-3ubuntu0.24.04.2).
jq set to manually installed.
git is already the newest version (1:2.43.0-1ubuntu7.3).
git set to manually installed.
The following additional packages will be installed:
  binutils binutils-aarch64-linux-gnu binutils-common bridge-utils bzip2
  containerd cpp cpp-13 cpp-13-aarch64-linux-gnu cpp-aarch64-linux-gnu
  dns-root-data dnsmasq-base dpkg-dev fakeroot fontconfig-config
  fonts-dejavu-core fonts-dejavu-mono g++ g++-13 g++-13-aarch64-linux-gnu
  g++-aarch64-linux-gnu gcc gcc-13 gcc-13-aarch64-linux-gnu gcc-13-base
  gcc-aarch64-linux-gnu javascript-common libalgorithm-diff-perl
  libalgorithm-diff-xs-perl libalgorithm-merge-perl libaom3 libasan8
  libatomic1 libbinutils libc-bin libc-dev-bin libc-devtools libc6 libc6-dev
  libcc1-0 libcrypt-dev libctf-nobfd0 libctf0 libdeflate0 libdpkg-perl
  libexpat1-dev libfakeroot libfile-fcntllock-perl libfontconfig1
  libgcc-13-dev libgd3 libgomp1 libgprofng0 libheif-plugin-aomdec
  libheif-plugin-aomenc libheif1 libhwasan0 libisl23 libitm1 libjbig0
Setting up libexpat1-dev:arm64 (2.6.1-2ubuntu0.4) ...
Selecting previously unselected package libc-dev-bin.
Setting up gcc-13 (13.3.0-6ubuntu2~24.04.1) ...
Preparing to unpack .../11-libc-dev-bin_2.39-0ubuntu8.8_arm64.deb ...
Unpacking libc-dev-bin (2.39-0ubuntu8.8) ...
(Reading database ... 80%Setting up zlib1g-dev:arm64 (1:1.3.dfsg-3.1ubuntu2.1) ...
Setting up javascript-common (11+nmu1) ...
Setting up cpp (4:13.2.0-7ubuntu1) ...
Selecting previously unselected package build-essential.
Selecting previously unselected package linux-libc-dev:arm64.
Preparing to unpack .../47-build-essential_12.10ubuntu1_arm64.deb ...
Unpacking build-essential (12.10ubuntu1) ...
Preparing to unpack .../12-linux-libc-dev_6.8.0-136.136_arm64.deb ...
Unpacking linux-libc-dev:arm64 (6.8.0-136.136) ...
  libjpeg-turbo8 libjpeg8 libjs-jquery libjs-sphinxdoc libjs-underscore
  liblerc4 liblsan0 libmpc3 libpython3-dev libpython3.12-dev libsframe1
  libsharpyuv0 libstdc++-13-dev libtiff6 libtsan2 libubsan1 libwebp7 libxpm4
  linux-libc-dev linux-tools-common locales lto-disabled-list make
  manpages-dev pigz python3-dev python3-wheel python3.12-dev rpcsvc-proto runc
  ubuntu-fan zlib1g-dev
Suggested packages:
  binutils-doc gprofng-gui ifupdown bzip2-doc cpp-doc gcc-13-locales
  cpp-13-doc aufs-tools cgroupfs-mount | cgroup-lite debootstrap docker-buildx
  docker-compose-v2 docker-doc rinse zfs-fuse | zfsutils debian-keyring
  gcc-13-doc gcc-multilib autoconf automake libtool flex bison gdb gcc-doc
  gdb-aarch64-linux-gnu apache2 | lighttpd | httpd glibc-doc libnss-nis
  libnss-nisplus bzr libgd-tools libheif-plugin-libde265 libheif-plugin-x265
  libheif-plugin-ffmpegdec libheif-plugin-jpegdec libheif-plugin-jpegenc
  libheif-plugin-j2kdec libheif-plugin-j2kenc libheif-plugin-rav1e
  libheif-plugin-svtenc libstdc++-13-doc make-doc
The following NEW packages will be installed:
  binutils binutils-aarch64-linux-gnu binutils-common bridge-utils
  build-essential bzip2 containerd cpp cpp-13 cpp-13-aarch64-linux-gnu
  cpp-aarch64-linux-gnu dns-root-data dnsmasq-base docker.io dpkg-dev fakeroot
  fontconfig-config fonts-dejavu-core fonts-dejavu-mono g++ g++-13
  g++-13-aarch64-linux-gnu g++-aarch64-linux-gnu gcc gcc-13
  gcc-13-aarch64-linux-gnu gcc-13-base gcc-aarch64-linux-gnu javascript-common
  libalgorithm-diff-perl libalgorithm-diff-xs-perl libalgorithm-merge-perl
  libaom3 libasan8 libatomic1 libbinutils libc-dev-bin libc-devtools libc6-dev
  libcc1-0 libcrypt-dev libctf-nobfd0 libctf0 libdeflate0 libdpkg-perl
  libexpat1-dev libfakeroot libfile-fcntllock-perl libfontconfig1
  libgcc-13-dev libgd3 libgomp1 libgprofng0 libheif-plugin-aomdec
  libheif-plugin-aomenc libheif1 libhwasan0 libisl23 libitm1 libjbig0
  libjpeg-turbo8 libjpeg8 libjs-jquery libjs-sphinxdoc libjs-underscore
  liblerc4 liblsan0 libmpc3 libpython3-dev libpython3.12-dev libsframe1
  libsharpyuv0 libstdc++-13-dev libtiff6 libtsan2 libubsan1 libwebp7 libxpm4
  linux-libc-dev lto-disabled-list make manpages-dev pigz python3-dev
  python3-pip python3-wheel python3.12-dev rpcsvc-proto runc ubuntu-fan
  zlib1g-dev
The following packages will be upgraded:
  libc-bin libc6 linux-tools-common locales
Setting up libsharpyuv0:arm64 (1.3.2-0.4build3) ...
Setting up g++-13-aarch64-linux-gnu (13.3.0-6ubuntu2~24.04.1) ...
Selecting previously unselected package runc.
Setting up libaom3:arm64 (3.8.2-2ubuntu0.1) ...
4 upgraded, 91 newly installed, 0 to remove and 30 not upgraded.
Need to get 155 MB of archives.
After this operation, 558 MB of additional disk space will be used.
Get:1 http://us-east-1.ec2.ports.ubuntu.com/ubuntu-ports noble-updates/main arm64 libc6 arm64 2.39-0ubuntu8.8 [2775 kB]
Preparing to unpack .../48-runc_1.3.4-0ubuntu1~24.04.1_arm64.deb ...
Setting up gcc-aarch64-linux-gnu (4:13.2.0-7ubuntu1) ...
Unpacking runc (1.3.4-0ubuntu1~24.04.1) ...
(Reading database ... 85%Setting up manpages-dev (6.7-2) ...
Setting up g++-13 (13.3.0-6ubuntu2~24.04.1) ...
Setting up lto-disabled-list (47) ...
Setting up libpython3.12-dev:arm64 (3.12.3-1ubuntu0.15) ...
Setting up liblerc4:arm64 (4.0.0+ds-4ubuntu2) ...
Setting up gcc (4:13.2.0-7ubuntu1) ...
(Reading database ... 90%Setting up libxpm4:arm64 (1:3.5.17-1ubuntu0.24.04.1) ...
Get:2 http://us-east-1.ec2.ports.ubuntu.com/ubuntu-ports noble-updates/main arm64 libc-bin arm64 2.39-0ubuntu8.8 [591 kB]
Setting up libfile-fcntllock-perl (0.22-4ubuntu5) ...
Get:3 http://us-east-1.ec2.ports.ubuntu.com/ubuntu-ports noble/universe arm64 pigz arm64 2.8-1 [60.7 kB]
Get:4 http://us-east-1.ec2.ports.ubuntu.com/ubuntu-ports noble-updates/main arm64 locales all 2.39-0ubuntu8.8 [4231 kB]
Setting up libalgorithm-diff-perl (1.201-1) ...
Setting up python3.12-dev (3.12.3-1ubuntu0.15) ...
 done
Generation complete.
Setting up binutils-common:arm64 (2.42-4ubuntu2.10) ...
(Reading database ... 95%Setting up g++-aarch64-linux-gnu (4:13.2.0-7ubuntu1) ...
Setting up libdeflate0:arm64 (1.19-1build1.1) ...
Get:41 http://ports.ubuntu.com/ubuntu-ports noble-security/main Translation-en [198 kB]
Setting up linux-libc-dev:arm64 (6.8.0-136.136) ...
Setting up libpython3-dev:arm64 (3.12.3-0ubuntu2.1) ...
Setting up python3-wheel (0.42.0-2) ...
Setting up libctf-nobfd0:arm64 (2.42-4ubuntu2.10) ...
Setting up python3-dev (3.12.3-0ubuntu2.1) ...
Setting up dnsmasq-base (2.90-2ubuntu0.4) ...
Setting up g++ (4:13.2.0-7ubuntu1) ...
(Reading database ... 100%(Reading database ... 74109 files and directories currently installed.)
Preparing to unpack .../libc6_2.39-0ubuntu8.8_arm64.deb ...
Selecting previously unselected package libcrypt-dev:arm64.
update-alternatives: using /usr/bin/g++ to provide /usr/bin/c++ (c++) in auto mode
Preparing to unpack .../13-libcrypt-dev_1%3a4.4.36-4build1_arm64.deb ...
Setting up build-essential (12.10ubuntu1) ...
Unpacking libcrypt-dev:arm64 (1:4.4.36-4build1) ...
Setting up libgomp1:arm64 (14.2.0-4ubuntu2~24.04.1) ...
Setting up libheif-plugin-aomdec:arm64 (1.17.6-1ubuntu4.6) ...
Selecting previously unselected package containerd.
Preparing to unpack .../49-containerd_2.2.1-0ubuntu1~24.04.3_arm64.deb ...
Setting up bzip2 (1.0.8-5.1build0.1) ...
Unpacking containerd (2.2.1-0ubuntu1~24.04.3) ...
Setting up libheif1:arm64 (1.17.6-1ubuntu4.6) ...
Setting up locales (2.39-0ubuntu8.8) ...
Selecting previously unselected package rpcsvc-proto.
Preparing to unpack .../14-rpcsvc-proto_1.4.2-0ubuntu7_arm64.deb ...
Setting up libheif-plugin-aomenc:arm64 (1.17.6-1ubuntu4.6) ...
Unpacking rpcsvc-proto (1.4.2-0ubuntu7) ...
Processing triggers for libc-bin (2.39-0ubuntu8.8) ...
Processing triggers for man-db (2.12.0-4build2) ...
Unpacking libc6:arm64 (2.39-0ubuntu8.8) over (2.39-0ubuntu8.7) ...
Setting up libjbig0:arm64 (2.1-6.1ubuntu2) ...
Setting up libsframe1:arm64 (2.42-4ubuntu2.10) ...
Setting up libfakeroot:arm64 (1.33-1) ...
Selecting previously unselected package libc6-dev:arm64.
Preparing to unpack .../15-libc6-dev_2.39-0ubuntu8.8_arm64.deb ...
Unpacking libc6-dev:arm64 (2.39-0ubuntu8.8) ...
Setting up runc (1.3.4-0ubuntu1~24.04.1) ...
Setting up dns-root-data (2024071801~ubuntu0.24.04.1) ...
Setting up fakeroot (1.33-1) ...
Selecting previously unselected package gcc-13-base:arm64.
update-alternatives: using /usr/bin/fakeroot-sysv to provide /usr/bin/fakeroot (fakeroot) in auto mode
Preparing to unpack .../16-gcc-13-base_13.3.0-6ubuntu2~24.04.1_arm64.deb ...
Unpacking gcc-13-base:arm64 (13.3.0-6ubuntu2~24.04.1) ...
Setting up rpcsvc-proto (1.4.2-0ubuntu7) ...
Get:42 http://ports.ubuntu.com/ubuntu-ports noble-security/main arm64 Components [43.3 kB]
Get:43 http://ports.ubuntu.com/ubuntu-ports noble-security/main arm64 c-n-f Metadata [11.6 kB]
Get:44 http://ports.ubuntu.com/ubuntu-ports noble-security/universe arm64 Packages [1259 kB]
Setting up gcc-13-base:arm64 (13.3.0-6ubuntu2~24.04.1) ...
Setting up make (4.3-4.1build2) ...
Setting up fonts-dejavu-mono (2.37-8) ...
Selecting previously unselected package libisl23:arm64.
Preparing to unpack .../17-libisl23_0.26-3build1.1_arm64.deb ...
Unpacking libisl23:arm64 (0.26-3build1.1) ...
Setting up libc6:arm64 (2.39-0ubuntu8.8) ...
Selecting previously unselected package libmpc3:arm64.
Preparing to unpack .../18-libmpc3_1.3.1-1build1.1_arm64.deb ...
Setting up libmpc3:arm64 (1.3.1-1build1.1) ...
Unpacking libmpc3:arm64 (1.3.1-1build1.1) ...
Setting up libatomic1:arm64 (14.2.0-4ubuntu2~24.04.1) ...
Selecting previously unselected package cpp-13-aarch64-linux-gnu.
Setting up fonts-dejavu-core (2.37-8) ...
Preparing to unpack .../19-cpp-13-aarch64-linux-gnu_13.3.0-6ubuntu2~24.04.1_arm64.deb ...
Unpacking cpp-13-aarch64-linux-gnu (13.3.0-6ubuntu2~24.04.1) ...
Fetched 37.7 MB in 4s (10.0 MB/s)
Reading package lists...Setting up python3-pip (24.0+dfsg-1ubuntu1.3) ...
Generating locales (this might take a while)...
  en_US.UTF-8...Selecting previously unselected package dns-root-data.
Preparing to unpack .../50-dns-root-data_2024071801~ubuntu0.24.04.1_all.deb ...
Unpacking dns-root-data (2024071801~ubuntu0.24.04.1) ...
Selecting previously unselected package cpp-13.
Preparing to unpack .../20-cpp-13_13.3.0-6ubuntu2~24.04.1_arm64.deb ...
Unpacking cpp-13 (13.3.0-6ubuntu2~24.04.1) ...
Selecting previously unselected package dnsmasq-base.
Preparing to unpack .../51-dnsmasq-base_2.90-2ubuntu0.4_arm64.deb ...
Unpacking dnsmasq-base (2.90-2ubuntu0.4) ...
Selecting previously unselected package cpp-aarch64-linux-gnu.
Preparing to unpack .../21-cpp-aarch64-linux-gnu_4%3a13.2.0-7ubuntu1_arm64.deb ...
Unpacking cpp-aarch64-linux-gnu (4:13.2.0-7ubuntu1) ...
Get:5 http://us-east-1.ec2.ports.ubuntu.com/ubuntu-ports noble-updates/main arm64 binutils-common arm64 2.42-4ubuntu2.10 [240 kB]
Selecting previously unselected package docker.io.
Selecting previously unselected package cpp.
Get:6 http://us-east-1.ec2.ports.ubuntu.com/ubuntu-ports noble-updates/main arm64 libsframe1 arm64 2.42-4ubuntu2.10 [15.4 kB]
Get:7 http://us-east-1.ec2.ports.ubuntu.com/ubuntu-ports noble-updates/main arm64 libbinutils arm64 2.42-4ubuntu2.10 [766 kB]
Preparing to unpack .../52-docker.io_29.1.3-0ubuntu3~24.04.2_arm64.deb ...
Preparing to unpack .../22-cpp_4%3a13.2.0-7ubuntu1_arm64.deb ...
Unpacking docker.io (29.1.3-0ubuntu3~24.04.2) ...
Unpacking cpp (4:13.2.0-7ubuntu1) ...
[22:02:14] [tensorzero] ip=52.90.16.114 - waiting for ssh
Get:8 http://us-east-1.ec2.ports.ubuntu.com/ubuntu-ports noble-updates/main arm64 libctf-nobfd0 arm64 2.42-4ubuntu2.10 [101 kB]
Get:9 http://us-east-1.ec2.ports.ubuntu.com/ubuntu-ports noble-updates/main arm64 libctf0 arm64 2.42-4ubuntu2.10 [95.7 kB]
Get:10 http://us-east-1.ec2.ports.ubuntu.com/ubuntu-ports noble-updates/main arm64 libgprofng0 arm64 2.42-4ubuntu2.10 [776 kB]
Get:11 http://us-east-1.ec2.ports.ubuntu.com/ubuntu-ports noble-updates/main arm64 binutils-aarch64-linux-gnu arm64 2.42-4ubuntu2.10 [3304 kB]
(Reading database ... (Reading database ... 5%(Reading database ... 10%(Reading database ... 15%(Reading database ... 20%(Reading database ... 25%(Reading database ... 30%(Reading database ... 35%(Reading database ... 40%(Reading database ... 45%(Reading database ... 50%(Reading database ... 55%Selecting previously unselected package libcc1-0:arm64.
Preparing to unpack .../23-libcc1-0_14.2.0-4ubuntu2~24.04.1_arm64.deb ...
Unpacking libcc1-0:arm64 (14.2.0-4ubuntu2~24.04.1) ...
Selecting previously unselected package libgomp1:arm64.
Preparing to unpack .../24-libgomp1_14.2.0-4ubuntu2~24.04.1_arm64.deb ...
Get:45 http://ports.ubuntu.com/ubuntu-ports noble-security/universe Translation-en [239 kB]
Get:46 http://ports.ubuntu.com/ubuntu-ports noble-security/universe arm64 Components [76.3 kB]
Get:47 http://ports.ubuntu.com/ubuntu-ports noble-security/universe arm64 c-n-f Metadata [23.7 kB]
Get:48 http://ports.ubuntu.com/ubuntu-ports noble-security/restricted arm64 Packages [1930 kB]
Unpacking libgomp1:arm64 (14.2.0-4ubuntu2~24.04.1) ...
Selecting previously unselected package libitm1:arm64.
Preparing to unpack .../25-libitm1_14.2.0-4ubuntu2~24.04.1_arm64.deb ...
Unpacking libitm1:arm64 (14.2.0-4ubuntu2~24.04.1) ...
Selecting previously unselected package libatomic1:arm64.
(Reading database ... 60%(Reading database ... 65%(Reading database ... 70%(Reading database ... 75%(Reading database ... 80%(Reading database ... 85%(Reading database ... 90%(Reading database ... 95%(Reading database ... 100%(Reading database ... 74109 files and directories currently installed.)
Preparing to unpack .../libc-bin_2.39-0ubuntu8.8_arm64.deb ...
Unpacking libc-bin (2.39-0ubuntu8.8) over (2.39-0ubuntu8.7) ...
Preparing to unpack .../26-libatomic1_14.2.0-4ubuntu2~24.04.1_arm64.deb ...
Unpacking libatomic1:arm64 (14.2.0-4ubuntu2~24.04.1) ...
Setting up libc-bin (2.39-0ubuntu8.8) ...
Hit:1 http://us-east-1.ec2.ports.ubuntu.com/ubuntu-ports noble InRelease
Get:2 http://us-east-1.ec2.ports.ubuntu.com/ubuntu-ports noble-updates InRelease [126 kB]
Get:3 http://us-east-1.ec2.ports.ubuntu.com/ubuntu-ports noble-backports InRelease [126 kB]
Selecting previously unselected package libasan8:arm64.
Get:4 http://ports.ubuntu.com/ubuntu-ports noble-security InRelease [126 kB]
Preparing to unpack .../27-libasan8_14.2.0-4ubuntu2~24.04.1_arm64.deb ...
Unpacking libasan8:arm64 (14.2.0-4ubuntu2~24.04.1) ...
Selecting previously unselected package pigz.
(Reading database ... (Reading database ... 5%(Reading database ... 10%(Reading database ... 15%(Reading database ... 20%(Reading database ... 25%(Reading database ... 30%(Reading database ... 35%(Reading database ... 40%(Reading database ... 45%(Reading database ... 50%(Reading database ... 55%(Reading database ... 60%(Reading database ... 65%Get:12 http://us-east-1.ec2.ports.ubuntu.com/ubuntu-ports noble-updates/main arm64 binutils arm64 2.42-4ubuntu2.10 [18.1 kB]
(Reading database ... 70%Get:13 http://us-east-1.ec2.ports.ubuntu.com/ubuntu-ports noble/main arm64 bridge-utils arm64 1.7.1-1ubuntu2 [34.2 kB]
(Reading database ... 75%Get:14 http://us-east-1.ec2.ports.ubuntu.com/ubuntu-ports noble-updates/main arm64 libc-dev-bin arm64 2.39-0ubuntu8.8 [19.7 kB]
(Reading database ... 80%(Reading database ... 85%Get:15 http://us-east-1.ec2.ports.ubuntu.com/ubuntu-ports noble-updates/main arm64 linux-libc-dev arm64 6.8.0-136.136 [1550 kB]
(Reading database ... 90%(Reading database ... 95%(Reading database ... 100%(Reading database ... 74109 files and directories currently installed.)
Get:5 http://us-east-1.ec2.ports.ubuntu.com/ubuntu-ports noble/universe arm64 Packages [15.3 MB]
Get:16 http://us-east-1.ec2.ports.ubuntu.com/ubuntu-ports noble/main arm64 libcrypt-dev arm64 1:4.4.36-4build1 [118 kB]
Get:17 http://us-east-1.ec2.ports.ubuntu.com/ubuntu-ports noble/main arm64 rpcsvc-proto arm64 1.4.2-0ubuntu7 [64.8 kB]
Get:18 http://us-east-1.ec2.ports.ubuntu.com/ubuntu-ports noble-updates/main arm64 libc6-dev arm64 2.39-0ubuntu8.8 [1596 kB]
Preparing to unpack .../00-pigz_2.8-1_arm64.deb ...
Unpacking pigz (2.8-1) ...
Preparing to unpack .../01-locales_2.39-0ubuntu8.8_all.deb ...
Selecting previously unselected package liblsan0:arm64.
Preparing to unpack .../28-liblsan0_14.2.0-4ubuntu2~24.04.1_arm64.deb ...
Get:19 http://us-east-1.ec2.ports.ubuntu.com/ubuntu-ports noble-updates/main arm64 gcc-13-base arm64 13.3.0-6ubuntu2~24.04.1 [51.6 kB]
Unpacking locales (2.39-0ubuntu8.8) over (2.39-0ubuntu8.7) ...
Get:20 http://us-east-1.ec2.ports.ubuntu.com/ubuntu-ports noble-updates/main arm64 libisl23 arm64 0.26-3build1.1 [669 kB]
Unpacking liblsan0:arm64 (14.2.0-4ubuntu2~24.04.1) ...
Get:21 http://us-east-1.ec2.ports.ubuntu.com/ubuntu-ports noble-updates/main arm64 libmpc3 arm64 1.3.1-1build1.1 [56.4 kB]
Get:22 http://us-east-1.ec2.ports.ubuntu.com/ubuntu-ports noble-updates/main arm64 cpp-13-aarch64-linux-gnu arm64 13.3.0-6ubuntu2~24.04.1 [9560 kB]
Selecting previously unselected package libtsan2:arm64.
Preparing to unpack .../29-libtsan2_14.2.0-4ubuntu2~24.04.1_arm64.deb ...
Unpacking libtsan2:arm64 (14.2.0-4ubuntu2~24.04.1) ...
Get:6 http://us-east-1.ec2.ports.ubuntu.com/ubuntu-ports noble/universe Translation-en [5982 kB]
Get:7 http://ports.ubuntu.com/ubuntu-ports noble-security/main arm64 Packages [940 kB]
Get:8 http://us-east-1.ec2.ports.ubuntu.com/ubuntu-ports noble/universe arm64 Components [3573 kB]
Selecting previously unselected package libubsan1:arm64.
Preparing to unpack .../30-libubsan1_14.2.0-4ubuntu2~24.04.1_arm64.deb ...
Unpacking libubsan1:arm64 (14.2.0-4ubuntu2~24.04.1) ...
Get:9 http://us-east-1.ec2.ports.ubuntu.com/ubuntu-ports noble/universe arm64 c-n-f Metadata [295 kB]
Get:10 http://us-east-1.ec2.ports.ubuntu.com/ubuntu-ports noble/multiverse arm64 Packages [223 kB]
Get:11 http://us-east-1.ec2.ports.ubuntu.com/ubuntu-ports noble/multiverse Translation-en [118 kB]
Get:12 http://us-east-1.ec2.ports.ubuntu.com/ubuntu-ports noble/multiverse arm64 Components [31.6 kB]
Get:13 http://us-east-1.ec2.ports.ubuntu.com/ubuntu-ports noble/multiverse arm64 c-n-f Metadata [7152 B]
Get:14 http://us-east-1.ec2.ports.ubuntu.com/ubuntu-ports noble-updates/main arm64 Packages [1190 kB]
Get:15 http://us-east-1.ec2.ports.ubuntu.com/ubuntu-ports noble-updates/main Translation-en [278 kB]
Get:16 http://us-east-1.ec2.ports.ubuntu.com/ubuntu-ports noble-updates/main arm64 Components [178 kB]
Selecting previously unselected package binutils-common:arm64.
Preparing to unpack .../02-binutils-common_2.42-4ubuntu2.10_arm64.deb ...
Get:17 http://us-east-1.ec2.ports.ubuntu.com/ubuntu-ports noble-updates/universe arm64 Packages [1704 kB]
Selecting previously unselected package libhwasan0:arm64.
Unpacking binutils-common:arm64 (2.42-4ubuntu2.10) ...
Preparing to unpack .../31-libhwasan0_14.2.0-4ubuntu2~24.04.1_arm64.deb ...
Unpacking libhwasan0:arm64 (14.2.0-4ubuntu2~24.04.1) ...
Get:18 http://ports.ubuntu.com/ubuntu-ports noble-security/main Translation-en [198 kB]
Get:19 http://us-east-1.ec2.ports.ubuntu.com/ubuntu-ports noble-updates/universe Translation-en [334 kB]
Get:20 http://ports.ubuntu.com/ubuntu-ports noble-security/main arm64 Components [43.3 kB]
Get:21 http://ports.ubuntu.com/ubuntu-ports noble-security/main arm64 c-n-f Metadata [11.6 kB]
Get:22 http://us-east-1.ec2.ports.ubuntu.com/ubuntu-ports noble-updates/universe arm64 Components [387 kB]
Get:23 http://ports.ubuntu.com/ubuntu-ports noble-security/universe arm64 Packages [1259 kB]
Get:24 http://us-east-1.ec2.ports.ubuntu.com/ubuntu-ports noble-updates/universe arm64 c-n-f Metadata [33.5 kB]
Get:25 http://us-east-1.ec2.ports.ubuntu.com/ubuntu-ports noble-updates/restricted arm64 Packages [2036 kB]
Selecting previously unselected package libsframe1:arm64.
Get:26 http://us-east-1.ec2.ports.ubuntu.com/ubuntu-ports noble-updates/restricted Translation-en [308 kB]
Get:27 http://us-east-1.ec2.ports.ubuntu.com/ubuntu-ports noble-updates/multiverse arm64 Packages [72.7 kB]
Get:28 http://us-east-1.ec2.ports.ubuntu.com/ubuntu-ports noble-updates/multiverse Translation-en [12.3 kB]
Get:29 http://us-east-1.ec2.ports.ubuntu.com/ubuntu-ports noble-updates/multiverse arm64 Components [212 B]
Get:30 http://us-east-1.ec2.ports.ubuntu.com/ubuntu-ports noble-updates/multiverse arm64 c-n-f Metadata [472 B]
Get:31 http://us-east-1.ec2.ports.ubuntu.com/ubuntu-ports noble-backports/main arm64 Packages [40.6 kB]
Get:32 http://us-east-1.ec2.ports.ubuntu.com/ubuntu-ports noble-backports/main Translation-en [9172 B]
Preparing to unpack .../03-libsframe1_2.42-4ubuntu2.10_arm64.deb ...
Get:33 http://us-east-1.ec2.ports.ubuntu.com/ubuntu-ports noble-backports/main arm64 Components [3572 B]
Get:34 http://us-east-1.ec2.ports.ubuntu.com/ubuntu-ports noble-backports/main arm64 c-n-f Metadata [372 B]
Get:35 http://us-east-1.ec2.ports.ubuntu.com/ubuntu-ports noble-backports/universe arm64 Packages [32.7 kB]
Unpacking libsframe1:arm64 (2.42-4ubuntu2.10) ...
Get:36 http://us-east-1.ec2.ports.ubuntu.com/ubuntu-ports noble-backports/universe Translation-en [18.6 kB]
Get:37 http://us-east-1.ec2.ports.ubuntu.com/ubuntu-ports noble-backports/universe arm64 Components [12.6 kB]
Get:38 http://us-east-1.ec2.ports.ubuntu.com/ubuntu-ports noble-backports/universe arm64 c-n-f Metadata [1592 B]
Get:39 http://us-east-1.ec2.ports.ubuntu.com/ubuntu-ports noble-backports/restricted arm64 Components [212 B]
Get:40 http://us-east-1.ec2.ports.ubuntu.com/ubuntu-ports noble-backports/restricted arm64 c-n-f Metadata [116 B]
Get:41 http://us-east-1.ec2.ports.ubuntu.com/ubuntu-ports noble-backports/multiverse arm64 Packages [748 B]
Get:42 http://ports.ubuntu.com/ubuntu-ports noble-security/universe Translation-en [239 kB]
Get:43 http://us-east-1.ec2.ports.ubuntu.com/ubuntu-ports noble-backports/multiverse Translation-en [340 B]
Get:44 http://us-east-1.ec2.ports.ubuntu.com/ubuntu-ports noble-backports/multiverse arm64 Components [212 B]
Get:45 http://us-east-1.ec2.ports.ubuntu.com/ubuntu-ports noble-backports/multiverse arm64 c-n-f Metadata [116 B]
Get:46 http://ports.ubuntu.com/ubuntu-ports noble-security/universe arm64 Components [76.3 kB]
Get:47 http://ports.ubuntu.com/ubuntu-ports noble-security/universe arm64 c-n-f Metadata [23.7 kB]
Get:48 http://ports.ubuntu.com/ubuntu-ports noble-security/restricted arm64 Packages [1930 kB]
Selecting previously unselected package libgcc-13-dev:arm64.
Selecting previously unselected package libbinutils:arm64.
Preparing to unpack .../04-libbinutils_2.42-4ubuntu2.10_arm64.deb ...
Unpacking libbinutils:arm64 (2.42-4ubuntu2.10) ...
Selecting previously unselected package libctf-nobfd0:arm64.
Preparing to unpack .../05-libctf-nobfd0_2.42-4ubuntu2.10_arm64.deb ...
Unpacking libctf-nobfd0:arm64 (2.42-4ubuntu2.10) ...
Preparing to unpack .../32-libgcc-13-dev_13.3.0-6ubuntu2~24.04.1_arm64.deb ...
Unpacking libgcc-13-dev:arm64 (13.3.0-6ubuntu2~24.04.1) ...
Get:49 http://ports.ubuntu.com/ubuntu-ports noble-security/restricted Translation-en [290 kB]
Get:50 http://ports.ubuntu.com/ubuntu-ports noble-security/restricted arm64 Components [212 B]
Get:51 http://ports.ubuntu.com/ubuntu-ports noble-security/restricted arm64 c-n-f Metadata [388 B]
Get:52 http://ports.ubuntu.com/ubuntu-ports noble-security/multiverse arm64 Packages [68.7 kB]
Get:53 http://ports.ubuntu.com/ubuntu-ports noble-security/multiverse Translation-en [10.6 kB]
Get:54 http://ports.ubuntu.com/ubuntu-ports noble-security/multiverse arm64 Components [208 B]
Get:55 http://ports.ubuntu.com/ubuntu-ports noble-security/multiverse arm64 c-n-f Metadata [456 B]
Get:49 http://ports.ubuntu.com/ubuntu-ports noble-security/restricted Translation-en [290 kB]
Get:50 http://ports.ubuntu.com/ubuntu-ports noble-security/restricted arm64 Components [212 B]
Get:51 http://ports.ubuntu.com/ubuntu-ports noble-security/restricted arm64 c-n-f Metadata [388 B]
Get:52 http://ports.ubuntu.com/ubuntu-ports noble-security/multiverse arm64 Packages [68.7 kB]
Get:53 http://ports.ubuntu.com/ubuntu-ports noble-security/multiverse Translation-en [10.6 kB]
Get:54 http://ports.ubuntu.com/ubuntu-ports noble-security/multiverse arm64 Components [208 B]
Get:55 http://ports.ubuntu.com/ubuntu-ports noble-security/multiverse arm64 c-n-f Metadata [456 B]
Selecting previously unselected package gcc-13-aarch64-linux-gnu.
Preparing to unpack .../33-gcc-13-aarch64-linux-gnu_13.3.0-6ubuntu2~24.04.1_arm64.deb ...
Unpacking gcc-13-aarch64-linux-gnu (13.3.0-6ubuntu2~24.04.1) ...
Selecting previously unselected package libctf0:arm64.
Preparing to unpack .../06-libctf0_2.42-4ubuntu2.10_arm64.deb ...
Unpacking libctf0:arm64 (2.42-4ubuntu2.10) ...

Selecting previously unselected package libgprofng0:arm64.
Preparing to unpack .../07-libgprofng0_2.42-4ubuntu2.10_arm64.deb ...
Reading package lists...Unpacking libgprofng0:arm64 (2.42-4ubuntu2.10) ...


Running kernel seems to be up-to-date.

Restarting services...
Building dependency tree...Selecting previously unselected package binutils-aarch64-linux-gnu.
Preparing to unpack .../08-binutils-aarch64-linux-gnu_2.42-4ubuntu2.10_arm64.deb ...
Unpacking binutils-aarch64-linux-gnu (2.42-4ubuntu2.10) ...
 systemctl restart acpid.service chrony.service cron.service irqbalance.service multipathd.service packagekit.service polkit.service rsyslog.service ssh.service systemd-journald.service systemd-networkd.service systemd-resolved.service systemd-udevd.service udisks2.service
Selecting previously unselected package binutils.
Preparing to unpack .../09-binutils_2.42-4ubuntu2.10_arm64.deb ...
Unpacking binutils (2.42-4ubuntu2.10) ...

Reading state information...
Selecting previously unselected package bridge-utils.
Preparing to unpack .../10-bridge-utils_1.7.1-1ubuntu2_arm64.deb ...
Unpacking bridge-utils (1.7.1-1ubuntu2) ...
Setting up libjpeg-turbo8:arm64 (2.1.5-2ubuntu2) ...
Setting up bridge-utils (1.7.1-1ubuntu2) ...
Selecting previously unselected package gcc-13.
Preparing to unpack .../34-gcc-13_13.3.0-6ubuntu2~24.04.1_arm64.deb ...
Unpacking gcc-13 (13.3.0-6ubuntu2~24.04.1) ...
Selecting previously unselected package libfakeroot:arm64.
Selecting previously unselected package libc-dev-bin.
Preparing to unpack .../53-libfakeroot_1.33-1_arm64.deb ...
Preparing to unpack .../11-libc-dev-bin_2.39-0ubuntu8.8_arm64.deb ...
Unpacking libfakeroot:arm64 (1.33-1) ...
Unpacking libc-dev-bin (2.39-0ubuntu8.8) ...
Selecting previously unselected package gcc-aarch64-linux-gnu.
Preparing to unpack .../35-gcc-aarch64-linux-gnu_4%3a13.2.0-7ubuntu1_arm64.deb ...
Unpacking gcc-aarch64-linux-gnu (4:13.2.0-7ubuntu1) ...
Selecting previously unselected package fakeroot.
Preparing to unpack .../54-fakeroot_1.33-1_arm64.deb ...
Unpacking fakeroot (1.33-1) ...
 done
Generation complete.
Selecting previously unselected package linux-libc-dev:arm64.
Selecting previously unselected package gcc.
Preparing to unpack .../12-linux-libc-dev_6.8.0-136.136_arm64.deb ...
Preparing to unpack .../36-gcc_4%3a13.2.0-7ubuntu1_arm64.deb ...
Unpacking linux-libc-dev:arm64 (6.8.0-136.136) ...
Unpacking gcc (4:13.2.0-7ubuntu1) ...
Setting up libdpkg-perl (1.22.6ubuntu6.6) ...
Selecting previously unselected package fonts-dejavu-mono.
Setting up python3-wheel (0.42.0-2) ...
Preparing to unpack .../55-fonts-dejavu-mono_2.37-8_all.deb ...
Unpacking fonts-dejavu-mono (2.37-8) ...
Setting up libwebp7:arm64 (1.3.2-0.4build3) ...
Selecting previously unselected package libstdc++-13-dev:arm64.
Preparing to unpack .../37-libstdc++-13-dev_13.3.0-6ubuntu2~24.04.1_arm64.deb ...
Unpacking libstdc++-13-dev:arm64 (13.3.0-6ubuntu2~24.04.1) ...
Setting up libubsan1:arm64 (14.2.0-4ubuntu2~24.04.1) ...
Selecting previously unselected package fonts-dejavu-core.
Preparing to unpack .../56-fonts-dejavu-core_2.37-8_all.deb ...
Unpacking fonts-dejavu-core (2.37-8) ...
Setting up libhwasan0:arm64 (14.2.0-4ubuntu2~24.04.1) ...
Setting up pigz (2.8-1) ...
Setting up libcrypt-dev:arm64 (1:4.4.36-4build1) ...
Setting up libasan8:arm64 (14.2.0-4ubuntu2~24.04.1) ...
Setting up libtsan2:arm64 (14.2.0-4ubuntu2~24.04.1) ...
Selecting previously unselected package fontconfig-config.
Preparing to unpack .../57-fontconfig-config_2.15.0-1.1ubuntu2_arm64.deb ...
Setting up libjs-jquery (3.6.1+dfsg+~3.5.14-1) ...
curl is already the newest version (8.5.0-2ubuntu10.11).
curl set to manually installed.
ca-certificates is already the newest version (20260601~24.04.1).
ca-certificates set to manually installed.
jq is already the newest version (1.7.1-3ubuntu0.24.04.2).
jq set to manually installed.
git is already the newest version (1:2.43.0-1ubuntu7.3).
git set to manually installed.
The following additional packages will be installed:
  binutils binutils-aarch64-linux-gnu binutils-common bridge-utils bzip2
  containerd cpp cpp-13 cpp-13-aarch64-linux-gnu cpp-aarch64-linux-gnu
  dns-root-data dnsmasq-base dpkg-dev fakeroot fontconfig-config
  fonts-dejavu-core fonts-dejavu-mono g++ g++-13 g++-13-aarch64-linux-gnu
  g++-aarch64-linux-gnu gcc gcc-13 gcc-13-aarch64-linux-gnu gcc-13-base
Setting up libbinutils:arm64 (2.42-4ubuntu2.10) ...
  gcc-aarch64-linux-gnu javascript-common libalgorithm-diff-perl
  libalgorithm-diff-xs-perl libalgorithm-merge-perl libaom3 libasan8
  libatomic1 libbinutils libc-bin libc-dev-bin libc-devtools libc6 libc6-dev
  libcc1-0 libcrypt-dev libctf-nobfd0 libctf0 libdeflate0 libdpkg-perl
Selecting previously unselected package libcrypt-dev:arm64.
Setting up libjbig0:arm64 (2.1-6.1ubuntu2) ...
Preparing to unpack .../13-libcrypt-dev_1%3a4.4.36-4build1_arm64.deb ...
Setting up libisl23:arm64 (0.26-3build1.1) ...
Unpacking libcrypt-dev:arm64 (1:4.4.36-4build1) ...
Setting up libsframe1:arm64 (2.42-4ubuntu2.10) ...
Setting up libc-dev-bin (2.39-0ubuntu8.8) ...
Setting up containerd (2.2.1-0ubuntu1~24.04.3) ...
Setting up libfakeroot:arm64 (1.33-1) ...
Selecting previously unselected package g++-13-aarch64-linux-gnu.
Preparing to unpack .../38-g++-13-aarch64-linux-gnu_13.3.0-6ubuntu2~24.04.1_arm64.deb ...
Unpacking g++-13-aarch64-linux-gnu (13.3.0-6ubuntu2~24.04.1) ...
Setting up runc (1.3.4-0ubuntu1~24.04.1) ...

Service restarts being deferred:
 systemctl restart ModemManager.service
 /etc/needrestart/restart.d/dbus.service
 systemctl restart getty@tty1.service
 systemctl restart networkd-dispatcher.service
 systemctl restart serial-getty@ttyS0.service
 systemctl restart systemd-logind.service
 systemctl restart unattended-upgrades.service

No containers need to be restarted.

User sessions running outdated binaries:
 ubuntu @ session #3: sshd[1428,1512]
 ubuntu @ user manager service: systemd[1274]

No VM guests are running outdated hypervisor (qemu) binaries on this host.
  libexpat1-dev libfakeroot libfile-fcntllock-perl libfontconfig1
  libgcc-13-dev libgd3 libgomp1 libgprofng0 libheif-plugin-aomdec
  libheif-plugin-aomenc libheif1 libhwasan0 libisl23 libitm1 libjbig0
  libjpeg-turbo8 libjpeg8 libjs-jquery libjs-sphinxdoc libjs-underscore
  liblerc4 liblsan0 libmpc3 libpython3-dev libpython3.12-dev libsframe1
  libsharpyuv0 libstdc++-13-dev libtiff6 libtsan2 libubsan1 libwebp7 libxpm4
  linux-libc-dev linux-tools-common locales lto-disabled-list make
  manpages-dev pigz python3-dev python3-wheel python3.12-dev rpcsvc-proto runc
  ubuntu-fan zlib1g-dev
Suggested packages:
  binutils-doc gprofng-gui ifupdown bzip2-doc cpp-doc gcc-13-locales
  cpp-13-doc aufs-tools cgroupfs-mount | cgroup-lite debootstrap docker-buildx
  docker-compose-v2 docker-doc rinse zfs-fuse | zfsutils debian-keyring
  gcc-13-doc gcc-multilib autoconf automake libtool flex bison gdb gcc-doc
  gdb-aarch64-linux-gnu apache2 | lighttpd | httpd glibc-doc libnss-nis
  libnss-nisplus bzr libgd-tools libheif-plugin-libde265 libheif-plugin-x265
  libheif-plugin-ffmpegdec libheif-plugin-jpegdec libheif-plugin-jpegenc
  libheif-plugin-j2kdec libheif-plugin-j2kenc libheif-plugin-rav1e
  libheif-plugin-svtenc libstdc++-13-doc make-doc
The following NEW packages will be installed:
  binutils binutils-aarch64-linux-gnu binutils-common bridge-utils
  build-essential bzip2 containerd cpp cpp-13 cpp-13-aarch64-linux-gnu
  cpp-aarch64-linux-gnu dns-root-data dnsmasq-base docker.io dpkg-dev fakeroot
  fontconfig-config fonts-dejavu-core fonts-dejavu-mono g++ g++-13
  g++-13-aarch64-linux-gnu g++-aarch64-linux-gnu gcc gcc-13
  gcc-13-aarch64-linux-gnu gcc-13-base gcc-aarch64-linux-gnu javascript-common
  libalgorithm-diff-perl libalgorithm-diff-xs-perl libalgorithm-merge-perl
  libaom3 libasan8 libatomic1 libbinutils libc-dev-bin libc-devtools libc6-dev
  libcc1-0 libcrypt-dev libctf-nobfd0 libctf0 libdeflate0 libdpkg-perl
  libexpat1-dev libfakeroot libfile-fcntllock-perl libfontconfig1
  libgcc-13-dev libgd3 libgomp1 libgprofng0 libheif-plugin-aomdec
  libheif-plugin-aomenc libheif1 libhwasan0 libisl23 libitm1 libjbig0
  libjpeg-turbo8 libjpeg8 libjs-jquery libjs-sphinxdoc libjs-underscore
  liblerc4 liblsan0 libmpc3 libpython3-dev libpython3.12-dev libsframe1
  libsharpyuv0 libstdc++-13-dev libtiff6 libtsan2 libubsan1 libwebp7 libxpm4
  linux-libc-dev lto-disabled-list make manpages-dev pigz python3-dev
  python3-pip python3-wheel python3.12-dev rpcsvc-proto runc ubuntu-fan
  zlib1g-dev
The following packages will be upgraded:
  libc-bin libc6 linux-tools-common locales
Setting up dns-root-data (2024071801~ubuntu0.24.04.1) ...
Selecting previously unselected package rpcsvc-proto.
Setting up fakeroot (1.33-1) ...
Preparing to unpack .../14-rpcsvc-proto_1.4.2-0ubuntu7_arm64.deb ...
Unpacking rpcsvc-proto (1.4.2-0ubuntu7) ...
Unpacking fontconfig-config (2.15.0-1.1ubuntu2) ...
4 upgraded, 91 newly installed, 0 to remove and 30 not upgraded.
Need to get 155 MB of archives.
After this operation, 558 MB of additional disk space will be used.
Get:1 http://us-east-1.ec2.ports.ubuntu.com/ubuntu-ports noble-updates/main arm64 libc6 arm64 2.39-0ubuntu8.8 [2775 kB]
update-alternatives: using /usr/bin/fakeroot-sysv to provide /usr/bin/fakeroot (fakeroot) in auto mode
Setting up rpcsvc-proto (1.4.2-0ubuntu7) ...
Selecting previously unselected package libc6-dev:arm64.
Preparing to unpack .../15-libc6-dev_2.39-0ubuntu8.8_arm64.deb ...
Setting up gcc-13-base:arm64 (13.3.0-6ubuntu2~24.04.1) ...
Unpacking libc6-dev:arm64 (2.39-0ubuntu8.8) ...
Selecting previously unselected package javascript-common.
Setting up make (4.3-4.1build2) ...
Preparing to unpack .../58-javascript-common_11+nmu1_all.deb ...
Setting up fonts-dejavu-mono (2.37-8) ...
Unpacking javascript-common (11+nmu1) ...
Setting up libmpc3:arm64 (1.3.1-1build1.1) ...
Selecting previously unselected package libalgorithm-diff-perl.
Created symlink /etc/systemd/system/multi-user.target.wants/containerd.service → /usr/lib/systemd/system/containerd.service.
Preparing to unpack .../59-libalgorithm-diff-perl_1.201-1_all.deb ...
Unpacking libalgorithm-diff-perl (1.201-1) ...
Setting up libatomic1:arm64 (14.2.0-4ubuntu2~24.04.1) ...
Setting up fonts-dejavu-core (2.37-8) ...
Selecting previously unselected package libalgorithm-diff-xs-perl:arm64.
Preparing to unpack .../60-libalgorithm-diff-xs-perl_0.04-8build3_arm64.deb ...
Unpacking libalgorithm-diff-xs-perl:arm64 (0.04-8build3) ...
Get:23 http://us-east-1.ec2.ports.ubuntu.com/ubuntu-ports noble-updates/main arm64 cpp-13 arm64 13.3.0-6ubuntu2~24.04.1 [1038 B]
Get:24 http://us-east-1.ec2.ports.ubuntu.com/ubuntu-ports noble/main arm64 cpp-aarch64-linux-gnu arm64 4:13.2.0-7ubuntu1 [5316 B]
Get:25 http://us-east-1.ec2.ports.ubuntu.com/ubuntu-ports noble/main arm64 cpp arm64 4:13.2.0-7ubuntu1 [22.4 kB]
Get:26 http://us-east-1.ec2.ports.ubuntu.com/ubuntu-ports noble-updates/main arm64 libcc1-0 arm64 14.2.0-4ubuntu2~24.04.1 [49.7 kB]
Get:27 http://us-east-1.ec2.ports.ubuntu.com/ubuntu-ports noble-updates/main arm64 libgomp1 arm64 14.2.0-4ubuntu2~24.04.1 [145 kB]
Selecting previously unselected package gcc-13-base:arm64.
Selecting previously unselected package g++-13.
Get:28 http://us-east-1.ec2.ports.ubuntu.com/ubuntu-ports noble-updates/main arm64 libitm1 arm64 14.2.0-4ubuntu2~24.04.1 [28.2 kB]
Get:29 http://us-east-1.ec2.ports.ubuntu.com/ubuntu-ports noble-updates/main arm64 libatomic1 arm64 14.2.0-4ubuntu2~24.04.1 [11.6 kB]
Preparing to unpack .../16-gcc-13-base_13.3.0-6ubuntu2~24.04.1_arm64.deb ...
Unpacking gcc-13-base:arm64 (13.3.0-6ubuntu2~24.04.1) ...
Get:30 http://us-east-1.ec2.ports.ubuntu.com/ubuntu-ports noble-updates/main arm64 libasan8 arm64 14.2.0-4ubuntu2~24.04.1 [2928 kB]
Preparing to unpack .../39-g++-13_13.3.0-6ubuntu2~24.04.1_arm64.deb ...
Unpacking g++-13 (13.3.0-6ubuntu2~24.04.1) ...
Selecting previously unselected package libalgorithm-merge-perl.
Setting up python3-pip (24.0+dfsg-1ubuntu1.3) ...
Preparing to unpack .../61-libalgorithm-merge-perl_0.08-5_all.deb ...
Unpacking libalgorithm-merge-perl (0.08-5) ...
Selecting previously unselected package g++-aarch64-linux-gnu.
Preparing to unpack .../40-g++-aarch64-linux-gnu_4%3a13.2.0-7ubuntu1_arm64.deb ...
Unpacking g++-aarch64-linux-gnu (4:13.2.0-7ubuntu1) ...
Selecting previously unselected package libisl23:arm64.
Preparing to unpack .../17-libisl23_0.26-3build1.1_arm64.deb ...
Unpacking libisl23:arm64 (0.26-3build1.1) ...
Selecting previously unselected package libaom3:arm64.
Selecting previously unselected package g++.
Preparing to unpack .../62-libaom3_3.8.2-2ubuntu0.1_arm64.deb ...
Unpacking libaom3:arm64 (3.8.2-2ubuntu0.1) ...
Preparing to unpack .../41-g++_4%3a13.2.0-7ubuntu1_arm64.deb ...
Unpacking g++ (4:13.2.0-7ubuntu1) ...
Selecting previously unselected package libmpc3:arm64.
Selecting previously unselected package make.
Preparing to unpack .../18-libmpc3_1.3.1-1build1.1_arm64.deb ...
Unpacking libmpc3:arm64 (1.3.1-1build1.1) ...
Preparing to unpack .../42-make_4.3-4.1build2_arm64.deb ...
Unpacking make (4.3-4.1build2) ...
Selecting previously unselected package libdpkg-perl.
Preparing to unpack .../43-libdpkg-perl_1.22.6ubuntu6.6_all.deb ...
Selecting previously unselected package libfontconfig1:arm64.
Preparing to unpack .../63-libfontconfig1_2.15.0-1.1ubuntu2_arm64.deb ...
Unpacking libfontconfig1:arm64 (2.15.0-1.1ubuntu2) ...
Selecting previously unselected package cpp-13-aarch64-linux-gnu.
Preparing to unpack .../19-cpp-13-aarch64-linux-gnu_13.3.0-6ubuntu2~24.04.1_arm64.deb ...
Unpacking cpp-13-aarch64-linux-gnu (13.3.0-6ubuntu2~24.04.1) ...
Unpacking libdpkg-perl (1.22.6ubuntu6.6) ...
Selecting previously unselected package libsharpyuv0:arm64.
Preparing to unpack .../64-libsharpyuv0_1.3.2-0.4build3_arm64.deb ...
Unpacking libsharpyuv0:arm64 (1.3.2-0.4build3) ...
Get:31 http://us-east-1.ec2.ports.ubuntu.com/ubuntu-ports noble-updates/main arm64 liblsan0 arm64 14.2.0-4ubuntu2~24.04.1 [1289 kB]
Selecting previously unselected package bzip2.
Preparing to unpack .../44-bzip2_1.0.8-5.1build0.1_arm64.deb ...
Selecting previously unselected package libheif-plugin-aomdec:arm64.
Unpacking bzip2 (1.0.8-5.1build0.1) ...
Preparing to unpack .../65-libheif-plugin-aomdec_1.17.6-1ubuntu4.6_arm64.deb ...
Unpacking libheif-plugin-aomdec:arm64 (1.17.6-1ubuntu4.6) ...
Selecting previously unselected package libheif1:arm64.
Preparing to unpack .../66-libheif1_1.17.6-1ubuntu4.6_arm64.deb ...
Unpacking libheif1:arm64 (1.17.6-1ubuntu4.6) ...
Get:32 http://us-east-1.ec2.ports.ubuntu.com/ubuntu-ports noble-updates/main arm64 libtsan2 arm64 14.2.0-4ubuntu2~24.04.1 [2697 kB]
Selecting previously unselected package lto-disabled-list.
Preparing to unpack .../45-lto-disabled-list_47_all.deb ...
Unpacking lto-disabled-list (47) ...
Selecting previously unselected package dpkg-dev.
Preparing to unpack .../46-dpkg-dev_1.22.6ubuntu6.6_all.deb ...
Unpacking dpkg-dev (1.22.6ubuntu6.6) ...
Setting up linux-tools-common (6.8.0-136.136) ...
Selecting previously unselected package libjpeg-turbo8:arm64.
Preparing to unpack .../67-libjpeg-turbo8_2.1.5-2ubuntu2_arm64.deb ...
Setting up libalgorithm-diff-xs-perl:arm64 (0.04-8build3) ...
Unpacking libjpeg-turbo8:arm64 (2.1.5-2ubuntu2) ...
Setting up libcc1-0:arm64 (14.2.0-4ubuntu2~24.04.1) ...
Setting up liblsan0:arm64 (14.2.0-4ubuntu2~24.04.1) ...
Selecting previously unselected package libjpeg8:arm64.
Preparing to unpack .../68-libjpeg8_8c-2ubuntu11_arm64.deb ...
Unpacking libjpeg8:arm64 (8c-2ubuntu11) ...
Setting up libitm1:arm64 (14.2.0-4ubuntu2~24.04.1) ...
Selecting previously unselected package cpp-13.
Setting up libjs-underscore (1.13.4~dfsg+~1.11.4-3) ...
Preparing to unpack .../20-cpp-13_13.3.0-6ubuntu2~24.04.1_arm64.deb ...
Unpacking cpp-13 (13.3.0-6ubuntu2~24.04.1) ...
Selecting previously unselected package libdeflate0:arm64.
Selecting previously unselected package build-essential.
Setting up libalgorithm-merge-perl (0.08-5) ...
Preparing to unpack .../69-libdeflate0_1.19-1build1.1_arm64.deb ...
Preparing to unpack .../47-build-essential_12.10ubuntu1_arm64.deb ...
Unpacking build-essential (12.10ubuntu1) ...
Selecting previously unselected package cpp-aarch64-linux-gnu.
Unpacking libdeflate0:arm64 (1.19-1build1.1) ...
Setting up libctf0:arm64 (2.42-4ubuntu2.10) ...
Preparing to unpack .../21-cpp-aarch64-linux-gnu_4%3a13.2.0-7ubuntu1_arm64.deb ...
Unpacking cpp-aarch64-linux-gnu (4:13.2.0-7ubuntu1) ...
Setting up libjpeg8:arm64 (8c-2ubuntu11) ...
Selecting previously unselected package runc.
Selecting previously unselected package libjbig0:arm64.
Preparing to unpack .../48-runc_1.3.4-0ubuntu1~24.04.1_arm64.deb ...
Unpacking runc (1.3.4-0ubuntu1~24.04.1) ...
Setting up ubuntu-fan (0.12.16+24.04.1) ...
Preparing to unpack .../70-libjbig0_2.1-6.1ubuntu2_arm64.deb ...
Unpacking libjbig0:arm64 (2.1-6.1ubuntu2) ...
Selecting previously unselected package cpp.
Preparing to unpack .../22-cpp_4%3a13.2.0-7ubuntu1_arm64.deb ...
[22:02:16] [tensorzero] installing deps (bare base: docker + psutil; the rig is a prebuilt download, and each
[22:02:16] [tensorzero] gateway installs its OWN prereqs via gw_prereqs - no blanket build toolchain on every box)
Unpacking cpp (4:13.2.0-7ubuntu1) ...
Selecting previously unselected package liblerc4:arm64.
Preparing to unpack .../71-liblerc4_4.0.0+ds-4ubuntu2_arm64.deb ...
Unpacking liblerc4:arm64 (4.0.0+ds-4ubuntu2) ...
Selecting previously unselected package libcc1-0:arm64.
Preparing to unpack .../23-libcc1-0_14.2.0-4ubuntu2~24.04.1_arm64.deb ...
Unpacking libcc1-0:arm64 (14.2.0-4ubuntu2~24.04.1) ...
Selecting previously unselected package libwebp7:arm64.
Preparing to unpack .../72-libwebp7_1.3.2-0.4build3_arm64.deb ...
Selecting previously unselected package libgomp1:arm64.
Unpacking libwebp7:arm64 (1.3.2-0.4build3) ...
Get:33 http://us-east-1.ec2.ports.ubuntu.com/ubuntu-ports noble-updates/main arm64 libubsan1 arm64 14.2.0-4ubuntu2~24.04.1 [1157 kB]
Preparing to unpack .../24-libgomp1_14.2.0-4ubuntu2~24.04.1_arm64.deb ...
Unpacking libgomp1:arm64 (14.2.0-4ubuntu2~24.04.1) ...
Get:34 http://us-east-1.ec2.ports.ubuntu.com/ubuntu-ports noble-updates/main arm64 libhwasan0 arm64 14.2.0-4ubuntu2~24.04.1 [1605 kB]
Selecting previously unselected package libtiff6:arm64.
Get:35 http://us-east-1.ec2.ports.ubuntu.com/ubuntu-ports noble-updates/main arm64 libgcc-13-dev arm64 13.3.0-6ubuntu2~24.04.1 [2473 kB]
Selecting previously unselected package libitm1:arm64.
Preparing to unpack .../73-libtiff6_4.5.1+git230720-4ubuntu2.5_arm64.deb ...
Unpacking libtiff6:arm64 (4.5.1+git230720-4ubuntu2.5) ...
Preparing to unpack .../25-libitm1_14.2.0-4ubuntu2~24.04.1_arm64.deb ...
Unpacking libitm1:arm64 (14.2.0-4ubuntu2~24.04.1) ...
Created symlink /etc/systemd/system/multi-user.target.wants/ubuntu-fan.service → /usr/lib/systemd/system/ubuntu-fan.service.
Selecting previously unselected package libatomic1:arm64.
Selecting previously unselected package libxpm4:arm64.
Preparing to unpack .../26-libatomic1_14.2.0-4ubuntu2~24.04.1_arm64.deb ...
Selecting previously unselected package containerd.
Preparing to unpack .../74-libxpm4_1%3a3.5.17-1ubuntu0.24.04.1_arm64.deb ...
Unpacking libxpm4:arm64 (1:3.5.17-1ubuntu0.24.04.1) ...
Unpacking libatomic1:arm64 (14.2.0-4ubuntu2~24.04.1) ...
Preparing to unpack .../49-containerd_2.2.1-0ubuntu1~24.04.3_arm64.deb ...
Unpacking containerd (2.2.1-0ubuntu1~24.04.3) ...
Selecting previously unselected package libgd3:arm64.
Selecting previously unselected package libasan8:arm64.
Preparing to unpack .../75-libgd3_2.3.3-9ubuntu5_arm64.deb ...
Unpacking libgd3:arm64 (2.3.3-9ubuntu5) ...
Preparing to unpack .../27-libasan8_14.2.0-4ubuntu2~24.04.1_arm64.deb ...
Unpacking libasan8:arm64 (14.2.0-4ubuntu2~24.04.1) ...
Selecting previously unselected package libc-devtools.
Preparing to unpack .../76-libc-devtools_2.39-0ubuntu8.8_arm64.deb ...
Unpacking libc-devtools (2.39-0ubuntu8.8) ...
Selecting previously unselected package libexpat1-dev:arm64.
Preparing to unpack .../77-libexpat1-dev_2.6.1-2ubuntu0.4_arm64.deb ...
Unpacking libexpat1-dev:arm64 (2.6.1-2ubuntu0.4) ...
Selecting previously unselected package liblsan0:arm64.
Preparing to unpack .../28-liblsan0_14.2.0-4ubuntu2~24.04.1_arm64.deb ...
Unpacking liblsan0:arm64 (14.2.0-4ubuntu2~24.04.1) ...
Selecting previously unselected package libfile-fcntllock-perl.
Warning: Permanently added '52.90.16.114' (ED25519) to the list of known hosts.
Preparing to unpack .../78-libfile-fcntllock-perl_0.22-4ubuntu5_arm64.deb ...
Unpacking libfile-fcntllock-perl (0.22-4ubuntu5) ...
Selecting previously unselected package libheif-plugin-aomenc:arm64.
Preparing to unpack .../79-libheif-plugin-aomenc_1.17.6-1ubuntu4.6_arm64.deb ...
Unpacking libheif-plugin-aomenc:arm64 (1.17.6-1ubuntu4.6) ...
Selecting previously unselected package libjs-jquery.
Selecting previously unselected package libtsan2:arm64.
Preparing to unpack .../29-libtsan2_14.2.0-4ubuntu2~24.04.1_arm64.deb ...
Unpacking libtsan2:arm64 (14.2.0-4ubuntu2~24.04.1) ...
Preparing to unpack .../80-libjs-jquery_3.6.1+dfsg+~3.5.14-1_all.deb ...
Unpacking libjs-jquery (3.6.1+dfsg+~3.5.14-1) ...
Get:36 http://us-east-1.ec2.ports.ubuntu.com/ubuntu-ports noble-updates/main arm64 gcc-13-aarch64-linux-gnu arm64 13.3.0-6ubuntu2~24.04.1 [18.7 MB]
Get:2 http://us-east-1.ec2.ports.ubuntu.com/ubuntu-ports noble-updates/main arm64 libc-bin arm64 2.39-0ubuntu8.8 [591 kB]
Selecting previously unselected package libjs-underscore.
Get:3 http://us-east-1.ec2.ports.ubuntu.com/ubuntu-ports noble/universe arm64 pigz arm64 2.8-1 [60.7 kB]
Preparing to unpack .../81-libjs-underscore_1.13.4~dfsg+~1.11.4-3_all.deb ...
Get:4 http://us-east-1.ec2.ports.ubuntu.com/ubuntu-ports noble-updates/main arm64 locales all 2.39-0ubuntu8.8 [4231 kB]
Selecting previously unselected package libubsan1:arm64.
Setting up cpp-13-aarch64-linux-gnu (13.3.0-6ubuntu2~24.04.1) ...
Preparing to unpack .../30-libubsan1_14.2.0-4ubuntu2~24.04.1_arm64.deb ...
Unpacking libjs-underscore (1.13.4~dfsg+~1.11.4-3) ...
Unpacking libubsan1:arm64 (14.2.0-4ubuntu2~24.04.1) ...
Setting up fontconfig-config (2.15.0-1.1ubuntu2) ...
Selecting previously unselected package libjs-sphinxdoc.
Preparing to unpack .../82-libjs-sphinxdoc_7.2.6-6_all.deb ...
Unpacking libjs-sphinxdoc (7.2.6-6) ...
Get:5 http://us-east-1.ec2.ports.ubuntu.com/ubuntu-ports noble-updates/main arm64 binutils-common arm64 2.42-4ubuntu2.10 [240 kB]
Get:6 http://us-east-1.ec2.ports.ubuntu.com/ubuntu-ports noble-updates/main arm64 libsframe1 arm64 2.42-4ubuntu2.10 [15.4 kB]
Get:7 http://us-east-1.ec2.ports.ubuntu.com/ubuntu-ports noble-updates/main arm64 libbinutils arm64 2.42-4ubuntu2.10 [766 kB]
Selecting previously unselected package libhwasan0:arm64.
Get:8 http://us-east-1.ec2.ports.ubuntu.com/ubuntu-ports noble-updates/main arm64 libctf-nobfd0 arm64 2.42-4ubuntu2.10 [101 kB]
Get:9 http://us-east-1.ec2.ports.ubuntu.com/ubuntu-ports noble-updates/main arm64 libctf0 arm64 2.42-4ubuntu2.10 [95.7 kB]
Get:10 http://us-east-1.ec2.ports.ubuntu.com/ubuntu-ports noble-updates/main arm64 libgprofng0 arm64 2.42-4ubuntu2.10 [776 kB]
Get:11 http://us-east-1.ec2.ports.ubuntu.com/ubuntu-ports noble-updates/main arm64 binutils-aarch64-linux-gnu arm64 2.42-4ubuntu2.10 [3304 kB]
Preparing to unpack .../31-libhwasan0_14.2.0-4ubuntu2~24.04.1_arm64.deb ...
Unpacking libhwasan0:arm64 (14.2.0-4ubuntu2~24.04.1) ...
Selecting previously unselected package zlib1g-dev:arm64.
Preparing to unpack .../83-zlib1g-dev_1%3a1.3.dfsg-3.1ubuntu2.1_arm64.deb ...
Unpacking zlib1g-dev:arm64 (1:1.3.dfsg-3.1ubuntu2.1) ...
Selecting previously unselected package libpython3.12-dev:arm64.
Preparing to unpack .../84-libpython3.12-dev_3.12.3-1ubuntu0.15_arm64.deb ...
Selecting previously unselected package libgcc-13-dev:arm64.
Unpacking libpython3.12-dev:arm64 (3.12.3-1ubuntu0.15) ...
Preparing to unpack .../32-libgcc-13-dev_13.3.0-6ubuntu2~24.04.1_arm64.deb ...
Unpacking libgcc-13-dev:arm64 (13.3.0-6ubuntu2~24.04.1) ...
Setting up docker.io (29.1.3-0ubuntu3~24.04.2) ...
Selecting previously unselected package gcc-13-aarch64-linux-gnu.
Preparing to unpack .../33-gcc-13-aarch64-linux-gnu_13.3.0-6ubuntu2~24.04.1_arm64.deb ...
Unpacking gcc-13-aarch64-linux-gnu (13.3.0-6ubuntu2~24.04.1) ...
Selecting previously unselected package dns-root-data.
Preparing to unpack .../50-dns-root-data_2024071801~ubuntu0.24.04.1_all.deb ...
Unpacking dns-root-data (2024071801~ubuntu0.24.04.1) ...
Selecting previously unselected package libpython3-dev:arm64.
info: Selecting GID from range 100 to 999 ...
info: Adding group `docker' (GID 112) ...
Preparing to unpack .../85-libpython3-dev_3.12.3-0ubuntu2.1_arm64.deb ...
Selecting previously unselected package dnsmasq-base.
Unpacking libpython3-dev:arm64 (3.12.3-0ubuntu2.1) ...
Preparing to unpack .../51-dnsmasq-base_2.90-2ubuntu0.4_arm64.deb ...
Unpacking dnsmasq-base (2.90-2ubuntu0.4) ...
Setting up libjpeg-turbo8:arm64 (2.1.5-2ubuntu2) ...
Setting up bridge-utils (1.7.1-1ubuntu2) ...
Preparing to unpack .../86-linux-tools-common_6.8.0-136.136_all.deb ...
Unpacking linux-tools-common (6.8.0-136.136) over (6.8.0-134.134) ...
Selecting previously unselected package docker.io.
Preparing to unpack .../52-docker.io_29.1.3-0ubuntu3~24.04.2_arm64.deb ...
Unpacking docker.io (29.1.3-0ubuntu3~24.04.2) ...
Selecting previously unselected package manpages-dev.
Preparing to unpack .../87-manpages-dev_6.7-2_all.deb ...
Unpacking manpages-dev (6.7-2) ...
Setting up libdpkg-perl (1.22.6ubuntu6.6) ...
Setting up libwebp7:arm64 (1.3.2-0.4build3) ...
Created symlink /etc/systemd/system/multi-user.target.wants/docker.service → /usr/lib/systemd/system/docker.service.
Setting up libubsan1:arm64 (14.2.0-4ubuntu2~24.04.1) ...
Setting up libhwasan0:arm64 (14.2.0-4ubuntu2~24.04.1) ...
Setting up pigz (2.8-1) ...
Setting up libcrypt-dev:arm64 (1:4.4.36-4build1) ...
Setting up libasan8:arm64 (14.2.0-4ubuntu2~24.04.1) ...
Setting up libtsan2:arm64 (14.2.0-4ubuntu2~24.04.1) ...
Setting up libjs-jquery (3.6.1+dfsg+~3.5.14-1) ...
Created symlink /etc/systemd/system/sockets.target.wants/docker.socket → /usr/lib/systemd/system/docker.socket.
Setting up libbinutils:arm64 (2.42-4ubuntu2.10) ...
Selecting previously unselected package gcc-13.
Setting up libisl23:arm64 (0.26-3build1.1) ...
Preparing to unpack .../34-gcc-13_13.3.0-6ubuntu2~24.04.1_arm64.deb ...
Unpacking gcc-13 (13.3.0-6ubuntu2~24.04.1) ...
Setting up libc-dev-bin (2.39-0ubuntu8.8) ...
Setting up containerd (2.2.1-0ubuntu1~24.04.3) ...
Fetched 37.7 MB in 4s (10.2 MB/s)
Reading package lists...Selecting previously unselected package gcc-aarch64-linux-gnu.
Preparing to unpack .../35-gcc-aarch64-linux-gnu_4%3a13.2.0-7ubuntu1_arm64.deb ...
Unpacking gcc-aarch64-linux-gnu (4:13.2.0-7ubuntu1) ...
Selecting previously unselected package gcc.
Preparing to unpack .../36-gcc_4%3a13.2.0-7ubuntu1_arm64.deb ...
Unpacking gcc (4:13.2.0-7ubuntu1) ...
Selecting previously unselected package python3.12-dev.
Preparing to unpack .../88-python3.12-dev_3.12.3-1ubuntu0.15_arm64.deb ...
Unpacking python3.12-dev (3.12.3-1ubuntu0.15) ...
Get:12 http://us-east-1.ec2.ports.ubuntu.com/ubuntu-ports noble-updates/main arm64 binutils arm64 2.42-4ubuntu2.10 [18.1 kB]
Get:13 http://us-east-1.ec2.ports.ubuntu.com/ubuntu-ports noble/main arm64 bridge-utils arm64 1.7.1-1ubuntu2 [34.2 kB]
Get:14 http://us-east-1.ec2.ports.ubuntu.com/ubuntu-ports noble-updates/main arm64 libc-dev-bin arm64 2.39-0ubuntu8.8 [19.7 kB]
Selecting previously unselected package libstdc++-13-dev:arm64.
Get:15 http://us-east-1.ec2.ports.ubuntu.com/ubuntu-ports noble-updates/main arm64 linux-libc-dev arm64 6.8.0-136.136 [1550 kB]
Preparing to unpack .../37-libstdc++-13-dev_13.3.0-6ubuntu2~24.04.1_arm64.deb ...
Unpacking libstdc++-13-dev:arm64 (13.3.0-6ubuntu2~24.04.1) ...
Get:16 http://us-east-1.ec2.ports.ubuntu.com/ubuntu-ports noble/main arm64 libcrypt-dev arm64 1:4.4.36-4build1 [118 kB]
Get:17 http://us-east-1.ec2.ports.ubuntu.com/ubuntu-ports noble/main arm64 rpcsvc-proto arm64 1.4.2-0ubuntu7 [64.8 kB]
Get:18 http://us-east-1.ec2.ports.ubuntu.com/ubuntu-ports noble-updates/main arm64 libc6-dev arm64 2.39-0ubuntu8.8 [1596 kB]
Selecting previously unselected package python3-dev.
Preparing to unpack .../89-python3-dev_3.12.3-0ubuntu2.1_arm64.deb ...
Unpacking python3-dev (3.12.3-0ubuntu2.1) ...
Get:19 http://us-east-1.ec2.ports.ubuntu.com/ubuntu-ports noble-updates/main arm64 gcc-13-base arm64 13.3.0-6ubuntu2~24.04.1 [51.6 kB]
Get:20 http://us-east-1.ec2.ports.ubuntu.com/ubuntu-ports noble-updates/main arm64 libisl23 arm64 0.26-3build1.1 [669 kB]
Get:21 http://us-east-1.ec2.ports.ubuntu.com/ubuntu-ports noble-updates/main arm64 libmpc3 arm64 1.3.1-1build1.1 [56.4 kB]
Get:22 http://us-east-1.ec2.ports.ubuntu.com/ubuntu-ports noble-updates/main arm64 cpp-13-aarch64-linux-gnu arm64 13.3.0-6ubuntu2~24.04.1 [9560 kB]
Created symlink /etc/systemd/system/multi-user.target.wants/containerd.service → /usr/lib/systemd/system/containerd.service.
Selecting previously unselected package python3-wheel.
Preparing to unpack .../90-python3-wheel_0.42.0-2_all.deb ...
Unpacking python3-wheel (0.42.0-2) ...
Get:23 http://us-east-1.ec2.ports.ubuntu.com/ubuntu-ports noble-updates/main arm64 cpp-13 arm64 13.3.0-6ubuntu2~24.04.1 [1038 B]
Get:24 http://us-east-1.ec2.ports.ubuntu.com/ubuntu-ports noble/main arm64 cpp-aarch64-linux-gnu arm64 4:13.2.0-7ubuntu1 [5316 B]
Get:25 http://us-east-1.ec2.ports.ubuntu.com/ubuntu-ports noble/main arm64 cpp arm64 4:13.2.0-7ubuntu1 [22.4 kB]
Get:26 http://us-east-1.ec2.ports.ubuntu.com/ubuntu-ports noble-updates/main arm64 libcc1-0 arm64 14.2.0-4ubuntu2~24.04.1 [49.7 kB]
Get:27 http://us-east-1.ec2.ports.ubuntu.com/ubuntu-ports noble-updates/main arm64 libgomp1 arm64 14.2.0-4ubuntu2~24.04.1 [145 kB]
Get:28 http://us-east-1.ec2.ports.ubuntu.com/ubuntu-ports noble-updates/main arm64 libitm1 arm64 14.2.0-4ubuntu2~24.04.1 [28.2 kB]
Get:29 http://us-east-1.ec2.ports.ubuntu.com/ubuntu-ports noble-updates/main arm64 libatomic1 arm64 14.2.0-4ubuntu2~24.04.1 [11.6 kB]
Selecting previously unselected package python3-pip.
Get:30 http://us-east-1.ec2.ports.ubuntu.com/ubuntu-ports noble-updates/main arm64 libasan8 arm64 14.2.0-4ubuntu2~24.04.1 [2928 kB]
Preparing to unpack .../91-python3-pip_24.0+dfsg-1ubuntu1.3_all.deb ...
Unpacking python3-pip (24.0+dfsg-1ubuntu1.3) ...
Selecting previously unselected package g++-13-aarch64-linux-gnu.
Preparing to unpack .../38-g++-13-aarch64-linux-gnu_13.3.0-6ubuntu2~24.04.1_arm64.deb ...
Get:31 http://us-east-1.ec2.ports.ubuntu.com/ubuntu-ports noble-updates/main arm64 liblsan0 arm64 14.2.0-4ubuntu2~24.04.1 [1289 kB]
Unpacking g++-13-aarch64-linux-gnu (13.3.0-6ubuntu2~24.04.1) ...
Get:32 http://us-east-1.ec2.ports.ubuntu.com/ubuntu-ports noble-updates/main arm64 libtsan2 arm64 14.2.0-4ubuntu2~24.04.1 [2697 kB]
Get:1 http://ports.ubuntu.com/ubuntu-ports noble-security InRelease [126 kB]
Get:33 http://us-east-1.ec2.ports.ubuntu.com/ubuntu-ports noble-updates/main arm64 libubsan1 arm64 14.2.0-4ubuntu2~24.04.1 [1157 kB]
Hit:2 http://us-east-1.ec2.ports.ubuntu.com/ubuntu-ports noble InRelease
Get:3 http://us-east-1.ec2.ports.ubuntu.com/ubuntu-ports noble-updates InRelease [126 kB]
Get:34 http://us-east-1.ec2.ports.ubuntu.com/ubuntu-ports noble-updates/main arm64 libhwasan0 arm64 14.2.0-4ubuntu2~24.04.1 [1605 kB]
Get:35 http://us-east-1.ec2.ports.ubuntu.com/ubuntu-ports noble-updates/main arm64 libgcc-13-dev arm64 13.3.0-6ubuntu2~24.04.1 [2473 kB]
Get:36 http://us-east-1.ec2.ports.ubuntu.com/ubuntu-ports noble-updates/main arm64 gcc-13-aarch64-linux-gnu arm64 13.3.0-6ubuntu2~24.04.1 [18.7 MB]
Selecting previously unselected package ubuntu-fan.
Preparing to unpack .../92-ubuntu-fan_0.12.16+24.04.1_all.deb ...
Unpacking ubuntu-fan (0.12.16+24.04.1) ...
Get:4 http://us-east-1.ec2.ports.ubuntu.com/ubuntu-ports noble-backports InRelease [126 kB]
Processing triggers for dbus (1.14.10-4ubuntu4.1) ...
Get:5 http://us-east-1.ec2.ports.ubuntu.com/ubuntu-ports noble/universe arm64 Packages [15.3 MB]
Processing triggers for sgml-base (1.31) ...
Setting up javascript-common (11+nmu1) ...
Get:6 http://ports.ubuntu.com/ubuntu-ports noble-security/main arm64 Packages [940 kB]
Setting up libsharpyuv0:arm64 (1.3.2-0.4build3) ...
Selecting previously unselected package g++-13.
Setting up linux-tools-common (6.8.0-136.136) ...
Setting up libfontconfig1:arm64 (2.15.0-1.1ubuntu2) ...
Setting up libgd3:arm64 (2.3.3-9ubuntu5) ...
Setting up libc-devtools (2.39-0ubuntu8.8) ...
Setting up libalgorithm-diff-xs-perl:arm64 (0.04-8build3) ...
Setting up libcc1-0:arm64 (14.2.0-4ubuntu2~24.04.1) ...
Setting up libaom3:arm64 (3.8.2-2ubuntu0.1) ...
Setting up manpages-dev (6.7-2) ...
Preparing to unpack .../39-g++-13_13.3.0-6ubuntu2~24.04.1_arm64.deb ...
Unpacking g++-13 (13.3.0-6ubuntu2~24.04.1) ...
Processing triggers for libc-bin (2.39-0ubuntu8.8) ...
Setting up liblsan0:arm64 (14.2.0-4ubuntu2~24.04.1) ...
Setting up cpp-aarch64-linux-gnu (4:13.2.0-7ubuntu1) ...
Setting up lto-disabled-list (47) ...
Selecting previously unselected package g++-aarch64-linux-gnu.
Setting up libitm1:arm64 (14.2.0-4ubuntu2~24.04.1) ...
Preparing to unpack .../40-g++-aarch64-linux-gnu_4%3a13.2.0-7ubuntu1_arm64.deb ...
Setting up libgprofng0:arm64 (2.42-4ubuntu2.10) ...
Setting up liblerc4:arm64 (4.0.0+ds-4ubuntu2) ...
Get:37 http://us-east-1.ec2.ports.ubuntu.com/ubuntu-ports noble-updates/main arm64 gcc-13 arm64 13.3.0-6ubuntu2~24.04.1 [484 kB]
Unpacking g++-aarch64-linux-gnu (4:13.2.0-7ubuntu1) ...
Get:38 http://us-east-1.ec2.ports.ubuntu.com/ubuntu-ports noble/main arm64 gcc-aarch64-linux-gnu arm64 4:13.2.0-7ubuntu1 [1198 B]
Get:39 http://us-east-1.ec2.ports.ubuntu.com/ubuntu-ports noble/main arm64 gcc arm64 4:13.2.0-7ubuntu1 [5018 B]
Get:40 http://us-east-1.ec2.ports.ubuntu.com/ubuntu-ports noble-updates/main arm64 libstdc++-13-dev arm64 13.3.0-6ubuntu2~24.04.1 [2397 kB]
Setting up libjs-underscore (1.13.4~dfsg+~1.11.4-3) ...
Setting up libxpm4:arm64 (1:3.5.17-1ubuntu0.24.04.1) ...
Setting up libjs-sphinxdoc (7.2.6-6) ...
Get:41 http://us-east-1.ec2.ports.ubuntu.com/ubuntu-ports noble-updates/main arm64 g++-13-aarch64-linux-gnu arm64 13.3.0-6ubuntu2~24.04.1 [10.9 MB]
Get:7 http://ports.ubuntu.com/ubuntu-ports noble-security/main Translation-en [198 kB]
Get:8 http://ports.ubuntu.com/ubuntu-ports noble-security/main arm64 Components [43.3 kB]
Get:9 http://ports.ubuntu.com/ubuntu-ports noble-security/main arm64 c-n-f Metadata [11.6 kB]
Get:10 http://ports.ubuntu.com/ubuntu-ports noble-security/universe arm64 Packages [1259 kB]
Selecting previously unselected package g++.
Setting up libfile-fcntllock-perl (0.22-4ubuntu5) ...
Setting up libgcc-13-dev:arm64 (13.3.0-6ubuntu2~24.04.1) ...
Preparing to unpack .../41-g++_4%3a13.2.0-7ubuntu1_arm64.deb ...
Setting up libalgorithm-merge-perl (0.08-5) ...
Unpacking g++ (4:13.2.0-7ubuntu1) ...
Setting up libtiff6:arm64 (4.5.1+git230720-4ubuntu2.5) ...
Setting up libalgorithm-diff-perl (1.201-1) ...
Get:11 http://ports.ubuntu.com/ubuntu-ports noble-security/universe Translation-en [239 kB]
Get:12 http://ports.ubuntu.com/ubuntu-ports noble-security/universe arm64 Components [76.3 kB]
Get:13 http://ports.ubuntu.com/ubuntu-ports noble-security/universe arm64 c-n-f Metadata [23.7 kB]
Get:14 http://ports.ubuntu.com/ubuntu-ports noble-security/restricted arm64 Packages [1930 kB]
Setting up binutils-common:arm64 (2.42-4ubuntu2.10) ...
Setting up libctf0:arm64 (2.42-4ubuntu2.10) ...
Selecting previously unselected package make.
Setting up libc6-dev:arm64 (2.39-0ubuntu8.8) ...
Preparing to unpack .../42-make_4.3-4.1build2_arm64.deb ...
Unpacking make (4.3-4.1build2) ...
Setting up libstdc++-13-dev:arm64 (13.3.0-6ubuntu2~24.04.1) ...
Setting up libjpeg8:arm64 (8c-2ubuntu11) ...
Get:15 http://ports.ubuntu.com/ubuntu-ports noble-security/restricted Translation-en [290 kB]
Setting up libdeflate0:arm64 (1.19-1build1.1) ...
Get:16 http://ports.ubuntu.com/ubuntu-ports noble-security/restricted arm64 Components [212 B]
Get:37 http://us-east-1.ec2.ports.ubuntu.com/ubuntu-ports noble-updates/main arm64 gcc-13 arm64 13.3.0-6ubuntu2~24.04.1 [484 kB]
Get:38 http://us-east-1.ec2.ports.ubuntu.com/ubuntu-ports noble/main arm64 gcc-aarch64-linux-gnu arm64 4:13.2.0-7ubuntu1 [1198 B]
Get:39 http://us-east-1.ec2.ports.ubuntu.com/ubuntu-ports noble/main arm64 gcc arm64 4:13.2.0-7ubuntu1 [5018 B]
Setting up linux-libc-dev:arm64 (6.8.0-136.136) ...
Setting up cpp-13 (13.3.0-6ubuntu2~24.04.1) ...
Setting up ubuntu-fan (0.12.16+24.04.1) ...
Get:17 http://ports.ubuntu.com/ubuntu-ports noble-security/restricted arm64 c-n-f Metadata [388 B]
Get:18 http://ports.ubuntu.com/ubuntu-ports noble-security/multiverse arm64 Packages [68.7 kB]
Get:19 http://ports.ubuntu.com/ubuntu-ports noble-security/multiverse Translation-en [10.6 kB]
Get:20 http://ports.ubuntu.com/ubuntu-ports noble-security/multiverse arm64 Components [208 B]
Get:21 http://ports.ubuntu.com/ubuntu-ports noble-security/multiverse arm64 c-n-f Metadata [456 B]
Get:40 http://us-east-1.ec2.ports.ubuntu.com/ubuntu-ports noble-updates/main arm64 libstdc++-13-dev arm64 13.3.0-6ubuntu2~24.04.1 [2397 kB]
Get:22 http://us-east-1.ec2.ports.ubuntu.com/ubuntu-ports noble/universe Translation-en [5982 kB]
Selecting previously unselected package libdpkg-perl.
Preparing to unpack .../43-libdpkg-perl_1.22.6ubuntu6.6_all.deb ...
Setting up libctf-nobfd0:arm64 (2.42-4ubuntu2.10) ...
Setting up binutils-aarch64-linux-gnu (2.42-4ubuntu2.10) ...
Unpacking libdpkg-perl (1.22.6ubuntu6.6) ...
Setting up dnsmasq-base (2.90-2ubuntu0.4) ...
Get:41 http://us-east-1.ec2.ports.ubuntu.com/ubuntu-ports noble-updates/main arm64 g++-13-aarch64-linux-gnu arm64 13.3.0-6ubuntu2~24.04.1 [10.9 MB]
Setting up binutils (2.42-4ubuntu2.10) ...
Setting up gcc-13-aarch64-linux-gnu (13.3.0-6ubuntu2~24.04.1) ...
Get:23 http://us-east-1.ec2.ports.ubuntu.com/ubuntu-ports noble/universe arm64 Components [3573 kB]
Selecting previously unselected package bzip2.
Setting up dpkg-dev (1.22.6ubuntu6.6) ...
Get:24 http://us-east-1.ec2.ports.ubuntu.com/ubuntu-ports noble/universe arm64 c-n-f Metadata [295 kB]
Get:25 http://us-east-1.ec2.ports.ubuntu.com/ubuntu-ports noble/multiverse arm64 Packages [223 kB]
Preparing to unpack .../44-bzip2_1.0.8-5.1build0.1_arm64.deb ...
Get:26 http://us-east-1.ec2.ports.ubuntu.com/ubuntu-ports noble/multiverse Translation-en [118 kB]
Get:27 http://us-east-1.ec2.ports.ubuntu.com/ubuntu-ports noble/multiverse arm64 Components [31.6 kB]
Get:28 http://us-east-1.ec2.ports.ubuntu.com/ubuntu-ports noble/multiverse arm64 c-n-f Metadata [7152 B]
Get:29 http://us-east-1.ec2.ports.ubuntu.com/ubuntu-ports noble-updates/main arm64 Packages [1190 kB]
Unpacking bzip2 (1.0.8-5.1build0.1) ...
Get:42 http://us-east-1.ec2.ports.ubuntu.com/ubuntu-ports noble-updates/main arm64 g++-13 arm64 13.3.0-6ubuntu2~24.04.1 [16.0 kB]
Get:30 http://us-east-1.ec2.ports.ubuntu.com/ubuntu-ports noble-updates/main Translation-en [278 kB]
Get:43 http://us-east-1.ec2.ports.ubuntu.com/ubuntu-ports noble/main arm64 g++-aarch64-linux-gnu arm64 4:13.2.0-7ubuntu1 [962 B]
Get:44 http://us-east-1.ec2.ports.ubuntu.com/ubuntu-ports noble/main arm64 g++ arm64 4:13.2.0-7ubuntu1 [1082 B]
Get:45 http://us-east-1.ec2.ports.ubuntu.com/ubuntu-ports noble/main arm64 make arm64 4.3-4.1build2 [178 kB]
Get:46 http://us-east-1.ec2.ports.ubuntu.com/ubuntu-ports noble-updates/main arm64 libdpkg-perl all 1.22.6ubuntu6.6 [268 kB]
Get:47 http://us-east-1.ec2.ports.ubuntu.com/ubuntu-ports noble-updates/main arm64 bzip2 arm64 1.0.8-5.1build0.1 [34.0 kB]
Setting up libgomp1:arm64 (14.2.0-4ubuntu2~24.04.1) ...
Get:31 http://us-east-1.ec2.ports.ubuntu.com/ubuntu-ports noble-updates/main arm64 Components [178 kB]
Get:48 http://us-east-1.ec2.ports.ubuntu.com/ubuntu-ports noble/main arm64 lto-disabled-list all 47 [12.4 kB]
Get:49 http://us-east-1.ec2.ports.ubuntu.com/ubuntu-ports noble-updates/main arm64 dpkg-dev all 1.22.6ubuntu6.6 [1074 kB]
Get:32 http://us-east-1.ec2.ports.ubuntu.com/ubuntu-ports noble-updates/universe arm64 Packages [1704 kB]
Setting up libexpat1-dev:arm64 (2.6.1-2ubuntu0.4) ...
Get:50 http://us-east-1.ec2.ports.ubuntu.com/ubuntu-ports noble/main arm64 build-essential arm64 12.10ubuntu1 [4932 B]
Get:51 http://us-east-1.ec2.ports.ubuntu.com/ubuntu-ports noble-updates/main arm64 runc arm64 1.3.4-0ubuntu1~24.04.1 [8578 kB]
Selecting previously unselected package lto-disabled-list.
Get:33 http://us-east-1.ec2.ports.ubuntu.com/ubuntu-ports noble-updates/universe Translation-en [334 kB]
Setting up bzip2 (1.0.8-5.1build0.1) ...
Get:34 http://us-east-1.ec2.ports.ubuntu.com/ubuntu-ports noble-updates/universe arm64 Components [387 kB]
Preparing to unpack .../45-lto-disabled-list_47_all.deb ...
Get:35 http://us-east-1.ec2.ports.ubuntu.com/ubuntu-ports noble-updates/universe arm64 c-n-f Metadata [33.5 kB]
Setting up gcc-13 (13.3.0-6ubuntu2~24.04.1) ...
Get:36 http://us-east-1.ec2.ports.ubuntu.com/ubuntu-ports noble-updates/restricted arm64 Packages [2036 kB]
Unpacking lto-disabled-list (47) ...
Setting up locales (2.39-0ubuntu8.8) ...
Get:37 http://us-east-1.ec2.ports.ubuntu.com/ubuntu-ports noble-updates/restricted Translation-en [308 kB]
Get:38 http://us-east-1.ec2.ports.ubuntu.com/ubuntu-ports noble-updates/multiverse arm64 Packages [72.7 kB]
Get:39 http://us-east-1.ec2.ports.ubuntu.com/ubuntu-ports noble-updates/multiverse Translation-en [12.3 kB]
Get:40 http://us-east-1.ec2.ports.ubuntu.com/ubuntu-ports noble-updates/multiverse arm64 Components [212 B]
Get:41 http://us-east-1.ec2.ports.ubuntu.com/ubuntu-ports noble-updates/multiverse arm64 c-n-f Metadata [472 B]
Get:42 http://us-east-1.ec2.ports.ubuntu.com/ubuntu-ports noble-backports/main arm64 Packages [40.6 kB]
Get:43 http://us-east-1.ec2.ports.ubuntu.com/ubuntu-ports noble-backports/main Translation-en [9172 B]
Get:44 http://us-east-1.ec2.ports.ubuntu.com/ubuntu-ports noble-backports/main arm64 Components [3572 B]
Selecting previously unselected package dpkg-dev.
Get:45 http://us-east-1.ec2.ports.ubuntu.com/ubuntu-ports noble-backports/main arm64 c-n-f Metadata [372 B]
Setting up zlib1g-dev:arm64 (1:1.3.dfsg-3.1ubuntu2.1) ...
Get:46 http://us-east-1.ec2.ports.ubuntu.com/ubuntu-ports noble-backports/universe arm64 Packages [32.7 kB]
Preparing to unpack .../46-dpkg-dev_1.22.6ubuntu6.6_all.deb ...
Get:47 http://us-east-1.ec2.ports.ubuntu.com/ubuntu-ports noble-backports/universe Translation-en [18.6 kB]
Unpacking dpkg-dev (1.22.6ubuntu6.6) ...
Get:48 http://us-east-1.ec2.ports.ubuntu.com/ubuntu-ports noble-backports/universe arm64 Components [12.6 kB]
Get:49 http://us-east-1.ec2.ports.ubuntu.com/ubuntu-ports noble-backports/universe arm64 c-n-f Metadata [1592 B]
Get:50 http://us-east-1.ec2.ports.ubuntu.com/ubuntu-ports noble-backports/restricted arm64 Components [212 B]
Get:51 http://us-east-1.ec2.ports.ubuntu.com/ubuntu-ports noble-backports/restricted arm64 c-n-f Metadata [116 B]
Get:52 http://us-east-1.ec2.ports.ubuntu.com/ubuntu-ports noble-backports/multiverse arm64 Packages [748 B]
Setting up cpp (4:13.2.0-7ubuntu1) ...
Get:53 http://us-east-1.ec2.ports.ubuntu.com/ubuntu-ports noble-backports/multiverse Translation-en [340 B]
Get:54 http://us-east-1.ec2.ports.ubuntu.com/ubuntu-ports noble-backports/multiverse arm64 Components [212 B]
Get:55 http://us-east-1.ec2.ports.ubuntu.com/ubuntu-ports noble-backports/multiverse arm64 c-n-f Metadata [116 B]
Created symlink /etc/systemd/system/multi-user.target.wants/ubuntu-fan.service → /usr/lib/systemd/system/ubuntu-fan.service.
Setting up g++-13-aarch64-linux-gnu (13.3.0-6ubuntu2~24.04.1) ...
Setting up gcc-aarch64-linux-gnu (4:13.2.0-7ubuntu1) ...
Setting up g++-13 (13.3.0-6ubuntu2~24.04.1) ...
Selecting previously unselected package build-essential.
Setting up libpython3.12-dev:arm64 (3.12.3-1ubuntu0.15) ...
Preparing to unpack .../47-build-essential_12.10ubuntu1_arm64.deb ...
Unpacking build-essential (12.10ubuntu1) ...
Setting up gcc (4:13.2.0-7ubuntu1) ...
Selecting previously unselected package runc.
Preparing to unpack .../48-runc_1.3.4-0ubuntu1~24.04.1_arm64.deb ...
Unpacking runc (1.3.4-0ubuntu1~24.04.1) ...
Setting up python3.12-dev (3.12.3-1ubuntu0.15) ...

Setting up g++-aarch64-linux-gnu (4:13.2.0-7ubuntu1) ...
Setting up libpython3-dev:arm64 (3.12.3-0ubuntu2.1) ...
Reading package lists...
Building dependency tree...Setting up python3-dev (3.12.3-0ubuntu2.1) ...
Setting up g++ (4:13.2.0-7ubuntu1) ...
Get:52 http://us-east-1.ec2.ports.ubuntu.com/ubuntu-ports noble-updates/main arm64 containerd arm64 2.2.1-0ubuntu1~24.04.3 [25.2 MB]
update-alternatives: using /usr/bin/g++ to provide /usr/bin/c++ (c++) in auto mode
Selecting previously unselected package libfakeroot:arm64.
Preparing to unpack .../53-libfakeroot_1.33-1_arm64.deb ...
Setting up build-essential (12.10ubuntu1) ...
Setting up libheif-plugin-aomdec:arm64 (1.17.6-1ubuntu4.6) ...
Setting up libheif1:arm64 (1.17.6-1ubuntu4.6) ...
Setting up libheif-plugin-aomenc:arm64 (1.17.6-1ubuntu4.6) ...
Processing triggers for libc-bin (2.39-0ubuntu8.8) ...
Unpacking libfakeroot:arm64 (1.33-1) ...
Selecting previously unselected package fakeroot.
Selecting previously unselected package containerd.
Processing triggers for man-db (2.12.0-4build2) ...
Preparing to unpack .../54-fakeroot_1.33-1_arm64.deb ...
Unpacking fakeroot (1.33-1) ...
Preparing to unpack .../49-containerd_2.2.1-0ubuntu1~24.04.3_arm64.deb ...
Unpacking containerd (2.2.1-0ubuntu1~24.04.3) ...
Setting up cpp-13-aarch64-linux-gnu (13.3.0-6ubuntu2~24.04.1) ...
Setting up fontconfig-config (2.15.0-1.1ubuntu2) ...
Selecting previously unselected package fonts-dejavu-mono.
Preparing to unpack .../55-fonts-dejavu-mono_2.37-8_all.deb ...
Unpacking fonts-dejavu-mono (2.37-8) ...
Selecting previously unselected package fonts-dejavu-core.
Preparing to unpack .../56-fonts-dejavu-core_2.37-8_all.deb ...

Reading state information...
Unpacking fonts-dejavu-core (2.37-8) ...
Generating locales (this might take a while)...
  en_US.UTF-8...Selecting previously unselected package fontconfig-config.
Preparing to unpack .../57-fontconfig-config_2.15.0-1.1ubuntu2_arm64.deb ...
Setting up docker.io (29.1.3-0ubuntu3~24.04.2) ...
Get:42 http://us-east-1.ec2.ports.ubuntu.com/ubuntu-ports noble-updates/main arm64 g++-13 arm64 13.3.0-6ubuntu2~24.04.1 [16.0 kB]
Get:43 http://us-east-1.ec2.ports.ubuntu.com/ubuntu-ports noble/main arm64 g++-aarch64-linux-gnu arm64 4:13.2.0-7ubuntu1 [962 B]
Get:44 http://us-east-1.ec2.ports.ubuntu.com/ubuntu-ports noble/main arm64 g++ arm64 4:13.2.0-7ubuntu1 [1082 B]
Get:45 http://us-east-1.ec2.ports.ubuntu.com/ubuntu-ports noble/main arm64 make arm64 4.3-4.1build2 [178 kB]
Get:46 http://us-east-1.ec2.ports.ubuntu.com/ubuntu-ports noble-updates/main arm64 libdpkg-perl all 1.22.6ubuntu6.6 [268 kB]
Get:47 http://us-east-1.ec2.ports.ubuntu.com/ubuntu-ports noble-updates/main arm64 bzip2 arm64 1.0.8-5.1build0.1 [34.0 kB]
Get:48 http://us-east-1.ec2.ports.ubuntu.com/ubuntu-ports noble/main arm64 lto-disabled-list all 47 [12.4 kB]
Get:49 http://us-east-1.ec2.ports.ubuntu.com/ubuntu-ports noble-updates/main arm64 dpkg-dev all 1.22.6ubuntu6.6 [1074 kB]
Get:50 http://us-east-1.ec2.ports.ubuntu.com/ubuntu-ports noble/main arm64 build-essential arm64 12.10ubuntu1 [4932 B]
Get:51 http://us-east-1.ec2.ports.ubuntu.com/ubuntu-ports noble-updates/main arm64 runc arm64 1.3.4-0ubuntu1~24.04.1 [8578 kB]
Unpacking fontconfig-config (2.15.0-1.1ubuntu2) ...
info: Selecting GID from range 100 to 999 ...
info: Adding group `docker' (GID 112) ...
Selecting previously unselected package javascript-common.
Preparing to unpack .../58-javascript-common_11+nmu1_all.deb ...
Unpacking javascript-common (11+nmu1) ...
Selecting previously unselected package libalgorithm-diff-perl.
Preparing to unpack .../59-libalgorithm-diff-perl_1.201-1_all.deb ...
curl is already the newest version (8.5.0-2ubuntu10.11).
curl set to manually installed.
ca-certificates is already the newest version (20260601~24.04.1).
ca-certificates set to manually installed.
jq is already the newest version (1.7.1-3ubuntu0.24.04.2).
jq set to manually installed.
git is already the newest version (1:2.43.0-1ubuntu7.3).
git set to manually installed.
The following additional packages will be installed:
  binutils binutils-aarch64-linux-gnu binutils-common bridge-utils bzip2
  containerd cpp cpp-13 cpp-13-aarch64-linux-gnu cpp-aarch64-linux-gnu
  dns-root-data dnsmasq-base dpkg-dev fakeroot fontconfig-config
Unpacking libalgorithm-diff-perl (1.201-1) ...
  fonts-dejavu-core fonts-dejavu-mono g++ g++-13 g++-13-aarch64-linux-gnu
  g++-aarch64-linux-gnu gcc gcc-13 gcc-13-aarch64-linux-gnu gcc-13-base
  gcc-aarch64-linux-gnu javascript-common libalgorithm-diff-perl
  libalgorithm-diff-xs-perl libalgorithm-merge-perl libaom3 libasan8
  libatomic1 libbinutils libc-bin libc-dev-bin libc-devtools libc6 libc6-dev
  libcc1-0 libcrypt-dev libctf-nobfd0 libctf0 libdeflate0 libdpkg-perl
Selecting previously unselected package libalgorithm-diff-xs-perl:arm64.
Created symlink /etc/systemd/system/multi-user.target.wants/docker.service → /usr/lib/systemd/system/docker.service.
Preparing to unpack .../60-libalgorithm-diff-xs-perl_0.04-8build3_arm64.deb ...
Unpacking libalgorithm-diff-xs-perl:arm64 (0.04-8build3) ...
Selecting previously unselected package libalgorithm-merge-perl.
  libexpat1-dev libfakeroot libfile-fcntllock-perl libfontconfig1
  libgcc-13-dev libgd3 libgomp1 libgprofng0 libheif-plugin-aomdec
  libheif-plugin-aomenc libheif1 libhwasan0 libisl23 libitm1 libjbig0
  libjpeg-turbo8 libjpeg8 libjs-jquery libjs-sphinxdoc libjs-underscore
  liblerc4 liblsan0 libmpc3 libpython3-dev libpython3.12-dev libsframe1
  libsharpyuv0 libstdc++-13-dev libtiff6 libtsan2 libubsan1 libwebp7 libxpm4
  linux-libc-dev linux-tools-common locales lto-disabled-list make
  manpages-dev pigz python3-dev python3-wheel python3.12-dev rpcsvc-proto runc
  ubuntu-fan zlib1g-dev
Suggested packages:
  binutils-doc gprofng-gui ifupdown bzip2-doc cpp-doc gcc-13-locales
  cpp-13-doc aufs-tools cgroupfs-mount | cgroup-lite debootstrap docker-buildx
  docker-compose-v2 docker-doc rinse zfs-fuse | zfsutils debian-keyring
  gcc-13-doc gcc-multilib autoconf automake libtool flex bison gdb gcc-doc
  gdb-aarch64-linux-gnu apache2 | lighttpd | httpd glibc-doc libnss-nis
  libnss-nisplus bzr libgd-tools libheif-plugin-libde265 libheif-plugin-x265
  libheif-plugin-ffmpegdec libheif-plugin-jpegdec libheif-plugin-jpegenc
  libheif-plugin-j2kdec libheif-plugin-j2kenc libheif-plugin-rav1e
  libheif-plugin-svtenc libstdc++-13-doc make-doc
The following NEW packages will be installed:
  binutils binutils-aarch64-linux-gnu binutils-common bridge-utils
  build-essential bzip2 containerd cpp cpp-13 cpp-13-aarch64-linux-gnu
  cpp-aarch64-linux-gnu dns-root-data dnsmasq-base docker.io dpkg-dev fakeroot
  fontconfig-config fonts-dejavu-core fonts-dejavu-mono g++ g++-13
  g++-13-aarch64-linux-gnu g++-aarch64-linux-gnu gcc gcc-13
  gcc-13-aarch64-linux-gnu gcc-13-base gcc-aarch64-linux-gnu javascript-common
  libalgorithm-diff-perl libalgorithm-diff-xs-perl libalgorithm-merge-perl
  libaom3 libasan8 libatomic1 libbinutils libc-dev-bin libc-devtools libc6-dev
  libcc1-0 libcrypt-dev libctf-nobfd0 libctf0 libdeflate0 libdpkg-perl
  libexpat1-dev libfakeroot libfile-fcntllock-perl libfontconfig1
  libgcc-13-dev libgd3 libgomp1 libgprofng0 libheif-plugin-aomdec
  libheif-plugin-aomenc libheif1 libhwasan0 libisl23 libitm1 libjbig0
  libjpeg-turbo8 libjpeg8 libjs-jquery libjs-sphinxdoc libjs-underscore
  liblerc4 liblsan0 libmpc3 libpython3-dev libpython3.12-dev libsframe1
  libsharpyuv0 libstdc++-13-dev libtiff6 libtsan2 libubsan1 libwebp7 libxpm4
  linux-libc-dev lto-disabled-list make manpages-dev pigz python3-dev
  python3-pip python3-wheel python3.12-dev rpcsvc-proto runc ubuntu-fan
  zlib1g-dev
The following packages will be upgraded:
  libc-bin libc6 linux-tools-common locales
Preparing to unpack .../61-libalgorithm-merge-perl_0.08-5_all.deb ...
Unpacking libalgorithm-merge-perl (0.08-5) ...
4 upgraded, 91 newly installed, 0 to remove and 30 not upgraded.
Need to get 155 MB of archives.
After this operation, 558 MB of additional disk space will be used.
Get:1 http://us-east-1.ec2.ports.ubuntu.com/ubuntu-ports noble-updates/main arm64 libc6 arm64 2.39-0ubuntu8.8 [2775 kB]
Created symlink /etc/systemd/system/sockets.target.wants/docker.socket → /usr/lib/systemd/system/docker.socket.
Selecting previously unselected package dns-root-data.
Selecting previously unselected package libaom3:arm64.
Preparing to unpack .../62-libaom3_3.8.2-2ubuntu0.1_arm64.deb ...
Unpacking libaom3:arm64 (3.8.2-2ubuntu0.1) ...
Preparing to unpack .../50-dns-root-data_2024071801~ubuntu0.24.04.1_all.deb ...
Unpacking dns-root-data (2024071801~ubuntu0.24.04.1) ...
Selecting previously unselected package dnsmasq-base.
Selecting previously unselected package libfontconfig1:arm64.
Get:2 http://us-east-1.ec2.ports.ubuntu.com/ubuntu-ports noble-updates/main arm64 libc-bin arm64 2.39-0ubuntu8.8 [591 kB]
Preparing to unpack .../51-dnsmasq-base_2.90-2ubuntu0.4_arm64.deb ...
Preparing to unpack .../63-libfontconfig1_2.15.0-1.1ubuntu2_arm64.deb ...
Unpacking libfontconfig1:arm64 (2.15.0-1.1ubuntu2) ...
Unpacking dnsmasq-base (2.90-2ubuntu0.4) ...
Get:3 http://us-east-1.ec2.ports.ubuntu.com/ubuntu-ports noble/universe arm64 pigz arm64 2.8-1 [60.7 kB]
Get:4 http://us-east-1.ec2.ports.ubuntu.com/ubuntu-ports noble-updates/main arm64 locales all 2.39-0ubuntu8.8 [4231 kB]
Selecting previously unselected package libsharpyuv0:arm64.
Preparing to unpack .../64-libsharpyuv0_1.3.2-0.4build3_arm64.deb ...
Selecting previously unselected package docker.io.
Unpacking libsharpyuv0:arm64 (1.3.2-0.4build3) ...
Preparing to unpack .../52-docker.io_29.1.3-0ubuntu3~24.04.2_arm64.deb ...
Unpacking docker.io (29.1.3-0ubuntu3~24.04.2) ...
Selecting previously unselected package libheif-plugin-aomdec:arm64.
Preparing to unpack .../65-libheif-plugin-aomdec_1.17.6-1ubuntu4.6_arm64.deb ...
Unpacking libheif-plugin-aomdec:arm64 (1.17.6-1ubuntu4.6) ...
Selecting previously unselected package libheif1:arm64.
Preparing to unpack .../66-libheif1_1.17.6-1ubuntu4.6_arm64.deb ...
Unpacking libheif1:arm64 (1.17.6-1ubuntu4.6) ...
Get:5 http://us-east-1.ec2.ports.ubuntu.com/ubuntu-ports noble-updates/main arm64 binutils-common arm64 2.42-4ubuntu2.10 [240 kB]
Get:6 http://us-east-1.ec2.ports.ubuntu.com/ubuntu-ports noble-updates/main arm64 libsframe1 arm64 2.42-4ubuntu2.10 [15.4 kB]
Get:7 http://us-east-1.ec2.ports.ubuntu.com/ubuntu-ports noble-updates/main arm64 libbinutils arm64 2.42-4ubuntu2.10 [766 kB]
Get:53 http://us-east-1.ec2.ports.ubuntu.com/ubuntu-ports noble-updates/main arm64 dns-root-data all 2024071801~ubuntu0.24.04.1 [5918 B]
Get:54 http://us-east-1.ec2.ports.ubuntu.com/ubuntu-ports noble-updates/main arm64 dnsmasq-base arm64 2.90-2ubuntu0.4 [367 kB]
Get:55 http://us-east-1.ec2.ports.ubuntu.com/ubuntu-ports noble-updates/universe arm64 docker.io arm64 29.1.3-0ubuntu3~24.04.2 [32.0 MB]
Get:8 http://us-east-1.ec2.ports.ubuntu.com/ubuntu-ports noble-updates/main arm64 libctf-nobfd0 arm64 2.42-4ubuntu2.10 [101 kB]
Selecting previously unselected package libjpeg-turbo8:arm64.
Get:9 http://us-east-1.ec2.ports.ubuntu.com/ubuntu-ports noble-updates/main arm64 libctf0 arm64 2.42-4ubuntu2.10 [95.7 kB]
Get:52 http://us-east-1.ec2.ports.ubuntu.com/ubuntu-ports noble-updates/main arm64 containerd arm64 2.2.1-0ubuntu1~24.04.3 [25.2 MB]
Get:10 http://us-east-1.ec2.ports.ubuntu.com/ubuntu-ports noble-updates/main arm64 libgprofng0 arm64 2.42-4ubuntu2.10 [776 kB]
Preparing to unpack .../67-libjpeg-turbo8_2.1.5-2ubuntu2_arm64.deb ...
Unpacking libjpeg-turbo8:arm64 (2.1.5-2ubuntu2) ...
Get:11 http://us-east-1.ec2.ports.ubuntu.com/ubuntu-ports noble-updates/main arm64 binutils-aarch64-linux-gnu arm64 2.42-4ubuntu2.10 [3304 kB]
Selecting previously unselected package libjpeg8:arm64.
Preparing to unpack .../68-libjpeg8_8c-2ubuntu11_arm64.deb ...
Unpacking libjpeg8:arm64 (8c-2ubuntu11) ...
Selecting previously unselected package libdeflate0:arm64.
Preparing to unpack .../69-libdeflate0_1.19-1build1.1_arm64.deb ...
Unpacking libdeflate0:arm64 (1.19-1build1.1) ...
Selecting previously unselected package libjbig0:arm64.
Preparing to unpack .../70-libjbig0_2.1-6.1ubuntu2_arm64.deb ...
Unpacking libjbig0:arm64 (2.1-6.1ubuntu2) ...
Get:12 http://us-east-1.ec2.ports.ubuntu.com/ubuntu-ports noble-updates/main arm64 binutils arm64 2.42-4ubuntu2.10 [18.1 kB]
Get:13 http://us-east-1.ec2.ports.ubuntu.com/ubuntu-ports noble/main arm64 bridge-utils arm64 1.7.1-1ubuntu2 [34.2 kB]
Get:14 http://us-east-1.ec2.ports.ubuntu.com/ubuntu-ports noble-updates/main arm64 libc-dev-bin arm64 2.39-0ubuntu8.8 [19.7 kB]
Get:15 http://us-east-1.ec2.ports.ubuntu.com/ubuntu-ports noble-updates/main arm64 linux-libc-dev arm64 6.8.0-136.136 [1550 kB]
Selecting previously unselected package liblerc4:arm64.
Preparing to unpack .../71-liblerc4_4.0.0+ds-4ubuntu2_arm64.deb ...
Unpacking liblerc4:arm64 (4.0.0+ds-4ubuntu2) ...
Get:16 http://us-east-1.ec2.ports.ubuntu.com/ubuntu-ports noble/main arm64 libcrypt-dev arm64 1:4.4.36-4build1 [118 kB]
Get:17 http://us-east-1.ec2.ports.ubuntu.com/ubuntu-ports noble/main arm64 rpcsvc-proto arm64 1.4.2-0ubuntu7 [64.8 kB]
Get:18 http://us-east-1.ec2.ports.ubuntu.com/ubuntu-ports noble-updates/main arm64 libc6-dev arm64 2.39-0ubuntu8.8 [1596 kB]
Selecting previously unselected package libwebp7:arm64.
Preparing to unpack .../72-libwebp7_1.3.2-0.4build3_arm64.deb ...
Unpacking libwebp7:arm64 (1.3.2-0.4build3) ...
Get:19 http://us-east-1.ec2.ports.ubuntu.com/ubuntu-ports noble-updates/main arm64 gcc-13-base arm64 13.3.0-6ubuntu2~24.04.1 [51.6 kB]
Get:20 http://us-east-1.ec2.ports.ubuntu.com/ubuntu-ports noble-updates/main arm64 libisl23 arm64 0.26-3build1.1 [669 kB]
Get:21 http://us-east-1.ec2.ports.ubuntu.com/ubuntu-ports noble-updates/main arm64 libmpc3 arm64 1.3.1-1build1.1 [56.4 kB]
Get:22 http://us-east-1.ec2.ports.ubuntu.com/ubuntu-ports noble-updates/main arm64 cpp-13-aarch64-linux-gnu arm64 13.3.0-6ubuntu2~24.04.1 [9560 kB]
Selecting previously unselected package libtiff6:arm64.
Preparing to unpack .../73-libtiff6_4.5.1+git230720-4ubuntu2.5_arm64.deb ...
Unpacking libtiff6:arm64 (4.5.1+git230720-4ubuntu2.5) ...
Selecting previously unselected package libxpm4:arm64.
Preparing to unpack .../74-libxpm4_1%3a3.5.17-1ubuntu0.24.04.1_arm64.deb ...
Unpacking libxpm4:arm64 (1:3.5.17-1ubuntu0.24.04.1) ...
Selecting previously unselected package libgd3:arm64.
Preparing to unpack .../75-libgd3_2.3.3-9ubuntu5_arm64.deb ...
Unpacking libgd3:arm64 (2.3.3-9ubuntu5) ...
Setting up cpp-aarch64-linux-gnu (4:13.2.0-7ubuntu1) ...
Setting up libgprofng0:arm64 (2.42-4ubuntu2.10) ...
Selecting previously unselected package libc-devtools.
Preparing to unpack .../76-libc-devtools_2.39-0ubuntu8.8_arm64.deb ...
Unpacking libc-devtools (2.39-0ubuntu8.8) ...
Selecting previously unselected package libexpat1-dev:arm64.
Preparing to unpack .../77-libexpat1-dev_2.6.1-2ubuntu0.4_arm64.deb ...
Setting up libjs-sphinxdoc (7.2.6-6) ...
Unpacking libexpat1-dev:arm64 (2.6.1-2ubuntu0.4) ...
Setting up libgcc-13-dev:arm64 (13.3.0-6ubuntu2~24.04.1) ...
Setting up libtiff6:arm64 (4.5.1+git230720-4ubuntu2.5) ...
Selecting previously unselected package libfile-fcntllock-perl.
Setting up libc6-dev:arm64 (2.39-0ubuntu8.8) ...
Preparing to unpack .../78-libfile-fcntllock-perl_0.22-4ubuntu5_arm64.deb ...
Unpacking libfile-fcntllock-perl (0.22-4ubuntu5) ...
Setting up libstdc++-13-dev:arm64 (13.3.0-6ubuntu2~24.04.1) ...
Setting up cpp-13 (13.3.0-6ubuntu2~24.04.1) ...
Selecting previously unselected package libheif-plugin-aomenc:arm64.
Setting up binutils-aarch64-linux-gnu (2.42-4ubuntu2.10) ...
Setting up binutils (2.42-4ubuntu2.10) ...
Preparing to unpack .../79-libheif-plugin-aomenc_1.17.6-1ubuntu4.6_arm64.deb ...
Unpacking libheif-plugin-aomenc:arm64 (1.17.6-1ubuntu4.6) ...
Setting up gcc-13-aarch64-linux-gnu (13.3.0-6ubuntu2~24.04.1) ...
Setting up dpkg-dev (1.22.6ubuntu6.6) ...
Selecting previously unselected package libjs-jquery.
Setting up libexpat1-dev:arm64 (2.6.1-2ubuntu0.4) ...
Preparing to unpack .../80-libjs-jquery_3.6.1+dfsg+~3.5.14-1_all.deb ...
Unpacking libjs-jquery (3.6.1+dfsg+~3.5.14-1) ...
Setting up gcc-13 (13.3.0-6ubuntu2~24.04.1) ...
Selecting previously unselected package libjs-underscore.
Setting up zlib1g-dev:arm64 (1:1.3.dfsg-3.1ubuntu2.1) ...
Preparing to unpack .../81-libjs-underscore_1.13.4~dfsg+~1.11.4-3_all.deb ...
Setting up cpp (4:13.2.0-7ubuntu1) ...
Unpacking libjs-underscore (1.13.4~dfsg+~1.11.4-3) ...
Setting up g++-13-aarch64-linux-gnu (13.3.0-6ubuntu2~24.04.1) ...
Setting up gcc-aarch64-linux-gnu (4:13.2.0-7ubuntu1) ...
Selecting previously unselected package libjs-sphinxdoc.
Preparing to unpack .../82-libjs-sphinxdoc_7.2.6-6_all.deb ...
Setting up g++-13 (13.3.0-6ubuntu2~24.04.1) ...
Unpacking libjs-sphinxdoc (7.2.6-6) ...
Setting up libpython3.12-dev:arm64 (3.12.3-1ubuntu0.15) ...
Setting up gcc (4:13.2.0-7ubuntu1) ...
Selecting previously unselected package zlib1g-dev:arm64.
Preparing to unpack .../83-zlib1g-dev_1%3a1.3.dfsg-3.1ubuntu2.1_arm64.deb ...
Unpacking zlib1g-dev:arm64 (1:1.3.dfsg-3.1ubuntu2.1) ...
Selecting previously unselected package libfakeroot:arm64.
Preparing to unpack .../53-libfakeroot_1.33-1_arm64.deb ...
Setting up python3.12-dev (3.12.3-1ubuntu0.15) ...
Unpacking libfakeroot:arm64 (1.33-1) ...
Setting up g++-aarch64-linux-gnu (4:13.2.0-7ubuntu1) ...
 done
Generation complete.
Setting up libpython3-dev:arm64 (3.12.3-0ubuntu2.1) ...
Selecting previously unselected package libpython3.12-dev:arm64.
Preparing to unpack .../84-libpython3.12-dev_3.12.3-1ubuntu0.15_arm64.deb ...
Unpacking libpython3.12-dev:arm64 (3.12.3-1ubuntu0.15) ...
Selecting previously unselected package fakeroot.
Setting up python3-dev (3.12.3-0ubuntu2.1) ...
Preparing to unpack .../54-fakeroot_1.33-1_arm64.deb ...
Setting up python3-wheel (0.42.0-2) ...
Unpacking fakeroot (1.33-1) ...
Setting up g++ (4:13.2.0-7ubuntu1) ...
update-alternatives: using /usr/bin/g++ to provide /usr/bin/c++ (c++) in auto mode
Setting up build-essential (12.10ubuntu1) ...
Selecting previously unselected package fonts-dejavu-mono.
Setting up libheif-plugin-aomdec:arm64 (1.17.6-1ubuntu4.6) ...
Preparing to unpack .../55-fonts-dejavu-mono_2.37-8_all.deb ...
Unpacking fonts-dejavu-mono (2.37-8) ...
Setting up libheif1:arm64 (1.17.6-1ubuntu4.6) ...
Setting up libheif-plugin-aomenc:arm64 (1.17.6-1ubuntu4.6) ...
Processing triggers for libc-bin (2.39-0ubuntu8.8) ...
Selecting previously unselected package fonts-dejavu-core.
Preparing to unpack .../56-fonts-dejavu-core_2.37-8_all.deb ...
Unpacking fonts-dejavu-core (2.37-8) ...
Processing triggers for man-db (2.12.0-4build2) ...
Selecting previously unselected package fontconfig-config.
Setting up libjbig0:arm64 (2.1-6.1ubuntu2) ...
Selecting previously unselected package libpython3-dev:arm64.
Preparing to unpack .../57-fontconfig-config_2.15.0-1.1ubuntu2_arm64.deb ...
Preparing to unpack .../85-libpython3-dev_3.12.3-0ubuntu2.1_arm64.deb ...
Unpacking libpython3-dev:arm64 (3.12.3-0ubuntu2.1) ...
Preparing to unpack .../86-linux-tools-common_6.8.0-136.136_all.deb ...
Unpacking linux-tools-common (6.8.0-136.136) over (6.8.0-134.134) ...
Get:53 http://us-east-1.ec2.ports.ubuntu.com/ubuntu-ports noble-updates/main arm64 dns-root-data all 2024071801~ubuntu0.24.04.1 [5918 B]
Get:54 http://us-east-1.ec2.ports.ubuntu.com/ubuntu-ports noble-updates/main arm64 dnsmasq-base arm64 2.90-2ubuntu0.4 [367 kB]
Get:55 http://us-east-1.ec2.ports.ubuntu.com/ubuntu-ports noble-updates/universe arm64 docker.io arm64 29.1.3-0ubuntu3~24.04.2 [32.0 MB]
Setting up libsframe1:arm64 (2.42-4ubuntu2.10) ...
Setting up libfakeroot:arm64 (1.33-1) ...
Setting up runc (1.3.4-0ubuntu1~24.04.1) ...
Setting up dns-root-data (2024071801~ubuntu0.24.04.1) ...
Setting up fakeroot (1.33-1) ...
Selecting previously unselected package manpages-dev.
Preparing to unpack .../87-manpages-dev_6.7-2_all.deb ...
update-alternatives: using /usr/bin/fakeroot-sysv to provide /usr/bin/fakeroot (fakeroot) in auto mode
Unpacking manpages-dev (6.7-2) ...
Setting up rpcsvc-proto (1.4.2-0ubuntu7) ...
Unpacking fontconfig-config (2.15.0-1.1ubuntu2) ...
Setting up gcc-13-base:arm64 (13.3.0-6ubuntu2~24.04.1) ...
Setting up make (4.3-4.1build2) ...
Setting up fonts-dejavu-mono (2.37-8) ...
Selecting previously unselected package javascript-common.
Preparing to unpack .../58-javascript-common_11+nmu1_all.deb ...
Unpacking javascript-common (11+nmu1) ...
Setting up libmpc3:arm64 (1.3.1-1build1.1) ...
Setting up libatomic1:arm64 (14.2.0-4ubuntu2~24.04.1) ...
Selecting previously unselected package libalgorithm-diff-perl.
Preparing to unpack .../59-libalgorithm-diff-perl_1.201-1_all.deb ...
Unpacking libalgorithm-diff-perl (1.201-1) ...
Setting up fonts-dejavu-core (2.37-8) ...
Selecting previously unselected package libalgorithm-diff-xs-perl:arm64.
Preparing to unpack .../60-libalgorithm-diff-xs-perl_0.04-8build3_arm64.deb ...
Unpacking libalgorithm-diff-xs-perl:arm64 (0.04-8build3) ...
Selecting previously unselected package libalgorithm-merge-perl.
Preparing to unpack .../61-libalgorithm-merge-perl_0.08-5_all.deb ...
Setting up python3-pip (24.0+dfsg-1ubuntu1.3) ...
Unpacking libalgorithm-merge-perl (0.08-5) ...

Running kernel seems to be up-to-date.

Restarting services...
Selecting previously unselected package libaom3:arm64.
Preparing to unpack .../62-libaom3_3.8.2-2ubuntu0.1_arm64.deb ...
Selecting previously unselected package python3.12-dev.
Unpacking libaom3:arm64 (3.8.2-2ubuntu0.1) ...
Preparing to unpack .../88-python3.12-dev_3.12.3-1ubuntu0.15_arm64.deb ...
Unpacking python3.12-dev (3.12.3-1ubuntu0.15) ...
Selecting previously unselected package libfontconfig1:arm64.
Selecting previously unselected package python3-dev.
Preparing to unpack .../63-libfontconfig1_2.15.0-1.1ubuntu2_arm64.deb ...
Preparing to unpack .../89-python3-dev_3.12.3-0ubuntu2.1_arm64.deb ...
Unpacking libfontconfig1:arm64 (2.15.0-1.1ubuntu2) ...
Unpacking python3-dev (3.12.3-0ubuntu2.1) ...
Selecting previously unselected package libsharpyuv0:arm64.
Preparing to unpack .../64-libsharpyuv0_1.3.2-0.4build3_arm64.deb ...
Unpacking libsharpyuv0:arm64 (1.3.2-0.4build3) ...
Selecting previously unselected package python3-wheel.
 systemctl restart acpid.service chrony.service cron.service irqbalance.service multipathd.service packagekit.service polkit.service rsyslog.service ssh.service systemd-journald.service systemd-networkd.service systemd-resolved.service systemd-udevd.service udisks2.service
Preparing to unpack .../90-python3-wheel_0.42.0-2_all.deb ...
Unpacking python3-wheel (0.42.0-2) ...
Selecting previously unselected package libheif-plugin-aomdec:arm64.
Preparing to unpack .../65-libheif-plugin-aomdec_1.17.6-1ubuntu4.6_arm64.deb ...
Unpacking libheif-plugin-aomdec:arm64 (1.17.6-1ubuntu4.6) ...
Selecting previously unselected package libheif1:arm64.
Selecting previously unselected package python3-pip.
Preparing to unpack .../66-libheif1_1.17.6-1ubuntu4.6_arm64.deb ...
Preparing to unpack .../91-python3-pip_24.0+dfsg-1ubuntu1.3_all.deb ...
Fetched 37.7 MB in 4s (9642 kB/s)
Reading package lists...Unpacking libheif1:arm64 (1.17.6-1ubuntu4.6) ...
Unpacking python3-pip (24.0+dfsg-1ubuntu1.3) ...
Selecting previously unselected package libjpeg-turbo8:arm64.
Preparing to unpack .../67-libjpeg-turbo8_2.1.5-2ubuntu2_arm64.deb ...
Unpacking libjpeg-turbo8:arm64 (2.1.5-2ubuntu2) ...
Selecting previously unselected package libjpeg8:arm64.
Preparing to unpack .../68-libjpeg8_8c-2ubuntu11_arm64.deb ...
Unpacking libjpeg8:arm64 (8c-2ubuntu11) ...
Selecting previously unselected package libdeflate0:arm64.
Preparing to unpack .../69-libdeflate0_1.19-1build1.1_arm64.deb ...
Unpacking libdeflate0:arm64 (1.19-1build1.1) ...
Selecting previously unselected package ubuntu-fan.
Preparing to unpack .../92-ubuntu-fan_0.12.16+24.04.1_all.deb ...
Unpacking ubuntu-fan (0.12.16+24.04.1) ...
Selecting previously unselected package libjbig0:arm64.
Preparing to unpack .../70-libjbig0_2.1-6.1ubuntu2_arm64.deb ...
Unpacking libjbig0:arm64 (2.1-6.1ubuntu2) ...
Selecting previously unselected package liblerc4:arm64.
Setting up javascript-common (11+nmu1) ...
Preparing to unpack .../71-liblerc4_4.0.0+ds-4ubuntu2_arm64.deb ...
Unpacking liblerc4:arm64 (4.0.0+ds-4ubuntu2) ...
Setting up libsharpyuv0:arm64 (1.3.2-0.4build3) ...
Selecting previously unselected package libwebp7:arm64.
Preparing to unpack .../72-libwebp7_1.3.2-0.4build3_arm64.deb ...
Unpacking libwebp7:arm64 (1.3.2-0.4build3) ...
Setting up libaom3:arm64 (3.8.2-2ubuntu0.1) ...
Setting up manpages-dev (6.7-2) ...
Setting up lto-disabled-list (47) ...
Selecting previously unselected package libtiff6:arm64.
Setting up liblerc4:arm64 (4.0.0+ds-4ubuntu2) ...
Preparing to unpack .../73-libtiff6_4.5.1+git230720-4ubuntu2.5_arm64.deb ...
Unpacking libtiff6:arm64 (4.5.1+git230720-4ubuntu2.5) ...
Setting up libxpm4:arm64 (1:3.5.17-1ubuntu0.24.04.1) ...
Setting up libfile-fcntllock-perl (0.22-4ubuntu5) ...
Setting up libalgorithm-diff-perl (1.201-1) ...
Selecting previously unselected package libxpm4:arm64.
Preparing to unpack .../74-libxpm4_1%3a3.5.17-1ubuntu0.24.04.1_arm64.deb ...
Unpacking libxpm4:arm64 (1:3.5.17-1ubuntu0.24.04.1) ...
Setting up binutils-common:arm64 (2.42-4ubuntu2.10) ...
Setting up libdeflate0:arm64 (1.19-1build1.1) ...
Get:56 http://us-east-1.ec2.ports.ubuntu.com/ubuntu-ports noble/main arm64 libfakeroot arm64 1.33-1 [32.5 kB]
Get:57 http://us-east-1.ec2.ports.ubuntu.com/ubuntu-ports noble/main arm64 fakeroot arm64 1.33-1 [66.9 kB]
Get:58 http://us-east-1.ec2.ports.ubuntu.com/ubuntu-ports noble/main arm64 fonts-dejavu-mono all 2.37-8 [502 kB]
Selecting previously unselected package libgd3:arm64.
Get:59 http://us-east-1.ec2.ports.ubuntu.com/ubuntu-ports noble/main arm64 fonts-dejavu-core all 2.37-8 [835 kB]

Service restarts being deferred:
 systemctl restart ModemManager.service
 /etc/needrestart/restart.d/dbus.service
 systemctl restart getty@tty1.service
 systemctl restart networkd-dispatcher.service
 systemctl restart serial-getty@ttyS0.service
 systemctl restart systemd-logind.service
 systemctl restart unattended-upgrades.service

No containers need to be restarted.

User sessions running outdated binaries:
 ubuntu @ session #3: sshd[1442,1523]
 ubuntu @ user manager service: systemd[1297]

No VM guests are running outdated hypervisor (qemu) binaries on this host.
Get:60 http://us-east-1.ec2.ports.ubuntu.com/ubuntu-ports noble/main arm64 fontconfig-config arm64 2.15.0-1.1ubuntu2 [37.4 kB]
Setting up linux-libc-dev:arm64 (6.8.0-136.136) ...
Preparing to unpack .../75-libgd3_2.3.3-9ubuntu5_arm64.deb ...
Get:61 http://us-east-1.ec2.ports.ubuntu.com/ubuntu-ports noble/main arm64 javascript-common all 11+nmu1 [5936 B]
Get:62 http://us-east-1.ec2.ports.ubuntu.com/ubuntu-ports noble/main arm64 libalgorithm-diff-perl all 1.201-1 [41.8 kB]
Get:63 http://us-east-1.ec2.ports.ubuntu.com/ubuntu-ports noble/main arm64 libalgorithm-diff-xs-perl arm64 0.04-8build3 [10.9 kB]
Get:64 http://us-east-1.ec2.ports.ubuntu.com/ubuntu-ports noble/main arm64 libalgorithm-merge-perl all 0.08-5 [11.4 kB]
Get:65 http://us-east-1.ec2.ports.ubuntu.com/ubuntu-ports noble-updates/main arm64 libaom3 arm64 3.8.2-2ubuntu0.1 [1617 kB]
Unpacking libgd3:arm64 (2.3.3-9ubuntu5) ...
Setting up libctf-nobfd0:arm64 (2.42-4ubuntu2.10) ...
Selecting previously unselected package libc-devtools.
Setting up dnsmasq-base (2.90-2ubuntu0.4) ...
Preparing to unpack .../76-libc-devtools_2.39-0ubuntu8.8_arm64.deb ...
Unpacking libc-devtools (2.39-0ubuntu8.8) ...
Get:66 http://us-east-1.ec2.ports.ubuntu.com/ubuntu-ports noble/main arm64 libfontconfig1 arm64 2.15.0-1.1ubuntu2 [142 kB]
Get:67 http://us-east-1.ec2.ports.ubuntu.com/ubuntu-ports noble/main arm64 libsharpyuv0 arm64 1.3.2-0.4build3 [14.5 kB]
Get:68 http://us-east-1.ec2.ports.ubuntu.com/ubuntu-ports noble-updates/main arm64 libheif-plugin-aomdec arm64 1.17.6-1ubuntu4.6 [11.1 kB]
Get:69 http://us-east-1.ec2.ports.ubuntu.com/ubuntu-ports noble-updates/main arm64 libheif1 arm64 1.17.6-1ubuntu4.6 [260 kB]
Get:70 http://us-east-1.ec2.ports.ubuntu.com/ubuntu-ports noble/main arm64 libjpeg-turbo8 arm64 2.1.5-2ubuntu2 [163 kB]
Get:71 http://us-east-1.ec2.ports.ubuntu.com/ubuntu-ports noble/main arm64 libjpeg8 arm64 8c-2ubuntu11 [2148 B]
Get:72 http://us-east-1.ec2.ports.ubuntu.com/ubuntu-ports noble-updates/main arm64 libdeflate0 arm64 1.19-1build1.1 [43.5 kB]
Get:73 http://us-east-1.ec2.ports.ubuntu.com/ubuntu-ports noble/main arm64 libjbig0 arm64 2.1-6.1ubuntu2 [29.3 kB]
Get:74 http://us-east-1.ec2.ports.ubuntu.com/ubuntu-ports noble/main arm64 liblerc4 arm64 4.0.0+ds-4ubuntu2 [154 kB]
Get:75 http://us-east-1.ec2.ports.ubuntu.com/ubuntu-ports noble/main arm64 libwebp7 arm64 1.3.2-0.4build3 [191 kB]
Get:76 http://us-east-1.ec2.ports.ubuntu.com/ubuntu-ports noble-updates/main arm64 libtiff6 arm64 4.5.1+git230720-4ubuntu2.5 [192 kB]
Get:77 http://us-east-1.ec2.ports.ubuntu.com/ubuntu-ports noble-updates/main arm64 libxpm4 arm64 1:3.5.17-1ubuntu0.24.04.1 [35.3 kB]
Get:78 http://us-east-1.ec2.ports.ubuntu.com/ubuntu-ports noble/main arm64 libgd3 arm64 2.3.3-9ubuntu5 [122 kB]
Get:79 http://us-east-1.ec2.ports.ubuntu.com/ubuntu-ports noble-updates/main arm64 libc-devtools arm64 2.39-0ubuntu8.8 [27.8 kB]
Get:80 http://us-east-1.ec2.ports.ubuntu.com/ubuntu-ports noble-updates/main arm64 libexpat1-dev arm64 2.6.1-2ubuntu0.4 [128 kB]
Get:81 http://us-east-1.ec2.ports.ubuntu.com/ubuntu-ports noble/main arm64 libfile-fcntllock-perl arm64 0.22-4ubuntu5 [30.6 kB]
Get:82 http://us-east-1.ec2.ports.ubuntu.com/ubuntu-ports noble-updates/main arm64 libheif-plugin-aomenc arm64 1.17.6-1ubuntu4.6 [13.7 kB]
Get:83 http://us-east-1.ec2.ports.ubuntu.com/ubuntu-ports noble/main arm64 libjs-jquery all 3.6.1+dfsg+~3.5.14-1 [328 kB]
Get:84 http://us-east-1.ec2.ports.ubuntu.com/ubuntu-ports noble/main arm64 libjs-underscore all 1.13.4~dfsg+~1.11.4-3 [118 kB]
Get:85 http://us-east-1.ec2.ports.ubuntu.com/ubuntu-ports noble/main arm64 libjs-sphinxdoc all 7.2.6-6 [149 kB]
Get:86 http://us-east-1.ec2.ports.ubuntu.com/ubuntu-ports noble-updates/main arm64 zlib1g-dev arm64 1:1.3.dfsg-3.1ubuntu2.1 [894 kB]
Get:87 http://us-east-1.ec2.ports.ubuntu.com/ubuntu-ports noble-updates/main arm64 libpython3.12-dev arm64 3.12.3-1ubuntu0.15 [5538 kB]
Selecting previously unselected package libexpat1-dev:arm64.
Preparing to unpack .../77-libexpat1-dev_2.6.1-2ubuntu0.4_arm64.deb ...
Unpacking libexpat1-dev:arm64 (2.6.1-2ubuntu0.4) ...
Setting up libgomp1:arm64 (14.2.0-4ubuntu2~24.04.1) ...
Setting up bzip2 (1.0.8-5.1build0.1) ...
Selecting previously unselected package libfile-fcntllock-perl.
Preparing to unpack .../78-libfile-fcntllock-perl_0.22-4ubuntu5_arm64.deb ...
Unpacking libfile-fcntllock-perl (0.22-4ubuntu5) ...
Setting up locales (2.39-0ubuntu8.8) ...
Selecting previously unselected package libheif-plugin-aomenc:arm64.
Preparing to unpack .../79-libheif-plugin-aomenc_1.17.6-1ubuntu4.6_arm64.deb ...
Unpacking libheif-plugin-aomenc:arm64 (1.17.6-1ubuntu4.6) ...
Selecting previously unselected package libjs-jquery.
Preparing to unpack .../80-libjs-jquery_3.6.1+dfsg+~3.5.14-1_all.deb ...
Unpacking libjs-jquery (3.6.1+dfsg+~3.5.14-1) ...
Selecting previously unselected package libjs-underscore.
Preparing to unpack .../81-libjs-underscore_1.13.4~dfsg+~1.11.4-3_all.deb ...
Unpacking libjs-underscore (1.13.4~dfsg+~1.11.4-3) ...
Selecting previously unselected package libjs-sphinxdoc.
Preparing to unpack .../82-libjs-sphinxdoc_7.2.6-6_all.deb ...
Unpacking libjs-sphinxdoc (7.2.6-6) ...
Selecting previously unselected package zlib1g-dev:arm64.
Preparing to unpack .../83-zlib1g-dev_1%3a1.3.dfsg-3.1ubuntu2.1_arm64.deb ...
Unpacking zlib1g-dev:arm64 (1:1.3.dfsg-3.1ubuntu2.1) ...
Selecting previously unselected package libpython3.12-dev:arm64.
Preparing to unpack .../84-libpython3.12-dev_3.12.3-1ubuntu0.15_arm64.deb ...
Unpacking libpython3.12-dev:arm64 (3.12.3-1ubuntu0.15) ...
Get:56 http://us-east-1.ec2.ports.ubuntu.com/ubuntu-ports noble/main arm64 libfakeroot arm64 1.33-1 [32.5 kB]
Get:57 http://us-east-1.ec2.ports.ubuntu.com/ubuntu-ports noble/main arm64 fakeroot arm64 1.33-1 [66.9 kB]
Get:58 http://us-east-1.ec2.ports.ubuntu.com/ubuntu-ports noble/main arm64 fonts-dejavu-mono all 2.37-8 [502 kB]
Get:59 http://us-east-1.ec2.ports.ubuntu.com/ubuntu-ports noble/main arm64 fonts-dejavu-core all 2.37-8 [835 kB]
Get:60 http://us-east-1.ec2.ports.ubuntu.com/ubuntu-ports noble/main arm64 fontconfig-config arm64 2.15.0-1.1ubuntu2 [37.4 kB]
Get:61 http://us-east-1.ec2.ports.ubuntu.com/ubuntu-ports noble/main arm64 javascript-common all 11+nmu1 [5936 B]
Get:62 http://us-east-1.ec2.ports.ubuntu.com/ubuntu-ports noble/main arm64 libalgorithm-diff-perl all 1.201-1 [41.8 kB]
Get:63 http://us-east-1.ec2.ports.ubuntu.com/ubuntu-ports noble/main arm64 libalgorithm-diff-xs-perl arm64 0.04-8build3 [10.9 kB]
Get:64 http://us-east-1.ec2.ports.ubuntu.com/ubuntu-ports noble/main arm64 libalgorithm-merge-perl all 0.08-5 [11.4 kB]
Get:88 http://us-east-1.ec2.ports.ubuntu.com/ubuntu-ports noble-updates/main arm64 libpython3-dev arm64 3.12.3-0ubuntu2.1 [10.4 kB]
Get:89 http://us-east-1.ec2.ports.ubuntu.com/ubuntu-ports noble-updates/main arm64 linux-tools-common all 6.8.0-136.136 [416 kB]
Get:90 http://us-east-1.ec2.ports.ubuntu.com/ubuntu-ports noble/main arm64 manpages-dev all 6.7-2 [2013 kB]
Get:65 http://us-east-1.ec2.ports.ubuntu.com/ubuntu-ports noble-updates/main arm64 libaom3 arm64 3.8.2-2ubuntu0.1 [1617 kB]
Get:91 http://us-east-1.ec2.ports.ubuntu.com/ubuntu-ports noble-updates/main arm64 python3.12-dev arm64 3.12.3-1ubuntu0.15 [498 kB]
Get:92 http://us-east-1.ec2.ports.ubuntu.com/ubuntu-ports noble-updates/main arm64 python3-dev arm64 3.12.3-0ubuntu2.1 [26.7 kB]
Get:93 http://us-east-1.ec2.ports.ubuntu.com/ubuntu-ports noble/universe arm64 python3-wheel all 0.42.0-2 [53.1 kB]
Get:94 http://us-east-1.ec2.ports.ubuntu.com/ubuntu-ports noble-updates/universe arm64 python3-pip all 24.0+dfsg-1ubuntu1.3 [1320 kB]
Get:66 http://us-east-1.ec2.ports.ubuntu.com/ubuntu-ports noble/main arm64 libfontconfig1 arm64 2.15.0-1.1ubuntu2 [142 kB]
Get:67 http://us-east-1.ec2.ports.ubuntu.com/ubuntu-ports noble/main arm64 libsharpyuv0 arm64 1.3.2-0.4build3 [14.5 kB]
Get:68 http://us-east-1.ec2.ports.ubuntu.com/ubuntu-ports noble-updates/main arm64 libheif-plugin-aomdec arm64 1.17.6-1ubuntu4.6 [11.1 kB]
Get:69 http://us-east-1.ec2.ports.ubuntu.com/ubuntu-ports noble-updates/main arm64 libheif1 arm64 1.17.6-1ubuntu4.6 [260 kB]
Get:70 http://us-east-1.ec2.ports.ubuntu.com/ubuntu-ports noble/main arm64 libjpeg-turbo8 arm64 2.1.5-2ubuntu2 [163 kB]
Get:71 http://us-east-1.ec2.ports.ubuntu.com/ubuntu-ports noble/main arm64 libjpeg8 arm64 8c-2ubuntu11 [2148 B]
Get:72 http://us-east-1.ec2.ports.ubuntu.com/ubuntu-ports noble-updates/main arm64 libdeflate0 arm64 1.19-1build1.1 [43.5 kB]
Get:73 http://us-east-1.ec2.ports.ubuntu.com/ubuntu-ports noble/main arm64 libjbig0 arm64 2.1-6.1ubuntu2 [29.3 kB]
Get:74 http://us-east-1.ec2.ports.ubuntu.com/ubuntu-ports noble/main arm64 liblerc4 arm64 4.0.0+ds-4ubuntu2 [154 kB]
Get:75 http://us-east-1.ec2.ports.ubuntu.com/ubuntu-ports noble/main arm64 libwebp7 arm64 1.3.2-0.4build3 [191 kB]
Get:76 http://us-east-1.ec2.ports.ubuntu.com/ubuntu-ports noble-updates/main arm64 libtiff6 arm64 4.5.1+git230720-4ubuntu2.5 [192 kB]
Get:77 http://us-east-1.ec2.ports.ubuntu.com/ubuntu-ports noble-updates/main arm64 libxpm4 arm64 1:3.5.17-1ubuntu0.24.04.1 [35.3 kB]
Get:78 http://us-east-1.ec2.ports.ubuntu.com/ubuntu-ports noble/main arm64 libgd3 arm64 2.3.3-9ubuntu5 [122 kB]
Get:79 http://us-east-1.ec2.ports.ubuntu.com/ubuntu-ports noble-updates/main arm64 libc-devtools arm64 2.39-0ubuntu8.8 [27.8 kB]
Get:80 http://us-east-1.ec2.ports.ubuntu.com/ubuntu-ports noble-updates/main arm64 libexpat1-dev arm64 2.6.1-2ubuntu0.4 [128 kB]
Get:81 http://us-east-1.ec2.ports.ubuntu.com/ubuntu-ports noble/main arm64 libfile-fcntllock-perl arm64 0.22-4ubuntu5 [30.6 kB]
Get:82 http://us-east-1.ec2.ports.ubuntu.com/ubuntu-ports noble-updates/main arm64 libheif-plugin-aomenc arm64 1.17.6-1ubuntu4.6 [13.7 kB]
Get:83 http://us-east-1.ec2.ports.ubuntu.com/ubuntu-ports noble/main arm64 libjs-jquery all 3.6.1+dfsg+~3.5.14-1 [328 kB]
Get:84 http://us-east-1.ec2.ports.ubuntu.com/ubuntu-ports noble/main arm64 libjs-underscore all 1.13.4~dfsg+~1.11.4-3 [118 kB]
Get:85 http://us-east-1.ec2.ports.ubuntu.com/ubuntu-ports noble/main arm64 libjs-sphinxdoc all 7.2.6-6 [149 kB]
Get:86 http://us-east-1.ec2.ports.ubuntu.com/ubuntu-ports noble-updates/main arm64 zlib1g-dev arm64 1:1.3.dfsg-3.1ubuntu2.1 [894 kB]
Get:87 http://us-east-1.ec2.ports.ubuntu.com/ubuntu-ports noble-updates/main arm64 libpython3.12-dev arm64 3.12.3-1ubuntu0.15 [5538 kB]
Get:95 http://us-east-1.ec2.ports.ubuntu.com/ubuntu-ports noble-updates/universe arm64 ubuntu-fan all 0.12.16+24.04.1 [34.2 kB]
Get:88 http://us-east-1.ec2.ports.ubuntu.com/ubuntu-ports noble-updates/main arm64 libpython3-dev arm64 3.12.3-0ubuntu2.1 [10.4 kB]
Get:89 http://us-east-1.ec2.ports.ubuntu.com/ubuntu-ports noble-updates/main arm64 linux-tools-common all 6.8.0-136.136 [416 kB]
Get:90 http://us-east-1.ec2.ports.ubuntu.com/ubuntu-ports noble/main arm64 manpages-dev all 6.7-2 [2013 kB]
Get:91 http://us-east-1.ec2.ports.ubuntu.com/ubuntu-ports noble-updates/main arm64 python3.12-dev arm64 3.12.3-1ubuntu0.15 [498 kB]
Get:92 http://us-east-1.ec2.ports.ubuntu.com/ubuntu-ports noble-updates/main arm64 python3-dev arm64 3.12.3-0ubuntu2.1 [26.7 kB]
Get:93 http://us-east-1.ec2.ports.ubuntu.com/ubuntu-ports noble/universe arm64 python3-wheel all 0.42.0-2 [53.1 kB]
Get:94 http://us-east-1.ec2.ports.ubuntu.com/ubuntu-ports noble-updates/universe arm64 python3-pip all 24.0+dfsg-1ubuntu1.3 [1320 kB]
Selecting previously unselected package libpython3-dev:arm64.
Get:95 http://us-east-1.ec2.ports.ubuntu.com/ubuntu-ports noble-updates/universe arm64 ubuntu-fan all 0.12.16+24.04.1 [34.2 kB]
Preparing to unpack .../85-libpython3-dev_3.12.3-0ubuntu2.1_arm64.deb ...
Unpacking libpython3-dev:arm64 (3.12.3-0ubuntu2.1) ...
Generating locales (this might take a while)...

  en_US.UTF-8...Preparing to unpack .../86-linux-tools-common_6.8.0-136.136_all.deb ...
Unpacking linux-tools-common (6.8.0-136.136) over (6.8.0-134.134) ...
Reading package lists...
Setting up libjpeg-turbo8:arm64 (2.1.5-2ubuntu2) ...
Building dependency tree...Setting up bridge-utils (1.7.1-1ubuntu2) ...
Selecting previously unselected package manpages-dev.
Preparing to unpack .../87-manpages-dev_6.7-2_all.deb ...
Unpacking manpages-dev (6.7-2) ...
Setting up libdpkg-perl (1.22.6ubuntu6.6) ...
Setting up libwebp7:arm64 (1.3.2-0.4build3) ...
Setting up libubsan1:arm64 (14.2.0-4ubuntu2~24.04.1) ...
Setting up libhwasan0:arm64 (14.2.0-4ubuntu2~24.04.1) ...
Setting up pigz (2.8-1) ...
Setting up libcrypt-dev:arm64 (1:4.4.36-4build1) ...
Setting up libasan8:arm64 (14.2.0-4ubuntu2~24.04.1) ...
Setting up libtsan2:arm64 (14.2.0-4ubuntu2~24.04.1) ...
Setting up libjs-jquery (3.6.1+dfsg+~3.5.14-1) ...
Processing triggers for dbus (1.14.10-4ubuntu4.1) ...
Processing triggers for sgml-base (1.31) ...

Reading state information...
Setting up libbinutils:arm64 (2.42-4ubuntu2.10) ...
Setting up libisl23:arm64 (0.26-3build1.1) ...
Selecting previously unselected package python3.12-dev.
Setting up libfontconfig1:arm64 (2.15.0-1.1ubuntu2) ...
Preparing to unpack .../88-python3.12-dev_3.12.3-1ubuntu0.15_arm64.deb ...
Setting up libc-dev-bin (2.39-0ubuntu8.8) ...
Unpacking python3.12-dev (3.12.3-1ubuntu0.15) ...
Setting up libgd3:arm64 (2.3.3-9ubuntu5) ...
Setting up containerd (2.2.1-0ubuntu1~24.04.3) ...
Setting up libc-devtools (2.39-0ubuntu8.8) ...
Get:23 http://us-east-1.ec2.ports.ubuntu.com/ubuntu-ports noble-updates/main arm64 cpp-13 arm64 13.3.0-6ubuntu2~24.04.1 [1038 B]
Get:24 http://us-east-1.ec2.ports.ubuntu.com/ubuntu-ports noble/main arm64 cpp-aarch64-linux-gnu arm64 4:13.2.0-7ubuntu1 [5316 B]
Get:25 http://us-east-1.ec2.ports.ubuntu.com/ubuntu-ports noble/main arm64 cpp arm64 4:13.2.0-7ubuntu1 [22.4 kB]
Get:26 http://us-east-1.ec2.ports.ubuntu.com/ubuntu-ports noble-updates/main arm64 libcc1-0 arm64 14.2.0-4ubuntu2~24.04.1 [49.7 kB]
Get:27 http://us-east-1.ec2.ports.ubuntu.com/ubuntu-ports noble-updates/main arm64 libgomp1 arm64 14.2.0-4ubuntu2~24.04.1 [145 kB]
Get:28 http://us-east-1.ec2.ports.ubuntu.com/ubuntu-ports noble-updates/main arm64 libitm1 arm64 14.2.0-4ubuntu2~24.04.1 [28.2 kB]
Get:29 http://us-east-1.ec2.ports.ubuntu.com/ubuntu-ports noble-updates/main arm64 libatomic1 arm64 14.2.0-4ubuntu2~24.04.1 [11.6 kB]
Get:30 http://us-east-1.ec2.ports.ubuntu.com/ubuntu-ports noble-updates/main arm64 libasan8 arm64 14.2.0-4ubuntu2~24.04.1 [2928 kB]
Processing triggers for libc-bin (2.39-0ubuntu8.8) ...
Selecting previously unselected package python3-dev.
Preparing to unpack .../89-python3-dev_3.12.3-0ubuntu2.1_arm64.deb ...
Unpacking python3-dev (3.12.3-0ubuntu2.1) ...
Selecting previously unselected package python3-wheel.
Preparing to unpack .../90-python3-wheel_0.42.0-2_all.deb ...
Unpacking python3-wheel (0.42.0-2) ...
Created symlink /etc/systemd/system/multi-user.target.wants/containerd.service → /usr/lib/systemd/system/containerd.service.
Selecting previously unselected package python3-pip.
Preparing to unpack .../91-python3-pip_24.0+dfsg-1ubuntu1.3_all.deb ...
Unpacking python3-pip (24.0+dfsg-1ubuntu1.3) ...
Preconfiguring packages ...
curl is already the newest version (8.5.0-2ubuntu10.11).
curl set to manually installed.
ca-certificates is already the newest version (20260601~24.04.1).
ca-certificates set to manually installed.
jq is already the newest version (1.7.1-3ubuntu0.24.04.2).
jq set to manually installed.
git is already the newest version (1:2.43.0-1ubuntu7.3).
git set to manually installed.
The following additional packages will be installed:
  binutils binutils-aarch64-linux-gnu binutils-common bridge-utils bzip2
  containerd cpp cpp-13 cpp-13-aarch64-linux-gnu cpp-aarch64-linux-gnu
  dns-root-data dnsmasq-base dpkg-dev fakeroot fontconfig-config
  fonts-dejavu-core fonts-dejavu-mono g++ g++-13 g++-13-aarch64-linux-gnu
  g++-aarch64-linux-gnu gcc gcc-13 gcc-13-aarch64-linux-gnu gcc-13-base
  gcc-aarch64-linux-gnu javascript-common libalgorithm-diff-perl
  libalgorithm-diff-xs-perl libalgorithm-merge-perl libaom3 libasan8
  libatomic1 libbinutils libc-bin libc-dev-bin libc-devtools libc6 libc6-dev
  libcc1-0 libcrypt-dev libctf-nobfd0 libctf0 libdeflate0 libdpkg-perl
  libexpat1-dev libfakeroot libfile-fcntllock-perl libfontconfig1
  libgcc-13-dev libgd3 libgomp1 libgprofng0 libheif-plugin-aomdec
Get:31 http://us-east-1.ec2.ports.ubuntu.com/ubuntu-ports noble-updates/main arm64 liblsan0 arm64 14.2.0-4ubuntu2~24.04.1 [1289 kB]
Selecting previously unselected package ubuntu-fan.
Preparing to unpack .../92-ubuntu-fan_0.12.16+24.04.1_all.deb ...
Unpacking ubuntu-fan (0.12.16+24.04.1) ...
Get:32 http://us-east-1.ec2.ports.ubuntu.com/ubuntu-ports noble-updates/main arm64 libtsan2 arm64 14.2.0-4ubuntu2~24.04.1 [2697 kB]
  libheif-plugin-aomenc libheif1 libhwasan0 libisl23 libitm1 libjbig0
  libjpeg-turbo8 libjpeg8 libjs-jquery libjs-sphinxdoc libjs-underscore
  liblerc4 liblsan0 libmpc3 libpython3-dev libpython3.12-dev libsframe1
  libsharpyuv0 libstdc++-13-dev libtiff6 libtsan2 libubsan1 libwebp7 libxpm4
  linux-libc-dev linux-tools-common locales lto-disabled-list make
  manpages-dev pigz python3-dev python3-wheel python3.12-dev rpcsvc-proto runc
  ubuntu-fan zlib1g-dev
Suggested packages:
  binutils-doc gprofng-gui ifupdown bzip2-doc cpp-doc gcc-13-locales
  cpp-13-doc aufs-tools cgroupfs-mount | cgroup-lite debootstrap docker-buildx
  docker-compose-v2 docker-doc rinse zfs-fuse | zfsutils debian-keyring
  gcc-13-doc gcc-multilib autoconf automake libtool flex bison gdb gcc-doc
  gdb-aarch64-linux-gnu apache2 | lighttpd | httpd glibc-doc libnss-nis
  libnss-nisplus bzr libgd-tools libheif-plugin-libde265 libheif-plugin-x265
  libheif-plugin-ffmpegdec libheif-plugin-jpegdec libheif-plugin-jpegenc
  libheif-plugin-j2kdec libheif-plugin-j2kenc libheif-plugin-rav1e
  libheif-plugin-svtenc libstdc++-13-doc make-doc
The following NEW packages will be installed:
  binutils binutils-aarch64-linux-gnu binutils-common bridge-utils
  build-essential bzip2 containerd cpp cpp-13 cpp-13-aarch64-linux-gnu
  cpp-aarch64-linux-gnu dns-root-data dnsmasq-base docker.io dpkg-dev fakeroot
  fontconfig-config fonts-dejavu-core fonts-dejavu-mono g++ g++-13
  g++-13-aarch64-linux-gnu g++-aarch64-linux-gnu gcc gcc-13
  gcc-13-aarch64-linux-gnu gcc-13-base gcc-aarch64-linux-gnu javascript-common
  libalgorithm-diff-perl libalgorithm-diff-xs-perl libalgorithm-merge-perl
  libaom3 libasan8 libatomic1 libbinutils libc-dev-bin libc-devtools libc6-dev
  libcc1-0 libcrypt-dev libctf-nobfd0 libctf0 libdeflate0 libdpkg-perl
  libexpat1-dev libfakeroot libfile-fcntllock-perl libfontconfig1
  libgcc-13-dev libgd3 libgomp1 libgprofng0 libheif-plugin-aomdec
  libheif-plugin-aomenc libheif1 libhwasan0 libisl23 libitm1 libjbig0
  libjpeg-turbo8 libjpeg8 libjs-jquery libjs-sphinxdoc libjs-underscore
  liblerc4 liblsan0 libmpc3 libpython3-dev libpython3.12-dev libsframe1
  libsharpyuv0 libstdc++-13-dev libtiff6 libtsan2 libubsan1 libwebp7 libxpm4
  linux-libc-dev lto-disabled-list make manpages-dev pigz python3-dev
  python3-pip python3-wheel python3.12-dev rpcsvc-proto runc ubuntu-fan
  zlib1g-dev
The following packages will be upgraded:
  libc-bin libc6 linux-tools-common locales
4 upgraded, 91 newly installed, 0 to remove and 30 not upgraded.
Need to get 155 MB of archives.
After this operation, 558 MB of additional disk space will be used.
Get:1 http://us-east-1.ec2.ports.ubuntu.com/ubuntu-ports noble-updates/main arm64 libc6 arm64 2.39-0ubuntu8.8 [2775 kB]
Preconfiguring packages ...
Fetched 155 MB in 7s (21.4 MB/s)
Setting up javascript-common (11+nmu1) ...
Get:2 http://us-east-1.ec2.ports.ubuntu.com/ubuntu-ports noble-updates/main arm64 libc-bin arm64 2.39-0ubuntu8.8 [591 kB]
Get:3 http://us-east-1.ec2.ports.ubuntu.com/ubuntu-ports noble/universe arm64 pigz arm64 2.8-1 [60.7 kB]
Get:4 http://us-east-1.ec2.ports.ubuntu.com/ubuntu-ports noble-updates/main arm64 locales all 2.39-0ubuntu8.8 [4231 kB]
Get:33 http://us-east-1.ec2.ports.ubuntu.com/ubuntu-ports noble-updates/main arm64 libubsan1 arm64 14.2.0-4ubuntu2~24.04.1 [1157 kB]
Setting up libsharpyuv0:arm64 (1.3.2-0.4build3) ...
Get:34 http://us-east-1.ec2.ports.ubuntu.com/ubuntu-ports noble-updates/main arm64 libhwasan0 arm64 14.2.0-4ubuntu2~24.04.1 [1605 kB]
Setting up libaom3:arm64 (3.8.2-2ubuntu0.1) ...
Fetched 155 MB in 5s (28.9 MB/s)
(Reading database ... Setting up manpages-dev (6.7-2) ...
Setting up lto-disabled-list (47) ...
Get:35 http://us-east-1.ec2.ports.ubuntu.com/ubuntu-ports noble-updates/main arm64 libgcc-13-dev arm64 13.3.0-6ubuntu2~24.04.1 [2473 kB]
(Reading database ... 5%(Reading database ... 10%(Reading database ... 15%(Reading database ... 20%(Reading database ... 25%(Reading database ... 30%(Reading database ... 35%(Reading database ... 40%(Reading database ... 45%(Reading database ... 50%(Reading database ... 55%Setting up liblerc4:arm64 (4.0.0+ds-4ubuntu2) ...
Setting up linux-tools-common (6.8.0-136.136) ...
Setting up libalgorithm-diff-xs-perl:arm64 (0.04-8build3) ...
Get:5 http://us-east-1.ec2.ports.ubuntu.com/ubuntu-ports noble-updates/main arm64 binutils-common arm64 2.42-4ubuntu2.10 [240 kB]
Get:6 http://us-east-1.ec2.ports.ubuntu.com/ubuntu-ports noble-updates/main arm64 libsframe1 arm64 2.42-4ubuntu2.10 [15.4 kB]
Get:7 http://us-east-1.ec2.ports.ubuntu.com/ubuntu-ports noble-updates/main arm64 libbinutils arm64 2.42-4ubuntu2.10 [766 kB]
Setting up libxpm4:arm64 (1:3.5.17-1ubuntu0.24.04.1) ...
Setting up libfile-fcntllock-perl (0.22-4ubuntu5) ...
Setting up libalgorithm-diff-perl (1.201-1) ...
(Reading database ... Setting up libcc1-0:arm64 (14.2.0-4ubuntu2~24.04.1) ...
Setting up liblsan0:arm64 (14.2.0-4ubuntu2~24.04.1) ...
Get:36 http://us-east-1.ec2.ports.ubuntu.com/ubuntu-ports noble-updates/main arm64 gcc-13-aarch64-linux-gnu arm64 13.3.0-6ubuntu2~24.04.1 [18.7 MB]
Get:8 http://us-east-1.ec2.ports.ubuntu.com/ubuntu-ports noble-updates/main arm64 libctf-nobfd0 arm64 2.42-4ubuntu2.10 [101 kB]
Get:9 http://us-east-1.ec2.ports.ubuntu.com/ubuntu-ports noble-updates/main arm64 libctf0 arm64 2.42-4ubuntu2.10 [95.7 kB]
Get:10 http://us-east-1.ec2.ports.ubuntu.com/ubuntu-ports noble-updates/main arm64 libgprofng0 arm64 2.42-4ubuntu2.10 [776 kB]
Get:11 http://us-east-1.ec2.ports.ubuntu.com/ubuntu-ports noble-updates/main arm64 binutils-aarch64-linux-gnu arm64 2.42-4ubuntu2.10 [3304 kB]
(Reading database ... 5%(Reading database ... 10%(Reading database ... 15%(Reading database ... 20%(Reading database ... 25%(Reading database ... 30%(Reading database ... 35%(Reading database ... 40%(Reading database ... 45%(Reading database ... 50%(Reading database ... 55%Setting up libitm1:arm64 (14.2.0-4ubuntu2~24.04.1) ...
Setting up binutils-common:arm64 (2.42-4ubuntu2.10) ...
Setting up libjs-underscore (1.13.4~dfsg+~1.11.4-3) ...
Setting up libdeflate0:arm64 (1.19-1build1.1) ...
Setting up libalgorithm-merge-perl (0.08-5) ...
Setting up linux-libc-dev:arm64 (6.8.0-136.136) ...
Setting up libctf0:arm64 (2.42-4ubuntu2.10) ...
Get:12 http://us-east-1.ec2.ports.ubuntu.com/ubuntu-ports noble-updates/main arm64 binutils arm64 2.42-4ubuntu2.10 [18.1 kB]
Setting up libctf-nobfd0:arm64 (2.42-4ubuntu2.10) ...
Get:13 http://us-east-1.ec2.ports.ubuntu.com/ubuntu-ports noble/main arm64 bridge-utils arm64 1.7.1-1ubuntu2 [34.2 kB]
Get:14 http://us-east-1.ec2.ports.ubuntu.com/ubuntu-ports noble-updates/main arm64 libc-dev-bin arm64 2.39-0ubuntu8.8 [19.7 kB]
Get:15 http://us-east-1.ec2.ports.ubuntu.com/ubuntu-ports noble-updates/main arm64 linux-libc-dev arm64 6.8.0-136.136 [1550 kB]
Setting up libjpeg8:arm64 (8c-2ubuntu11) ...
Setting up dnsmasq-base (2.90-2ubuntu0.4) ...
Setting up ubuntu-fan (0.12.16+24.04.1) ...
Get:16 http://us-east-1.ec2.ports.ubuntu.com/ubuntu-ports noble/main arm64 libcrypt-dev arm64 1:4.4.36-4build1 [118 kB]
Get:17 http://us-east-1.ec2.ports.ubuntu.com/ubuntu-ports noble/main arm64 rpcsvc-proto arm64 1.4.2-0ubuntu7 [64.8 kB]
Get:18 http://us-east-1.ec2.ports.ubuntu.com/ubuntu-ports noble-updates/main arm64 libc6-dev arm64 2.39-0ubuntu8.8 [1596 kB]
(Reading database ... 60%Get:19 http://us-east-1.ec2.ports.ubuntu.com/ubuntu-ports noble-updates/main arm64 gcc-13-base arm64 13.3.0-6ubuntu2~24.04.1 [51.6 kB]
Get:20 http://us-east-1.ec2.ports.ubuntu.com/ubuntu-ports noble-updates/main arm64 libisl23 arm64 0.26-3build1.1 [669 kB]
Setting up libgomp1:arm64 (14.2.0-4ubuntu2~24.04.1) ...
Get:21 http://us-east-1.ec2.ports.ubuntu.com/ubuntu-ports noble-updates/main arm64 libmpc3 arm64 1.3.1-1build1.1 [56.4 kB]
Get:22 http://us-east-1.ec2.ports.ubuntu.com/ubuntu-ports noble-updates/main arm64 cpp-13-aarch64-linux-gnu arm64 13.3.0-6ubuntu2~24.04.1 [9560 kB]
Setting up bzip2 (1.0.8-5.1build0.1) ...
(Reading database ... 65%(Reading database ... 60%Setting up locales (2.39-0ubuntu8.8) ...
(Reading database ... 65%(Reading database ... 70%Created symlink /etc/systemd/system/multi-user.target.wants/ubuntu-fan.service → /usr/lib/systemd/system/ubuntu-fan.service.
(Reading database ... 75%(Reading database ... 70%(Reading database ... 80%(Reading database ... 75% done
Generation complete.
(Reading database ... 85%Setting up python3-wheel (0.42.0-2) ...
(Reading database ... 80%(Reading database ... 90%(Reading database ... 85%Setting up cpp-13-aarch64-linux-gnu (13.3.0-6ubuntu2~24.04.1) ...
(Reading database ... 95%(Reading database ... 90%(Reading database ... 100%(Reading database ... 74109 files and directories currently installed.)
Preparing to unpack .../libc6_2.39-0ubuntu8.8_arm64.deb ...
Setting up libjbig0:arm64 (2.1-6.1ubuntu2) ...
Get:23 http://us-east-1.ec2.ports.ubuntu.com/ubuntu-ports noble-updates/main arm64 cpp-13 arm64 13.3.0-6ubuntu2~24.04.1 [1038 B]
Get:24 http://us-east-1.ec2.ports.ubuntu.com/ubuntu-ports noble/main arm64 cpp-aarch64-linux-gnu arm64 4:13.2.0-7ubuntu1 [5316 B]
Get:25 http://us-east-1.ec2.ports.ubuntu.com/ubuntu-ports noble/main arm64 cpp arm64 4:13.2.0-7ubuntu1 [22.4 kB]
Setting up fontconfig-config (2.15.0-1.1ubuntu2) ...
Setting up libsframe1:arm64 (2.42-4ubuntu2.10) ...
Get:26 http://us-east-1.ec2.ports.ubuntu.com/ubuntu-ports noble-updates/main arm64 libcc1-0 arm64 14.2.0-4ubuntu2~24.04.1 [49.7 kB]
Get:27 http://us-east-1.ec2.ports.ubuntu.com/ubuntu-ports noble-updates/main arm64 libgomp1 arm64 14.2.0-4ubuntu2~24.04.1 [145 kB]
Get:28 http://us-east-1.ec2.ports.ubuntu.com/ubuntu-ports noble-updates/main arm64 libitm1 arm64 14.2.0-4ubuntu2~24.04.1 [28.2 kB]
Get:29 http://us-east-1.ec2.ports.ubuntu.com/ubuntu-ports noble-updates/main arm64 libatomic1 arm64 14.2.0-4ubuntu2~24.04.1 [11.6 kB]
Get:30 http://us-east-1.ec2.ports.ubuntu.com/ubuntu-ports noble-updates/main arm64 libasan8 arm64 14.2.0-4ubuntu2~24.04.1 [2928 kB]
Setting up libfakeroot:arm64 (1.33-1) ...
Setting up runc (1.3.4-0ubuntu1~24.04.1) ...
Generating locales (this might take a while)...
Setting up dns-root-data (2024071801~ubuntu0.24.04.1) ...
  en_US.UTF-8...Setting up fakeroot (1.33-1) ...
(Reading database ... 95%update-alternatives: using /usr/bin/fakeroot-sysv to provide /usr/bin/fakeroot (fakeroot) in auto mode
Setting up rpcsvc-proto (1.4.2-0ubuntu7) ...
Get:31 http://us-east-1.ec2.ports.ubuntu.com/ubuntu-ports noble-updates/main arm64 liblsan0 arm64 14.2.0-4ubuntu2~24.04.1 [1289 kB]
Setting up gcc-13-base:arm64 (13.3.0-6ubuntu2~24.04.1) ...
Get:32 http://us-east-1.ec2.ports.ubuntu.com/ubuntu-ports noble-updates/main arm64 libtsan2 arm64 14.2.0-4ubuntu2~24.04.1 [2697 kB]
Setting up make (4.3-4.1build2) ...
Setting up fonts-dejavu-mono (2.37-8) ...
Unpacking libc6:arm64 (2.39-0ubuntu8.8) over (2.39-0ubuntu8.7) ...
(Reading database ... 100%(Reading database ... 74109 files and directories currently installed.)
Preparing to unpack .../libc6_2.39-0ubuntu8.8_arm64.deb ...
Setting up docker.io (29.1.3-0ubuntu3~24.04.2) ...
Get:33 http://us-east-1.ec2.ports.ubuntu.com/ubuntu-ports noble-updates/main arm64 libubsan1 arm64 14.2.0-4ubuntu2~24.04.1 [1157 kB]
Setting up libmpc3:arm64 (1.3.1-1build1.1) ...
Get:34 http://us-east-1.ec2.ports.ubuntu.com/ubuntu-ports noble-updates/main arm64 libhwasan0 arm64 14.2.0-4ubuntu2~24.04.1 [1605 kB]
Get:35 http://us-east-1.ec2.ports.ubuntu.com/ubuntu-ports noble-updates/main arm64 libgcc-13-dev arm64 13.3.0-6ubuntu2~24.04.1 [2473 kB]
Setting up libatomic1:arm64 (14.2.0-4ubuntu2~24.04.1) ...
Setting up fonts-dejavu-core (2.37-8) ...
Get:36 http://us-east-1.ec2.ports.ubuntu.com/ubuntu-ports noble-updates/main arm64 gcc-13-aarch64-linux-gnu arm64 13.3.0-6ubuntu2~24.04.1 [18.7 MB]
info: Selecting GID from range 100 to 999 ...
info: Adding group `docker' (GID 112) ...
Setting up python3-pip (24.0+dfsg-1ubuntu1.3) ...
Unpacking libc6:arm64 (2.39-0ubuntu8.8) over (2.39-0ubuntu8.7) ...
Setting up libc6:arm64 (2.39-0ubuntu8.8) ...
Created symlink /etc/systemd/system/multi-user.target.wants/docker.service → /usr/lib/systemd/system/docker.service.
Setting up libc6:arm64 (2.39-0ubuntu8.8) ...
Created symlink /etc/systemd/system/sockets.target.wants/docker.socket → /usr/lib/systemd/system/docker.socket.
Fetched 37.7 MB in 4s (9358 kB/s)
Reading package lists...(Reading database ... (Reading database ... 5%(Reading database ... 10%(Reading database ... 15%(Reading database ... 20%(Reading database ... 25%(Reading database ... 30%(Reading database ... 35%(Reading database ... 40%(Reading database ... 45%(Reading database ... 50%(Reading database ... 55%(Reading database ... 60%(Reading database ... 65%Get:37 http://us-east-1.ec2.ports.ubuntu.com/ubuntu-ports noble-updates/main arm64 gcc-13 arm64 13.3.0-6ubuntu2~24.04.1 [484 kB]
Get:38 http://us-east-1.ec2.ports.ubuntu.com/ubuntu-ports noble/main arm64 gcc-aarch64-linux-gnu arm64 4:13.2.0-7ubuntu1 [1198 B]
Get:39 http://us-east-1.ec2.ports.ubuntu.com/ubuntu-ports noble/main arm64 gcc arm64 4:13.2.0-7ubuntu1 [5018 B]
Get:40 http://us-east-1.ec2.ports.ubuntu.com/ubuntu-ports noble-updates/main arm64 libstdc++-13-dev arm64 13.3.0-6ubuntu2~24.04.1 [2397 kB]
(Reading database ... 70%(Reading database ... 75%(Reading database ... 80%(Reading database ... 85%(Reading database ... 90%(Reading database ... 95%(Reading database ... 100%(Reading database ... 74109 files and directories currently installed.)
Preparing to unpack .../libc-bin_2.39-0ubuntu8.8_arm64.deb ...
Unpacking libc-bin (2.39-0ubuntu8.8) over (2.39-0ubuntu8.7) ...
Get:41 http://us-east-1.ec2.ports.ubuntu.com/ubuntu-ports noble-updates/main arm64 g++-13-aarch64-linux-gnu arm64 13.3.0-6ubuntu2~24.04.1 [10.9 MB]
(Reading database ... (Reading database ... 5%(Reading database ... 10%(Reading database ... 15%(Reading database ... 20%(Reading database ... 25%(Reading database ... 30%(Reading database ... 35%(Reading database ... 40%(Reading database ... 45%(Reading database ... 50%(Reading database ... 55%(Reading database ... 60%(Reading database ... 65%Setting up libc-bin (2.39-0ubuntu8.8) ...
Processing triggers for dbus (1.14.10-4ubuntu4.1) ...
Processing triggers for sgml-base (1.31) ...
(Reading database ... 70%(Reading database ... 75%(Reading database ... 80%(Reading database ... 85%(Reading database ... 90%(Reading database ... 95%(Reading database ... 100%(Reading database ... 74109 files and directories currently installed.)
Preparing to unpack .../libc-bin_2.39-0ubuntu8.8_arm64.deb ...
Unpacking libc-bin (2.39-0ubuntu8.8) over (2.39-0ubuntu8.7) ...
Setting up libfontconfig1:arm64 (2.15.0-1.1ubuntu2) ...
Selecting previously unselected package pigz.
(Reading database ... (Reading database ... 5%(Reading database ... 10%(Reading database ... 15%(Reading database ... 20%(Reading database ... 25%(Reading database ... 30%(Reading database ... 35%(Reading database ... 40%(Reading database ... 45%(Reading database ... 50%(Reading database ... 55%Setting up libgd3:arm64 (2.3.3-9ubuntu5) ...
Setting up cpp-aarch64-linux-gnu (4:13.2.0-7ubuntu1) ...
(Reading database ... 60%(Reading database ... 65%Setting up libc-devtools (2.39-0ubuntu8.8) ...
(Reading database ... 70%(Reading database ... 75%(Reading database ... 80%(Reading database ... 85%(Reading database ... 90%(Reading database ... 95%Setting up libgprofng0:arm64 (2.42-4ubuntu2.10) ...
Processing triggers for libc-bin (2.39-0ubuntu8.8) ...
Get:42 http://us-east-1.ec2.ports.ubuntu.com/ubuntu-ports noble-updates/main arm64 g++-13 arm64 13.3.0-6ubuntu2~24.04.1 [16.0 kB]
Get:43 http://us-east-1.ec2.ports.ubuntu.com/ubuntu-ports noble/main arm64 g++-aarch64-linux-gnu arm64 4:13.2.0-7ubuntu1 [962 B]
Get:44 http://us-east-1.ec2.ports.ubuntu.com/ubuntu-ports noble/main arm64 g++ arm64 4:13.2.0-7ubuntu1 [1082 B]
Get:45 http://us-east-1.ec2.ports.ubuntu.com/ubuntu-ports noble/main arm64 make arm64 4.3-4.1build2 [178 kB]
Get:46 http://us-east-1.ec2.ports.ubuntu.com/ubuntu-ports noble-updates/main arm64 libdpkg-perl all 1.22.6ubuntu6.6 [268 kB]
Get:47 http://us-east-1.ec2.ports.ubuntu.com/ubuntu-ports noble-updates/main arm64 bzip2 arm64 1.0.8-5.1build0.1 [34.0 kB]
Get:48 http://us-east-1.ec2.ports.ubuntu.com/ubuntu-ports noble/main arm64 lto-disabled-list all 47 [12.4 kB]
Get:49 http://us-east-1.ec2.ports.ubuntu.com/ubuntu-ports noble-updates/main arm64 dpkg-dev all 1.22.6ubuntu6.6 [1074 kB]
Setting up libc-bin (2.39-0ubuntu8.8) ...
Setting up libjs-sphinxdoc (7.2.6-6) ...
Get:50 http://us-east-1.ec2.ports.ubuntu.com/ubuntu-ports noble/main arm64 build-essential arm64 12.10ubuntu1 [4932 B]
Get:51 http://us-east-1.ec2.ports.ubuntu.com/ubuntu-ports noble-updates/main arm64 runc arm64 1.3.4-0ubuntu1~24.04.1 [8578 kB]
Setting up libgcc-13-dev:arm64 (13.3.0-6ubuntu2~24.04.1) ...
Setting up libtiff6:arm64 (4.5.1+git230720-4ubuntu2.5) ...
Setting up libc6-dev:arm64 (2.39-0ubuntu8.8) ...
(Reading database ... 100%(Reading database ... 74109 files and directories currently installed.)
Preparing to unpack .../00-pigz_2.8-1_arm64.deb ...
Unpacking pigz (2.8-1) ...
Preparing to unpack .../01-locales_2.39-0ubuntu8.8_all.deb ...
Unpacking locales (2.39-0ubuntu8.8) over (2.39-0ubuntu8.7) ...
Setting up libstdc++-13-dev:arm64 (13.3.0-6ubuntu2~24.04.1) ...
Setting up cpp-13 (13.3.0-6ubuntu2~24.04.1) ...
Setting up binutils-aarch64-linux-gnu (2.42-4ubuntu2.10) ...
Selecting previously unselected package pigz.
(Reading database ... (Reading database ... 5%(Reading database ... 10%(Reading database ... 15%(Reading database ... 20%(Reading database ... 25%(Reading database ... 30%(Reading database ... 35%(Reading database ... 40%(Reading database ... 45%(Reading database ... 50%(Reading database ... 55%(Reading database ... 60%(Reading database ... 65%(Reading database ... 70%(Reading database ... 75%(Reading database ... 80%(Reading database ... 85%(Reading database ... 90%(Reading database ... 95%Setting up binutils (2.42-4ubuntu2.10) ...
Get:52 http://us-east-1.ec2.ports.ubuntu.com/ubuntu-ports noble-updates/main arm64 containerd arm64 2.2.1-0ubuntu1~24.04.3 [25.2 MB]
Setting up gcc-13-aarch64-linux-gnu (13.3.0-6ubuntu2~24.04.1) ...
Setting up dpkg-dev (1.22.6ubuntu6.6) ...
Setting up libexpat1-dev:arm64 (2.6.1-2ubuntu0.4) ...
(Reading database ... 100%(Reading database ... 74109 files and directories currently installed.)
Preparing to unpack .../00-pigz_2.8-1_arm64.deb ...
Unpacking pigz (2.8-1) ...
Preparing to unpack .../01-locales_2.39-0ubuntu8.8_all.deb ...
Unpacking locales (2.39-0ubuntu8.8) over (2.39-0ubuntu8.7) ...
Setting up gcc-13 (13.3.0-6ubuntu2~24.04.1) ...
Setting up zlib1g-dev:arm64 (1:1.3.dfsg-3.1ubuntu2.1) ...
Setting up cpp (4:13.2.0-7ubuntu1) ...
Selecting previously unselected package binutils-common:arm64.
Preparing to unpack .../02-binutils-common_2.42-4ubuntu2.10_arm64.deb ...
Unpacking binutils-common:arm64 (2.42-4ubuntu2.10) ...
Setting up g++-13-aarch64-linux-gnu (13.3.0-6ubuntu2~24.04.1) ...
Setting up gcc-aarch64-linux-gnu (4:13.2.0-7ubuntu1) ...
Setting up g++-13 (13.3.0-6ubuntu2~24.04.1) ...
Selecting previously unselected package libsframe1:arm64.
Preparing to unpack .../03-libsframe1_2.42-4ubuntu2.10_arm64.deb ...
Unpacking libsframe1:arm64 (2.42-4ubuntu2.10) ...
Setting up libpython3.12-dev:arm64 (3.12.3-1ubuntu0.15) ...
Setting up gcc (4:13.2.0-7ubuntu1) ...
 done
Generation complete.
Selecting previously unselected package libbinutils:arm64.
Setting up python3.12-dev (3.12.3-1ubuntu0.15) ...
Preparing to unpack .../04-libbinutils_2.42-4ubuntu2.10_arm64.deb ...
Unpacking libbinutils:arm64 (2.42-4ubuntu2.10) ...
Setting up python3-wheel (0.42.0-2) ...
Selecting previously unselected package binutils-common:arm64.
Setting up g++-aarch64-linux-gnu (4:13.2.0-7ubuntu1) ...
Preparing to unpack .../02-binutils-common_2.42-4ubuntu2.10_arm64.deb ...
Get:53 http://us-east-1.ec2.ports.ubuntu.com/ubuntu-ports noble-updates/main arm64 dns-root-data all 2024071801~ubuntu0.24.04.1 [5918 B]
Get:54 http://us-east-1.ec2.ports.ubuntu.com/ubuntu-ports noble-updates/main arm64 dnsmasq-base arm64 2.90-2ubuntu0.4 [367 kB]
Unpacking binutils-common:arm64 (2.42-4ubuntu2.10) ...
Get:55 http://us-east-1.ec2.ports.ubuntu.com/ubuntu-ports noble-updates/universe arm64 docker.io arm64 29.1.3-0ubuntu3~24.04.2 [32.0 MB]
Setting up libpython3-dev:arm64 (3.12.3-0ubuntu2.1) ...
Setting up python3-dev (3.12.3-0ubuntu2.1) ...
Selecting previously unselected package libctf-nobfd0:arm64.
Preparing to unpack .../05-libctf-nobfd0_2.42-4ubuntu2.10_arm64.deb ...
Setting up g++ (4:13.2.0-7ubuntu1) ...
Selecting previously unselected package libsframe1:arm64.
Unpacking libctf-nobfd0:arm64 (2.42-4ubuntu2.10) ...
Preparing to unpack .../03-libsframe1_2.42-4ubuntu2.10_arm64.deb ...
update-alternatives: using /usr/bin/g++ to provide /usr/bin/c++ (c++) in auto mode
Unpacking libsframe1:arm64 (2.42-4ubuntu2.10) ...
Setting up build-essential (12.10ubuntu1) ...
Setting up libheif-plugin-aomdec:arm64 (1.17.6-1ubuntu4.6) ...
Selecting previously unselected package libctf0:arm64.
Setting up libjpeg-turbo8:arm64 (2.1.5-2ubuntu2) ...
Preparing to unpack .../06-libctf0_2.42-4ubuntu2.10_arm64.deb ...
Unpacking libctf0:arm64 (2.42-4ubuntu2.10) ...
Selecting previously unselected package libbinutils:arm64.
Setting up libheif1:arm64 (1.17.6-1ubuntu4.6) ...
Setting up bridge-utils (1.7.1-1ubuntu2) ...
Preparing to unpack .../04-libbinutils_2.42-4ubuntu2.10_arm64.deb ...
Unpacking libbinutils:arm64 (2.42-4ubuntu2.10) ...
Setting up libheif-plugin-aomenc:arm64 (1.17.6-1ubuntu4.6) ...
Processing triggers for libc-bin (2.39-0ubuntu8.8) ...
Selecting previously unselected package libgprofng0:arm64.
Preparing to unpack .../07-libgprofng0_2.42-4ubuntu2.10_arm64.deb ...
Unpacking libgprofng0:arm64 (2.42-4ubuntu2.10) ...
Setting up libjbig0:arm64 (2.1-6.1ubuntu2) ...
Processing triggers for man-db (2.12.0-4build2) ...
Selecting previously unselected package libctf-nobfd0:arm64.
Setting up libsframe1:arm64 (2.42-4ubuntu2.10) ...
Preparing to unpack .../05-libctf-nobfd0_2.42-4ubuntu2.10_arm64.deb ...
Unpacking libctf-nobfd0:arm64 (2.42-4ubuntu2.10) ...
Setting up libdpkg-perl (1.22.6ubuntu6.6) ...
Setting up libfakeroot:arm64 (1.33-1) ...
Setting up libwebp7:arm64 (1.3.2-0.4build3) ...
Selecting previously unselected package binutils-aarch64-linux-gnu.
Setting up libubsan1:arm64 (14.2.0-4ubuntu2~24.04.1) ...
Preparing to unpack .../08-binutils-aarch64-linux-gnu_2.42-4ubuntu2.10_arm64.deb ...

Setting up runc (1.3.4-0ubuntu1~24.04.1) ...
Setting up libhwasan0:arm64 (14.2.0-4ubuntu2~24.04.1) ...
Unpacking binutils-aarch64-linux-gnu (2.42-4ubuntu2.10) ...

Running kernel seems to be up-to-date.

Restarting services...
Setting up pigz (2.8-1) ...
Setting up libcrypt-dev:arm64 (1:4.4.36-4build1) ...
Setting up libasan8:arm64 (14.2.0-4ubuntu2~24.04.1) ...
Setting up libtsan2:arm64 (14.2.0-4ubuntu2~24.04.1) ...
Setting up libjs-jquery (3.6.1+dfsg+~3.5.14-1) ...
Setting up dns-root-data (2024071801~ubuntu0.24.04.1) ...
Setting up fakeroot (1.33-1) ...
update-alternatives: using /usr/bin/fakeroot-sysv to provide /usr/bin/fakeroot (fakeroot) in auto mode
Selecting previously unselected package libctf0:arm64.
Preparing to unpack .../06-libctf0_2.42-4ubuntu2.10_arm64.deb ...
Unpacking libctf0:arm64 (2.42-4ubuntu2.10) ...
Selecting previously unselected package libgprofng0:arm64.
Preparing to unpack .../07-libgprofng0_2.42-4ubuntu2.10_arm64.deb ...
Unpacking libgprofng0:arm64 (2.42-4ubuntu2.10) ...
Reading package lists...
Building dependency tree...Setting up rpcsvc-proto (1.4.2-0ubuntu7) ...
Get:56 http://us-east-1.ec2.ports.ubuntu.com/ubuntu-ports noble/main arm64 libfakeroot arm64 1.33-1 [32.5 kB]
Get:57 http://us-east-1.ec2.ports.ubuntu.com/ubuntu-ports noble/main arm64 fakeroot arm64 1.33-1 [66.9 kB]
Get:58 http://us-east-1.ec2.ports.ubuntu.com/ubuntu-ports noble/main arm64 fonts-dejavu-mono all 2.37-8 [502 kB]
Setting up libbinutils:arm64 (2.42-4ubuntu2.10) ...
Get:59 http://us-east-1.ec2.ports.ubuntu.com/ubuntu-ports noble/main arm64 fonts-dejavu-core all 2.37-8 [835 kB]
Setting up gcc-13-base:arm64 (13.3.0-6ubuntu2~24.04.1) ...
Get:60 http://us-east-1.ec2.ports.ubuntu.com/ubuntu-ports noble/main arm64 fontconfig-config arm64 2.15.0-1.1ubuntu2 [37.4 kB]
Get:61 http://us-east-1.ec2.ports.ubuntu.com/ubuntu-ports noble/main arm64 javascript-common all 11+nmu1 [5936 B]
Get:62 http://us-east-1.ec2.ports.ubuntu.com/ubuntu-ports noble/main arm64 libalgorithm-diff-perl all 1.201-1 [41.8 kB]
Get:63 http://us-east-1.ec2.ports.ubuntu.com/ubuntu-ports noble/main arm64 libalgorithm-diff-xs-perl arm64 0.04-8build3 [10.9 kB]
Get:64 http://us-east-1.ec2.ports.ubuntu.com/ubuntu-ports noble/main arm64 libalgorithm-merge-perl all 0.08-5 [11.4 kB]
Get:65 http://us-east-1.ec2.ports.ubuntu.com/ubuntu-ports noble-updates/main arm64 libaom3 arm64 3.8.2-2ubuntu0.1 [1617 kB]
Setting up libisl23:arm64 (0.26-3build1.1) ...
Setting up make (4.3-4.1build2) ...
Selecting previously unselected package binutils-aarch64-linux-gnu.
Get:66 http://us-east-1.ec2.ports.ubuntu.com/ubuntu-ports noble/main arm64 libfontconfig1 arm64 2.15.0-1.1ubuntu2 [142 kB]
Get:67 http://us-east-1.ec2.ports.ubuntu.com/ubuntu-ports noble/main arm64 libsharpyuv0 arm64 1.3.2-0.4build3 [14.5 kB]
Get:68 http://us-east-1.ec2.ports.ubuntu.com/ubuntu-ports noble-updates/main arm64 libheif-plugin-aomdec arm64 1.17.6-1ubuntu4.6 [11.1 kB]
Get:69 http://us-east-1.ec2.ports.ubuntu.com/ubuntu-ports noble-updates/main arm64 libheif1 arm64 1.17.6-1ubuntu4.6 [260 kB]
Preparing to unpack .../08-binutils-aarch64-linux-gnu_2.42-4ubuntu2.10_arm64.deb ...
Get:70 http://us-east-1.ec2.ports.ubuntu.com/ubuntu-ports noble/main arm64 libjpeg-turbo8 arm64 2.1.5-2ubuntu2 [163 kB]
Get:71 http://us-east-1.ec2.ports.ubuntu.com/ubuntu-ports noble/main arm64 libjpeg8 arm64 8c-2ubuntu11 [2148 B]
Get:72 http://us-east-1.ec2.ports.ubuntu.com/ubuntu-ports noble-updates/main arm64 libdeflate0 arm64 1.19-1build1.1 [43.5 kB]
Get:73 http://us-east-1.ec2.ports.ubuntu.com/ubuntu-ports noble/main arm64 libjbig0 arm64 2.1-6.1ubuntu2 [29.3 kB]
Get:74 http://us-east-1.ec2.ports.ubuntu.com/ubuntu-ports noble/main arm64 liblerc4 arm64 4.0.0+ds-4ubuntu2 [154 kB]
Get:75 http://us-east-1.ec2.ports.ubuntu.com/ubuntu-ports noble/main arm64 libwebp7 arm64 1.3.2-0.4build3 [191 kB]
Unpacking binutils-aarch64-linux-gnu (2.42-4ubuntu2.10) ...
Selecting previously unselected package binutils.
Setting up fonts-dejavu-mono (2.37-8) ...
Setting up libc-dev-bin (2.39-0ubuntu8.8) ...
Preparing to unpack .../09-binutils_2.42-4ubuntu2.10_arm64.deb ...
Unpacking binutils (2.42-4ubuntu2.10) ...
Setting up containerd (2.2.1-0ubuntu1~24.04.3) ...
 systemctl restart acpid.service chrony.service cron.service irqbalance.service multipathd.service packagekit.service polkit.service rsyslog.service ssh.service systemd-journald.service systemd-networkd.service systemd-resolved.service systemd-udevd.service udisks2.service
Get:76 http://us-east-1.ec2.ports.ubuntu.com/ubuntu-ports noble-updates/main arm64 libtiff6 arm64 4.5.1+git230720-4ubuntu2.5 [192 kB]
Get:77 http://us-east-1.ec2.ports.ubuntu.com/ubuntu-ports noble-updates/main arm64 libxpm4 arm64 1:3.5.17-1ubuntu0.24.04.1 [35.3 kB]
Get:78 http://us-east-1.ec2.ports.ubuntu.com/ubuntu-ports noble/main arm64 libgd3 arm64 2.3.3-9ubuntu5 [122 kB]
Get:79 http://us-east-1.ec2.ports.ubuntu.com/ubuntu-ports noble-updates/main arm64 libc-devtools arm64 2.39-0ubuntu8.8 [27.8 kB]
Get:80 http://us-east-1.ec2.ports.ubuntu.com/ubuntu-ports noble-updates/main arm64 libexpat1-dev arm64 2.6.1-2ubuntu0.4 [128 kB]
Get:81 http://us-east-1.ec2.ports.ubuntu.com/ubuntu-ports noble/main arm64 libfile-fcntllock-perl arm64 0.22-4ubuntu5 [30.6 kB]
Get:82 http://us-east-1.ec2.ports.ubuntu.com/ubuntu-ports noble-updates/main arm64 libheif-plugin-aomenc arm64 1.17.6-1ubuntu4.6 [13.7 kB]
Get:83 http://us-east-1.ec2.ports.ubuntu.com/ubuntu-ports noble/main arm64 libjs-jquery all 3.6.1+dfsg+~3.5.14-1 [328 kB]
Get:84 http://us-east-1.ec2.ports.ubuntu.com/ubuntu-ports noble/main arm64 libjs-underscore all 1.13.4~dfsg+~1.11.4-3 [118 kB]
Get:85 http://us-east-1.ec2.ports.ubuntu.com/ubuntu-ports noble/main arm64 libjs-sphinxdoc all 7.2.6-6 [149 kB]
Get:86 http://us-east-1.ec2.ports.ubuntu.com/ubuntu-ports noble-updates/main arm64 zlib1g-dev arm64 1:1.3.dfsg-3.1ubuntu2.1 [894 kB]
Get:87 http://us-east-1.ec2.ports.ubuntu.com/ubuntu-ports noble-updates/main arm64 libpython3.12-dev arm64 3.12.3-1ubuntu0.15 [5538 kB]
Setting up libmpc3:arm64 (1.3.1-1build1.1) ...
Selecting previously unselected package bridge-utils.
Setting up libatomic1:arm64 (14.2.0-4ubuntu2~24.04.1) ...
Preparing to unpack .../10-bridge-utils_1.7.1-1ubuntu2_arm64.deb ...
Unpacking bridge-utils (1.7.1-1ubuntu2) ...
Setting up fonts-dejavu-core (2.37-8) ...
Get:88 http://us-east-1.ec2.ports.ubuntu.com/ubuntu-ports noble-updates/main arm64 libpython3-dev arm64 3.12.3-0ubuntu2.1 [10.4 kB]
Get:89 http://us-east-1.ec2.ports.ubuntu.com/ubuntu-ports noble-updates/main arm64 linux-tools-common all 6.8.0-136.136 [416 kB]
Get:90 http://us-east-1.ec2.ports.ubuntu.com/ubuntu-ports noble/main arm64 manpages-dev all 6.7-2 [2013 kB]
Get:91 http://us-east-1.ec2.ports.ubuntu.com/ubuntu-ports noble-updates/main arm64 python3.12-dev arm64 3.12.3-1ubuntu0.15 [498 kB]
Get:92 http://us-east-1.ec2.ports.ubuntu.com/ubuntu-ports noble-updates/main arm64 python3-dev arm64 3.12.3-0ubuntu2.1 [26.7 kB]
Selecting previously unselected package libc-dev-bin.
Get:93 http://us-east-1.ec2.ports.ubuntu.com/ubuntu-ports noble/universe arm64 python3-wheel all 0.42.0-2 [53.1 kB]
Get:94 http://us-east-1.ec2.ports.ubuntu.com/ubuntu-ports noble-updates/universe arm64 python3-pip all 24.0+dfsg-1ubuntu1.3 [1320 kB]
Preparing to unpack .../11-libc-dev-bin_2.39-0ubuntu8.8_arm64.deb ...
Unpacking libc-dev-bin (2.39-0ubuntu8.8) ...
Get:95 http://us-east-1.ec2.ports.ubuntu.com/ubuntu-ports noble-updates/universe arm64 ubuntu-fan all 0.12.16+24.04.1 [34.2 kB]
Selecting previously unselected package binutils.
Preparing to unpack .../09-binutils_2.42-4ubuntu2.10_arm64.deb ...
Unpacking binutils (2.42-4ubuntu2.10) ...
Selecting previously unselected package linux-libc-dev:arm64.
Setting up python3-pip (24.0+dfsg-1ubuntu1.3) ...
Created symlink /etc/systemd/system/multi-user.target.wants/containerd.service → /usr/lib/systemd/system/containerd.service.
Preparing to unpack .../12-linux-libc-dev_6.8.0-136.136_arm64.deb ...
Unpacking linux-libc-dev:arm64 (6.8.0-136.136) ...

Reading state information...
Selecting previously unselected package bridge-utils.
Preparing to unpack .../10-bridge-utils_1.7.1-1ubuntu2_arm64.deb ...
Unpacking bridge-utils (1.7.1-1ubuntu2) ...
Selecting previously unselected package libc-dev-bin.
Preparing to unpack .../11-libc-dev-bin_2.39-0ubuntu8.8_arm64.deb ...
Unpacking libc-dev-bin (2.39-0ubuntu8.8) ...
Selecting previously unselected package linux-libc-dev:arm64.
Preparing to unpack .../12-linux-libc-dev_6.8.0-136.136_arm64.deb ...
Unpacking linux-libc-dev:arm64 (6.8.0-136.136) ...
Selecting previously unselected package libcrypt-dev:arm64.
Preparing to unpack .../13-libcrypt-dev_1%3a4.4.36-4build1_arm64.deb ...
Unpacking libcrypt-dev:arm64 (1:4.4.36-4build1) ...
Selecting previously unselected package rpcsvc-proto.
Preparing to unpack .../14-rpcsvc-proto_1.4.2-0ubuntu7_arm64.deb ...
Unpacking rpcsvc-proto (1.4.2-0ubuntu7) ...
Selecting previously unselected package libcrypt-dev:arm64.
Preparing to unpack .../13-libcrypt-dev_1%3a4.4.36-4build1_arm64.deb ...
Unpacking libcrypt-dev:arm64 (1:4.4.36-4build1) ...
Selecting previously unselected package rpcsvc-proto.
Preparing to unpack .../14-rpcsvc-proto_1.4.2-0ubuntu7_arm64.deb ...
Unpacking rpcsvc-proto (1.4.2-0ubuntu7) ...
Selecting previously unselected package libc6-dev:arm64.
Preparing to unpack .../15-libc6-dev_2.39-0ubuntu8.8_arm64.deb ...
curl is already the newest version (8.5.0-2ubuntu10.11).
curl set to manually installed.
ca-certificates is already the newest version (20260601~24.04.1).
ca-certificates set to manually installed.
jq is already the newest version (1.7.1-3ubuntu0.24.04.2).
jq set to manually installed.
git is already the newest version (1:2.43.0-1ubuntu7.3).
git set to manually installed.
The following additional packages will be installed:
  binutils binutils-aarch64-linux-gnu binutils-common bridge-utils bzip2
  containerd cpp cpp-13 cpp-13-aarch64-linux-gnu cpp-aarch64-linux-gnu
  dns-root-data dnsmasq-base dpkg-dev fakeroot fontconfig-config
  fonts-dejavu-core fonts-dejavu-mono g++ g++-13 g++-13-aarch64-linux-gnu
  g++-aarch64-linux-gnu gcc gcc-13 gcc-13-aarch64-linux-gnu gcc-13-base
  gcc-aarch64-linux-gnu javascript-common libalgorithm-diff-perl
  libalgorithm-diff-xs-perl libalgorithm-merge-perl libaom3 libasan8
  libatomic1 libbinutils libc-bin libc-dev-bin libc-devtools libc6 libc6-dev
  libcc1-0 libcrypt-dev libctf-nobfd0 libctf0 libdeflate0 libdpkg-perl
  libexpat1-dev libfakeroot libfile-fcntllock-perl libfontconfig1
Setting up linux-tools-common (6.8.0-136.136) ...
Setting up libalgorithm-diff-xs-perl:arm64 (0.04-8build3) ...
Setting up libcc1-0:arm64 (14.2.0-4ubuntu2~24.04.1) ...
Setting up liblsan0:arm64 (14.2.0-4ubuntu2~24.04.1) ...
Setting up libitm1:arm64 (14.2.0-4ubuntu2~24.04.1) ...
Selecting previously unselected package libc6-dev:arm64.
Preparing to unpack .../15-libc6-dev_2.39-0ubuntu8.8_arm64.deb ...
Unpacking libc6-dev:arm64 (2.39-0ubuntu8.8) ...

Service restarts being deferred:
 systemctl restart ModemManager.service
 /etc/needrestart/restart.d/dbus.service
 systemctl restart getty@tty1.service
 systemctl restart networkd-dispatcher.service
 systemctl restart serial-getty@ttyS0.service
 systemctl restart systemd-logind.service
 systemctl restart unattended-upgrades.service

No containers need to be restarted.

User sessions running outdated binaries:
 ubuntu @ session #3: sshd[1438,1519]
 ubuntu @ user manager service: systemd[1329]

No VM guests are running outdated hypervisor (qemu) binaries on this host.
Unpacking libc6-dev:arm64 (2.39-0ubuntu8.8) ...
Setting up libjs-underscore (1.13.4~dfsg+~1.11.4-3) ...
Setting up libalgorithm-merge-perl (0.08-5) ...
Setting up libctf0:arm64 (2.42-4ubuntu2.10) ...
Selecting previously unselected package gcc-13-base:arm64.
Preparing to unpack .../16-gcc-13-base_13.3.0-6ubuntu2~24.04.1_arm64.deb ...
Setting up libjpeg8:arm64 (8c-2ubuntu11) ...
Unpacking gcc-13-base:arm64 (13.3.0-6ubuntu2~24.04.1) ...
Setting up ubuntu-fan (0.12.16+24.04.1) ...
  libgcc-13-dev libgd3 libgomp1 libgprofng0 libheif-plugin-aomdec
  libheif-plugin-aomenc libheif1 libhwasan0 libisl23 libitm1 libjbig0
  libjpeg-turbo8 libjpeg8 libjs-jquery libjs-sphinxdoc libjs-underscore
  liblerc4 liblsan0 libmpc3 libpython3-dev libpython3.12-dev libsframe1
  libsharpyuv0 libstdc++-13-dev libtiff6 libtsan2 libubsan1 libwebp7 libxpm4
  linux-libc-dev linux-tools-common locales lto-disabled-list make
  manpages-dev pigz python3-dev python3-wheel python3.12-dev rpcsvc-proto runc
  ubuntu-fan zlib1g-dev
Suggested packages:
  binutils-doc gprofng-gui ifupdown bzip2-doc cpp-doc gcc-13-locales
  cpp-13-doc aufs-tools cgroupfs-mount | cgroup-lite debootstrap docker-buildx
  docker-compose-v2 docker-doc rinse zfs-fuse | zfsutils debian-keyring
  gcc-13-doc gcc-multilib autoconf automake libtool flex bison gdb gcc-doc
  gdb-aarch64-linux-gnu apache2 | lighttpd | httpd glibc-doc libnss-nis
  libnss-nisplus bzr libgd-tools libheif-plugin-libde265 libheif-plugin-x265
  libheif-plugin-ffmpegdec libheif-plugin-jpegdec libheif-plugin-jpegenc
  libheif-plugin-j2kdec libheif-plugin-j2kenc libheif-plugin-rav1e
  libheif-plugin-svtenc libstdc++-13-doc make-doc
The following NEW packages will be installed:
  binutils binutils-aarch64-linux-gnu binutils-common bridge-utils
  build-essential bzip2 containerd cpp cpp-13 cpp-13-aarch64-linux-gnu
  cpp-aarch64-linux-gnu dns-root-data dnsmasq-base docker.io dpkg-dev fakeroot
  fontconfig-config fonts-dejavu-core fonts-dejavu-mono g++ g++-13
  g++-13-aarch64-linux-gnu g++-aarch64-linux-gnu gcc gcc-13
  gcc-13-aarch64-linux-gnu gcc-13-base gcc-aarch64-linux-gnu javascript-common
  libalgorithm-diff-perl libalgorithm-diff-xs-perl libalgorithm-merge-perl
  libaom3 libasan8 libatomic1 libbinutils libc-dev-bin libc-devtools libc6-dev
  libcc1-0 libcrypt-dev libctf-nobfd0 libctf0 libdeflate0 libdpkg-perl
  libexpat1-dev libfakeroot libfile-fcntllock-perl libfontconfig1
  libgcc-13-dev libgd3 libgomp1 libgprofng0 libheif-plugin-aomdec
  libheif-plugin-aomenc libheif1 libhwasan0 libisl23 libitm1 libjbig0
  libjpeg-turbo8 libjpeg8 libjs-jquery libjs-sphinxdoc libjs-underscore
  liblerc4 liblsan0 libmpc3 libpython3-dev libpython3.12-dev libsframe1
  libsharpyuv0 libstdc++-13-dev libtiff6 libtsan2 libubsan1 libwebp7 libxpm4
  linux-libc-dev lto-disabled-list make manpages-dev pigz python3-dev
  python3-pip python3-wheel python3.12-dev rpcsvc-proto runc ubuntu-fan
  zlib1g-dev
The following packages will be upgraded:
  libc-bin libc6 linux-tools-common locales
4 upgraded, 91 newly installed, 0 to remove and 30 not upgraded.
Need to get 155 MB of archives.
After this operation, 558 MB of additional disk space will be used.
Get:1 http://us-east-1.ec2.ports.ubuntu.com/ubuntu-ports noble-updates/main arm64 libc6 arm64 2.39-0ubuntu8.8 [2775 kB]
Selecting previously unselected package libisl23:arm64.
Preparing to unpack .../17-libisl23_0.26-3build1.1_arm64.deb ...
Unpacking libisl23:arm64 (0.26-3build1.1) ...
Selecting previously unselected package gcc-13-base:arm64.
Preparing to unpack .../16-gcc-13-base_13.3.0-6ubuntu2~24.04.1_arm64.deb ...
Unpacking gcc-13-base:arm64 (13.3.0-6ubuntu2~24.04.1) ...
Selecting previously unselected package libmpc3:arm64.
Selecting previously unselected package libisl23:arm64.
Preparing to unpack .../17-libisl23_0.26-3build1.1_arm64.deb ...
Preparing to unpack .../18-libmpc3_1.3.1-1build1.1_arm64.deb ...
Unpacking libmpc3:arm64 (1.3.1-1build1.1) ...
Unpacking libisl23:arm64 (0.26-3build1.1) ...
Selecting previously unselected package cpp-13-aarch64-linux-gnu.
Preparing to unpack .../19-cpp-13-aarch64-linux-gnu_13.3.0-6ubuntu2~24.04.1_arm64.deb ...
Preconfiguring packages ...
Unpacking cpp-13-aarch64-linux-gnu (13.3.0-6ubuntu2~24.04.1) ...
Selecting previously unselected package libmpc3:arm64.
Created symlink /etc/systemd/system/multi-user.target.wants/ubuntu-fan.service → /usr/lib/systemd/system/ubuntu-fan.service.
Preparing to unpack .../18-libmpc3_1.3.1-1build1.1_arm64.deb ...
Unpacking libmpc3:arm64 (1.3.1-1build1.1) ...
Selecting previously unselected package cpp-13-aarch64-linux-gnu.
Preparing to unpack .../19-cpp-13-aarch64-linux-gnu_13.3.0-6ubuntu2~24.04.1_arm64.deb ...
Unpacking cpp-13-aarch64-linux-gnu (13.3.0-6ubuntu2~24.04.1) ...
Fetched 155 MB in 2s (64.1 MB/s)
Get:2 http://us-east-1.ec2.ports.ubuntu.com/ubuntu-ports noble-updates/main arm64 libc-bin arm64 2.39-0ubuntu8.8 [591 kB]
Get:3 http://us-east-1.ec2.ports.ubuntu.com/ubuntu-ports noble/universe arm64 pigz arm64 2.8-1 [60.7 kB]
Get:4 http://us-east-1.ec2.ports.ubuntu.com/ubuntu-ports noble-updates/main arm64 locales all 2.39-0ubuntu8.8 [4231 kB]
(Reading database ... (Reading database ... 5%(Reading database ... 10%(Reading database ... 15%(Reading database ... 20%(Reading database ... 25%(Reading database ... 30%(Reading database ... 35%(Reading database ... 40%(Reading database ... 45%(Reading database ... 50%(Reading database ... 55%Get:37 http://us-east-1.ec2.ports.ubuntu.com/ubuntu-ports noble-updates/main arm64 gcc-13 arm64 13.3.0-6ubuntu2~24.04.1 [484 kB]
Get:38 http://us-east-1.ec2.ports.ubuntu.com/ubuntu-ports noble/main arm64 gcc-aarch64-linux-gnu arm64 4:13.2.0-7ubuntu1 [1198 B]
Get:39 http://us-east-1.ec2.ports.ubuntu.com/ubuntu-ports noble/main arm64 gcc arm64 4:13.2.0-7ubuntu1 [5018 B]
Get:40 http://us-east-1.ec2.ports.ubuntu.com/ubuntu-ports noble-updates/main arm64 libstdc++-13-dev arm64 13.3.0-6ubuntu2~24.04.1 [2397 kB]
Selecting previously unselected package cpp-13.
Preparing to unpack .../20-cpp-13_13.3.0-6ubuntu2~24.04.1_arm64.deb ...
Get:5 http://us-east-1.ec2.ports.ubuntu.com/ubuntu-ports noble-updates/main arm64 binutils-common arm64 2.42-4ubuntu2.10 [240 kB]
Unpacking cpp-13 (13.3.0-6ubuntu2~24.04.1) ...
Get:6 http://us-east-1.ec2.ports.ubuntu.com/ubuntu-ports noble-updates/main arm64 libsframe1 arm64 2.42-4ubuntu2.10 [15.4 kB]
Get:7 http://us-east-1.ec2.ports.ubuntu.com/ubuntu-ports noble-updates/main arm64 libbinutils arm64 2.42-4ubuntu2.10 [766 kB]
Get:41 http://us-east-1.ec2.ports.ubuntu.com/ubuntu-ports noble-updates/main arm64 g++-13-aarch64-linux-gnu arm64 13.3.0-6ubuntu2~24.04.1 [10.9 MB]
Get:8 http://us-east-1.ec2.ports.ubuntu.com/ubuntu-ports noble-updates/main arm64 libctf-nobfd0 arm64 2.42-4ubuntu2.10 [101 kB]
Selecting previously unselected package cpp-aarch64-linux-gnu.
Get:9 http://us-east-1.ec2.ports.ubuntu.com/ubuntu-ports noble-updates/main arm64 libctf0 arm64 2.42-4ubuntu2.10 [95.7 kB]
Get:10 http://us-east-1.ec2.ports.ubuntu.com/ubuntu-ports noble-updates/main arm64 libgprofng0 arm64 2.42-4ubuntu2.10 [776 kB]
Preparing to unpack .../21-cpp-aarch64-linux-gnu_4%3a13.2.0-7ubuntu1_arm64.deb ...
Get:11 http://us-east-1.ec2.ports.ubuntu.com/ubuntu-ports noble-updates/main arm64 binutils-aarch64-linux-gnu arm64 2.42-4ubuntu2.10 [3304 kB]
Unpacking cpp-aarch64-linux-gnu (4:13.2.0-7ubuntu1) ...
Selecting previously unselected package cpp-13.
Preparing to unpack .../20-cpp-13_13.3.0-6ubuntu2~24.04.1_arm64.deb ...
Unpacking cpp-13 (13.3.0-6ubuntu2~24.04.1) ...
Selecting previously unselected package cpp-aarch64-linux-gnu.
Preparing to unpack .../21-cpp-aarch64-linux-gnu_4%3a13.2.0-7ubuntu1_arm64.deb ...
Unpacking cpp-aarch64-linux-gnu (4:13.2.0-7ubuntu1) ...
Selecting previously unselected package cpp.
Preparing to unpack .../22-cpp_4%3a13.2.0-7ubuntu1_arm64.deb ...
Unpacking cpp (4:13.2.0-7ubuntu1) ...
Setting up cpp-13-aarch64-linux-gnu (13.3.0-6ubuntu2~24.04.1) ...
Setting up fontconfig-config (2.15.0-1.1ubuntu2) ...
Get:42 http://us-east-1.ec2.ports.ubuntu.com/ubuntu-ports noble-updates/main arm64 g++-13 arm64 13.3.0-6ubuntu2~24.04.1 [16.0 kB]
Get:43 http://us-east-1.ec2.ports.ubuntu.com/ubuntu-ports noble/main arm64 g++-aarch64-linux-gnu arm64 4:13.2.0-7ubuntu1 [962 B]
Get:44 http://us-east-1.ec2.ports.ubuntu.com/ubuntu-ports noble/main arm64 g++ arm64 4:13.2.0-7ubuntu1 [1082 B]
Get:45 http://us-east-1.ec2.ports.ubuntu.com/ubuntu-ports noble/main arm64 make arm64 4.3-4.1build2 [178 kB]
Get:46 http://us-east-1.ec2.ports.ubuntu.com/ubuntu-ports noble-updates/main arm64 libdpkg-perl all 1.22.6ubuntu6.6 [268 kB]
Get:47 http://us-east-1.ec2.ports.ubuntu.com/ubuntu-ports noble-updates/main arm64 bzip2 arm64 1.0.8-5.1build0.1 [34.0 kB]
Get:48 http://us-east-1.ec2.ports.ubuntu.com/ubuntu-ports noble/main arm64 lto-disabled-list all 47 [12.4 kB]
Get:49 http://us-east-1.ec2.ports.ubuntu.com/ubuntu-ports noble-updates/main arm64 dpkg-dev all 1.22.6ubuntu6.6 [1074 kB]
Get:50 http://us-east-1.ec2.ports.ubuntu.com/ubuntu-ports noble/main arm64 build-essential arm64 12.10ubuntu1 [4932 B]
Get:51 http://us-east-1.ec2.ports.ubuntu.com/ubuntu-ports noble-updates/main arm64 runc arm64 1.3.4-0ubuntu1~24.04.1 [8578 kB]
Selecting previously unselected package cpp.
Preparing to unpack .../22-cpp_4%3a13.2.0-7ubuntu1_arm64.deb ...
Unpacking cpp (4:13.2.0-7ubuntu1) ...
(Reading database ... 60%Get:12 http://us-east-1.ec2.ports.ubuntu.com/ubuntu-ports noble-updates/main arm64 binutils arm64 2.42-4ubuntu2.10 [18.1 kB]
Get:13 http://us-east-1.ec2.ports.ubuntu.com/ubuntu-ports noble/main arm64 bridge-utils arm64 1.7.1-1ubuntu2 [34.2 kB]
Get:14 http://us-east-1.ec2.ports.ubuntu.com/ubuntu-ports noble-updates/main arm64 libc-dev-bin arm64 2.39-0ubuntu8.8 [19.7 kB]
Get:15 http://us-east-1.ec2.ports.ubuntu.com/ubuntu-ports noble-updates/main arm64 linux-libc-dev arm64 6.8.0-136.136 [1550 kB]
Selecting previously unselected package libcc1-0:arm64.
Preparing to unpack .../23-libcc1-0_14.2.0-4ubuntu2~24.04.1_arm64.deb ...
Unpacking libcc1-0:arm64 (14.2.0-4ubuntu2~24.04.1) ...
(Reading database ... 65%Get:16 http://us-east-1.ec2.ports.ubuntu.com/ubuntu-ports noble/main arm64 libcrypt-dev arm64 1:4.4.36-4build1 [118 kB]
Get:17 http://us-east-1.ec2.ports.ubuntu.com/ubuntu-ports noble/main arm64 rpcsvc-proto arm64 1.4.2-0ubuntu7 [64.8 kB]
Get:18 http://us-east-1.ec2.ports.ubuntu.com/ubuntu-ports noble-updates/main arm64 libc6-dev arm64 2.39-0ubuntu8.8 [1596 kB]
Selecting previously unselected package libgomp1:arm64.
Preparing to unpack .../24-libgomp1_14.2.0-4ubuntu2~24.04.1_arm64.deb ...
Unpacking libgomp1:arm64 (14.2.0-4ubuntu2~24.04.1) ...
Selecting previously unselected package libcc1-0:arm64.
Get:19 http://us-east-1.ec2.ports.ubuntu.com/ubuntu-ports noble-updates/main arm64 gcc-13-base arm64 13.3.0-6ubuntu2~24.04.1 [51.6 kB]
Get:20 http://us-east-1.ec2.ports.ubuntu.com/ubuntu-ports noble-updates/main arm64 libisl23 arm64 0.26-3build1.1 [669 kB]
Preparing to unpack .../23-libcc1-0_14.2.0-4ubuntu2~24.04.1_arm64.deb ...
Get:21 http://us-east-1.ec2.ports.ubuntu.com/ubuntu-ports noble-updates/main arm64 libmpc3 arm64 1.3.1-1build1.1 [56.4 kB]
Unpacking libcc1-0:arm64 (14.2.0-4ubuntu2~24.04.1) ...
Get:22 http://us-east-1.ec2.ports.ubuntu.com/ubuntu-ports noble-updates/main arm64 cpp-13-aarch64-linux-gnu arm64 13.3.0-6ubuntu2~24.04.1 [9560 kB]
(Reading database ... 70%Get:52 http://us-east-1.ec2.ports.ubuntu.com/ubuntu-ports noble-updates/main arm64 containerd arm64 2.2.1-0ubuntu1~24.04.3 [25.2 MB]
Selecting previously unselected package libitm1:arm64.
Preparing to unpack .../25-libitm1_14.2.0-4ubuntu2~24.04.1_arm64.deb ...
Unpacking libitm1:arm64 (14.2.0-4ubuntu2~24.04.1) ...
Selecting previously unselected package libgomp1:arm64.
Preparing to unpack .../24-libgomp1_14.2.0-4ubuntu2~24.04.1_arm64.deb ...
Unpacking libgomp1:arm64 (14.2.0-4ubuntu2~24.04.1) ...
(Reading database ... 75%Selecting previously unselected package libatomic1:arm64.
Setting up docker.io (29.1.3-0ubuntu3~24.04.2) ...
Preparing to unpack .../26-libatomic1_14.2.0-4ubuntu2~24.04.1_arm64.deb ...
Unpacking libatomic1:arm64 (14.2.0-4ubuntu2~24.04.1) ...
Selecting previously unselected package libitm1:arm64.
Preparing to unpack .../25-libitm1_14.2.0-4ubuntu2~24.04.1_arm64.deb ...
(Reading database ... 80%Unpacking libitm1:arm64 (14.2.0-4ubuntu2~24.04.1) ...
Selecting previously unselected package libasan8:arm64.
Preparing to unpack .../27-libasan8_14.2.0-4ubuntu2~24.04.1_arm64.deb ...
Unpacking libasan8:arm64 (14.2.0-4ubuntu2~24.04.1) ...
(Reading database ... 85%Selecting previously unselected package libatomic1:arm64.
Preparing to unpack .../26-libatomic1_14.2.0-4ubuntu2~24.04.1_arm64.deb ...
Unpacking libatomic1:arm64 (14.2.0-4ubuntu2~24.04.1) ...
(Reading database ... 90%Selecting previously unselected package libasan8:arm64.
info: Selecting GID from range 100 to 999 ...
Preparing to unpack .../27-libasan8_14.2.0-4ubuntu2~24.04.1_arm64.deb ...
info: Adding group `docker' (GID 112) ...
Unpacking libasan8:arm64 (14.2.0-4ubuntu2~24.04.1) ...
(Reading database ... 95%Selecting previously unselected package liblsan0:arm64.
Preparing to unpack .../28-liblsan0_14.2.0-4ubuntu2~24.04.1_arm64.deb ...
Unpacking liblsan0:arm64 (14.2.0-4ubuntu2~24.04.1) ...
Setting up libjpeg-turbo8:arm64 (2.1.5-2ubuntu2) ...
Get:53 http://us-east-1.ec2.ports.ubuntu.com/ubuntu-ports noble-updates/main arm64 dns-root-data all 2024071801~ubuntu0.24.04.1 [5918 B]
Get:54 http://us-east-1.ec2.ports.ubuntu.com/ubuntu-ports noble-updates/main arm64 dnsmasq-base arm64 2.90-2ubuntu0.4 [367 kB]
Get:55 http://us-east-1.ec2.ports.ubuntu.com/ubuntu-ports noble-updates/universe arm64 docker.io arm64 29.1.3-0ubuntu3~24.04.2 [32.0 MB]
Setting up bridge-utils (1.7.1-1ubuntu2) ...
(Reading database ... 100%(Reading database ... 74109 files and directories currently installed.)
Preparing to unpack .../libc6_2.39-0ubuntu8.8_arm64.deb ...
Selecting previously unselected package liblsan0:arm64.
Selecting previously unselected package libtsan2:arm64.
Preparing to unpack .../28-liblsan0_14.2.0-4ubuntu2~24.04.1_arm64.deb ...
Unpacking liblsan0:arm64 (14.2.0-4ubuntu2~24.04.1) ...
Preparing to unpack .../29-libtsan2_14.2.0-4ubuntu2~24.04.1_arm64.deb ...
Unpacking libtsan2:arm64 (14.2.0-4ubuntu2~24.04.1) ...
Created symlink /etc/systemd/system/multi-user.target.wants/docker.service → /usr/lib/systemd/system/docker.service.
Setting up libdpkg-perl (1.22.6ubuntu6.6) ...
Selecting previously unselected package libtsan2:arm64.
Preparing to unpack .../29-libtsan2_14.2.0-4ubuntu2~24.04.1_arm64.deb ...
Unpacking libtsan2:arm64 (14.2.0-4ubuntu2~24.04.1) ...
Setting up libwebp7:arm64 (1.3.2-0.4build3) ...
Setting up libubsan1:arm64 (14.2.0-4ubuntu2~24.04.1) ...
Unpacking libc6:arm64 (2.39-0ubuntu8.8) over (2.39-0ubuntu8.7) ...
Selecting previously unselected package libubsan1:arm64.
Preparing to unpack .../30-libubsan1_14.2.0-4ubuntu2~24.04.1_arm64.deb ...
Unpacking libubsan1:arm64 (14.2.0-4ubuntu2~24.04.1) ...
Setting up libhwasan0:arm64 (14.2.0-4ubuntu2~24.04.1) ...
Setting up pigz (2.8-1) ...
Created symlink /etc/systemd/system/sockets.target.wants/docker.socket → /usr/lib/systemd/system/docker.socket.
Setting up libcrypt-dev:arm64 (1:4.4.36-4build1) ...
Selecting previously unselected package libubsan1:arm64.
Setting up libasan8:arm64 (14.2.0-4ubuntu2~24.04.1) ...
Preparing to unpack .../30-libubsan1_14.2.0-4ubuntu2~24.04.1_arm64.deb ...
Unpacking libubsan1:arm64 (14.2.0-4ubuntu2~24.04.1) ...
Setting up libtsan2:arm64 (14.2.0-4ubuntu2~24.04.1) ...
Setting up libjs-jquery (3.6.1+dfsg+~3.5.14-1) ...
Setting up libbinutils:arm64 (2.42-4ubuntu2.10) ...
Selecting previously unselected package libhwasan0:arm64.
Preparing to unpack .../31-libhwasan0_14.2.0-4ubuntu2~24.04.1_arm64.deb ...
Unpacking libhwasan0:arm64 (14.2.0-4ubuntu2~24.04.1) ...

Running kernel seems to be up-to-date.

Restarting services...
Selecting previously unselected package libhwasan0:arm64.
Setting up libisl23:arm64 (0.26-3build1.1) ...
Preparing to unpack .../31-libhwasan0_14.2.0-4ubuntu2~24.04.1_arm64.deb ...
Unpacking libhwasan0:arm64 (14.2.0-4ubuntu2~24.04.1) ...
Selecting previously unselected package libgcc-13-dev:arm64.
Setting up libc-dev-bin (2.39-0ubuntu8.8) ...
Preparing to unpack .../32-libgcc-13-dev_13.3.0-6ubuntu2~24.04.1_arm64.deb ...
Unpacking libgcc-13-dev:arm64 (13.3.0-6ubuntu2~24.04.1) ...
Setting up containerd (2.2.1-0ubuntu1~24.04.3) ...
Setting up libc6:arm64 (2.39-0ubuntu8.8) ...
Selecting previously unselected package libgcc-13-dev:arm64.
Preparing to unpack .../32-libgcc-13-dev_13.3.0-6ubuntu2~24.04.1_arm64.deb ...
Unpacking libgcc-13-dev:arm64 (13.3.0-6ubuntu2~24.04.1) ...
Get:56 http://us-east-1.ec2.ports.ubuntu.com/ubuntu-ports noble/main arm64 libfakeroot arm64 1.33-1 [32.5 kB]
Get:57 http://us-east-1.ec2.ports.ubuntu.com/ubuntu-ports noble/main arm64 fakeroot arm64 1.33-1 [66.9 kB]
Get:58 http://us-east-1.ec2.ports.ubuntu.com/ubuntu-ports noble/main arm64 fonts-dejavu-mono all 2.37-8 [502 kB]
Get:59 http://us-east-1.ec2.ports.ubuntu.com/ubuntu-ports noble/main arm64 fonts-dejavu-core all 2.37-8 [835 kB]
Get:60 http://us-east-1.ec2.ports.ubuntu.com/ubuntu-ports noble/main arm64 fontconfig-config arm64 2.15.0-1.1ubuntu2 [37.4 kB]
Get:61 http://us-east-1.ec2.ports.ubuntu.com/ubuntu-ports noble/main arm64 javascript-common all 11+nmu1 [5936 B]
Get:62 http://us-east-1.ec2.ports.ubuntu.com/ubuntu-ports noble/main arm64 libalgorithm-diff-perl all 1.201-1 [41.8 kB]
Get:63 http://us-east-1.ec2.ports.ubuntu.com/ubuntu-ports noble/main arm64 libalgorithm-diff-xs-perl arm64 0.04-8build3 [10.9 kB]
Get:64 http://us-east-1.ec2.ports.ubuntu.com/ubuntu-ports noble/main arm64 libalgorithm-merge-perl all 0.08-5 [11.4 kB]
Get:65 http://us-east-1.ec2.ports.ubuntu.com/ubuntu-ports noble-updates/main arm64 libaom3 arm64 3.8.2-2ubuntu0.1 [1617 kB]
Selecting previously unselected package gcc-13-aarch64-linux-gnu.
Preparing to unpack .../33-gcc-13-aarch64-linux-gnu_13.3.0-6ubuntu2~24.04.1_arm64.deb ...
 systemctl restart acpid.service chrony.service cron.service irqbalance.service multipathd.service packagekit.service polkit.service rsyslog.service ssh.service systemd-journald.service systemd-networkd.service systemd-resolved.service systemd-udevd.service udisks2.service
Unpacking gcc-13-aarch64-linux-gnu (13.3.0-6ubuntu2~24.04.1) ...
Get:23 http://us-east-1.ec2.ports.ubuntu.com/ubuntu-ports noble-updates/main arm64 cpp-13 arm64 13.3.0-6ubuntu2~24.04.1 [1038 B]
Get:24 http://us-east-1.ec2.ports.ubuntu.com/ubuntu-ports noble/main arm64 cpp-aarch64-linux-gnu arm64 4:13.2.0-7ubuntu1 [5316 B]
Get:25 http://us-east-1.ec2.ports.ubuntu.com/ubuntu-ports noble/main arm64 cpp arm64 4:13.2.0-7ubuntu1 [22.4 kB]
Get:26 http://us-east-1.ec2.ports.ubuntu.com/ubuntu-ports noble-updates/main arm64 libcc1-0 arm64 14.2.0-4ubuntu2~24.04.1 [49.7 kB]
Get:27 http://us-east-1.ec2.ports.ubuntu.com/ubuntu-ports noble-updates/main arm64 libgomp1 arm64 14.2.0-4ubuntu2~24.04.1 [145 kB]
Get:28 http://us-east-1.ec2.ports.ubuntu.com/ubuntu-ports noble-updates/main arm64 libitm1 arm64 14.2.0-4ubuntu2~24.04.1 [28.2 kB]
Get:29 http://us-east-1.ec2.ports.ubuntu.com/ubuntu-ports noble-updates/main arm64 libatomic1 arm64 14.2.0-4ubuntu2~24.04.1 [11.6 kB]
Get:30 http://us-east-1.ec2.ports.ubuntu.com/ubuntu-ports noble-updates/main arm64 libasan8 arm64 14.2.0-4ubuntu2~24.04.1 [2928 kB]
Selecting previously unselected package gcc-13-aarch64-linux-gnu.
Get:66 http://us-east-1.ec2.ports.ubuntu.com/ubuntu-ports noble/main arm64 libfontconfig1 arm64 2.15.0-1.1ubuntu2 [142 kB]
Get:67 http://us-east-1.ec2.ports.ubuntu.com/ubuntu-ports noble/main arm64 libsharpyuv0 arm64 1.3.2-0.4build3 [14.5 kB]
Get:68 http://us-east-1.ec2.ports.ubuntu.com/ubuntu-ports noble-updates/main arm64 libheif-plugin-aomdec arm64 1.17.6-1ubuntu4.6 [11.1 kB]
Get:69 http://us-east-1.ec2.ports.ubuntu.com/ubuntu-ports noble-updates/main arm64 libheif1 arm64 1.17.6-1ubuntu4.6 [260 kB]
Get:70 http://us-east-1.ec2.ports.ubuntu.com/ubuntu-ports noble/main arm64 libjpeg-turbo8 arm64 2.1.5-2ubuntu2 [163 kB]
Get:71 http://us-east-1.ec2.ports.ubuntu.com/ubuntu-ports noble/main arm64 libjpeg8 arm64 8c-2ubuntu11 [2148 B]
Get:72 http://us-east-1.ec2.ports.ubuntu.com/ubuntu-ports noble-updates/main arm64 libdeflate0 arm64 1.19-1build1.1 [43.5 kB]
Get:73 http://us-east-1.ec2.ports.ubuntu.com/ubuntu-ports noble/main arm64 libjbig0 arm64 2.1-6.1ubuntu2 [29.3 kB]
Get:74 http://us-east-1.ec2.ports.ubuntu.com/ubuntu-ports noble/main arm64 liblerc4 arm64 4.0.0+ds-4ubuntu2 [154 kB]
Get:75 http://us-east-1.ec2.ports.ubuntu.com/ubuntu-ports noble/main arm64 libwebp7 arm64 1.3.2-0.4build3 [191 kB]
Get:76 http://us-east-1.ec2.ports.ubuntu.com/ubuntu-ports noble-updates/main arm64 libtiff6 arm64 4.5.1+git230720-4ubuntu2.5 [192 kB]
Get:77 http://us-east-1.ec2.ports.ubuntu.com/ubuntu-ports noble-updates/main arm64 libxpm4 arm64 1:3.5.17-1ubuntu0.24.04.1 [35.3 kB]
Get:78 http://us-east-1.ec2.ports.ubuntu.com/ubuntu-ports noble/main arm64 libgd3 arm64 2.3.3-9ubuntu5 [122 kB]
Get:79 http://us-east-1.ec2.ports.ubuntu.com/ubuntu-ports noble-updates/main arm64 libc-devtools arm64 2.39-0ubuntu8.8 [27.8 kB]
Get:80 http://us-east-1.ec2.ports.ubuntu.com/ubuntu-ports noble-updates/main arm64 libexpat1-dev arm64 2.6.1-2ubuntu0.4 [128 kB]
Get:81 http://us-east-1.ec2.ports.ubuntu.com/ubuntu-ports noble/main arm64 libfile-fcntllock-perl arm64 0.22-4ubuntu5 [30.6 kB]
Get:82 http://us-east-1.ec2.ports.ubuntu.com/ubuntu-ports noble-updates/main arm64 libheif-plugin-aomenc arm64 1.17.6-1ubuntu4.6 [13.7 kB]
Get:83 http://us-east-1.ec2.ports.ubuntu.com/ubuntu-ports noble/main arm64 libjs-jquery all 3.6.1+dfsg+~3.5.14-1 [328 kB]
Get:84 http://us-east-1.ec2.ports.ubuntu.com/ubuntu-ports noble/main arm64 libjs-underscore all 1.13.4~dfsg+~1.11.4-3 [118 kB]
Get:85 http://us-east-1.ec2.ports.ubuntu.com/ubuntu-ports noble/main arm64 libjs-sphinxdoc all 7.2.6-6 [149 kB]
Get:86 http://us-east-1.ec2.ports.ubuntu.com/ubuntu-ports noble-updates/main arm64 zlib1g-dev arm64 1:1.3.dfsg-3.1ubuntu2.1 [894 kB]
Preparing to unpack .../33-gcc-13-aarch64-linux-gnu_13.3.0-6ubuntu2~24.04.1_arm64.deb ...
Get:87 http://us-east-1.ec2.ports.ubuntu.com/ubuntu-ports noble-updates/main arm64 libpython3.12-dev arm64 3.12.3-1ubuntu0.15 [5538 kB]
Unpacking gcc-13-aarch64-linux-gnu (13.3.0-6ubuntu2~24.04.1) ...
Created symlink /etc/systemd/system/multi-user.target.wants/containerd.service → /usr/lib/systemd/system/containerd.service.
Get:88 http://us-east-1.ec2.ports.ubuntu.com/ubuntu-ports noble-updates/main arm64 libpython3-dev arm64 3.12.3-0ubuntu2.1 [10.4 kB]
Get:89 http://us-east-1.ec2.ports.ubuntu.com/ubuntu-ports noble-updates/main arm64 linux-tools-common all 6.8.0-136.136 [416 kB]
Get:90 http://us-east-1.ec2.ports.ubuntu.com/ubuntu-ports noble/main arm64 manpages-dev all 6.7-2 [2013 kB]
Get:91 http://us-east-1.ec2.ports.ubuntu.com/ubuntu-ports noble-updates/main arm64 python3.12-dev arm64 3.12.3-1ubuntu0.15 [498 kB]
Get:92 http://us-east-1.ec2.ports.ubuntu.com/ubuntu-ports noble-updates/main arm64 python3-dev arm64 3.12.3-0ubuntu2.1 [26.7 kB]
Get:93 http://us-east-1.ec2.ports.ubuntu.com/ubuntu-ports noble/universe arm64 python3-wheel all 0.42.0-2 [53.1 kB]
Get:94 http://us-east-1.ec2.ports.ubuntu.com/ubuntu-ports noble-updates/universe arm64 python3-pip all 24.0+dfsg-1ubuntu1.3 [1320 kB]
sudo: a terminal is required to read the password; either use the -S option to read from standard input or configure an askpass helper
sudo: a password is required
Get:95 http://us-east-1.ec2.ports.ubuntu.com/ubuntu-ports noble-updates/universe arm64 ubuntu-fan all 0.12.16+24.04.1 [34.2 kB]
sudo: a terminal is required to read the password; either use the -S option to read from standard input or configure an askpass helper
sudo: a password is required
sudo: a terminal is required to read the password; either use the -S option to read from standard input or configure an askpass helper
sudo: a password is required
Setting up cpp-aarch64-linux-gnu (4:13.2.0-7ubuntu1) ...
Setting up libgprofng0:arm64 (2.42-4ubuntu2.10) ...
Setting up libjs-sphinxdoc (7.2.6-6) ...
(Reading database ... (Reading database ... 5%(Reading database ... 10%(Reading database ... 15%(Reading database ... 20%(Reading database ... 25%(Reading database ... 30%(Reading database ... 35%(Reading database ... 40%(Reading database ... 45%(Reading database ... 50%(Reading database ... 55%Setting up libgcc-13-dev:arm64 (13.3.0-6ubuntu2~24.04.1) ...
(Reading database ... 60%(Reading database ... 65%(Reading database ... 70%Setting up libtiff6:arm64 (4.5.1+git230720-4ubuntu2.5) ...
Setting up libc6-dev:arm64 (2.39-0ubuntu8.8) ...
[22:02:26] [agentgateway] fetching agentgateway + rig.sh @ a2738919ce03 ...
Selecting previously unselected package gcc-13.
Preparing to unpack .../34-gcc-13_13.3.0-6ubuntu2~24.04.1_arm64.deb ...
Unpacking gcc-13 (13.3.0-6ubuntu2~24.04.1) ...
Selecting previously unselected package gcc-13.
Preparing to unpack .../34-gcc-13_13.3.0-6ubuntu2~24.04.1_arm64.deb ...
Unpacking gcc-13 (13.3.0-6ubuntu2~24.04.1) ...
(Reading database ... 75%(Reading database ... 80%(Reading database ... 85%(Reading database ... 90%(Reading database ... 95%(Reading database ... 100%(Reading database ... 74109 files and directories currently installed.)
Preparing to unpack .../libc-bin_2.39-0ubuntu8.8_arm64.deb ...
Unpacking libc-bin (2.39-0ubuntu8.8) over (2.39-0ubuntu8.7) ...
Selecting previously unselected package gcc-aarch64-linux-gnu.
Preparing to unpack .../35-gcc-aarch64-linux-gnu_4%3a13.2.0-7ubuntu1_arm64.deb ...
Unpacking gcc-aarch64-linux-gnu (4:13.2.0-7ubuntu1) ...
Setting up linux-tools-common (6.8.0-136.136) ...
Setting up libalgorithm-diff-xs-perl:arm64 (0.04-8build3) ...
Selecting previously unselected package gcc-aarch64-linux-gnu.
Preparing to unpack .../35-gcc-aarch64-linux-gnu_4%3a13.2.0-7ubuntu1_arm64.deb ...
Unpacking gcc-aarch64-linux-gnu (4:13.2.0-7ubuntu1) ...
Setting up libstdc++-13-dev:arm64 (13.3.0-6ubuntu2~24.04.1) ...
Setting up libc-bin (2.39-0ubuntu8.8) ...
Setting up libcc1-0:arm64 (14.2.0-4ubuntu2~24.04.1) ...
Selecting previously unselected package gcc.
Selecting previously unselected package gcc.
Setting up liblsan0:arm64 (14.2.0-4ubuntu2~24.04.1) ...
Setting up cpp-13 (13.3.0-6ubuntu2~24.04.1) ...
Preparing to unpack .../36-gcc_4%3a13.2.0-7ubuntu1_arm64.deb ...
Unpacking gcc (4:13.2.0-7ubuntu1) ...
Preparing to unpack .../36-gcc_4%3a13.2.0-7ubuntu1_arm64.deb ...
Unpacking gcc (4:13.2.0-7ubuntu1) ...

Service restarts being deferred:
 systemctl restart ModemManager.service
 /etc/needrestart/restart.d/dbus.service
 systemctl restart getty@tty1.service
 systemctl restart networkd-dispatcher.service
 systemctl restart serial-getty@ttyS0.service
 systemctl restart systemd-logind.service
 systemctl restart unattended-upgrades.service

No containers need to be restarted.

User sessions running outdated binaries:
 ubuntu @ session #3: sshd[1442,1523]
 ubuntu @ user manager service: systemd[1290]

No VM guests are running outdated hypervisor (qemu) binaries on this host.
Setting up libitm1:arm64 (14.2.0-4ubuntu2~24.04.1) ...
Selecting previously unselected package pigz.
(Reading database ... (Reading database ... 5%(Reading database ... 10%(Reading database ... 15%(Reading database ... 20%(Reading database ... 25%(Reading database ... 30%(Reading database ... 35%(Reading database ... 40%(Reading database ... 45%(Reading database ... 50%(Reading database ... 55%Setting up libjs-underscore (1.13.4~dfsg+~1.11.4-3) ...
Selecting previously unselected package libstdc++-13-dev:arm64.
Selecting previously unselected package libstdc++-13-dev:arm64.
(Reading database ... 60%(Reading database ... 65%(Reading database ... 70%Setting up binutils-aarch64-linux-gnu (2.42-4ubuntu2.10) ...
(Reading database ... 75%Preparing to unpack .../37-libstdc++-13-dev_13.3.0-6ubuntu2~24.04.1_arm64.deb ...
Preparing to unpack .../37-libstdc++-13-dev_13.3.0-6ubuntu2~24.04.1_arm64.deb ...
Unpacking libstdc++-13-dev:arm64 (13.3.0-6ubuntu2~24.04.1) ...
(Reading database ... 80%(Reading database ... 85%(Reading database ... 90%(Reading database ... 95%Unpacking libstdc++-13-dev:arm64 (13.3.0-6ubuntu2~24.04.1) ...
Setting up libalgorithm-merge-perl (0.08-5) ...
Setting up binutils (2.42-4ubuntu2.10) ...
Get:31 http://us-east-1.ec2.ports.ubuntu.com/ubuntu-ports noble-updates/main arm64 liblsan0 arm64 14.2.0-4ubuntu2~24.04.1 [1289 kB]
Setting up gcc-13-aarch64-linux-gnu (13.3.0-6ubuntu2~24.04.1) ...
Setting up dpkg-dev (1.22.6ubuntu6.6) ...
Setting up libctf0:arm64 (2.42-4ubuntu2.10) ...
Setting up libexpat1-dev:arm64 (2.6.1-2ubuntu0.4) ...
Setting up libjpeg8:arm64 (8c-2ubuntu11) ...
Setting up gcc-13 (13.3.0-6ubuntu2~24.04.1) ...
Setting up ubuntu-fan (0.12.16+24.04.1) ...
(Reading database ... 100%(Reading database ... 74109 files and directories currently installed.)
Preparing to unpack .../00-pigz_2.8-1_arm64.deb ...
Unpacking pigz (2.8-1) ...
Preparing to unpack .../01-locales_2.39-0ubuntu8.8_all.deb ...
Unpacking locales (2.39-0ubuntu8.8) over (2.39-0ubuntu8.7) ...
Setting up zlib1g-dev:arm64 (1:1.3.dfsg-3.1ubuntu2.1) ...
Get:32 http://us-east-1.ec2.ports.ubuntu.com/ubuntu-ports noble-updates/main arm64 libtsan2 arm64 14.2.0-4ubuntu2~24.04.1 [2697 kB]
Setting up cpp (4:13.2.0-7ubuntu1) ...
Setting up g++-13-aarch64-linux-gnu (13.3.0-6ubuntu2~24.04.1) ...
Setting up gcc-aarch64-linux-gnu (4:13.2.0-7ubuntu1) ...
Setting up g++-13 (13.3.0-6ubuntu2~24.04.1) ...
Setting up libpython3.12-dev:arm64 (3.12.3-1ubuntu0.15) ...
Setting up gcc (4:13.2.0-7ubuntu1) ...
Setting up python3.12-dev (3.12.3-1ubuntu0.15) ...
Get:33 http://us-east-1.ec2.ports.ubuntu.com/ubuntu-ports noble-updates/main arm64 libubsan1 arm64 14.2.0-4ubuntu2~24.04.1 [1157 kB]
Setting up g++-aarch64-linux-gnu (4:13.2.0-7ubuntu1) ...
Setting up libpython3-dev:arm64 (3.12.3-0ubuntu2.1) ...
Setting up python3-dev (3.12.3-0ubuntu2.1) ...
Setting up g++ (4:13.2.0-7ubuntu1) ...
Selecting previously unselected package g++-13-aarch64-linux-gnu.
update-alternatives: using /usr/bin/g++ to provide /usr/bin/c++ (c++) in auto mode
Get:34 http://us-east-1.ec2.ports.ubuntu.com/ubuntu-ports noble-updates/main arm64 libhwasan0 arm64 14.2.0-4ubuntu2~24.04.1 [1605 kB]
Preparing to unpack .../38-g++-13-aarch64-linux-gnu_13.3.0-6ubuntu2~24.04.1_arm64.deb ...
Selecting previously unselected package g++-13-aarch64-linux-gnu.
Setting up build-essential (12.10ubuntu1) ...
Unpacking g++-13-aarch64-linux-gnu (13.3.0-6ubuntu2~24.04.1) ...
Preparing to unpack .../38-g++-13-aarch64-linux-gnu_13.3.0-6ubuntu2~24.04.1_arm64.deb ...
Setting up libheif-plugin-aomdec:arm64 (1.17.6-1ubuntu4.6) ...
Unpacking g++-13-aarch64-linux-gnu (13.3.0-6ubuntu2~24.04.1) ...
Setting up libheif1:arm64 (1.17.6-1ubuntu4.6) ...
Setting up libheif-plugin-aomenc:arm64 (1.17.6-1ubuntu4.6) ...
Created symlink /etc/systemd/system/multi-user.target.wants/ubuntu-fan.service → /usr/lib/systemd/system/ubuntu-fan.service.
Processing triggers for libc-bin (2.39-0ubuntu8.8) ...
Get:35 http://us-east-1.ec2.ports.ubuntu.com/ubuntu-ports noble-updates/main arm64 libgcc-13-dev arm64 13.3.0-6ubuntu2~24.04.1 [2473 kB]
Processing triggers for man-db (2.12.0-4build2) ...
Selecting previously unselected package binutils-common:arm64.
Preparing to unpack .../02-binutils-common_2.42-4ubuntu2.10_arm64.deb ...
Unpacking binutils-common:arm64 (2.42-4ubuntu2.10) ...
Preconfiguring packages ...
Get:36 http://us-east-1.ec2.ports.ubuntu.com/ubuntu-ports noble-updates/main arm64 gcc-13-aarch64-linux-gnu arm64 13.3.0-6ubuntu2~24.04.1 [18.7 MB]
Selecting previously unselected package libsframe1:arm64.
Preparing to unpack .../03-libsframe1_2.42-4ubuntu2.10_arm64.deb ...
Unpacking libsframe1:arm64 (2.42-4ubuntu2.10) ...
Fetched 37.7 MB in 4s (9143 kB/s)
Reading package lists...Selecting previously unselected package libbinutils:arm64.
Preparing to unpack .../04-libbinutils_2.42-4ubuntu2.10_arm64.deb ...
Unpacking libbinutils:arm64 (2.42-4ubuntu2.10) ...
Selecting previously unselected package libctf-nobfd0:arm64.
Selecting previously unselected package g++-13.
Fetched 155 MB in 7s (21.8 MB/s)
Preparing to unpack .../05-libctf-nobfd0_2.42-4ubuntu2.10_arm64.deb ...
Unpacking libctf-nobfd0:arm64 (2.42-4ubuntu2.10) ...
Preparing to unpack .../39-g++-13_13.3.0-6ubuntu2~24.04.1_arm64.deb ...
Unpacking g++-13 (13.3.0-6ubuntu2~24.04.1) ...
Selecting previously unselected package g++-13.
Preparing to unpack .../39-g++-13_13.3.0-6ubuntu2~24.04.1_arm64.deb ...
Unpacking g++-13 (13.3.0-6ubuntu2~24.04.1) ...
Selecting previously unselected package g++-aarch64-linux-gnu.
Selecting previously unselected package libctf0:arm64.
Preparing to unpack .../06-libctf0_2.42-4ubuntu2.10_arm64.deb ...
Preparing to unpack .../40-g++-aarch64-linux-gnu_4%3a13.2.0-7ubuntu1_arm64.deb ...
Unpacking g++-aarch64-linux-gnu (4:13.2.0-7ubuntu1) ...
Selecting previously unselected package g++.
Preparing to unpack .../41-g++_4%3a13.2.0-7ubuntu1_arm64.deb ...
Unpacking g++ (4:13.2.0-7ubuntu1) ...
Unpacking libctf0:arm64 (2.42-4ubuntu2.10) ...
Selecting previously unselected package libgprofng0:arm64.
Preparing to unpack .../07-libgprofng0_2.42-4ubuntu2.10_arm64.deb ...
Unpacking libgprofng0:arm64 (2.42-4ubuntu2.10) ...
Selecting previously unselected package g++-aarch64-linux-gnu.
Preparing to unpack .../40-g++-aarch64-linux-gnu_4%3a13.2.0-7ubuntu1_arm64.deb ...
Unpacking g++-aarch64-linux-gnu (4:13.2.0-7ubuntu1) ...
Selecting previously unselected package g++.
Preparing to unpack .../41-g++_4%3a13.2.0-7ubuntu1_arm64.deb ...
Unpacking g++ (4:13.2.0-7ubuntu1) ...
(Reading database ... (Reading database ... 5%(Reading database ... 10%(Reading database ... 15%(Reading database ... 20%(Reading database ... 25%(Reading database ... 30%(Reading database ... 35%(Reading database ... 40%(Reading database ... 45%(Reading database ... 50%(Reading database ... 55%Selecting previously unselected package make.
Selecting previously unselected package binutils-aarch64-linux-gnu.
Preparing to unpack .../42-make_4.3-4.1build2_arm64.deb ...
Preparing to unpack .../08-binutils-aarch64-linux-gnu_2.42-4ubuntu2.10_arm64.deb ...
Unpacking make (4.3-4.1build2) ...
Unpacking binutils-aarch64-linux-gnu (2.42-4ubuntu2.10) ...
Selecting previously unselected package make.
Preparing to unpack .../42-make_4.3-4.1build2_arm64.deb ...
Unpacking make (4.3-4.1build2) ...
Setting up cpp-13-aarch64-linux-gnu (13.3.0-6ubuntu2~24.04.1) ...
Selecting previously unselected package libdpkg-perl.
Preparing to unpack .../43-libdpkg-perl_1.22.6ubuntu6.6_all.deb ...
Setting up fontconfig-config (2.15.0-1.1ubuntu2) ...
Unpacking libdpkg-perl (1.22.6ubuntu6.6) ...
Selecting previously unselected package libdpkg-perl.
Preparing to unpack .../43-libdpkg-perl_1.22.6ubuntu6.6_all.deb ...
Unpacking libdpkg-perl (1.22.6ubuntu6.6) ...
Selecting previously unselected package bzip2.
Preparing to unpack .../44-bzip2_1.0.8-5.1build0.1_arm64.deb ...
Selecting previously unselected package bzip2.
Unpacking bzip2 (1.0.8-5.1build0.1) ...
Selecting previously unselected package binutils.
Preparing to unpack .../44-bzip2_1.0.8-5.1build0.1_arm64.deb ...
Unpacking bzip2 (1.0.8-5.1build0.1) ...
Preparing to unpack .../09-binutils_2.42-4ubuntu2.10_arm64.deb ...
Unpacking binutils (2.42-4ubuntu2.10) ...
(Reading database ... 60%Selecting previously unselected package lto-disabled-list.
Preparing to unpack .../45-lto-disabled-list_47_all.deb ...
Unpacking lto-disabled-list (47) ...
Selecting previously unselected package bridge-utils.
Selecting previously unselected package lto-disabled-list.
Preparing to unpack .../45-lto-disabled-list_47_all.deb ...
Preparing to unpack .../10-bridge-utils_1.7.1-1ubuntu2_arm64.deb ...
Unpacking lto-disabled-list (47) ...
Unpacking bridge-utils (1.7.1-1ubuntu2) ...
(Reading database ... 65%Selecting previously unselected package dpkg-dev.
Preparing to unpack .../46-dpkg-dev_1.22.6ubuntu6.6_all.deb ...
Selecting previously unselected package libc-dev-bin.
Unpacking dpkg-dev (1.22.6ubuntu6.6) ...
Selecting previously unselected package dpkg-dev.
Preparing to unpack .../11-libc-dev-bin_2.39-0ubuntu8.8_arm64.deb ...
Unpacking libc-dev-bin (2.39-0ubuntu8.8) ...
Preparing to unpack .../46-dpkg-dev_1.22.6ubuntu6.6_all.deb ...
Unpacking dpkg-dev (1.22.6ubuntu6.6) ...
Setting up docker.io (29.1.3-0ubuntu3~24.04.2) ...
Selecting previously unselected package linux-libc-dev:arm64.
Preparing to unpack .../12-linux-libc-dev_6.8.0-136.136_arm64.deb ...
Unpacking linux-libc-dev:arm64 (6.8.0-136.136) ...
(Reading database ... 70%Selecting previously unselected package build-essential.
Processing triggers for dbus (1.14.10-4ubuntu4.1) ...
Preparing to unpack .../47-build-essential_12.10ubuntu1_arm64.deb ...
Selecting previously unselected package build-essential.
(Reading database ... 75%Unpacking build-essential (12.10ubuntu1) ...
Preparing to unpack .../47-build-essential_12.10ubuntu1_arm64.deb ...
Unpacking build-essential (12.10ubuntu1) ...
Processing triggers for sgml-base (1.31) ...
info: Selecting GID from range 100 to 999 ...
info: Adding group `docker' (GID 112) ...
Setting up libfontconfig1:arm64 (2.15.0-1.1ubuntu2) ...
Selecting previously unselected package runc.
Preparing to unpack .../48-runc_1.3.4-0ubuntu1~24.04.1_arm64.deb ...
Setting up libgd3:arm64 (2.3.3-9ubuntu5) ...
Selecting previously unselected package runc.
Unpacking runc (1.3.4-0ubuntu1~24.04.1) ...
(Reading database ... 80%Preparing to unpack .../48-runc_1.3.4-0ubuntu1~24.04.1_arm64.deb ...
Setting up libc-devtools (2.39-0ubuntu8.8) ...
Unpacking runc (1.3.4-0ubuntu1~24.04.1) ...
Processing triggers for libc-bin (2.39-0ubuntu8.8) ...
Selecting previously unselected package libcrypt-dev:arm64.
(Reading database ... 85%Preparing to unpack .../13-libcrypt-dev_1%3a4.4.36-4build1_arm64.deb ...
Unpacking libcrypt-dev:arm64 (1:4.4.36-4build1) ...
(Reading database ... 90%Created symlink /etc/systemd/system/multi-user.target.wants/docker.service → /usr/lib/systemd/system/docker.service.
Selecting previously unselected package rpcsvc-proto.
Preparing to unpack .../14-rpcsvc-proto_1.4.2-0ubuntu7_arm64.deb ...
Unpacking rpcsvc-proto (1.4.2-0ubuntu7) ...
Selecting previously unselected package libc6-dev:arm64.
Preparing to unpack .../15-libc6-dev_2.39-0ubuntu8.8_arm64.deb ...
Unpacking libc6-dev:arm64 (2.39-0ubuntu8.8) ...
(Reading database ... 95%Selecting previously unselected package containerd.
(Reading database ... 100%(Reading database ... 74109 files and directories currently installed.)
Preparing to unpack .../49-containerd_2.2.1-0ubuntu1~24.04.3_arm64.deb ...
Preparing to unpack .../libc6_2.39-0ubuntu8.8_arm64.deb ...
Selecting previously unselected package containerd.
Unpacking containerd (2.2.1-0ubuntu1~24.04.3) ...
Preparing to unpack .../49-containerd_2.2.1-0ubuntu1~24.04.3_arm64.deb ...
Unpacking containerd (2.2.1-0ubuntu1~24.04.3) ...
Created symlink /etc/systemd/system/sockets.target.wants/docker.socket → /usr/lib/systemd/system/docker.socket.
Selecting previously unselected package gcc-13-base:arm64.
Preparing to unpack .../16-gcc-13-base_13.3.0-6ubuntu2~24.04.1_arm64.deb ...
Unpacking gcc-13-base:arm64 (13.3.0-6ubuntu2~24.04.1) ...
Unpacking libc6:arm64 (2.39-0ubuntu8.8) over (2.39-0ubuntu8.7) ...
Selecting previously unselected package libisl23:arm64.
Preparing to unpack .../17-libisl23_0.26-3build1.1_arm64.deb ...
Unpacking libisl23:arm64 (0.26-3build1.1) ...
Selecting previously unselected package libmpc3:arm64.

Preparing to unpack .../18-libmpc3_1.3.1-1build1.1_arm64.deb ...
Unpacking libmpc3:arm64 (1.3.1-1build1.1) ...
Reading package lists...
Building dependency tree...Selecting previously unselected package cpp-13-aarch64-linux-gnu.
Preparing to unpack .../19-cpp-13-aarch64-linux-gnu_13.3.0-6ubuntu2~24.04.1_arm64.deb ...
Unpacking cpp-13-aarch64-linux-gnu (13.3.0-6ubuntu2~24.04.1) ...
Setting up libc6:arm64 (2.39-0ubuntu8.8) ...
[22:02:27] [agentgateway] fetched 5 file(s) in 1s
[22:02:27] [agentgateway] qualify: performed by the engine (published as rig.box_qualify in the snapshot)
[22:02:27] [agentgateway] running agentgateway (latency + RPS + memory) - detached on box; pulling each suite as it completes

Reading state information...
Selecting previously unselected package cpp-13.
Preparing to unpack .../20-cpp-13_13.3.0-6ubuntu2~24.04.1_arm64.deb ...
Unpacking cpp-13 (13.3.0-6ubuntu2~24.04.1) ...
Selecting previously unselected package cpp-aarch64-linux-gnu.
Preparing to unpack .../21-cpp-aarch64-linux-gnu_4%3a13.2.0-7ubuntu1_arm64.deb ...
Unpacking cpp-aarch64-linux-gnu (4:13.2.0-7ubuntu1) ...
Selecting previously unselected package cpp.
Preparing to unpack .../22-cpp_4%3a13.2.0-7ubuntu1_arm64.deb ...
Selecting previously unselected package dns-root-data.
Preparing to unpack .../50-dns-root-data_2024071801~ubuntu0.24.04.1_all.deb ...
Unpacking dns-root-data (2024071801~ubuntu0.24.04.1) ...
Selecting previously unselected package dns-root-data.
Preparing to unpack .../50-dns-root-data_2024071801~ubuntu0.24.04.1_all.deb ...
Unpacking dns-root-data (2024071801~ubuntu0.24.04.1) ...
Unpacking cpp (4:13.2.0-7ubuntu1) ...
Selecting previously unselected package dnsmasq-base.
Preparing to unpack .../51-dnsmasq-base_2.90-2ubuntu0.4_arm64.deb ...
Unpacking dnsmasq-base (2.90-2ubuntu0.4) ...
Selecting previously unselected package dnsmasq-base.
Selecting previously unselected package libcc1-0:arm64.
Preparing to unpack .../51-dnsmasq-base_2.90-2ubuntu0.4_arm64.deb ...
Preparing to unpack .../23-libcc1-0_14.2.0-4ubuntu2~24.04.1_arm64.deb ...
Unpacking libcc1-0:arm64 (14.2.0-4ubuntu2~24.04.1) ...
Unpacking dnsmasq-base (2.90-2ubuntu0.4) ...
Selecting previously unselected package libgomp1:arm64.
Selecting previously unselected package docker.io.
Preparing to unpack .../24-libgomp1_14.2.0-4ubuntu2~24.04.1_arm64.deb ...
Preparing to unpack .../52-docker.io_29.1.3-0ubuntu3~24.04.2_arm64.deb ...
Unpacking libgomp1:arm64 (14.2.0-4ubuntu2~24.04.1) ...
Unpacking docker.io (29.1.3-0ubuntu3~24.04.2) ...
Selecting previously unselected package docker.io.
Preparing to unpack .../52-docker.io_29.1.3-0ubuntu3~24.04.2_arm64.deb ...
Unpacking docker.io (29.1.3-0ubuntu3~24.04.2) ...
Setting up cpp-aarch64-linux-gnu (4:13.2.0-7ubuntu1) ...
(Reading database ... (Reading database ... 5%(Reading database ... 10%(Reading database ... 15%(Reading database ... 20%(Reading database ... 25%(Reading database ... 30%(Reading database ... 35%(Reading database ... 40%(Reading database ... 45%(Reading database ... 50%(Reading database ... 55%Selecting previously unselected package libitm1:arm64.
Preparing to unpack .../25-libitm1_14.2.0-4ubuntu2~24.04.1_arm64.deb ...
(Reading database ... 60%Unpacking libitm1:arm64 (14.2.0-4ubuntu2~24.04.1) ...
(Reading database ... 65%Setting up libgprofng0:arm64 (2.42-4ubuntu2.10) ...
(Reading database ... 70%(Reading database ... 75%(Reading database ... 80%Setting up libjs-sphinxdoc (7.2.6-6) ...
Selecting previously unselected package libatomic1:arm64.
Setting up libgcc-13-dev:arm64 (13.3.0-6ubuntu2~24.04.1) ...
Preparing to unpack .../26-libatomic1_14.2.0-4ubuntu2~24.04.1_arm64.deb ...
Unpacking libatomic1:arm64 (14.2.0-4ubuntu2~24.04.1) ...
Setting up libtiff6:arm64 (4.5.1+git230720-4ubuntu2.5) ...
(Reading database ... 85%(Reading database ... 90%(Reading database ... 95%(Reading database ... 100%(Reading database ... 74109 files and directories currently installed.)
Preparing to unpack .../libc-bin_2.39-0ubuntu8.8_arm64.deb ...
Unpacking libc-bin (2.39-0ubuntu8.8) over (2.39-0ubuntu8.7) ...
Setting up libc6-dev:arm64 (2.39-0ubuntu8.8) ...
curl is already the newest version (8.5.0-2ubuntu10.11).
curl set to manually installed.
ca-certificates is already the newest version (20260601~24.04.1).
ca-certificates set to manually installed.
jq is already the newest version (1.7.1-3ubuntu0.24.04.2).
jq set to manually installed.
git is already the newest version (1:2.43.0-1ubuntu7.3).
git set to manually installed.
The following additional packages will be installed:
  binutils binutils-aarch64-linux-gnu binutils-common bridge-utils bzip2
  containerd cpp cpp-13 cpp-13-aarch64-linux-gnu cpp-aarch64-linux-gnu
  dns-root-data dnsmasq-base dpkg-dev fakeroot fontconfig-config
  fonts-dejavu-core fonts-dejavu-mono g++ g++-13 g++-13-aarch64-linux-gnu
  g++-aarch64-linux-gnu gcc gcc-13 gcc-13-aarch64-linux-gnu gcc-13-base
  gcc-aarch64-linux-gnu javascript-common libalgorithm-diff-perl
  libalgorithm-diff-xs-perl libalgorithm-merge-perl libaom3 libasan8
  libatomic1 libbinutils libc-bin libc-dev-bin libc-devtools libc6 libc6-dev
  libcc1-0 libcrypt-dev libctf-nobfd0 libctf0 libdeflate0 libdpkg-perl
Selecting previously unselected package libasan8:arm64.
Preparing to unpack .../27-libasan8_14.2.0-4ubuntu2~24.04.1_arm64.deb ...
Unpacking libasan8:arm64 (14.2.0-4ubuntu2~24.04.1) ...
Setting up libstdc++-13-dev:arm64 (13.3.0-6ubuntu2~24.04.1) ...
Setting up cpp-13 (13.3.0-6ubuntu2~24.04.1) ...
Setting up binutils-aarch64-linux-gnu (2.42-4ubuntu2.10) ...
Setting up libc-bin (2.39-0ubuntu8.8) ...
Setting up binutils (2.42-4ubuntu2.10) ...
  libexpat1-dev libfakeroot libfile-fcntllock-perl libfontconfig1
  libgcc-13-dev libgd3 libgomp1 libgprofng0 libheif-plugin-aomdec
  libheif-plugin-aomenc libheif1 libhwasan0 libisl23 libitm1 libjbig0
  libjpeg-turbo8 libjpeg8 libjs-jquery libjs-sphinxdoc libjs-underscore
  liblerc4 liblsan0 libmpc3 libpython3-dev libpython3.12-dev libsframe1
  libsharpyuv0 libstdc++-13-dev libtiff6 libtsan2 libubsan1 libwebp7 libxpm4
  linux-libc-dev linux-tools-common locales lto-disabled-list make
  manpages-dev pigz python3-dev python3-wheel python3.12-dev rpcsvc-proto runc
  ubuntu-fan zlib1g-dev
Suggested packages:
  binutils-doc gprofng-gui ifupdown bzip2-doc cpp-doc gcc-13-locales
  cpp-13-doc aufs-tools cgroupfs-mount | cgroup-lite debootstrap docker-buildx
  docker-compose-v2 docker-doc rinse zfs-fuse | zfsutils debian-keyring
  gcc-13-doc gcc-multilib autoconf automake libtool flex bison gdb gcc-doc
  gdb-aarch64-linux-gnu apache2 | lighttpd | httpd glibc-doc libnss-nis
  libnss-nisplus bzr libgd-tools libheif-plugin-libde265 libheif-plugin-x265
  libheif-plugin-ffmpegdec libheif-plugin-jpegdec libheif-plugin-jpegenc
  libheif-plugin-j2kdec libheif-plugin-j2kenc libheif-plugin-rav1e
  libheif-plugin-svtenc libstdc++-13-doc make-doc
The following NEW packages will be installed:
  binutils binutils-aarch64-linux-gnu binutils-common bridge-utils
  build-essential bzip2 containerd cpp cpp-13 cpp-13-aarch64-linux-gnu
  cpp-aarch64-linux-gnu dns-root-data dnsmasq-base docker.io dpkg-dev fakeroot
  fontconfig-config fonts-dejavu-core fonts-dejavu-mono g++ g++-13
  g++-13-aarch64-linux-gnu g++-aarch64-linux-gnu gcc gcc-13
  gcc-13-aarch64-linux-gnu gcc-13-base gcc-aarch64-linux-gnu javascript-common
  libalgorithm-diff-perl libalgorithm-diff-xs-perl libalgorithm-merge-perl
  libaom3 libasan8 libatomic1 libbinutils libc-dev-bin libc-devtools libc6-dev
  libcc1-0 libcrypt-dev libctf-nobfd0 libctf0 libdeflate0 libdpkg-perl
  libexpat1-dev libfakeroot libfile-fcntllock-perl libfontconfig1
  libgcc-13-dev libgd3 libgomp1 libgprofng0 libheif-plugin-aomdec
  libheif-plugin-aomenc libheif1 libhwasan0 libisl23 libitm1 libjbig0
  libjpeg-turbo8 libjpeg8 libjs-jquery libjs-sphinxdoc libjs-underscore
  liblerc4 liblsan0 libmpc3 libpython3-dev libpython3.12-dev libsframe1
  libsharpyuv0 libstdc++-13-dev libtiff6 libtsan2 libubsan1 libwebp7 libxpm4
  linux-libc-dev lto-disabled-list make manpages-dev pigz python3-dev
  python3-pip python3-wheel python3.12-dev rpcsvc-proto runc ubuntu-fan
  zlib1g-dev
The following packages will be upgraded:
  libc-bin libc6 linux-tools-common locales
Setting up gcc-13-aarch64-linux-gnu (13.3.0-6ubuntu2~24.04.1) ...
4 upgraded, 91 newly installed, 0 to remove and 30 not upgraded.
Need to get 155 MB of archives.
After this operation, 558 MB of additional disk space will be used.
Get:1 http://us-east-1.ec2.ports.ubuntu.com/ubuntu-ports noble-updates/main arm64 libc6 arm64 2.39-0ubuntu8.8 [2775 kB]
Setting up dpkg-dev (1.22.6ubuntu6.6) ...
Selecting previously unselected package liblsan0:arm64.
Preparing to unpack .../28-liblsan0_14.2.0-4ubuntu2~24.04.1_arm64.deb ...
Unpacking liblsan0:arm64 (14.2.0-4ubuntu2~24.04.1) ...
Setting up libexpat1-dev:arm64 (2.6.1-2ubuntu0.4) ...
Selecting previously unselected package pigz.
(Reading database ... (Reading database ... 5%(Reading database ... 10%(Reading database ... 15%(Reading database ... 20%(Reading database ... 25%(Reading database ... 30%(Reading database ... 35%(Reading database ... 40%(Reading database ... 45%(Reading database ... 50%(Reading database ... 55%Get:2 http://us-east-1.ec2.ports.ubuntu.com/ubuntu-ports noble-updates/main arm64 libc-bin arm64 2.39-0ubuntu8.8 [591 kB]
Get:3 http://us-east-1.ec2.ports.ubuntu.com/ubuntu-ports noble/universe arm64 pigz arm64 2.8-1 [60.7 kB]
Get:4 http://us-east-1.ec2.ports.ubuntu.com/ubuntu-ports noble-updates/main arm64 locales all 2.39-0ubuntu8.8 [4231 kB]
(Reading database ... 60%Setting up gcc-13 (13.3.0-6ubuntu2~24.04.1) ...
(Reading database ... 65%(Reading database ... 70%(Reading database ... 75%(Reading database ... 80%(Reading database ... 85%(Reading database ... 90%(Reading database ... 95%Get:5 http://us-east-1.ec2.ports.ubuntu.com/ubuntu-ports noble-updates/main arm64 binutils-common arm64 2.42-4ubuntu2.10 [240 kB]
Selecting previously unselected package libtsan2:arm64.
Get:6 http://us-east-1.ec2.ports.ubuntu.com/ubuntu-ports noble-updates/main arm64 libsframe1 arm64 2.42-4ubuntu2.10 [15.4 kB]
Setting up zlib1g-dev:arm64 (1:1.3.dfsg-3.1ubuntu2.1) ...
Get:7 http://us-east-1.ec2.ports.ubuntu.com/ubuntu-ports noble-updates/main arm64 libbinutils arm64 2.42-4ubuntu2.10 [766 kB]
Preparing to unpack .../29-libtsan2_14.2.0-4ubuntu2~24.04.1_arm64.deb ...
Get:8 http://us-east-1.ec2.ports.ubuntu.com/ubuntu-ports noble-updates/main arm64 libctf-nobfd0 arm64 2.42-4ubuntu2.10 [101 kB]
Get:9 http://us-east-1.ec2.ports.ubuntu.com/ubuntu-ports noble-updates/main arm64 libctf0 arm64 2.42-4ubuntu2.10 [95.7 kB]
Get:10 http://us-east-1.ec2.ports.ubuntu.com/ubuntu-ports noble-updates/main arm64 libgprofng0 arm64 2.42-4ubuntu2.10 [776 kB]
Unpacking libtsan2:arm64 (14.2.0-4ubuntu2~24.04.1) ...
Get:11 http://us-east-1.ec2.ports.ubuntu.com/ubuntu-ports noble-updates/main arm64 binutils-aarch64-linux-gnu arm64 2.42-4ubuntu2.10 [3304 kB]
Setting up cpp (4:13.2.0-7ubuntu1) ...
(Reading database ... 100%(Reading database ... 74109 files and directories currently installed.)
Preparing to unpack .../00-pigz_2.8-1_arm64.deb ...
Unpacking pigz (2.8-1) ...
Preparing to unpack .../01-locales_2.39-0ubuntu8.8_all.deb ...
Unpacking locales (2.39-0ubuntu8.8) over (2.39-0ubuntu8.7) ...
Setting up g++-13-aarch64-linux-gnu (13.3.0-6ubuntu2~24.04.1) ...
Get:12 http://us-east-1.ec2.ports.ubuntu.com/ubuntu-ports noble-updates/main arm64 binutils arm64 2.42-4ubuntu2.10 [18.1 kB]
Get:13 http://us-east-1.ec2.ports.ubuntu.com/ubuntu-ports noble/main arm64 bridge-utils arm64 1.7.1-1ubuntu2 [34.2 kB]
Get:14 http://us-east-1.ec2.ports.ubuntu.com/ubuntu-ports noble-updates/main arm64 libc-dev-bin arm64 2.39-0ubuntu8.8 [19.7 kB]
Get:15 http://us-east-1.ec2.ports.ubuntu.com/ubuntu-ports noble-updates/main arm64 linux-libc-dev arm64 6.8.0-136.136 [1550 kB]
Get:16 http://us-east-1.ec2.ports.ubuntu.com/ubuntu-ports noble/main arm64 libcrypt-dev arm64 1:4.4.36-4build1 [118 kB]
Get:17 http://us-east-1.ec2.ports.ubuntu.com/ubuntu-ports noble/main arm64 rpcsvc-proto arm64 1.4.2-0ubuntu7 [64.8 kB]
Get:18 http://us-east-1.ec2.ports.ubuntu.com/ubuntu-ports noble-updates/main arm64 libc6-dev arm64 2.39-0ubuntu8.8 [1596 kB]
Setting up gcc-aarch64-linux-gnu (4:13.2.0-7ubuntu1) ...
Get:19 http://us-east-1.ec2.ports.ubuntu.com/ubuntu-ports noble-updates/main arm64 gcc-13-base arm64 13.3.0-6ubuntu2~24.04.1 [51.6 kB]
Get:20 http://us-east-1.ec2.ports.ubuntu.com/ubuntu-ports noble-updates/main arm64 libisl23 arm64 0.26-3build1.1 [669 kB]
Setting up g++-13 (13.3.0-6ubuntu2~24.04.1) ...
Get:21 http://us-east-1.ec2.ports.ubuntu.com/ubuntu-ports noble-updates/main arm64 libmpc3 arm64 1.3.1-1build1.1 [56.4 kB]
Get:22 http://us-east-1.ec2.ports.ubuntu.com/ubuntu-ports noble-updates/main arm64 cpp-13-aarch64-linux-gnu arm64 13.3.0-6ubuntu2~24.04.1 [9560 kB]
Selecting previously unselected package libubsan1:arm64.
Setting up libpython3.12-dev:arm64 (3.12.3-1ubuntu0.15) ...
Preparing to unpack .../30-libubsan1_14.2.0-4ubuntu2~24.04.1_arm64.deb ...
Unpacking libubsan1:arm64 (14.2.0-4ubuntu2~24.04.1) ...
Setting up gcc (4:13.2.0-7ubuntu1) ...
Setting up python3.12-dev (3.12.3-1ubuntu0.15) ...
Setting up g++-aarch64-linux-gnu (4:13.2.0-7ubuntu1) ...
Setting up libpython3-dev:arm64 (3.12.3-0ubuntu2.1) ...
Selecting previously unselected package libhwasan0:arm64.
Preparing to unpack .../31-libhwasan0_14.2.0-4ubuntu2~24.04.1_arm64.deb ...
Unpacking libhwasan0:arm64 (14.2.0-4ubuntu2~24.04.1) ...
Setting up python3-dev (3.12.3-0ubuntu2.1) ...
Selecting previously unselected package libgcc-13-dev:arm64.
Setting up g++ (4:13.2.0-7ubuntu1) ...
Preparing to unpack .../32-libgcc-13-dev_13.3.0-6ubuntu2~24.04.1_arm64.deb ...
Unpacking libgcc-13-dev:arm64 (13.3.0-6ubuntu2~24.04.1) ...
update-alternatives: using /usr/bin/g++ to provide /usr/bin/c++ (c++) in auto mode
Selecting previously unselected package binutils-common:arm64.
Setting up build-essential (12.10ubuntu1) ...
Preparing to unpack .../02-binutils-common_2.42-4ubuntu2.10_arm64.deb ...
Unpacking binutils-common:arm64 (2.42-4ubuntu2.10) ...
Setting up libheif-plugin-aomdec:arm64 (1.17.6-1ubuntu4.6) ...
Setting up libheif1:arm64 (1.17.6-1ubuntu4.6) ...
Selecting previously unselected package libsframe1:arm64.
Preparing to unpack .../03-libsframe1_2.42-4ubuntu2.10_arm64.deb ...
Setting up libheif-plugin-aomenc:arm64 (1.17.6-1ubuntu4.6) ...
Unpacking libsframe1:arm64 (2.42-4ubuntu2.10) ...
Selecting previously unselected package gcc-13-aarch64-linux-gnu.
Preparing to unpack .../33-gcc-13-aarch64-linux-gnu_13.3.0-6ubuntu2~24.04.1_arm64.deb ...
Unpacking gcc-13-aarch64-linux-gnu (13.3.0-6ubuntu2~24.04.1) ...
Processing triggers for libc-bin (2.39-0ubuntu8.8) ...
Selecting previously unselected package libbinutils:arm64.
Preparing to unpack .../04-libbinutils_2.42-4ubuntu2.10_arm64.deb ...
Unpacking libbinutils:arm64 (2.42-4ubuntu2.10) ...
Processing triggers for man-db (2.12.0-4build2) ...
Selecting previously unselected package libctf-nobfd0:arm64.
Preparing to unpack .../05-libctf-nobfd0_2.42-4ubuntu2.10_arm64.deb ...
Unpacking libctf-nobfd0:arm64 (2.42-4ubuntu2.10) ...
Selecting previously unselected package libctf0:arm64.
Preparing to unpack .../06-libctf0_2.42-4ubuntu2.10_arm64.deb ...
Unpacking libctf0:arm64 (2.42-4ubuntu2.10) ...
Selecting previously unselected package libfakeroot:arm64.
Preparing to unpack .../53-libfakeroot_1.33-1_arm64.deb ...
Unpacking libfakeroot:arm64 (1.33-1) ...
Selecting previously unselected package libfakeroot:arm64.
Selecting previously unselected package libgprofng0:arm64.
Preparing to unpack .../53-libfakeroot_1.33-1_arm64.deb ...
Unpacking libfakeroot:arm64 (1.33-1) ...
Preparing to unpack .../07-libgprofng0_2.42-4ubuntu2.10_arm64.deb ...
Unpacking libgprofng0:arm64 (2.42-4ubuntu2.10) ...
Selecting previously unselected package fakeroot.
Preparing to unpack .../54-fakeroot_1.33-1_arm64.deb ...
Unpacking fakeroot (1.33-1) ...
Selecting previously unselected package fakeroot.
Preparing to unpack .../54-fakeroot_1.33-1_arm64.deb ...
Selecting previously unselected package binutils-aarch64-linux-gnu.
Unpacking fakeroot (1.33-1) ...
Preparing to unpack .../08-binutils-aarch64-linux-gnu_2.42-4ubuntu2.10_arm64.deb ...
Unpacking binutils-aarch64-linux-gnu (2.42-4ubuntu2.10) ...
Selecting previously unselected package fonts-dejavu-mono.
Preparing to unpack .../55-fonts-dejavu-mono_2.37-8_all.deb ...
Unpacking fonts-dejavu-mono (2.37-8) ...
Selecting previously unselected package fonts-dejavu-mono.
Preparing to unpack .../55-fonts-dejavu-mono_2.37-8_all.deb ...
Unpacking fonts-dejavu-mono (2.37-8) ...
Selecting previously unselected package fonts-dejavu-core.
Preparing to unpack .../56-fonts-dejavu-core_2.37-8_all.deb ...
Selecting previously unselected package fonts-dejavu-core.
Unpacking fonts-dejavu-core (2.37-8) ...
Preparing to unpack .../56-fonts-dejavu-core_2.37-8_all.deb ...
Selecting previously unselected package binutils.
Selecting previously unselected package gcc-13.
Preparing to unpack .../09-binutils_2.42-4ubuntu2.10_arm64.deb ...
Preparing to unpack .../34-gcc-13_13.3.0-6ubuntu2~24.04.1_arm64.deb ...
Unpacking fonts-dejavu-core (2.37-8) ...
Unpacking binutils (2.42-4ubuntu2.10) ...
Unpacking gcc-13 (13.3.0-6ubuntu2~24.04.1) ...
Selecting previously unselected package gcc-aarch64-linux-gnu.
Selecting previously unselected package fontconfig-config.
Preparing to unpack .../35-gcc-aarch64-linux-gnu_4%3a13.2.0-7ubuntu1_arm64.deb ...
Selecting previously unselected package bridge-utils.
Preparing to unpack .../57-fontconfig-config_2.15.0-1.1ubuntu2_arm64.deb ...
Selecting previously unselected package fontconfig-config.
Preparing to unpack .../57-fontconfig-config_2.15.0-1.1ubuntu2_arm64.deb ...
Unpacking gcc-aarch64-linux-gnu (4:13.2.0-7ubuntu1) ...
Selecting previously unselected package gcc.
Preparing to unpack .../36-gcc_4%3a13.2.0-7ubuntu1_arm64.deb ...
Unpacking gcc (4:13.2.0-7ubuntu1) ...
Selecting previously unselected package libstdc++-13-dev:arm64.
Preparing to unpack .../37-libstdc++-13-dev_13.3.0-6ubuntu2~24.04.1_arm64.deb ...
Unpacking libstdc++-13-dev:arm64 (13.3.0-6ubuntu2~24.04.1) ...
Preparing to unpack .../10-bridge-utils_1.7.1-1ubuntu2_arm64.deb ...
Unpacking bridge-utils (1.7.1-1ubuntu2) ...
Selecting previously unselected package libc-dev-bin.
Preparing to unpack .../11-libc-dev-bin_2.39-0ubuntu8.8_arm64.deb ...
Unpacking libc-dev-bin (2.39-0ubuntu8.8) ...
Selecting previously unselected package linux-libc-dev:arm64.
Preparing to unpack .../12-linux-libc-dev_6.8.0-136.136_arm64.deb ...
Unpacking linux-libc-dev:arm64 (6.8.0-136.136) ...
Unpacking fontconfig-config (2.15.0-1.1ubuntu2) ...
Unpacking fontconfig-config (2.15.0-1.1ubuntu2) ...
Selecting previously unselected package javascript-common.
Preparing to unpack .../58-javascript-common_11+nmu1_all.deb ...
Unpacking javascript-common (11+nmu1) ...
Selecting previously unselected package javascript-common.
Preparing to unpack .../58-javascript-common_11+nmu1_all.deb ...
Selecting previously unselected package libalgorithm-diff-perl.
Unpacking javascript-common (11+nmu1) ...
Selecting previously unselected package libcrypt-dev:arm64.
Selecting previously unselected package g++-13-aarch64-linux-gnu.
Preparing to unpack .../59-libalgorithm-diff-perl_1.201-1_all.deb ...
Unpacking libalgorithm-diff-perl (1.201-1) ...
Preparing to unpack .../13-libcrypt-dev_1%3a4.4.36-4build1_arm64.deb ...
Preparing to unpack .../38-g++-13-aarch64-linux-gnu_13.3.0-6ubuntu2~24.04.1_arm64.deb ...
Unpacking g++-13-aarch64-linux-gnu (13.3.0-6ubuntu2~24.04.1) ...
Unpacking libcrypt-dev:arm64 (1:4.4.36-4build1) ...
Selecting previously unselected package libalgorithm-diff-perl.
Preparing to unpack .../59-libalgorithm-diff-perl_1.201-1_all.deb ...
Selecting previously unselected package libalgorithm-diff-xs-perl:arm64.
Unpacking libalgorithm-diff-perl (1.201-1) ...
Preparing to unpack .../60-libalgorithm-diff-xs-perl_0.04-8build3_arm64.deb ...
Get:37 http://us-east-1.ec2.ports.ubuntu.com/ubuntu-ports noble-updates/main arm64 gcc-13 arm64 13.3.0-6ubuntu2~24.04.1 [484 kB]
Unpacking libalgorithm-diff-xs-perl:arm64 (0.04-8build3) ...
Get:38 http://us-east-1.ec2.ports.ubuntu.com/ubuntu-ports noble/main arm64 gcc-aarch64-linux-gnu arm64 4:13.2.0-7ubuntu1 [1198 B]
Get:39 http://us-east-1.ec2.ports.ubuntu.com/ubuntu-ports noble/main arm64 gcc arm64 4:13.2.0-7ubuntu1 [5018 B]
Get:40 http://us-east-1.ec2.ports.ubuntu.com/ubuntu-ports noble-updates/main arm64 libstdc++-13-dev arm64 13.3.0-6ubuntu2~24.04.1 [2397 kB]
Selecting previously unselected package rpcsvc-proto.
Preparing to unpack .../14-rpcsvc-proto_1.4.2-0ubuntu7_arm64.deb ...
Unpacking rpcsvc-proto (1.4.2-0ubuntu7) ...
Selecting previously unselected package libalgorithm-merge-perl.
Selecting previously unselected package libalgorithm-diff-xs-perl:arm64.
Preparing to unpack .../60-libalgorithm-diff-xs-perl_0.04-8build3_arm64.deb ...
Preparing to unpack .../61-libalgorithm-merge-perl_0.08-5_all.deb ...
Fetched 37.7 MB in 4s (9761 kB/s)
Reading package lists...Unpacking libalgorithm-merge-perl (0.08-5) ...
Unpacking libalgorithm-diff-xs-perl:arm64 (0.04-8build3) ...
Get:41 http://us-east-1.ec2.ports.ubuntu.com/ubuntu-ports noble-updates/main arm64 g++-13-aarch64-linux-gnu arm64 13.3.0-6ubuntu2~24.04.1 [10.9 MB]
Selecting previously unselected package libc6-dev:arm64.
Selecting previously unselected package libalgorithm-merge-perl.
Selecting previously unselected package libaom3:arm64.
Preparing to unpack .../15-libc6-dev_2.39-0ubuntu8.8_arm64.deb ...
Preparing to unpack .../61-libalgorithm-merge-perl_0.08-5_all.deb ...
Preparing to unpack .../62-libaom3_3.8.2-2ubuntu0.1_arm64.deb ...
Unpacking libc6-dev:arm64 (2.39-0ubuntu8.8) ...
Unpacking libalgorithm-merge-perl (0.08-5) ...
Unpacking libaom3:arm64 (3.8.2-2ubuntu0.1) ...
Selecting previously unselected package libaom3:arm64.
Preparing to unpack .../62-libaom3_3.8.2-2ubuntu0.1_arm64.deb ...
Processing triggers for dbus (1.14.10-4ubuntu4.1) ...
Unpacking libaom3:arm64 (3.8.2-2ubuntu0.1) ...
Get:23 http://us-east-1.ec2.ports.ubuntu.com/ubuntu-ports noble-updates/main arm64 cpp-13 arm64 13.3.0-6ubuntu2~24.04.1 [1038 B]
Get:24 http://us-east-1.ec2.ports.ubuntu.com/ubuntu-ports noble/main arm64 cpp-aarch64-linux-gnu arm64 4:13.2.0-7ubuntu1 [5316 B]
Get:25 http://us-east-1.ec2.ports.ubuntu.com/ubuntu-ports noble/main arm64 cpp arm64 4:13.2.0-7ubuntu1 [22.4 kB]
Get:26 http://us-east-1.ec2.ports.ubuntu.com/ubuntu-ports noble-updates/main arm64 libcc1-0 arm64 14.2.0-4ubuntu2~24.04.1 [49.7 kB]
Get:27 http://us-east-1.ec2.ports.ubuntu.com/ubuntu-ports noble-updates/main arm64 libgomp1 arm64 14.2.0-4ubuntu2~24.04.1 [145 kB]
Get:28 http://us-east-1.ec2.ports.ubuntu.com/ubuntu-ports noble-updates/main arm64 libitm1 arm64 14.2.0-4ubuntu2~24.04.1 [28.2 kB]
Get:29 http://us-east-1.ec2.ports.ubuntu.com/ubuntu-ports noble-updates/main arm64 libatomic1 arm64 14.2.0-4ubuntu2~24.04.1 [11.6 kB]
Get:30 http://us-east-1.ec2.ports.ubuntu.com/ubuntu-ports noble-updates/main arm64 libasan8 arm64 14.2.0-4ubuntu2~24.04.1 [2928 kB]
Processing triggers for sgml-base (1.31) ...
Selecting previously unselected package libfontconfig1:arm64.
Selecting previously unselected package g++-13.
Preparing to unpack .../63-libfontconfig1_2.15.0-1.1ubuntu2_arm64.deb ...
Unpacking libfontconfig1:arm64 (2.15.0-1.1ubuntu2) ...
Preparing to unpack .../39-g++-13_13.3.0-6ubuntu2~24.04.1_arm64.deb ...
Unpacking g++-13 (13.3.0-6ubuntu2~24.04.1) ...
Setting up libfontconfig1:arm64 (2.15.0-1.1ubuntu2) ...
Selecting previously unselected package g++-aarch64-linux-gnu.
Setting up libgd3:arm64 (2.3.3-9ubuntu5) ...
Get:31 http://us-east-1.ec2.ports.ubuntu.com/ubuntu-ports noble-updates/main arm64 liblsan0 arm64 14.2.0-4ubuntu2~24.04.1 [1289 kB]
Selecting previously unselected package gcc-13-base:arm64.
Preparing to unpack .../40-g++-aarch64-linux-gnu_4%3a13.2.0-7ubuntu1_arm64.deb ...
Unpacking g++-aarch64-linux-gnu (4:13.2.0-7ubuntu1) ...
Preparing to unpack .../16-gcc-13-base_13.3.0-6ubuntu2~24.04.1_arm64.deb ...
Setting up libc-devtools (2.39-0ubuntu8.8) ...
Selecting previously unselected package libfontconfig1:arm64.
Selecting previously unselected package libsharpyuv0:arm64.
Get:32 http://us-east-1.ec2.ports.ubuntu.com/ubuntu-ports noble-updates/main arm64 libtsan2 arm64 14.2.0-4ubuntu2~24.04.1 [2697 kB]
Unpacking gcc-13-base:arm64 (13.3.0-6ubuntu2~24.04.1) ...
Preparing to unpack .../63-libfontconfig1_2.15.0-1.1ubuntu2_arm64.deb ...
Preparing to unpack .../64-libsharpyuv0_1.3.2-0.4build3_arm64.deb ...
Processing triggers for libc-bin (2.39-0ubuntu8.8) ...
Unpacking libfontconfig1:arm64 (2.15.0-1.1ubuntu2) ...
Unpacking libsharpyuv0:arm64 (1.3.2-0.4build3) ...
Get:33 http://us-east-1.ec2.ports.ubuntu.com/ubuntu-ports noble-updates/main arm64 libubsan1 arm64 14.2.0-4ubuntu2~24.04.1 [1157 kB]

Running kernel seems to be up-to-date.

Restarting services...
Selecting previously unselected package g++.
Preparing to unpack .../41-g++_4%3a13.2.0-7ubuntu1_arm64.deb ...
Get:34 http://us-east-1.ec2.ports.ubuntu.com/ubuntu-ports noble-updates/main arm64 libhwasan0 arm64 14.2.0-4ubuntu2~24.04.1 [1605 kB]
Unpacking g++ (4:13.2.0-7ubuntu1) ...
Selecting previously unselected package libisl23:arm64.
Get:35 http://us-east-1.ec2.ports.ubuntu.com/ubuntu-ports noble-updates/main arm64 libgcc-13-dev arm64 13.3.0-6ubuntu2~24.04.1 [2473 kB]
Preparing to unpack .../17-libisl23_0.26-3build1.1_arm64.deb ...
Selecting previously unselected package libheif-plugin-aomdec:arm64.
Unpacking libisl23:arm64 (0.26-3build1.1) ...
Selecting previously unselected package libsharpyuv0:arm64.
Preparing to unpack .../65-libheif-plugin-aomdec_1.17.6-1ubuntu4.6_arm64.deb ...
Preparing to unpack .../64-libsharpyuv0_1.3.2-0.4build3_arm64.deb ...
Unpacking libheif-plugin-aomdec:arm64 (1.17.6-1ubuntu4.6) ...
Unpacking libsharpyuv0:arm64 (1.3.2-0.4build3) ...
Get:36 http://us-east-1.ec2.ports.ubuntu.com/ubuntu-ports noble-updates/main arm64 gcc-13-aarch64-linux-gnu arm64 13.3.0-6ubuntu2~24.04.1 [18.7 MB]
Selecting previously unselected package make.
Preparing to unpack .../42-make_4.3-4.1build2_arm64.deb ...
Unpacking make (4.3-4.1build2) ...
Selecting previously unselected package libdpkg-perl.
Selecting previously unselected package libheif-plugin-aomdec:arm64.
Preparing to unpack .../65-libheif-plugin-aomdec_1.17.6-1ubuntu4.6_arm64.deb ...
Unpacking libheif-plugin-aomdec:arm64 (1.17.6-1ubuntu4.6) ...
Selecting previously unselected package libheif1:arm64.
Preparing to unpack .../66-libheif1_1.17.6-1ubuntu4.6_arm64.deb ...
Selecting previously unselected package libmpc3:arm64.
Preparing to unpack .../43-libdpkg-perl_1.22.6ubuntu6.6_all.deb ...
Unpacking libdpkg-perl (1.22.6ubuntu6.6) ...
Selecting previously unselected package bzip2.
Preparing to unpack .../44-bzip2_1.0.8-5.1build0.1_arm64.deb ...
Unpacking bzip2 (1.0.8-5.1build0.1) ...
Preparing to unpack .../18-libmpc3_1.3.1-1build1.1_arm64.deb ...
Unpacking libmpc3:arm64 (1.3.1-1build1.1) ...
Selecting previously unselected package cpp-13-aarch64-linux-gnu.
Preparing to unpack .../19-cpp-13-aarch64-linux-gnu_13.3.0-6ubuntu2~24.04.1_arm64.deb ...
Unpacking cpp-13-aarch64-linux-gnu (13.3.0-6ubuntu2~24.04.1) ...
Unpacking libheif1:arm64 (1.17.6-1ubuntu4.6) ...
Selecting previously unselected package libjpeg-turbo8:arm64.
Preparing to unpack .../67-libjpeg-turbo8_2.1.5-2ubuntu2_arm64.deb ...
Unpacking libjpeg-turbo8:arm64 (2.1.5-2ubuntu2) ...
Selecting previously unselected package libheif1:arm64.
Preparing to unpack .../66-libheif1_1.17.6-1ubuntu4.6_arm64.deb ...
Unpacking libheif1:arm64 (1.17.6-1ubuntu4.6) ...
 systemctl restart acpid.service chrony.service cron.service irqbalance.service multipathd.service packagekit.service polkit.service rsyslog.service ssh.service systemd-journald.service systemd-networkd.service systemd-resolved.service systemd-udevd.service udisks2.service
Selecting previously unselected package lto-disabled-list.
Selecting previously unselected package libjpeg8:arm64.
Preparing to unpack .../45-lto-disabled-list_47_all.deb ...
Selecting previously unselected package libjpeg-turbo8:arm64.
Unpacking lto-disabled-list (47) ...
Preparing to unpack .../68-libjpeg8_8c-2ubuntu11_arm64.deb ...
Preparing to unpack .../67-libjpeg-turbo8_2.1.5-2ubuntu2_arm64.deb ...
Unpacking libjpeg8:arm64 (8c-2ubuntu11) ...
Unpacking libjpeg-turbo8:arm64 (2.1.5-2ubuntu2) ...
Selecting previously unselected package dpkg-dev.
Preparing to unpack .../46-dpkg-dev_1.22.6ubuntu6.6_all.deb ...
Unpacking dpkg-dev (1.22.6ubuntu6.6) ...
Selecting previously unselected package libdeflate0:arm64.
Selecting previously unselected package libjpeg8:arm64.
Preparing to unpack .../69-libdeflate0_1.19-1build1.1_arm64.deb ...
Preparing to unpack .../68-libjpeg8_8c-2ubuntu11_arm64.deb ...
Unpacking libdeflate0:arm64 (1.19-1build1.1) ...
Unpacking libjpeg8:arm64 (8c-2ubuntu11) ...
Get:42 http://us-east-1.ec2.ports.ubuntu.com/ubuntu-ports noble-updates/main arm64 g++-13 arm64 13.3.0-6ubuntu2~24.04.1 [16.0 kB]
Get:43 http://us-east-1.ec2.ports.ubuntu.com/ubuntu-ports noble/main arm64 g++-aarch64-linux-gnu arm64 4:13.2.0-7ubuntu1 [962 B]
Get:44 http://us-east-1.ec2.ports.ubuntu.com/ubuntu-ports noble/main arm64 g++ arm64 4:13.2.0-7ubuntu1 [1082 B]
Get:45 http://us-east-1.ec2.ports.ubuntu.com/ubuntu-ports noble/main arm64 make arm64 4.3-4.1build2 [178 kB]
Get:46 http://us-east-1.ec2.ports.ubuntu.com/ubuntu-ports noble-updates/main arm64 libdpkg-perl all 1.22.6ubuntu6.6 [268 kB]
Get:47 http://us-east-1.ec2.ports.ubuntu.com/ubuntu-ports noble-updates/main arm64 bzip2 arm64 1.0.8-5.1build0.1 [34.0 kB]
Get:48 http://us-east-1.ec2.ports.ubuntu.com/ubuntu-ports noble/main arm64 lto-disabled-list all 47 [12.4 kB]
Get:49 http://us-east-1.ec2.ports.ubuntu.com/ubuntu-ports noble-updates/main arm64 dpkg-dev all 1.22.6ubuntu6.6 [1074 kB]
Get:50 http://us-east-1.ec2.ports.ubuntu.com/ubuntu-ports noble/main arm64 build-essential arm64 12.10ubuntu1 [4932 B]
Get:51 http://us-east-1.ec2.ports.ubuntu.com/ubuntu-ports noble-updates/main arm64 runc arm64 1.3.4-0ubuntu1~24.04.1 [8578 kB]
Selecting previously unselected package libdeflate0:arm64.
Selecting previously unselected package libjbig0:arm64.
Preparing to unpack .../70-libjbig0_2.1-6.1ubuntu2_arm64.deb ...
Preparing to unpack .../69-libdeflate0_1.19-1build1.1_arm64.deb ...
Unpacking libjbig0:arm64 (2.1-6.1ubuntu2) ...
Unpacking libdeflate0:arm64 (1.19-1build1.1) ...
Selecting previously unselected package build-essential.
Preparing to unpack .../47-build-essential_12.10ubuntu1_arm64.deb ...
Get:37 http://us-east-1.ec2.ports.ubuntu.com/ubuntu-ports noble-updates/main arm64 gcc-13 arm64 13.3.0-6ubuntu2~24.04.1 [484 kB]
Unpacking build-essential (12.10ubuntu1) ...
Get:38 http://us-east-1.ec2.ports.ubuntu.com/ubuntu-ports noble/main arm64 gcc-aarch64-linux-gnu arm64 4:13.2.0-7ubuntu1 [1198 B]
Selecting previously unselected package liblerc4:arm64.
Get:39 http://us-east-1.ec2.ports.ubuntu.com/ubuntu-ports noble/main arm64 gcc arm64 4:13.2.0-7ubuntu1 [5018 B]
Get:40 http://us-east-1.ec2.ports.ubuntu.com/ubuntu-ports noble-updates/main arm64 libstdc++-13-dev arm64 13.3.0-6ubuntu2~24.04.1 [2397 kB]
Selecting previously unselected package libjbig0:arm64.
Preparing to unpack .../71-liblerc4_4.0.0+ds-4ubuntu2_arm64.deb ...
Preparing to unpack .../70-libjbig0_2.1-6.1ubuntu2_arm64.deb ...
Selecting previously unselected package cpp-13.
Unpacking liblerc4:arm64 (4.0.0+ds-4ubuntu2) ...
Unpacking libjbig0:arm64 (2.1-6.1ubuntu2) ...
Selecting previously unselected package runc.
Preparing to unpack .../20-cpp-13_13.3.0-6ubuntu2~24.04.1_arm64.deb ...
Unpacking cpp-13 (13.3.0-6ubuntu2~24.04.1) ...
Get:41 http://us-east-1.ec2.ports.ubuntu.com/ubuntu-ports noble-updates/main arm64 g++-13-aarch64-linux-gnu arm64 13.3.0-6ubuntu2~24.04.1 [10.9 MB]
Preparing to unpack .../48-runc_1.3.4-0ubuntu1~24.04.1_arm64.deb ...
Unpacking runc (1.3.4-0ubuntu1~24.04.1) ...
Selecting previously unselected package cpp-aarch64-linux-gnu.
Preparing to unpack .../21-cpp-aarch64-linux-gnu_4%3a13.2.0-7ubuntu1_arm64.deb ...
Selecting previously unselected package libwebp7:arm64.
Unpacking cpp-aarch64-linux-gnu (4:13.2.0-7ubuntu1) ...
Selecting previously unselected package liblerc4:arm64.
Preparing to unpack .../72-libwebp7_1.3.2-0.4build3_arm64.deb ...
Preparing to unpack .../71-liblerc4_4.0.0+ds-4ubuntu2_arm64.deb ...
Unpacking libwebp7:arm64 (1.3.2-0.4build3) ...
Unpacking liblerc4:arm64 (4.0.0+ds-4ubuntu2) ...
Selecting previously unselected package cpp.
Preparing to unpack .../22-cpp_4%3a13.2.0-7ubuntu1_arm64.deb ...
Unpacking cpp (4:13.2.0-7ubuntu1) ...
Selecting previously unselected package libtiff6:arm64.
Selecting previously unselected package libwebp7:arm64.
Preparing to unpack .../73-libtiff6_4.5.1+git230720-4ubuntu2.5_arm64.deb ...
Preparing to unpack .../72-libwebp7_1.3.2-0.4build3_arm64.deb ...
Unpacking libwebp7:arm64 (1.3.2-0.4build3) ...
Unpacking libtiff6:arm64 (4.5.1+git230720-4ubuntu2.5) ...
Selecting previously unselected package libcc1-0:arm64.
Preparing to unpack .../23-libcc1-0_14.2.0-4ubuntu2~24.04.1_arm64.deb ...
Unpacking libcc1-0:arm64 (14.2.0-4ubuntu2~24.04.1) ...
Selecting previously unselected package libxpm4:arm64.
Selecting previously unselected package libtiff6:arm64.
Preparing to unpack .../74-libxpm4_1%3a3.5.17-1ubuntu0.24.04.1_arm64.deb ...
Preparing to unpack .../73-libtiff6_4.5.1+git230720-4ubuntu2.5_arm64.deb ...
Unpacking libxpm4:arm64 (1:3.5.17-1ubuntu0.24.04.1) ...
Unpacking libtiff6:arm64 (4.5.1+git230720-4ubuntu2.5) ...
Selecting previously unselected package libgomp1:arm64.
Preparing to unpack .../24-libgomp1_14.2.0-4ubuntu2~24.04.1_arm64.deb ...
Unpacking libgomp1:arm64 (14.2.0-4ubuntu2~24.04.1) ...
Selecting previously unselected package libgd3:arm64.
Preparing to unpack .../75-libgd3_2.3.3-9ubuntu5_arm64.deb ...
Selecting previously unselected package libxpm4:arm64.
Selecting previously unselected package containerd.
Unpacking libgd3:arm64 (2.3.3-9ubuntu5) ...
Get:52 http://us-east-1.ec2.ports.ubuntu.com/ubuntu-ports noble-updates/main arm64 containerd arm64 2.2.1-0ubuntu1~24.04.3 [25.2 MB]
Preparing to unpack .../49-containerd_2.2.1-0ubuntu1~24.04.3_arm64.deb ...
Preparing to unpack .../74-libxpm4_1%3a3.5.17-1ubuntu0.24.04.1_arm64.deb ...
Unpacking libxpm4:arm64 (1:3.5.17-1ubuntu0.24.04.1) ...
Unpacking containerd (2.2.1-0ubuntu1~24.04.3) ...
Selecting previously unselected package libitm1:arm64.
Preparing to unpack .../25-libitm1_14.2.0-4ubuntu2~24.04.1_arm64.deb ...
Unpacking libitm1:arm64 (14.2.0-4ubuntu2~24.04.1) ...
Selecting previously unselected package libc-devtools.
Preparing to unpack .../76-libc-devtools_2.39-0ubuntu8.8_arm64.deb ...
Unpacking libc-devtools (2.39-0ubuntu8.8) ...
Selecting previously unselected package libgd3:arm64.
Selecting previously unselected package libatomic1:arm64.
Preparing to unpack .../75-libgd3_2.3.3-9ubuntu5_arm64.deb ...
Preparing to unpack .../26-libatomic1_14.2.0-4ubuntu2~24.04.1_arm64.deb ...
Unpacking libgd3:arm64 (2.3.3-9ubuntu5) ...
Unpacking libatomic1:arm64 (14.2.0-4ubuntu2~24.04.1) ...
Selecting previously unselected package libexpat1-dev:arm64.
Preparing to unpack .../77-libexpat1-dev_2.6.1-2ubuntu0.4_arm64.deb ...
Unpacking libexpat1-dev:arm64 (2.6.1-2ubuntu0.4) ...
Selecting previously unselected package libasan8:arm64.
Selecting previously unselected package libc-devtools.

Service restarts being deferred:
 systemctl restart ModemManager.service
 /etc/needrestart/restart.d/dbus.service
 systemctl restart getty@tty1.service
 systemctl restart networkd-dispatcher.service
 systemctl restart serial-getty@ttyS0.service
 systemctl restart systemd-logind.service
 systemctl restart unattended-upgrades.service

No containers need to be restarted.

User sessions running outdated binaries:
 ubuntu @ session #3: sshd[1436,1520]
 ubuntu @ user manager service: systemd[1327]

No VM guests are running outdated hypervisor (qemu) binaries on this host.
Preparing to unpack .../27-libasan8_14.2.0-4ubuntu2~24.04.1_arm64.deb ...
Preparing to unpack .../76-libc-devtools_2.39-0ubuntu8.8_arm64.deb ...
Unpacking libasan8:arm64 (14.2.0-4ubuntu2~24.04.1) ...
Unpacking libc-devtools (2.39-0ubuntu8.8) ...
Selecting previously unselected package libexpat1-dev:arm64.
Preparing to unpack .../77-libexpat1-dev_2.6.1-2ubuntu0.4_arm64.deb ...
Unpacking libexpat1-dev:arm64 (2.6.1-2ubuntu0.4) ...
Selecting previously unselected package libfile-fcntllock-perl.
Preparing to unpack .../78-libfile-fcntllock-perl_0.22-4ubuntu5_arm64.deb ...
Unpacking libfile-fcntllock-perl (0.22-4ubuntu5) ...
Selecting previously unselected package libfile-fcntllock-perl.
Preparing to unpack .../78-libfile-fcntllock-perl_0.22-4ubuntu5_arm64.deb ...
Selecting previously unselected package libheif-plugin-aomenc:arm64.
Preparing to unpack .../79-libheif-plugin-aomenc_1.17.6-1ubuntu4.6_arm64.deb ...
Unpacking libheif-plugin-aomenc:arm64 (1.17.6-1ubuntu4.6) ...
Selecting previously unselected package liblsan0:arm64.
Unpacking libfile-fcntllock-perl (0.22-4ubuntu5) ...
Preparing to unpack .../28-liblsan0_14.2.0-4ubuntu2~24.04.1_arm64.deb ...
Unpacking liblsan0:arm64 (14.2.0-4ubuntu2~24.04.1) ...
Selecting previously unselected package libjs-jquery.
Preparing to unpack .../80-libjs-jquery_3.6.1+dfsg+~3.5.14-1_all.deb ...
Selecting previously unselected package libheif-plugin-aomenc:arm64.
Unpacking libjs-jquery (3.6.1+dfsg+~3.5.14-1) ...
Preparing to unpack .../79-libheif-plugin-aomenc_1.17.6-1ubuntu4.6_arm64.deb ...
Unpacking libheif-plugin-aomenc:arm64 (1.17.6-1ubuntu4.6) ...

Selecting previously unselected package libtsan2:arm64.
Selecting previously unselected package libjs-underscore.
Preparing to unpack .../29-libtsan2_14.2.0-4ubuntu2~24.04.1_arm64.deb ...
Preparing to unpack .../81-libjs-underscore_1.13.4~dfsg+~1.11.4-3_all.deb ...
Unpacking libtsan2:arm64 (14.2.0-4ubuntu2~24.04.1) ...
Reading package lists...Selecting previously unselected package libjs-jquery.

Preparing to unpack .../80-libjs-jquery_3.6.1+dfsg+~3.5.14-1_all.deb ...
Unpacking libjs-underscore (1.13.4~dfsg+~1.11.4-3) ...
Building dependency tree...Unpacking libjs-jquery (3.6.1+dfsg+~3.5.14-1) ...
Selecting previously unselected package libjs-sphinxdoc.
Preparing to unpack .../82-libjs-sphinxdoc_7.2.6-6_all.deb ...
Unpacking libjs-sphinxdoc (7.2.6-6) ...
Selecting previously unselected package libjs-underscore.
Preparing to unpack .../81-libjs-underscore_1.13.4~dfsg+~1.11.4-3_all.deb ...
Selecting previously unselected package libubsan1:arm64.
Preparing to unpack .../30-libubsan1_14.2.0-4ubuntu2~24.04.1_arm64.deb ...
Unpacking libjs-underscore (1.13.4~dfsg+~1.11.4-3) ...
Unpacking libubsan1:arm64 (14.2.0-4ubuntu2~24.04.1) ...
Selecting previously unselected package zlib1g-dev:arm64.
Preparing to unpack .../83-zlib1g-dev_1%3a1.3.dfsg-3.1ubuntu2.1_arm64.deb ...
Unpacking zlib1g-dev:arm64 (1:1.3.dfsg-3.1ubuntu2.1) ...
Get:42 http://us-east-1.ec2.ports.ubuntu.com/ubuntu-ports noble-updates/main arm64 g++-13 arm64 13.3.0-6ubuntu2~24.04.1 [16.0 kB]
Get:43 http://us-east-1.ec2.ports.ubuntu.com/ubuntu-ports noble/main arm64 g++-aarch64-linux-gnu arm64 4:13.2.0-7ubuntu1 [962 B]
Get:44 http://us-east-1.ec2.ports.ubuntu.com/ubuntu-ports noble/main arm64 g++ arm64 4:13.2.0-7ubuntu1 [1082 B]
Get:45 http://us-east-1.ec2.ports.ubuntu.com/ubuntu-ports noble/main arm64 make arm64 4.3-4.1build2 [178 kB]
Get:46 http://us-east-1.ec2.ports.ubuntu.com/ubuntu-ports noble-updates/main arm64 libdpkg-perl all 1.22.6ubuntu6.6 [268 kB]
Get:47 http://us-east-1.ec2.ports.ubuntu.com/ubuntu-ports noble-updates/main arm64 bzip2 arm64 1.0.8-5.1build0.1 [34.0 kB]
Get:48 http://us-east-1.ec2.ports.ubuntu.com/ubuntu-ports noble/main arm64 lto-disabled-list all 47 [12.4 kB]
Get:49 http://us-east-1.ec2.ports.ubuntu.com/ubuntu-ports noble-updates/main arm64 dpkg-dev all 1.22.6ubuntu6.6 [1074 kB]
Selecting previously unselected package libjs-sphinxdoc.
Get:50 http://us-east-1.ec2.ports.ubuntu.com/ubuntu-ports noble/main arm64 build-essential arm64 12.10ubuntu1 [4932 B]
Get:51 http://us-east-1.ec2.ports.ubuntu.com/ubuntu-ports noble-updates/main arm64 runc arm64 1.3.4-0ubuntu1~24.04.1 [8578 kB]
Preparing to unpack .../82-libjs-sphinxdoc_7.2.6-6_all.deb ...
Unpacking libjs-sphinxdoc (7.2.6-6) ...
Selecting previously unselected package libhwasan0:arm64.
Selecting previously unselected package libpython3.12-dev:arm64.
Preparing to unpack .../31-libhwasan0_14.2.0-4ubuntu2~24.04.1_arm64.deb ...
Unpacking libhwasan0:arm64 (14.2.0-4ubuntu2~24.04.1) ...
Preparing to unpack .../84-libpython3.12-dev_3.12.3-1ubuntu0.15_arm64.deb ...
Unpacking libpython3.12-dev:arm64 (3.12.3-1ubuntu0.15) ...
Selecting previously unselected package zlib1g-dev:arm64.
Preparing to unpack .../83-zlib1g-dev_1%3a1.3.dfsg-3.1ubuntu2.1_arm64.deb ...
Unpacking zlib1g-dev:arm64 (1:1.3.dfsg-3.1ubuntu2.1) ...
Selecting previously unselected package libgcc-13-dev:arm64.
Get:52 http://us-east-1.ec2.ports.ubuntu.com/ubuntu-ports noble-updates/main arm64 containerd arm64 2.2.1-0ubuntu1~24.04.3 [25.2 MB]
Preparing to unpack .../32-libgcc-13-dev_13.3.0-6ubuntu2~24.04.1_arm64.deb ...
Unpacking libgcc-13-dev:arm64 (13.3.0-6ubuntu2~24.04.1) ...
Selecting previously unselected package libpython3.12-dev:arm64.
Selecting previously unselected package dns-root-data.
Preparing to unpack .../84-libpython3.12-dev_3.12.3-1ubuntu0.15_arm64.deb ...
Preparing to unpack .../50-dns-root-data_2024071801~ubuntu0.24.04.1_all.deb ...
Unpacking libpython3.12-dev:arm64 (3.12.3-1ubuntu0.15) ...
Unpacking dns-root-data (2024071801~ubuntu0.24.04.1) ...

Reading state information...
Selecting previously unselected package dnsmasq-base.
Preparing to unpack .../51-dnsmasq-base_2.90-2ubuntu0.4_arm64.deb ...
Unpacking dnsmasq-base (2.90-2ubuntu0.4) ...
Selecting previously unselected package gcc-13-aarch64-linux-gnu.
Preparing to unpack .../33-gcc-13-aarch64-linux-gnu_13.3.0-6ubuntu2~24.04.1_arm64.deb ...
Unpacking gcc-13-aarch64-linux-gnu (13.3.0-6ubuntu2~24.04.1) ...
Selecting previously unselected package docker.io.
Preparing to unpack .../52-docker.io_29.1.3-0ubuntu3~24.04.2_arm64.deb ...
Unpacking docker.io (29.1.3-0ubuntu3~24.04.2) ...
Selecting previously unselected package libpython3-dev:arm64.
Preparing to unpack .../85-libpython3-dev_3.12.3-0ubuntu2.1_arm64.deb ...
Unpacking libpython3-dev:arm64 (3.12.3-0ubuntu2.1) ...
Preparing to unpack .../86-linux-tools-common_6.8.0-136.136_all.deb ...
Unpacking linux-tools-common (6.8.0-136.136) over (6.8.0-134.134) ...
Selecting previously unselected package libpython3-dev:arm64.
Selecting previously unselected package manpages-dev.
Preparing to unpack .../87-manpages-dev_6.7-2_all.deb ...
Unpacking manpages-dev (6.7-2) ...
Preparing to unpack .../85-libpython3-dev_3.12.3-0ubuntu2.1_arm64.deb ...
Unpacking libpython3-dev:arm64 (3.12.3-0ubuntu2.1) ...
Preparing to unpack .../86-linux-tools-common_6.8.0-136.136_all.deb ...
Unpacking linux-tools-common (6.8.0-136.136) over (6.8.0-134.134) ...
Selecting previously unselected package manpages-dev.
Preparing to unpack .../87-manpages-dev_6.7-2_all.deb ...
Unpacking manpages-dev (6.7-2) ...
curl is already the newest version (8.5.0-2ubuntu10.11).
curl set to manually installed.
ca-certificates is already the newest version (20260601~24.04.1).
ca-certificates set to manually installed.
jq is already the newest version (1.7.1-3ubuntu0.24.04.2).
jq set to manually installed.
git is already the newest version (1:2.43.0-1ubuntu7.3).
git set to manually installed.
The following additional packages will be installed:
  binutils binutils-aarch64-linux-gnu binutils-common bridge-utils bzip2
  containerd cpp cpp-13 cpp-13-aarch64-linux-gnu cpp-aarch64-linux-gnu
  dns-root-data dnsmasq-base dpkg-dev fakeroot fontconfig-config
  fonts-dejavu-core fonts-dejavu-mono g++ g++-13 g++-13-aarch64-linux-gnu
  g++-aarch64-linux-gnu gcc gcc-13 gcc-13-aarch64-linux-gnu gcc-13-base
  gcc-aarch64-linux-gnu javascript-common libalgorithm-diff-perl
  libalgorithm-diff-xs-perl libalgorithm-merge-perl libaom3 libasan8
  libatomic1 libbinutils libc-bin libc-dev-bin libc-devtools libc6 libc6-dev
  libcc1-0 libcrypt-dev libctf-nobfd0 libctf0 libdeflate0 libdpkg-perl
  libexpat1-dev libfakeroot libfile-fcntllock-perl libfontconfig1
  libgcc-13-dev libgd3 libgomp1 libgprofng0 libheif-plugin-aomdec
Selecting previously unselected package gcc-13.
Get:53 http://us-east-1.ec2.ports.ubuntu.com/ubuntu-ports noble-updates/main arm64 dns-root-data all 2024071801~ubuntu0.24.04.1 [5918 B]
Get:54 http://us-east-1.ec2.ports.ubuntu.com/ubuntu-ports noble-updates/main arm64 dnsmasq-base arm64 2.90-2ubuntu0.4 [367 kB]
Preparing to unpack .../34-gcc-13_13.3.0-6ubuntu2~24.04.1_arm64.deb ...
Get:55 http://us-east-1.ec2.ports.ubuntu.com/ubuntu-ports noble-updates/universe arm64 docker.io arm64 29.1.3-0ubuntu3~24.04.2 [32.0 MB]
Unpacking gcc-13 (13.3.0-6ubuntu2~24.04.1) ...
  libheif-plugin-aomenc libheif1 libhwasan0 libisl23 libitm1 libjbig0
  libjpeg-turbo8 libjpeg8 libjs-jquery libjs-sphinxdoc libjs-underscore
  liblerc4 liblsan0 libmpc3 libpython3-dev libpython3.12-dev libsframe1
  libsharpyuv0 libstdc++-13-dev libtiff6 libtsan2 libubsan1 libwebp7 libxpm4
  linux-libc-dev linux-tools-common locales lto-disabled-list make
  manpages-dev pigz python3-dev python3-wheel python3.12-dev rpcsvc-proto runc
  ubuntu-fan zlib1g-dev
Suggested packages:
  binutils-doc gprofng-gui ifupdown bzip2-doc cpp-doc gcc-13-locales
  cpp-13-doc aufs-tools cgroupfs-mount | cgroup-lite debootstrap docker-buildx
  docker-compose-v2 docker-doc rinse zfs-fuse | zfsutils debian-keyring
  gcc-13-doc gcc-multilib autoconf automake libtool flex bison gdb gcc-doc
  gdb-aarch64-linux-gnu apache2 | lighttpd | httpd glibc-doc libnss-nis
  libnss-nisplus bzr libgd-tools libheif-plugin-libde265 libheif-plugin-x265
  libheif-plugin-ffmpegdec libheif-plugin-jpegdec libheif-plugin-jpegenc
  libheif-plugin-j2kdec libheif-plugin-j2kenc libheif-plugin-rav1e
  libheif-plugin-svtenc libstdc++-13-doc make-doc
The following NEW packages will be installed:
  binutils binutils-aarch64-linux-gnu binutils-common bridge-utils
  build-essential bzip2 containerd cpp cpp-13 cpp-13-aarch64-linux-gnu
  cpp-aarch64-linux-gnu dns-root-data dnsmasq-base docker.io dpkg-dev fakeroot
  fontconfig-config fonts-dejavu-core fonts-dejavu-mono g++ g++-13
  g++-13-aarch64-linux-gnu g++-aarch64-linux-gnu gcc gcc-13
  gcc-13-aarch64-linux-gnu gcc-13-base gcc-aarch64-linux-gnu javascript-common
  libalgorithm-diff-perl libalgorithm-diff-xs-perl libalgorithm-merge-perl
  libaom3 libasan8 libatomic1 libbinutils libc-dev-bin libc-devtools libc6-dev
  libcc1-0 libcrypt-dev libctf-nobfd0 libctf0 libdeflate0 libdpkg-perl
  libexpat1-dev libfakeroot libfile-fcntllock-perl libfontconfig1
  libgcc-13-dev libgd3 libgomp1 libgprofng0 libheif-plugin-aomdec
  libheif-plugin-aomenc libheif1 libhwasan0 libisl23 libitm1 libjbig0
  libjpeg-turbo8 libjpeg8 libjs-jquery libjs-sphinxdoc libjs-underscore
  liblerc4 liblsan0 libmpc3 libpython3-dev libpython3.12-dev libsframe1
  libsharpyuv0 libstdc++-13-dev libtiff6 libtsan2 libubsan1 libwebp7 libxpm4
  linux-libc-dev lto-disabled-list make manpages-dev pigz python3-dev
  python3-pip python3-wheel python3.12-dev rpcsvc-proto runc ubuntu-fan
  zlib1g-dev
The following packages will be upgraded:
  libc-bin libc6 linux-tools-common locales
Selecting previously unselected package gcc-aarch64-linux-gnu.
Preparing to unpack .../35-gcc-aarch64-linux-gnu_4%3a13.2.0-7ubuntu1_arm64.deb ...
Unpacking gcc-aarch64-linux-gnu (4:13.2.0-7ubuntu1) ...
4 upgraded, 91 newly installed, 0 to remove and 30 not upgraded.
Need to get 155 MB of archives.
After this operation, 558 MB of additional disk space will be used.
Get:1 http://us-east-1.ec2.ports.ubuntu.com/ubuntu-ports noble-updates/main arm64 libc6 arm64 2.39-0ubuntu8.8 [2775 kB]
Selecting previously unselected package python3.12-dev.
Preparing to unpack .../88-python3.12-dev_3.12.3-1ubuntu0.15_arm64.deb ...
Selecting previously unselected package gcc.
Unpacking python3.12-dev (3.12.3-1ubuntu0.15) ...
Preparing to unpack .../36-gcc_4%3a13.2.0-7ubuntu1_arm64.deb ...
Unpacking gcc (4:13.2.0-7ubuntu1) ...
Selecting previously unselected package libstdc++-13-dev:arm64.
Selecting previously unselected package python3-dev.
Preparing to unpack .../37-libstdc++-13-dev_13.3.0-6ubuntu2~24.04.1_arm64.deb ...
Unpacking libstdc++-13-dev:arm64 (13.3.0-6ubuntu2~24.04.1) ...
sudo: a terminal is required to read the password; either use the -S option to read from standard input or configure an askpass helper
sudo: a password is required
Preparing to unpack .../89-python3-dev_3.12.3-0ubuntu2.1_arm64.deb ...
Unpacking python3-dev (3.12.3-0ubuntu2.1) ...
Selecting previously unselected package python3.12-dev.
Preparing to unpack .../88-python3.12-dev_3.12.3-1ubuntu0.15_arm64.deb ...
sudo: a terminal is required to read the password; either use the -S option to read from standard input or configure an askpass helper
sudo: a password is required
Unpacking python3.12-dev (3.12.3-1ubuntu0.15) ...
sudo: a terminal is required to read the password; either use the -S option to read from standard input or configure an askpass helper
sudo: a password is required
Selecting previously unselected package python3-wheel.
Preparing to unpack .../90-python3-wheel_0.42.0-2_all.deb ...
Unpacking python3-wheel (0.42.0-2) ...
Selecting previously unselected package python3-dev.
Preparing to unpack .../89-python3-dev_3.12.3-0ubuntu2.1_arm64.deb ...
Unpacking python3-dev (3.12.3-0ubuntu2.1) ...
Selecting previously unselected package python3-pip.
Preparing to unpack .../91-python3-pip_24.0+dfsg-1ubuntu1.3_all.deb ...
Selecting previously unselected package python3-wheel.
Unpacking python3-pip (24.0+dfsg-1ubuntu1.3) ...
Get:2 http://us-east-1.ec2.ports.ubuntu.com/ubuntu-ports noble-updates/main arm64 libc-bin arm64 2.39-0ubuntu8.8 [591 kB]
Get:3 http://us-east-1.ec2.ports.ubuntu.com/ubuntu-ports noble/universe arm64 pigz arm64 2.8-1 [60.7 kB]
Get:4 http://us-east-1.ec2.ports.ubuntu.com/ubuntu-ports noble-updates/main arm64 locales all 2.39-0ubuntu8.8 [4231 kB]
Preparing to unpack .../90-python3-wheel_0.42.0-2_all.deb ...
Unpacking python3-wheel (0.42.0-2) ...
Selecting previously unselected package python3-pip.
Selecting previously unselected package g++-13-aarch64-linux-gnu.
Preparing to unpack .../91-python3-pip_24.0+dfsg-1ubuntu1.3_all.deb ...
Preparing to unpack .../38-g++-13-aarch64-linux-gnu_13.3.0-6ubuntu2~24.04.1_arm64.deb ...
Unpacking python3-pip (24.0+dfsg-1ubuntu1.3) ...
Unpacking g++-13-aarch64-linux-gnu (13.3.0-6ubuntu2~24.04.1) ...
Selecting previously unselected package ubuntu-fan.
Preparing to unpack .../92-ubuntu-fan_0.12.16+24.04.1_all.deb ...
Get:56 http://us-east-1.ec2.ports.ubuntu.com/ubuntu-ports noble/main arm64 libfakeroot arm64 1.33-1 [32.5 kB]
Get:57 http://us-east-1.ec2.ports.ubuntu.com/ubuntu-ports noble/main arm64 fakeroot arm64 1.33-1 [66.9 kB]
Get:58 http://us-east-1.ec2.ports.ubuntu.com/ubuntu-ports noble/main arm64 fonts-dejavu-mono all 2.37-8 [502 kB]
Unpacking ubuntu-fan (0.12.16+24.04.1) ...
[22:02:30] [aisix] fetching aisix + rig.sh @ a2738919ce03 ...
Selecting previously unselected package ubuntu-fan.
Preparing to unpack .../92-ubuntu-fan_0.12.16+24.04.1_all.deb ...
Unpacking ubuntu-fan (0.12.16+24.04.1) ...
Get:59 http://us-east-1.ec2.ports.ubuntu.com/ubuntu-ports noble/main arm64 fonts-dejavu-core all 2.37-8 [835 kB]
Get:60 http://us-east-1.ec2.ports.ubuntu.com/ubuntu-ports noble/main arm64 fontconfig-config arm64 2.15.0-1.1ubuntu2 [37.4 kB]
Get:61 http://us-east-1.ec2.ports.ubuntu.com/ubuntu-ports noble/main arm64 javascript-common all 11+nmu1 [5936 B]
Get:62 http://us-east-1.ec2.ports.ubuntu.com/ubuntu-ports noble/main arm64 libalgorithm-diff-perl all 1.201-1 [41.8 kB]
Get:63 http://us-east-1.ec2.ports.ubuntu.com/ubuntu-ports noble/main arm64 libalgorithm-diff-xs-perl arm64 0.04-8build3 [10.9 kB]
Get:64 http://us-east-1.ec2.ports.ubuntu.com/ubuntu-ports noble/main arm64 libalgorithm-merge-perl all 0.08-5 [11.4 kB]
Get:65 http://us-east-1.ec2.ports.ubuntu.com/ubuntu-ports noble-updates/main arm64 libaom3 arm64 3.8.2-2ubuntu0.1 [1617 kB]
Setting up javascript-common (11+nmu1) ...
Setting up libsharpyuv0:arm64 (1.3.2-0.4build3) ...
Setting up libaom3:arm64 (3.8.2-2ubuntu0.1) ...
Setting up javascript-common (11+nmu1) ...
Setting up manpages-dev (6.7-2) ...
Setting up lto-disabled-list (47) ...
Setting up liblerc4:arm64 (4.0.0+ds-4ubuntu2) ...
Setting up libsharpyuv0:arm64 (1.3.2-0.4build3) ...
Setting up libxpm4:arm64 (1:3.5.17-1ubuntu0.24.04.1) ...
Setting up libaom3:arm64 (3.8.2-2ubuntu0.1) ...
Get:66 http://us-east-1.ec2.ports.ubuntu.com/ubuntu-ports noble/main arm64 libfontconfig1 arm64 2.15.0-1.1ubuntu2 [142 kB]
Get:67 http://us-east-1.ec2.ports.ubuntu.com/ubuntu-ports noble/main arm64 libsharpyuv0 arm64 1.3.2-0.4build3 [14.5 kB]
Get:68 http://us-east-1.ec2.ports.ubuntu.com/ubuntu-ports noble-updates/main arm64 libheif-plugin-aomdec arm64 1.17.6-1ubuntu4.6 [11.1 kB]
Get:69 http://us-east-1.ec2.ports.ubuntu.com/ubuntu-ports noble-updates/main arm64 libheif1 arm64 1.17.6-1ubuntu4.6 [260 kB]
Get:70 http://us-east-1.ec2.ports.ubuntu.com/ubuntu-ports noble/main arm64 libjpeg-turbo8 arm64 2.1.5-2ubuntu2 [163 kB]
Get:71 http://us-east-1.ec2.ports.ubuntu.com/ubuntu-ports noble/main arm64 libjpeg8 arm64 8c-2ubuntu11 [2148 B]
Get:72 http://us-east-1.ec2.ports.ubuntu.com/ubuntu-ports noble-updates/main arm64 libdeflate0 arm64 1.19-1build1.1 [43.5 kB]
Get:73 http://us-east-1.ec2.ports.ubuntu.com/ubuntu-ports noble/main arm64 libjbig0 arm64 2.1-6.1ubuntu2 [29.3 kB]
Get:74 http://us-east-1.ec2.ports.ubuntu.com/ubuntu-ports noble/main arm64 liblerc4 arm64 4.0.0+ds-4ubuntu2 [154 kB]
Get:75 http://us-east-1.ec2.ports.ubuntu.com/ubuntu-ports noble/main arm64 libwebp7 arm64 1.3.2-0.4build3 [191 kB]
Get:76 http://us-east-1.ec2.ports.ubuntu.com/ubuntu-ports noble-updates/main arm64 libtiff6 arm64 4.5.1+git230720-4ubuntu2.5 [192 kB]
Get:77 http://us-east-1.ec2.ports.ubuntu.com/ubuntu-ports noble-updates/main arm64 libxpm4 arm64 1:3.5.17-1ubuntu0.24.04.1 [35.3 kB]
Get:78 http://us-east-1.ec2.ports.ubuntu.com/ubuntu-ports noble/main arm64 libgd3 arm64 2.3.3-9ubuntu5 [122 kB]
Get:79 http://us-east-1.ec2.ports.ubuntu.com/ubuntu-ports noble-updates/main arm64 libc-devtools arm64 2.39-0ubuntu8.8 [27.8 kB]
Get:80 http://us-east-1.ec2.ports.ubuntu.com/ubuntu-ports noble-updates/main arm64 libexpat1-dev arm64 2.6.1-2ubuntu0.4 [128 kB]
Get:81 http://us-east-1.ec2.ports.ubuntu.com/ubuntu-ports noble/main arm64 libfile-fcntllock-perl arm64 0.22-4ubuntu5 [30.6 kB]
Get:82 http://us-east-1.ec2.ports.ubuntu.com/ubuntu-ports noble-updates/main arm64 libheif-plugin-aomenc arm64 1.17.6-1ubuntu4.6 [13.7 kB]
Get:83 http://us-east-1.ec2.ports.ubuntu.com/ubuntu-ports noble/main arm64 libjs-jquery all 3.6.1+dfsg+~3.5.14-1 [328 kB]
Get:84 http://us-east-1.ec2.ports.ubuntu.com/ubuntu-ports noble/main arm64 libjs-underscore all 1.13.4~dfsg+~1.11.4-3 [118 kB]
Get:85 http://us-east-1.ec2.ports.ubuntu.com/ubuntu-ports noble/main arm64 libjs-sphinxdoc all 7.2.6-6 [149 kB]
Get:86 http://us-east-1.ec2.ports.ubuntu.com/ubuntu-ports noble-updates/main arm64 zlib1g-dev arm64 1:1.3.dfsg-3.1ubuntu2.1 [894 kB]
Get:87 http://us-east-1.ec2.ports.ubuntu.com/ubuntu-ports noble-updates/main arm64 libpython3.12-dev arm64 3.12.3-1ubuntu0.15 [5538 kB]
Setting up libfile-fcntllock-perl (0.22-4ubuntu5) ...
Setting up manpages-dev (6.7-2) ...
Setting up libalgorithm-diff-perl (1.201-1) ...
Selecting previously unselected package g++-13.
Setting up lto-disabled-list (47) ...
Preparing to unpack .../39-g++-13_13.3.0-6ubuntu2~24.04.1_arm64.deb ...
Unpacking g++-13 (13.3.0-6ubuntu2~24.04.1) ...
Setting up binutils-common:arm64 (2.42-4ubuntu2.10) ...
Setting up liblerc4:arm64 (4.0.0+ds-4ubuntu2) ...
Setting up libxpm4:arm64 (1:3.5.17-1ubuntu0.24.04.1) ...
Setting up libdeflate0:arm64 (1.19-1build1.1) ...
Setting up libfile-fcntllock-perl (0.22-4ubuntu5) ...
Setting up linux-libc-dev:arm64 (6.8.0-136.136) ...
Selecting previously unselected package g++-aarch64-linux-gnu.
Preparing to unpack .../40-g++-aarch64-linux-gnu_4%3a13.2.0-7ubuntu1_arm64.deb ...
Setting up libctf-nobfd0:arm64 (2.42-4ubuntu2.10) ...
Setting up libalgorithm-diff-perl (1.201-1) ...
Get:88 http://us-east-1.ec2.ports.ubuntu.com/ubuntu-ports noble-updates/main arm64 libpython3-dev arm64 3.12.3-0ubuntu2.1 [10.4 kB]
Unpacking g++-aarch64-linux-gnu (4:13.2.0-7ubuntu1) ...
Get:89 http://us-east-1.ec2.ports.ubuntu.com/ubuntu-ports noble-updates/main arm64 linux-tools-common all 6.8.0-136.136 [416 kB]
Get:90 http://us-east-1.ec2.ports.ubuntu.com/ubuntu-ports noble/main arm64 manpages-dev all 6.7-2 [2013 kB]
Setting up binutils-common:arm64 (2.42-4ubuntu2.10) ...
Setting up dnsmasq-base (2.90-2ubuntu0.4) ...
Selecting previously unselected package g++.
Setting up libdeflate0:arm64 (1.19-1build1.1) ...
Get:91 http://us-east-1.ec2.ports.ubuntu.com/ubuntu-ports noble-updates/main arm64 python3.12-dev arm64 3.12.3-1ubuntu0.15 [498 kB]
Preparing to unpack .../41-g++_4%3a13.2.0-7ubuntu1_arm64.deb ...
Unpacking g++ (4:13.2.0-7ubuntu1) ...
Get:92 http://us-east-1.ec2.ports.ubuntu.com/ubuntu-ports noble-updates/main arm64 python3-dev arm64 3.12.3-0ubuntu2.1 [26.7 kB]
Get:93 http://us-east-1.ec2.ports.ubuntu.com/ubuntu-ports noble/universe arm64 python3-wheel all 0.42.0-2 [53.1 kB]
Get:94 http://us-east-1.ec2.ports.ubuntu.com/ubuntu-ports noble-updates/universe arm64 python3-pip all 24.0+dfsg-1ubuntu1.3 [1320 kB]
Setting up linux-libc-dev:arm64 (6.8.0-136.136) ...
Setting up libctf-nobfd0:arm64 (2.42-4ubuntu2.10) ...
Get:95 http://us-east-1.ec2.ports.ubuntu.com/ubuntu-ports noble-updates/universe arm64 ubuntu-fan all 0.12.16+24.04.1 [34.2 kB]
Selecting previously unselected package make.
Setting up libgomp1:arm64 (14.2.0-4ubuntu2~24.04.1) ...
Setting up dnsmasq-base (2.90-2ubuntu0.4) ...
Preparing to unpack .../42-make_4.3-4.1build2_arm64.deb ...
Setting up bzip2 (1.0.8-5.1build0.1) ...
Unpacking make (4.3-4.1build2) ...
Setting up locales (2.39-0ubuntu8.8) ...
Selecting previously unselected package libdpkg-perl.
Preparing to unpack .../43-libdpkg-perl_1.22.6ubuntu6.6_all.deb ...
Unpacking libdpkg-perl (1.22.6ubuntu6.6) ...
Setting up libgomp1:arm64 (14.2.0-4ubuntu2~24.04.1) ...
Selecting previously unselected package libfakeroot:arm64.
Setting up bzip2 (1.0.8-5.1build0.1) ...
Preparing to unpack .../53-libfakeroot_1.33-1_arm64.deb ...
Unpacking libfakeroot:arm64 (1.33-1) ...
Setting up locales (2.39-0ubuntu8.8) ...
Selecting previously unselected package bzip2.
Selecting previously unselected package fakeroot.
Preparing to unpack .../44-bzip2_1.0.8-5.1build0.1_arm64.deb ...
Unpacking bzip2 (1.0.8-5.1build0.1) ...
Preparing to unpack .../54-fakeroot_1.33-1_arm64.deb ...
Unpacking fakeroot (1.33-1) ...
Selecting previously unselected package lto-disabled-list.
Processing triggers for dbus (1.14.10-4ubuntu4.1) ...
Preparing to unpack .../45-lto-disabled-list_47_all.deb ...
Selecting previously unselected package fonts-dejavu-mono.
Unpacking lto-disabled-list (47) ...
Preparing to unpack .../55-fonts-dejavu-mono_2.37-8_all.deb ...
Unpacking fonts-dejavu-mono (2.37-8) ...
Processing triggers for sgml-base (1.31) ...
Selecting previously unselected package dpkg-dev.
Setting up libfontconfig1:arm64 (2.15.0-1.1ubuntu2) ...
Preparing to unpack .../46-dpkg-dev_1.22.6ubuntu6.6_all.deb ...
Unpacking dpkg-dev (1.22.6ubuntu6.6) ...
Setting up libgd3:arm64 (2.3.3-9ubuntu5) ...
Selecting previously unselected package fonts-dejavu-core.
Setting up libc-devtools (2.39-0ubuntu8.8) ...
Preparing to unpack .../56-fonts-dejavu-core_2.37-8_all.deb ...
Processing triggers for libc-bin (2.39-0ubuntu8.8) ...
Unpacking fonts-dejavu-core (2.37-8) ...
Selecting previously unselected package fontconfig-config.
Preparing to unpack .../57-fontconfig-config_2.15.0-1.1ubuntu2_arm64.deb ...
Selecting previously unselected package build-essential.
Preparing to unpack .../47-build-essential_12.10ubuntu1_arm64.deb ...
Unpacking build-essential (12.10ubuntu1) ...
Get:5 http://us-east-1.ec2.ports.ubuntu.com/ubuntu-ports noble-updates/main arm64 binutils-common arm64 2.42-4ubuntu2.10 [240 kB]
Get:6 http://us-east-1.ec2.ports.ubuntu.com/ubuntu-ports noble-updates/main arm64 libsframe1 arm64 2.42-4ubuntu2.10 [15.4 kB]
Get:7 http://us-east-1.ec2.ports.ubuntu.com/ubuntu-ports noble-updates/main arm64 libbinutils arm64 2.42-4ubuntu2.10 [766 kB]
Get:8 http://us-east-1.ec2.ports.ubuntu.com/ubuntu-ports noble-updates/main arm64 libctf-nobfd0 arm64 2.42-4ubuntu2.10 [101 kB]
Get:9 http://us-east-1.ec2.ports.ubuntu.com/ubuntu-ports noble-updates/main arm64 libctf0 arm64 2.42-4ubuntu2.10 [95.7 kB]
Get:10 http://us-east-1.ec2.ports.ubuntu.com/ubuntu-ports noble-updates/main arm64 libgprofng0 arm64 2.42-4ubuntu2.10 [776 kB]
Get:11 http://us-east-1.ec2.ports.ubuntu.com/ubuntu-ports noble-updates/main arm64 binutils-aarch64-linux-gnu arm64 2.42-4ubuntu2.10 [3304 kB]
Get:12 http://us-east-1.ec2.ports.ubuntu.com/ubuntu-ports noble-updates/main arm64 binutils arm64 2.42-4ubuntu2.10 [18.1 kB]
Get:13 http://us-east-1.ec2.ports.ubuntu.com/ubuntu-ports noble/main arm64 bridge-utils arm64 1.7.1-1ubuntu2 [34.2 kB]
Get:14 http://us-east-1.ec2.ports.ubuntu.com/ubuntu-ports noble-updates/main arm64 libc-dev-bin arm64 2.39-0ubuntu8.8 [19.7 kB]
Selecting previously unselected package runc.
Preparing to unpack .../48-runc_1.3.4-0ubuntu1~24.04.1_arm64.deb ...
Unpacking runc (1.3.4-0ubuntu1~24.04.1) ...
Unpacking fontconfig-config (2.15.0-1.1ubuntu2) ...
Get:15 http://us-east-1.ec2.ports.ubuntu.com/ubuntu-ports noble-updates/main arm64 linux-libc-dev arm64 6.8.0-136.136 [1550 kB]
Get:16 http://us-east-1.ec2.ports.ubuntu.com/ubuntu-ports noble/main arm64 libcrypt-dev arm64 1:4.4.36-4build1 [118 kB]
Get:17 http://us-east-1.ec2.ports.ubuntu.com/ubuntu-ports noble/main arm64 rpcsvc-proto arm64 1.4.2-0ubuntu7 [64.8 kB]
Get:18 http://us-east-1.ec2.ports.ubuntu.com/ubuntu-ports noble-updates/main arm64 libc6-dev arm64 2.39-0ubuntu8.8 [1596 kB]
Get:19 http://us-east-1.ec2.ports.ubuntu.com/ubuntu-ports noble-updates/main arm64 gcc-13-base arm64 13.3.0-6ubuntu2~24.04.1 [51.6 kB]
Get:20 http://us-east-1.ec2.ports.ubuntu.com/ubuntu-ports noble-updates/main arm64 libisl23 arm64 0.26-3build1.1 [669 kB]
Get:21 http://us-east-1.ec2.ports.ubuntu.com/ubuntu-ports noble-updates/main arm64 libmpc3 arm64 1.3.1-1build1.1 [56.4 kB]
Get:22 http://us-east-1.ec2.ports.ubuntu.com/ubuntu-ports noble-updates/main arm64 cpp-13-aarch64-linux-gnu arm64 13.3.0-6ubuntu2~24.04.1 [9560 kB]
Selecting previously unselected package javascript-common.
Preparing to unpack .../58-javascript-common_11+nmu1_all.deb ...
Unpacking javascript-common (11+nmu1) ...
Generating locales (this might take a while)...
Get:23 http://us-east-1.ec2.ports.ubuntu.com/ubuntu-ports noble-updates/main arm64 cpp-13 arm64 13.3.0-6ubuntu2~24.04.1 [1038 B]
Get:24 http://us-east-1.ec2.ports.ubuntu.com/ubuntu-ports noble/main arm64 cpp-aarch64-linux-gnu arm64 4:13.2.0-7ubuntu1 [5316 B]
Get:25 http://us-east-1.ec2.ports.ubuntu.com/ubuntu-ports noble/main arm64 cpp arm64 4:13.2.0-7ubuntu1 [22.4 kB]
Get:26 http://us-east-1.ec2.ports.ubuntu.com/ubuntu-ports noble-updates/main arm64 libcc1-0 arm64 14.2.0-4ubuntu2~24.04.1 [49.7 kB]
Get:27 http://us-east-1.ec2.ports.ubuntu.com/ubuntu-ports noble-updates/main arm64 libgomp1 arm64 14.2.0-4ubuntu2~24.04.1 [145 kB]
Get:28 http://us-east-1.ec2.ports.ubuntu.com/ubuntu-ports noble-updates/main arm64 libitm1 arm64 14.2.0-4ubuntu2~24.04.1 [28.2 kB]
Get:29 http://us-east-1.ec2.ports.ubuntu.com/ubuntu-ports noble-updates/main arm64 libatomic1 arm64 14.2.0-4ubuntu2~24.04.1 [11.6 kB]
Get:30 http://us-east-1.ec2.ports.ubuntu.com/ubuntu-ports noble-updates/main arm64 libasan8 arm64 14.2.0-4ubuntu2~24.04.1 [2928 kB]
  en_US.UTF-8...Selecting previously unselected package libalgorithm-diff-perl.
Preparing to unpack .../59-libalgorithm-diff-perl_1.201-1_all.deb ...
Unpacking libalgorithm-diff-perl (1.201-1) ...
Get:31 http://us-east-1.ec2.ports.ubuntu.com/ubuntu-ports noble-updates/main arm64 liblsan0 arm64 14.2.0-4ubuntu2~24.04.1 [1289 kB]
Generating locales (this might take a while)...
Selecting previously unselected package libalgorithm-diff-xs-perl:arm64.
  en_US.UTF-8...Preparing to unpack .../60-libalgorithm-diff-xs-perl_0.04-8build3_arm64.deb ...
Unpacking libalgorithm-diff-xs-perl:arm64 (0.04-8build3) ...
Selecting previously unselected package containerd.
Preparing to unpack .../49-containerd_2.2.1-0ubuntu1~24.04.3_arm64.deb ...
Unpacking containerd (2.2.1-0ubuntu1~24.04.3) ...
Get:32 http://us-east-1.ec2.ports.ubuntu.com/ubuntu-ports noble-updates/main arm64 libtsan2 arm64 14.2.0-4ubuntu2~24.04.1 [2697 kB]

Running kernel seems to be up-to-date.

Restarting services...
Selecting previously unselected package libalgorithm-merge-perl.
Preparing to unpack .../61-libalgorithm-merge-perl_0.08-5_all.deb ...
Unpacking libalgorithm-merge-perl (0.08-5) ...
Get:33 http://us-east-1.ec2.ports.ubuntu.com/ubuntu-ports noble-updates/main arm64 libubsan1 arm64 14.2.0-4ubuntu2~24.04.1 [1157 kB]
Get:34 http://us-east-1.ec2.ports.ubuntu.com/ubuntu-ports noble-updates/main arm64 libhwasan0 arm64 14.2.0-4ubuntu2~24.04.1 [1605 kB]
Selecting previously unselected package libaom3:arm64.
Preparing to unpack .../62-libaom3_3.8.2-2ubuntu0.1_arm64.deb ...
Get:35 http://us-east-1.ec2.ports.ubuntu.com/ubuntu-ports noble-updates/main arm64 libgcc-13-dev arm64 13.3.0-6ubuntu2~24.04.1 [2473 kB]
Unpacking libaom3:arm64 (3.8.2-2ubuntu0.1) ...
Preconfiguring packages ...
Selecting previously unselected package libfontconfig1:arm64.
Preparing to unpack .../63-libfontconfig1_2.15.0-1.1ubuntu2_arm64.deb ...
Unpacking libfontconfig1:arm64 (2.15.0-1.1ubuntu2) ...
Get:36 http://us-east-1.ec2.ports.ubuntu.com/ubuntu-ports noble-updates/main arm64 gcc-13-aarch64-linux-gnu arm64 13.3.0-6ubuntu2~24.04.1 [18.7 MB]
 systemctl restart acpid.service chrony.service cron.service irqbalance.service multipathd.service packagekit.service polkit.service rsyslog.service ssh.service systemd-journald.service systemd-networkd.service systemd-resolved.service systemd-udevd.service udisks2.service
Selecting previously unselected package libsharpyuv0:arm64.
Preparing to unpack .../64-libsharpyuv0_1.3.2-0.4build3_arm64.deb ...
Unpacking libsharpyuv0:arm64 (1.3.2-0.4build3) ...
Fetched 155 MB in 3s (50.6 MB/s)
Selecting previously unselected package libheif-plugin-aomdec:arm64.
Preparing to unpack .../65-libheif-plugin-aomdec_1.17.6-1ubuntu4.6_arm64.deb ...
Unpacking libheif-plugin-aomdec:arm64 (1.17.6-1ubuntu4.6) ...
Selecting previously unselected package libheif1:arm64.
Preparing to unpack .../66-libheif1_1.17.6-1ubuntu4.6_arm64.deb ...
Unpacking libheif1:arm64 (1.17.6-1ubuntu4.6) ...
(Reading database ... Selecting previously unselected package libjpeg-turbo8:arm64.
(Reading database ... 5%(Reading database ... 10%(Reading database ... 15%(Reading database ... 20%(Reading database ... 25%(Reading database ... 30%(Reading database ... 35%(Reading database ... 40%(Reading database ... 45%(Reading database ... 50%(Reading database ... 55%Preparing to unpack .../67-libjpeg-turbo8_2.1.5-2ubuntu2_arm64.deb ...
Unpacking libjpeg-turbo8:arm64 (2.1.5-2ubuntu2) ...
Selecting previously unselected package libjpeg8:arm64.
Preparing to unpack .../68-libjpeg8_8c-2ubuntu11_arm64.deb ...
Unpacking libjpeg8:arm64 (8c-2ubuntu11) ...

Service restarts being deferred:
 systemctl restart ModemManager.service
 /etc/needrestart/restart.d/dbus.service
 systemctl restart getty@tty1.service
 systemctl restart networkd-dispatcher.service
 systemctl restart serial-getty@ttyS0.service
 systemctl restart systemd-logind.service
 systemctl restart unattended-upgrades.service

No containers need to be restarted.

User sessions running outdated binaries:
 ubuntu @ session #3: sshd[1437,1521]
 ubuntu @ user manager service: systemd[1291]
Get:53 http://us-east-1.ec2.ports.ubuntu.com/ubuntu-ports noble-updates/main arm64 dns-root-data all 2024071801~ubuntu0.24.04.1 [5918 B]
Get:54 http://us-east-1.ec2.ports.ubuntu.com/ubuntu-ports noble-updates/main arm64 dnsmasq-base arm64 2.90-2ubuntu0.4 [367 kB]
Get:55 http://us-east-1.ec2.ports.ubuntu.com/ubuntu-ports noble-updates/universe arm64 docker.io arm64 29.1.3-0ubuntu3~24.04.2 [32.0 MB]

No VM guests are running outdated hypervisor (qemu) binaries on this host.
Selecting previously unselected package libdeflate0:arm64.
Preparing to unpack .../69-libdeflate0_1.19-1build1.1_arm64.deb ...
Unpacking libdeflate0:arm64 (1.19-1build1.1) ...
Selecting previously unselected package libjbig0:arm64.
Preparing to unpack .../70-libjbig0_2.1-6.1ubuntu2_arm64.deb ...
Unpacking libjbig0:arm64 (2.1-6.1ubuntu2) ...
Get:37 http://us-east-1.ec2.ports.ubuntu.com/ubuntu-ports noble-updates/main arm64 gcc-13 arm64 13.3.0-6ubuntu2~24.04.1 [484 kB]
Get:38 http://us-east-1.ec2.ports.ubuntu.com/ubuntu-ports noble/main arm64 gcc-aarch64-linux-gnu arm64 4:13.2.0-7ubuntu1 [1198 B]
Get:39 http://us-east-1.ec2.ports.ubuntu.com/ubuntu-ports noble/main arm64 gcc arm64 4:13.2.0-7ubuntu1 [5018 B]
Get:40 http://us-east-1.ec2.ports.ubuntu.com/ubuntu-ports noble-updates/main arm64 libstdc++-13-dev arm64 13.3.0-6ubuntu2~24.04.1 [2397 kB]
(Reading database ... 60%Selecting previously unselected package liblerc4:arm64.
Preparing to unpack .../71-liblerc4_4.0.0+ds-4ubuntu2_arm64.deb ...
Unpacking liblerc4:arm64 (4.0.0+ds-4ubuntu2) ...
(Reading database ... 65%Selecting previously unselected package libwebp7:arm64.
Preparing to unpack .../72-libwebp7_1.3.2-0.4build3_arm64.deb ...
Unpacking libwebp7:arm64 (1.3.2-0.4build3) ...
Selecting previously unselected package dns-root-data.
(Reading database ... 70%Preparing to unpack .../50-dns-root-data_2024071801~ubuntu0.24.04.1_all.deb ...
Unpacking dns-root-data (2024071801~ubuntu0.24.04.1) ...
Selecting previously unselected package libtiff6:arm64.
Preparing to unpack .../73-libtiff6_4.5.1+git230720-4ubuntu2.5_arm64.deb ...
Unpacking libtiff6:arm64 (4.5.1+git230720-4ubuntu2.5) ...
Selecting previously unselected package dnsmasq-base.
Preparing to unpack .../51-dnsmasq-base_2.90-2ubuntu0.4_arm64.deb ...
(Reading database ... 75%Unpacking dnsmasq-base (2.90-2ubuntu0.4) ...
Selecting previously unselected package libxpm4:arm64.
Preparing to unpack .../74-libxpm4_1%3a3.5.17-1ubuntu0.24.04.1_arm64.deb ...
Unpacking libxpm4:arm64 (1:3.5.17-1ubuntu0.24.04.1) ...
Selecting previously unselected package docker.io.
(Reading database ... 80%Preparing to unpack .../52-docker.io_29.1.3-0ubuntu3~24.04.2_arm64.deb ...
Unpacking docker.io (29.1.3-0ubuntu3~24.04.2) ...
Selecting previously unselected package libgd3:arm64.
Preparing to unpack .../75-libgd3_2.3.3-9ubuntu5_arm64.deb ...
Unpacking libgd3:arm64 (2.3.3-9ubuntu5) ...
(Reading database ... 85%Selecting previously unselected package libc-devtools.
Preparing to unpack .../76-libc-devtools_2.39-0ubuntu8.8_arm64.deb ...
Unpacking libc-devtools (2.39-0ubuntu8.8) ...
(Reading database ... 90%Selecting previously unselected package libexpat1-dev:arm64.
Preparing to unpack .../77-libexpat1-dev_2.6.1-2ubuntu0.4_arm64.deb ...
Unpacking libexpat1-dev:arm64 (2.6.1-2ubuntu0.4) ...
(Reading database ... 95%Selecting previously unselected package libfile-fcntllock-perl.
Preparing to unpack .../78-libfile-fcntllock-perl_0.22-4ubuntu5_arm64.deb ...
Unpacking libfile-fcntllock-perl (0.22-4ubuntu5) ...
(Reading database ... 100%(Reading database ... 74109 files and directories currently installed.)
Preparing to unpack .../libc6_2.39-0ubuntu8.8_arm64.deb ...
Selecting previously unselected package libheif-plugin-aomenc:arm64.
Preparing to unpack .../79-libheif-plugin-aomenc_1.17.6-1ubuntu4.6_arm64.deb ...
Unpacking libheif-plugin-aomenc:arm64 (1.17.6-1ubuntu4.6) ...
[22:02:32] [aisix] fetched 7 file(s) in 2s
[22:02:32] [aisix] qualify: performed by the engine (published as rig.box_qualify in the snapshot)
[22:02:32] [aisix] running aisix (latency + RPS + memory) - detached on box; pulling each suite as it completes
Selecting previously unselected package libjs-jquery.
Preparing to unpack .../80-libjs-jquery_3.6.1+dfsg+~3.5.14-1_all.deb ...
Unpacking libjs-jquery (3.6.1+dfsg+~3.5.14-1) ...
Selecting previously unselected package libjs-underscore.
Preparing to unpack .../81-libjs-underscore_1.13.4~dfsg+~1.11.4-3_all.deb ...
Unpacking libjs-underscore (1.13.4~dfsg+~1.11.4-3) ...
Unpacking libc6:arm64 (2.39-0ubuntu8.8) over (2.39-0ubuntu8.7) ...
Selecting previously unselected package libjs-sphinxdoc.
Preparing to unpack .../82-libjs-sphinxdoc_7.2.6-6_all.deb ...
Unpacking libjs-sphinxdoc (7.2.6-6) ...
Selecting previously unselected package zlib1g-dev:arm64.
Preparing to unpack .../83-zlib1g-dev_1%3a1.3.dfsg-3.1ubuntu2.1_arm64.deb ...
Unpacking zlib1g-dev:arm64 (1:1.3.dfsg-3.1ubuntu2.1) ...
Selecting previously unselected package libpython3.12-dev:arm64.
Preparing to unpack .../84-libpython3.12-dev_3.12.3-1ubuntu0.15_arm64.deb ...
Unpacking libpython3.12-dev:arm64 (3.12.3-1ubuntu0.15) ...
Get:41 http://us-east-1.ec2.ports.ubuntu.com/ubuntu-ports noble-updates/main arm64 g++-13-aarch64-linux-gnu arm64 13.3.0-6ubuntu2~24.04.1 [10.9 MB]
 done
Generation complete.
Setting up python3-wheel (0.42.0-2) ...
 done
Generation complete.
Setting up python3-wheel (0.42.0-2) ...
Setting up libc6:arm64 (2.39-0ubuntu8.8) ...
Selecting previously unselected package libpython3-dev:arm64.
Preparing to unpack .../85-libpython3-dev_3.12.3-0ubuntu2.1_arm64.deb ...
Unpacking libpython3-dev:arm64 (3.12.3-0ubuntu2.1) ...
Get:42 http://us-east-1.ec2.ports.ubuntu.com/ubuntu-ports noble-updates/main arm64 g++-13 arm64 13.3.0-6ubuntu2~24.04.1 [16.0 kB]
Get:43 http://us-east-1.ec2.ports.ubuntu.com/ubuntu-ports noble/main arm64 g++-aarch64-linux-gnu arm64 4:13.2.0-7ubuntu1 [962 B]
Get:44 http://us-east-1.ec2.ports.ubuntu.com/ubuntu-ports noble/main arm64 g++ arm64 4:13.2.0-7ubuntu1 [1082 B]
Get:45 http://us-east-1.ec2.ports.ubuntu.com/ubuntu-ports noble/main arm64 make arm64 4.3-4.1build2 [178 kB]
Get:46 http://us-east-1.ec2.ports.ubuntu.com/ubuntu-ports noble-updates/main arm64 libdpkg-perl all 1.22.6ubuntu6.6 [268 kB]
Get:47 http://us-east-1.ec2.ports.ubuntu.com/ubuntu-ports noble-updates/main arm64 bzip2 arm64 1.0.8-5.1build0.1 [34.0 kB]
Get:48 http://us-east-1.ec2.ports.ubuntu.com/ubuntu-ports noble/main arm64 lto-disabled-list all 47 [12.4 kB]
Get:49 http://us-east-1.ec2.ports.ubuntu.com/ubuntu-ports noble-updates/main arm64 dpkg-dev all 1.22.6ubuntu6.6 [1074 kB]
Get:50 http://us-east-1.ec2.ports.ubuntu.com/ubuntu-ports noble/main arm64 build-essential arm64 12.10ubuntu1 [4932 B]
Get:51 http://us-east-1.ec2.ports.ubuntu.com/ubuntu-ports noble-updates/main arm64 runc arm64 1.3.4-0ubuntu1~24.04.1 [8578 kB]
Preparing to unpack .../86-linux-tools-common_6.8.0-136.136_all.deb ...
Selecting previously unselected package libfakeroot:arm64.
Unpacking linux-tools-common (6.8.0-136.136) over (6.8.0-134.134) ...
Preparing to unpack .../53-libfakeroot_1.33-1_arm64.deb ...
Unpacking libfakeroot:arm64 (1.33-1) ...
Setting up libjbig0:arm64 (2.1-6.1ubuntu2) ...
Setting up libsframe1:arm64 (2.42-4ubuntu2.10) ...
Selecting previously unselected package fakeroot.
Setting up libfakeroot:arm64 (1.33-1) ...
Preparing to unpack .../54-fakeroot_1.33-1_arm64.deb ...
Unpacking fakeroot (1.33-1) ...
Setting up runc (1.3.4-0ubuntu1~24.04.1) ...
Setting up libjbig0:arm64 (2.1-6.1ubuntu2) ...
Setting up dns-root-data (2024071801~ubuntu0.24.04.1) ...
Setting up libsframe1:arm64 (2.42-4ubuntu2.10) ...
Selecting previously unselected package manpages-dev.
Preparing to unpack .../87-manpages-dev_6.7-2_all.deb ...
Setting up fakeroot (1.33-1) ...
Setting up libfakeroot:arm64 (1.33-1) ...
Unpacking manpages-dev (6.7-2) ...
Selecting previously unselected package fonts-dejavu-mono.
Preparing to unpack .../55-fonts-dejavu-mono_2.37-8_all.deb ...
Unpacking fonts-dejavu-mono (2.37-8) ...
Setting up runc (1.3.4-0ubuntu1~24.04.1) ...
Get:52 http://us-east-1.ec2.ports.ubuntu.com/ubuntu-ports noble-updates/main arm64 containerd arm64 2.2.1-0ubuntu1~24.04.3 [25.2 MB]
Setting up dns-root-data (2024071801~ubuntu0.24.04.1) ...
Setting up fakeroot (1.33-1) ...
update-alternatives: using /usr/bin/fakeroot-sysv to provide /usr/bin/fakeroot (fakeroot) in auto mode
Setting up rpcsvc-proto (1.4.2-0ubuntu7) ...
update-alternatives: using /usr/bin/fakeroot-sysv to provide /usr/bin/fakeroot (fakeroot) in auto mode
Setting up rpcsvc-proto (1.4.2-0ubuntu7) ...
Selecting previously unselected package fonts-dejavu-core.
Preparing to unpack .../56-fonts-dejavu-core_2.37-8_all.deb ...
Unpacking fonts-dejavu-core (2.37-8) ...
Setting up gcc-13-base:arm64 (13.3.0-6ubuntu2~24.04.1) ...
Setting up make (4.3-4.1build2) ...
Setting up fonts-dejavu-mono (2.37-8) ...
Setting up gcc-13-base:arm64 (13.3.0-6ubuntu2~24.04.1) ...
Setting up make (4.3-4.1build2) ...
Setting up libmpc3:arm64 (1.3.1-1build1.1) ...
Setting up fonts-dejavu-mono (2.37-8) ...
Selecting previously unselected package fontconfig-config.
Setting up libatomic1:arm64 (14.2.0-4ubuntu2~24.04.1) ...
Preparing to unpack .../57-fontconfig-config_2.15.0-1.1ubuntu2_arm64.deb ...
Setting up fonts-dejavu-core (2.37-8) ...
Setting up libmpc3:arm64 (1.3.1-1build1.1) ...
Setting up libatomic1:arm64 (14.2.0-4ubuntu2~24.04.1) ...
Setting up fonts-dejavu-core (2.37-8) ...
Setting up python3-pip (24.0+dfsg-1ubuntu1.3) ...
(Reading database ... Selecting previously unselected package python3.12-dev.
(Reading database ... 5%(Reading database ... 10%(Reading database ... 15%(Reading database ... 20%(Reading database ... 25%(Reading database ... 30%(Reading database ... 35%(Reading database ... 40%(Reading database ... 45%(Reading database ... 50%(Reading database ... 55%Preparing to unpack .../88-python3.12-dev_3.12.3-1ubuntu0.15_arm64.deb ...
Unpacking python3.12-dev (3.12.3-1ubuntu0.15) ...
(Reading database ... 60%Setting up python3-pip (24.0+dfsg-1ubuntu1.3) ...
Unpacking fontconfig-config (2.15.0-1.1ubuntu2) ...
Selecting previously unselected package python3-dev.
Preparing to unpack .../89-python3-dev_3.12.3-0ubuntu2.1_arm64.deb ...
Unpacking python3-dev (3.12.3-0ubuntu2.1) ...
(Reading database ... 65%(Reading database ... 70%(Reading database ... 75%(Reading database ... 80%(Reading database ... 85%(Reading database ... 90%(Reading database ... 95%(Reading database ... 100%(Reading database ... 74109 files and directories currently installed.)
Preparing to unpack .../libc-bin_2.39-0ubuntu8.8_arm64.deb ...
Unpacking libc-bin (2.39-0ubuntu8.8) over (2.39-0ubuntu8.7) ...
Selecting previously unselected package python3-wheel.
Selecting previously unselected package javascript-common.
Preparing to unpack .../90-python3-wheel_0.42.0-2_all.deb ...
Preparing to unpack .../58-javascript-common_11+nmu1_all.deb ...
Unpacking python3-wheel (0.42.0-2) ...
Unpacking javascript-common (11+nmu1) ...
Selecting previously unselected package python3-pip.
Selecting previously unselected package libalgorithm-diff-perl.
Preparing to unpack .../91-python3-pip_24.0+dfsg-1ubuntu1.3_all.deb ...
Unpacking python3-pip (24.0+dfsg-1ubuntu1.3) ...
Preparing to unpack .../59-libalgorithm-diff-perl_1.201-1_all.deb ...
Unpacking libalgorithm-diff-perl (1.201-1) ...
Setting up libc-bin (2.39-0ubuntu8.8) ...
Selecting previously unselected package libalgorithm-diff-xs-perl:arm64.
Preparing to unpack .../60-libalgorithm-diff-xs-perl_0.04-8build3_arm64.deb ...
Unpacking libalgorithm-diff-xs-perl:arm64 (0.04-8build3) ...
Selecting previously unselected package libalgorithm-merge-perl.
Preparing to unpack .../61-libalgorithm-merge-perl_0.08-5_all.deb ...
Unpacking libalgorithm-merge-perl (0.08-5) ...
Selecting previously unselected package libaom3:arm64.
Get:53 http://us-east-1.ec2.ports.ubuntu.com/ubuntu-ports noble-updates/main arm64 dns-root-data all 2024071801~ubuntu0.24.04.1 [5918 B]
Get:54 http://us-east-1.ec2.ports.ubuntu.com/ubuntu-ports noble-updates/main arm64 dnsmasq-base arm64 2.90-2ubuntu0.4 [367 kB]
Get:55 http://us-east-1.ec2.ports.ubuntu.com/ubuntu-ports noble-updates/universe arm64 docker.io arm64 29.1.3-0ubuntu3~24.04.2 [32.0 MB]
Preparing to unpack .../62-libaom3_3.8.2-2ubuntu0.1_arm64.deb ...
Unpacking libaom3:arm64 (3.8.2-2ubuntu0.1) ...
Selecting previously unselected package pigz.
(Reading database ... (Reading database ... 5%(Reading database ... 10%(Reading database ... 15%(Reading database ... 20%(Reading database ... 25%(Reading database ... 30%(Reading database ... 35%(Reading database ... 40%(Reading database ... 45%(Reading database ... 50%(Reading database ... 55%Selecting previously unselected package ubuntu-fan.
(Reading database ... 60%(Reading database ... 65%(Reading database ... 70%Preparing to unpack .../92-ubuntu-fan_0.12.16+24.04.1_all.deb ...
(Reading database ... 75%(Reading database ... 80%(Reading database ... 85%Unpacking ubuntu-fan (0.12.16+24.04.1) ...
Selecting previously unselected package libfontconfig1:arm64.
Preparing to unpack .../63-libfontconfig1_2.15.0-1.1ubuntu2_arm64.deb ...
Unpacking libfontconfig1:arm64 (2.15.0-1.1ubuntu2) ...
Setting up javascript-common (11+nmu1) ...
(Reading database ... 90%(Reading database ... 95%(Reading database ... 100%(Reading database ... 74109 files and directories currently installed.)
Preparing to unpack .../00-pigz_2.8-1_arm64.deb ...
Unpacking pigz (2.8-1) ...

Running kernel seems to be up-to-date.

Restarting services...
Selecting previously unselected package libsharpyuv0:arm64.
Preparing to unpack .../01-locales_2.39-0ubuntu8.8_all.deb ...
Unpacking locales (2.39-0ubuntu8.8) over (2.39-0ubuntu8.7) ...
Preparing to unpack .../64-libsharpyuv0_1.3.2-0.4build3_arm64.deb ...
Unpacking libsharpyuv0:arm64 (1.3.2-0.4build3) ...
Selecting previously unselected package libheif-plugin-aomdec:arm64.
Preparing to unpack .../65-libheif-plugin-aomdec_1.17.6-1ubuntu4.6_arm64.deb ...
Unpacking libheif-plugin-aomdec:arm64 (1.17.6-1ubuntu4.6) ...
Setting up libsharpyuv0:arm64 (1.3.2-0.4build3) ...
Setting up libaom3:arm64 (3.8.2-2ubuntu0.1) ...
Setting up manpages-dev (6.7-2) ...
Setting up lto-disabled-list (47) ...
Setting up liblerc4:arm64 (4.0.0+ds-4ubuntu2) ...
Setting up libxpm4:arm64 (1:3.5.17-1ubuntu0.24.04.1) ...
Setting up libfile-fcntllock-perl (0.22-4ubuntu5) ...
Setting up libalgorithm-diff-perl (1.201-1) ...
Selecting previously unselected package libheif1:arm64.
Setting up binutils-common:arm64 (2.42-4ubuntu2.10) ...
Preparing to unpack .../66-libheif1_1.17.6-1ubuntu4.6_arm64.deb ...
Unpacking libheif1:arm64 (1.17.6-1ubuntu4.6) ...
Setting up libdeflate0:arm64 (1.19-1build1.1) ...
Setting up linux-libc-dev:arm64 (6.8.0-136.136) ...
Setting up libctf-nobfd0:arm64 (2.42-4ubuntu2.10) ...
Setting up dnsmasq-base (2.90-2ubuntu0.4) ...
Selecting previously unselected package libjpeg-turbo8:arm64.
Preparing to unpack .../67-libjpeg-turbo8_2.1.5-2ubuntu2_arm64.deb ...
Unpacking libjpeg-turbo8:arm64 (2.1.5-2ubuntu2) ...
 systemctl restart acpid.service chrony.service cron.service irqbalance.service multipathd.service packagekit.service polkit.service rsyslog.service ssh.service systemd-journald.service systemd-networkd.service systemd-resolved.service systemd-udevd.service udisks2.service
Setting up libgomp1:arm64 (14.2.0-4ubuntu2~24.04.1) ...
Selecting previously unselected package libjpeg8:arm64.
Preparing to unpack .../68-libjpeg8_8c-2ubuntu11_arm64.deb ...
Unpacking libjpeg8:arm64 (8c-2ubuntu11) ...
Setting up bzip2 (1.0.8-5.1build0.1) ...
Setting up locales (2.39-0ubuntu8.8) ...
Selecting previously unselected package libdeflate0:arm64.
Preparing to unpack .../69-libdeflate0_1.19-1build1.1_arm64.deb ...
Unpacking libdeflate0:arm64 (1.19-1build1.1) ...
Get:56 http://us-east-1.ec2.ports.ubuntu.com/ubuntu-ports noble/main arm64 libfakeroot arm64 1.33-1 [32.5 kB]
Get:57 http://us-east-1.ec2.ports.ubuntu.com/ubuntu-ports noble/main arm64 fakeroot arm64 1.33-1 [66.9 kB]
Get:58 http://us-east-1.ec2.ports.ubuntu.com/ubuntu-ports noble/main arm64 fonts-dejavu-mono all 2.37-8 [502 kB]
Get:59 http://us-east-1.ec2.ports.ubuntu.com/ubuntu-ports noble/main arm64 fonts-dejavu-core all 2.37-8 [835 kB]
Get:60 http://us-east-1.ec2.ports.ubuntu.com/ubuntu-ports noble/main arm64 fontconfig-config arm64 2.15.0-1.1ubuntu2 [37.4 kB]
Get:61 http://us-east-1.ec2.ports.ubuntu.com/ubuntu-ports noble/main arm64 javascript-common all 11+nmu1 [5936 B]
Get:62 http://us-east-1.ec2.ports.ubuntu.com/ubuntu-ports noble/main arm64 libalgorithm-diff-perl all 1.201-1 [41.8 kB]
Get:63 http://us-east-1.ec2.ports.ubuntu.com/ubuntu-ports noble/main arm64 libalgorithm-diff-xs-perl arm64 0.04-8build3 [10.9 kB]
Get:64 http://us-east-1.ec2.ports.ubuntu.com/ubuntu-ports noble/main arm64 libalgorithm-merge-perl all 0.08-5 [11.4 kB]
Get:65 http://us-east-1.ec2.ports.ubuntu.com/ubuntu-ports noble-updates/main arm64 libaom3 arm64 3.8.2-2ubuntu0.1 [1617 kB]
Selecting previously unselected package libjbig0:arm64.
Preparing to unpack .../70-libjbig0_2.1-6.1ubuntu2_arm64.deb ...
Unpacking libjbig0:arm64 (2.1-6.1ubuntu2) ...
Get:66 http://us-east-1.ec2.ports.ubuntu.com/ubuntu-ports noble/main arm64 libfontconfig1 arm64 2.15.0-1.1ubuntu2 [142 kB]
Get:67 http://us-east-1.ec2.ports.ubuntu.com/ubuntu-ports noble/main arm64 libsharpyuv0 arm64 1.3.2-0.4build3 [14.5 kB]
Get:68 http://us-east-1.ec2.ports.ubuntu.com/ubuntu-ports noble-updates/main arm64 libheif-plugin-aomdec arm64 1.17.6-1ubuntu4.6 [11.1 kB]
Get:69 http://us-east-1.ec2.ports.ubuntu.com/ubuntu-ports noble-updates/main arm64 libheif1 arm64 1.17.6-1ubuntu4.6 [260 kB]
Get:70 http://us-east-1.ec2.ports.ubuntu.com/ubuntu-ports noble/main arm64 libjpeg-turbo8 arm64 2.1.5-2ubuntu2 [163 kB]
Get:71 http://us-east-1.ec2.ports.ubuntu.com/ubuntu-ports noble/main arm64 libjpeg8 arm64 8c-2ubuntu11 [2148 B]
Get:72 http://us-east-1.ec2.ports.ubuntu.com/ubuntu-ports noble-updates/main arm64 libdeflate0 arm64 1.19-1build1.1 [43.5 kB]
Get:73 http://us-east-1.ec2.ports.ubuntu.com/ubuntu-ports noble/main arm64 libjbig0 arm64 2.1-6.1ubuntu2 [29.3 kB]
Selecting previously unselected package liblerc4:arm64.
Get:74 http://us-east-1.ec2.ports.ubuntu.com/ubuntu-ports noble/main arm64 liblerc4 arm64 4.0.0+ds-4ubuntu2 [154 kB]
Get:75 http://us-east-1.ec2.ports.ubuntu.com/ubuntu-ports noble/main arm64 libwebp7 arm64 1.3.2-0.4build3 [191 kB]
Preparing to unpack .../71-liblerc4_4.0.0+ds-4ubuntu2_arm64.deb ...
Unpacking liblerc4:arm64 (4.0.0+ds-4ubuntu2) ...
Get:76 http://us-east-1.ec2.ports.ubuntu.com/ubuntu-ports noble-updates/main arm64 libtiff6 arm64 4.5.1+git230720-4ubuntu2.5 [192 kB]
Get:77 http://us-east-1.ec2.ports.ubuntu.com/ubuntu-ports noble-updates/main arm64 libxpm4 arm64 1:3.5.17-1ubuntu0.24.04.1 [35.3 kB]
Get:78 http://us-east-1.ec2.ports.ubuntu.com/ubuntu-ports noble/main arm64 libgd3 arm64 2.3.3-9ubuntu5 [122 kB]
Get:79 http://us-east-1.ec2.ports.ubuntu.com/ubuntu-ports noble-updates/main arm64 libc-devtools arm64 2.39-0ubuntu8.8 [27.8 kB]
Get:80 http://us-east-1.ec2.ports.ubuntu.com/ubuntu-ports noble-updates/main arm64 libexpat1-dev arm64 2.6.1-2ubuntu0.4 [128 kB]
Get:81 http://us-east-1.ec2.ports.ubuntu.com/ubuntu-ports noble/main arm64 libfile-fcntllock-perl arm64 0.22-4ubuntu5 [30.6 kB]
Get:82 http://us-east-1.ec2.ports.ubuntu.com/ubuntu-ports noble-updates/main arm64 libheif-plugin-aomenc arm64 1.17.6-1ubuntu4.6 [13.7 kB]
Get:83 http://us-east-1.ec2.ports.ubuntu.com/ubuntu-ports noble/main arm64 libjs-jquery all 3.6.1+dfsg+~3.5.14-1 [328 kB]
Selecting previously unselected package binutils-common:arm64.
Get:84 http://us-east-1.ec2.ports.ubuntu.com/ubuntu-ports noble/main arm64 libjs-underscore all 1.13.4~dfsg+~1.11.4-3 [118 kB]
Preparing to unpack .../02-binutils-common_2.42-4ubuntu2.10_arm64.deb ...
Get:85 http://us-east-1.ec2.ports.ubuntu.com/ubuntu-ports noble/main arm64 libjs-sphinxdoc all 7.2.6-6 [149 kB]
Unpacking binutils-common:arm64 (2.42-4ubuntu2.10) ...
Get:86 http://us-east-1.ec2.ports.ubuntu.com/ubuntu-ports noble-updates/main arm64 zlib1g-dev arm64 1:1.3.dfsg-3.1ubuntu2.1 [894 kB]
Selecting previously unselected package libwebp7:arm64.
Preparing to unpack .../72-libwebp7_1.3.2-0.4build3_arm64.deb ...
Unpacking libwebp7:arm64 (1.3.2-0.4build3) ...
Get:87 http://us-east-1.ec2.ports.ubuntu.com/ubuntu-ports noble-updates/main arm64 libpython3.12-dev arm64 3.12.3-1ubuntu0.15 [5538 kB]
Selecting previously unselected package libtiff6:arm64.
Selecting previously unselected package libsframe1:arm64.
Preparing to unpack .../73-libtiff6_4.5.1+git230720-4ubuntu2.5_arm64.deb ...
Preparing to unpack .../03-libsframe1_2.42-4ubuntu2.10_arm64.deb ...
Unpacking libtiff6:arm64 (4.5.1+git230720-4ubuntu2.5) ...
Unpacking libsframe1:arm64 (2.42-4ubuntu2.10) ...
Selecting previously unselected package libxpm4:arm64.
Selecting previously unselected package libbinutils:arm64.
Preparing to unpack .../74-libxpm4_1%3a3.5.17-1ubuntu0.24.04.1_arm64.deb ...
Preparing to unpack .../04-libbinutils_2.42-4ubuntu2.10_arm64.deb ...
Unpacking libxpm4:arm64 (1:3.5.17-1ubuntu0.24.04.1) ...
Unpacking libbinutils:arm64 (2.42-4ubuntu2.10) ...
Selecting previously unselected package libgd3:arm64.
Preparing to unpack .../75-libgd3_2.3.3-9ubuntu5_arm64.deb ...
Unpacking libgd3:arm64 (2.3.3-9ubuntu5) ...
Selecting previously unselected package libctf-nobfd0:arm64.
Preparing to unpack .../05-libctf-nobfd0_2.42-4ubuntu2.10_arm64.deb ...
Selecting previously unselected package libc-devtools.
Unpacking libctf-nobfd0:arm64 (2.42-4ubuntu2.10) ...
Preparing to unpack .../76-libc-devtools_2.39-0ubuntu8.8_arm64.deb ...
Unpacking libc-devtools (2.39-0ubuntu8.8) ...
Get:56 http://us-east-1.ec2.ports.ubuntu.com/ubuntu-ports noble/main arm64 libfakeroot arm64 1.33-1 [32.5 kB]
Get:57 http://us-east-1.ec2.ports.ubuntu.com/ubuntu-ports noble/main arm64 fakeroot arm64 1.33-1 [66.9 kB]
Get:58 http://us-east-1.ec2.ports.ubuntu.com/ubuntu-ports noble/main arm64 fonts-dejavu-mono all 2.37-8 [502 kB]
Get:59 http://us-east-1.ec2.ports.ubuntu.com/ubuntu-ports noble/main arm64 fonts-dejavu-core all 2.37-8 [835 kB]
Get:60 http://us-east-1.ec2.ports.ubuntu.com/ubuntu-ports noble/main arm64 fontconfig-config arm64 2.15.0-1.1ubuntu2 [37.4 kB]
Selecting previously unselected package libctf0:arm64.
Get:61 http://us-east-1.ec2.ports.ubuntu.com/ubuntu-ports noble/main arm64 javascript-common all 11+nmu1 [5936 B]
Get:62 http://us-east-1.ec2.ports.ubuntu.com/ubuntu-ports noble/main arm64 libalgorithm-diff-perl all 1.201-1 [41.8 kB]
Get:63 http://us-east-1.ec2.ports.ubuntu.com/ubuntu-ports noble/main arm64 libalgorithm-diff-xs-perl arm64 0.04-8build3 [10.9 kB]
Get:64 http://us-east-1.ec2.ports.ubuntu.com/ubuntu-ports noble/main arm64 libalgorithm-merge-perl all 0.08-5 [11.4 kB]
Get:65 http://us-east-1.ec2.ports.ubuntu.com/ubuntu-ports noble-updates/main arm64 libaom3 arm64 3.8.2-2ubuntu0.1 [1617 kB]
Selecting previously unselected package libexpat1-dev:arm64.
Preparing to unpack .../06-libctf0_2.42-4ubuntu2.10_arm64.deb ...
Preparing to unpack .../77-libexpat1-dev_2.6.1-2ubuntu0.4_arm64.deb ...
Unpacking libctf0:arm64 (2.42-4ubuntu2.10) ...
Unpacking libexpat1-dev:arm64 (2.6.1-2ubuntu0.4) ...

Service restarts being deferred:
 systemctl restart ModemManager.service
 /etc/needrestart/restart.d/dbus.service
 systemctl restart getty@tty1.service
 systemctl restart networkd-dispatcher.service
 systemctl restart serial-getty@ttyS0.service
 systemctl restart systemd-logind.service
 systemctl restart unattended-upgrades.service

No containers need to be restarted.

User sessions running outdated binaries:
 ubuntu @ session #3: sshd[1430,1514]
 ubuntu @ user manager service: systemd[1321]

No VM guests are running outdated hypervisor (qemu) binaries on this host.
Get:66 http://us-east-1.ec2.ports.ubuntu.com/ubuntu-ports noble/main arm64 libfontconfig1 arm64 2.15.0-1.1ubuntu2 [142 kB]
Get:67 http://us-east-1.ec2.ports.ubuntu.com/ubuntu-ports noble/main arm64 libsharpyuv0 arm64 1.3.2-0.4build3 [14.5 kB]
Get:68 http://us-east-1.ec2.ports.ubuntu.com/ubuntu-ports noble-updates/main arm64 libheif-plugin-aomdec arm64 1.17.6-1ubuntu4.6 [11.1 kB]
Get:69 http://us-east-1.ec2.ports.ubuntu.com/ubuntu-ports noble-updates/main arm64 libheif1 arm64 1.17.6-1ubuntu4.6 [260 kB]
Get:70 http://us-east-1.ec2.ports.ubuntu.com/ubuntu-ports noble/main arm64 libjpeg-turbo8 arm64 2.1.5-2ubuntu2 [163 kB]
Get:71 http://us-east-1.ec2.ports.ubuntu.com/ubuntu-ports noble/main arm64 libjpeg8 arm64 8c-2ubuntu11 [2148 B]
Get:72 http://us-east-1.ec2.ports.ubuntu.com/ubuntu-ports noble-updates/main arm64 libdeflate0 arm64 1.19-1build1.1 [43.5 kB]
Get:73 http://us-east-1.ec2.ports.ubuntu.com/ubuntu-ports noble/main arm64 libjbig0 arm64 2.1-6.1ubuntu2 [29.3 kB]
Get:74 http://us-east-1.ec2.ports.ubuntu.com/ubuntu-ports noble/main arm64 liblerc4 arm64 4.0.0+ds-4ubuntu2 [154 kB]
Get:75 http://us-east-1.ec2.ports.ubuntu.com/ubuntu-ports noble/main arm64 libwebp7 arm64 1.3.2-0.4build3 [191 kB]
Get:76 http://us-east-1.ec2.ports.ubuntu.com/ubuntu-ports noble-updates/main arm64 libtiff6 arm64 4.5.1+git230720-4ubuntu2.5 [192 kB]
Get:77 http://us-east-1.ec2.ports.ubuntu.com/ubuntu-ports noble-updates/main arm64 libxpm4 arm64 1:3.5.17-1ubuntu0.24.04.1 [35.3 kB]
Get:78 http://us-east-1.ec2.ports.ubuntu.com/ubuntu-ports noble/main arm64 libgd3 arm64 2.3.3-9ubuntu5 [122 kB]
Get:79 http://us-east-1.ec2.ports.ubuntu.com/ubuntu-ports noble-updates/main arm64 libc-devtools arm64 2.39-0ubuntu8.8 [27.8 kB]
Get:80 http://us-east-1.ec2.ports.ubuntu.com/ubuntu-ports noble-updates/main arm64 libexpat1-dev arm64 2.6.1-2ubuntu0.4 [128 kB]
Get:81 http://us-east-1.ec2.ports.ubuntu.com/ubuntu-ports noble/main arm64 libfile-fcntllock-perl arm64 0.22-4ubuntu5 [30.6 kB]
Get:82 http://us-east-1.ec2.ports.ubuntu.com/ubuntu-ports noble-updates/main arm64 libheif-plugin-aomenc arm64 1.17.6-1ubuntu4.6 [13.7 kB]
Get:83 http://us-east-1.ec2.ports.ubuntu.com/ubuntu-ports noble/main arm64 libjs-jquery all 3.6.1+dfsg+~3.5.14-1 [328 kB]
Get:84 http://us-east-1.ec2.ports.ubuntu.com/ubuntu-ports noble/main arm64 libjs-underscore all 1.13.4~dfsg+~1.11.4-3 [118 kB]
Get:85 http://us-east-1.ec2.ports.ubuntu.com/ubuntu-ports noble/main arm64 libjs-sphinxdoc all 7.2.6-6 [149 kB]
Selecting previously unselected package libfile-fcntllock-perl.
Preparing to unpack .../78-libfile-fcntllock-perl_0.22-4ubuntu5_arm64.deb ...
Unpacking libfile-fcntllock-perl (0.22-4ubuntu5) ...
Selecting previously unselected package libgprofng0:arm64.
Preparing to unpack .../07-libgprofng0_2.42-4ubuntu2.10_arm64.deb ...
Unpacking libgprofng0:arm64 (2.42-4ubuntu2.10) ...
Generating locales (this might take a while)...
Get:88 http://us-east-1.ec2.ports.ubuntu.com/ubuntu-ports noble-updates/main arm64 libpython3-dev arm64 3.12.3-0ubuntu2.1 [10.4 kB]
Get:89 http://us-east-1.ec2.ports.ubuntu.com/ubuntu-ports noble-updates/main arm64 linux-tools-common all 6.8.0-136.136 [416 kB]
Get:90 http://us-east-1.ec2.ports.ubuntu.com/ubuntu-ports noble/main arm64 manpages-dev all 6.7-2 [2013 kB]
Selecting previously unselected package libheif-plugin-aomenc:arm64.
Get:86 http://us-east-1.ec2.ports.ubuntu.com/ubuntu-ports noble-updates/main arm64 zlib1g-dev arm64 1:1.3.dfsg-3.1ubuntu2.1 [894 kB]
Preparing to unpack .../79-libheif-plugin-aomenc_1.17.6-1ubuntu4.6_arm64.deb ...
  en_US.UTF-8...Unpacking libheif-plugin-aomenc:arm64 (1.17.6-1ubuntu4.6) ...
Get:87 http://us-east-1.ec2.ports.ubuntu.com/ubuntu-ports noble-updates/main arm64 libpython3.12-dev arm64 3.12.3-1ubuntu0.15 [5538 kB]
Selecting previously unselected package binutils-aarch64-linux-gnu.
Preparing to unpack .../08-binutils-aarch64-linux-gnu_2.42-4ubuntu2.10_arm64.deb ...
Selecting previously unselected package libjs-jquery.
Preparing to unpack .../80-libjs-jquery_3.6.1+dfsg+~3.5.14-1_all.deb ...
Unpacking binutils-aarch64-linux-gnu (2.42-4ubuntu2.10) ...
Get:91 http://us-east-1.ec2.ports.ubuntu.com/ubuntu-ports noble-updates/main arm64 python3.12-dev arm64 3.12.3-1ubuntu0.15 [498 kB]
Unpacking libjs-jquery (3.6.1+dfsg+~3.5.14-1) ...
Get:92 http://us-east-1.ec2.ports.ubuntu.com/ubuntu-ports noble-updates/main arm64 python3-dev arm64 3.12.3-0ubuntu2.1 [26.7 kB]
Get:93 http://us-east-1.ec2.ports.ubuntu.com/ubuntu-ports noble/universe arm64 python3-wheel all 0.42.0-2 [53.1 kB]
Get:94 http://us-east-1.ec2.ports.ubuntu.com/ubuntu-ports noble-updates/universe arm64 python3-pip all 24.0+dfsg-1ubuntu1.3 [1320 kB]
Selecting previously unselected package libjs-underscore.
Get:95 http://us-east-1.ec2.ports.ubuntu.com/ubuntu-ports noble-updates/universe arm64 ubuntu-fan all 0.12.16+24.04.1 [34.2 kB]
Preparing to unpack .../81-libjs-underscore_1.13.4~dfsg+~1.11.4-3_all.deb ...
Unpacking libjs-underscore (1.13.4~dfsg+~1.11.4-3) ...
Selecting previously unselected package libjs-sphinxdoc.
Preparing to unpack .../82-libjs-sphinxdoc_7.2.6-6_all.deb ...
Unpacking libjs-sphinxdoc (7.2.6-6) ...
Setting up libjpeg-turbo8:arm64 (2.1.5-2ubuntu2) ...
Selecting previously unselected package zlib1g-dev:arm64.
Setting up libjpeg-turbo8:arm64 (2.1.5-2ubuntu2) ...
Preparing to unpack .../83-zlib1g-dev_1%3a1.3.dfsg-3.1ubuntu2.1_arm64.deb ...
Unpacking zlib1g-dev:arm64 (1:1.3.dfsg-3.1ubuntu2.1) ...
Setting up bridge-utils (1.7.1-1ubuntu2) ...
Setting up bridge-utils (1.7.1-1ubuntu2) ...
Get:88 http://us-east-1.ec2.ports.ubuntu.com/ubuntu-ports noble-updates/main arm64 libpython3-dev arm64 3.12.3-0ubuntu2.1 [10.4 kB]
Get:89 http://us-east-1.ec2.ports.ubuntu.com/ubuntu-ports noble-updates/main arm64 linux-tools-common all 6.8.0-136.136 [416 kB]
Get:90 http://us-east-1.ec2.ports.ubuntu.com/ubuntu-ports noble/main arm64 manpages-dev all 6.7-2 [2013 kB]
Selecting previously unselected package libpython3.12-dev:arm64.
Get:91 http://us-east-1.ec2.ports.ubuntu.com/ubuntu-ports noble-updates/main arm64 python3.12-dev arm64 3.12.3-1ubuntu0.15 [498 kB]
Preparing to unpack .../84-libpython3.12-dev_3.12.3-1ubuntu0.15_arm64.deb ...
Get:92 http://us-east-1.ec2.ports.ubuntu.com/ubuntu-ports noble-updates/main arm64 python3-dev arm64 3.12.3-0ubuntu2.1 [26.7 kB]
Unpacking libpython3.12-dev:arm64 (3.12.3-1ubuntu0.15) ...
Get:93 http://us-east-1.ec2.ports.ubuntu.com/ubuntu-ports noble/universe arm64 python3-wheel all 0.42.0-2 [53.1 kB]
Get:94 http://us-east-1.ec2.ports.ubuntu.com/ubuntu-ports noble-updates/universe arm64 python3-pip all 24.0+dfsg-1ubuntu1.3 [1320 kB]
Get:95 http://us-east-1.ec2.ports.ubuntu.com/ubuntu-ports noble-updates/universe arm64 ubuntu-fan all 0.12.16+24.04.1 [34.2 kB]
Setting up libdpkg-perl (1.22.6ubuntu6.6) ...
Setting up libdpkg-perl (1.22.6ubuntu6.6) ...
Setting up libwebp7:arm64 (1.3.2-0.4build3) ...
Setting up libwebp7:arm64 (1.3.2-0.4build3) ...
Setting up libubsan1:arm64 (14.2.0-4ubuntu2~24.04.1) ...
Setting up libubsan1:arm64 (14.2.0-4ubuntu2~24.04.1) ...
Setting up libhwasan0:arm64 (14.2.0-4ubuntu2~24.04.1) ...
Setting up libhwasan0:arm64 (14.2.0-4ubuntu2~24.04.1) ...
Setting up pigz (2.8-1) ...
Setting up pigz (2.8-1) ...
Selecting previously unselected package binutils.
Preparing to unpack .../09-binutils_2.42-4ubuntu2.10_arm64.deb ...
Setting up libcrypt-dev:arm64 (1:4.4.36-4build1) ...
Unpacking binutils (2.42-4ubuntu2.10) ...
Setting up libcrypt-dev:arm64 (1:4.4.36-4build1) ...
Setting up libasan8:arm64 (14.2.0-4ubuntu2~24.04.1) ...
Setting up libasan8:arm64 (14.2.0-4ubuntu2~24.04.1) ...
Setting up libtsan2:arm64 (14.2.0-4ubuntu2~24.04.1) ...
Setting up libtsan2:arm64 (14.2.0-4ubuntu2~24.04.1) ...
Setting up libjs-jquery (3.6.1+dfsg+~3.5.14-1) ...
Selecting previously unselected package bridge-utils.
Setting up libjs-jquery (3.6.1+dfsg+~3.5.14-1) ...
Preparing to unpack .../10-bridge-utils_1.7.1-1ubuntu2_arm64.deb ...
Unpacking bridge-utils (1.7.1-1ubuntu2) ...
Setting up libbinutils:arm64 (2.42-4ubuntu2.10) ...
Setting up libbinutils:arm64 (2.42-4ubuntu2.10) ...
Setting up libisl23:arm64 (0.26-3build1.1) ...
Setting up libisl23:arm64 (0.26-3build1.1) ...
Selecting previously unselected package libpython3-dev:arm64.
Preparing to unpack .../85-libpython3-dev_3.12.3-0ubuntu2.1_arm64.deb ...
Setting up libc-dev-bin (2.39-0ubuntu8.8) ...
Unpacking libpython3-dev:arm64 (3.12.3-0ubuntu2.1) ...
Setting up libc-dev-bin (2.39-0ubuntu8.8) ...
Selecting previously unselected package libc-dev-bin.
Setting up containerd (2.2.1-0ubuntu1~24.04.3) ...
Preparing to unpack .../11-libc-dev-bin_2.39-0ubuntu8.8_arm64.deb ...
Unpacking libc-dev-bin (2.39-0ubuntu8.8) ...
Setting up containerd (2.2.1-0ubuntu1~24.04.3) ...
Preparing to unpack .../86-linux-tools-common_6.8.0-136.136_all.deb ...
Unpacking linux-tools-common (6.8.0-136.136) over (6.8.0-134.134) ...
Selecting previously unselected package manpages-dev.
Preparing to unpack .../87-manpages-dev_6.7-2_all.deb ...
Unpacking manpages-dev (6.7-2) ...
Selecting previously unselected package linux-libc-dev:arm64.
Preparing to unpack .../12-linux-libc-dev_6.8.0-136.136_arm64.deb ...
Unpacking linux-libc-dev:arm64 (6.8.0-136.136) ...
Created symlink /etc/systemd/system/multi-user.target.wants/containerd.service → /usr/lib/systemd/system/containerd.service.
Created symlink /etc/systemd/system/multi-user.target.wants/containerd.service → /usr/lib/systemd/system/containerd.service.
Preconfiguring packages ...
Preconfiguring packages ...
Selecting previously unselected package python3.12-dev.
Preparing to unpack .../88-python3.12-dev_3.12.3-1ubuntu0.15_arm64.deb ...
Unpacking python3.12-dev (3.12.3-1ubuntu0.15) ...
Fetched 155 MB in 9s (16.4 MB/s)
Selecting previously unselected package libcrypt-dev:arm64.
Preparing to unpack .../13-libcrypt-dev_1%3a4.4.36-4build1_arm64.deb ...
Selecting previously unselected package python3-dev.
Unpacking libcrypt-dev:arm64 (1:4.4.36-4build1) ...
Preparing to unpack .../89-python3-dev_3.12.3-0ubuntu2.1_arm64.deb ...
Unpacking python3-dev (3.12.3-0ubuntu2.1) ...
Fetched 155 MB in 4s (41.0 MB/s)
(Reading database ... Selecting previously unselected package python3-wheel.
Selecting previously unselected package rpcsvc-proto.
Preparing to unpack .../90-python3-wheel_0.42.0-2_all.deb ...
Unpacking python3-wheel (0.42.0-2) ...
Preparing to unpack .../14-rpcsvc-proto_1.4.2-0ubuntu7_arm64.deb ...
Unpacking rpcsvc-proto (1.4.2-0ubuntu7) ...
(Reading database ... 5%(Reading database ... 10%(Reading database ... 15%(Reading database ... 20%(Reading database ... 25%(Reading database ... 30%(Reading database ... 35%(Reading database ... 40%(Reading database ... 45%(Reading database ... 50%(Reading database ... 55%Selecting previously unselected package python3-pip.
(Reading database ... Preparing to unpack .../91-python3-pip_24.0+dfsg-1ubuntu1.3_all.deb ...
Unpacking python3-pip (24.0+dfsg-1ubuntu1.3) ...
Selecting previously unselected package libc6-dev:arm64.
(Reading database ... 5%(Reading database ... 10%(Reading database ... 15%(Reading database ... 20%(Reading database ... 25%(Reading database ... 30%(Reading database ... 35%(Reading database ... 40%(Reading database ... 45%(Reading database ... 50%(Reading database ... 55%Preparing to unpack .../15-libc6-dev_2.39-0ubuntu8.8_arm64.deb ...
Unpacking libc6-dev:arm64 (2.39-0ubuntu8.8) ...
Setting up linux-tools-common (6.8.0-136.136) ...
Setting up libalgorithm-diff-xs-perl:arm64 (0.04-8build3) ...
Setting up linux-tools-common (6.8.0-136.136) ...
(Reading database ... 60%Setting up libcc1-0:arm64 (14.2.0-4ubuntu2~24.04.1) ...
Setting up libalgorithm-diff-xs-perl:arm64 (0.04-8build3) ...
(Reading database ... 60%Setting up liblsan0:arm64 (14.2.0-4ubuntu2~24.04.1) ...
(Reading database ... 65%Setting up libcc1-0:arm64 (14.2.0-4ubuntu2~24.04.1) ...
Selecting previously unselected package ubuntu-fan.
Setting up libitm1:arm64 (14.2.0-4ubuntu2~24.04.1) ...
Preparing to unpack .../92-ubuntu-fan_0.12.16+24.04.1_all.deb ...
Setting up liblsan0:arm64 (14.2.0-4ubuntu2~24.04.1) ...
Setting up libjs-underscore (1.13.4~dfsg+~1.11.4-3) ...
Unpacking ubuntu-fan (0.12.16+24.04.1) ...
Setting up libalgorithm-merge-perl (0.08-5) ...
(Reading database ... 65%Setting up libitm1:arm64 (14.2.0-4ubuntu2~24.04.1) ...
Setting up libctf0:arm64 (2.42-4ubuntu2.10) ...
sudo: a terminal is required to read the password; either use the -S option to read from standard input or configure an askpass helper
sudo: a password is required
(Reading database ... 70%Setting up libjs-underscore (1.13.4~dfsg+~1.11.4-3) ...
sudo: a terminal is required to read the password; either use the -S option to read from standard input or configure an askpass helper
sudo: a password is required
sudo: a terminal is required to read the password; either use the -S option to read from standard input or configure an askpass helper
sudo: a password is required
(Reading database ... 70%(Reading database ... 75%Setting up javascript-common (11+nmu1) ...
Setting up libsharpyuv0:arm64 (1.3.2-0.4build3) ...
Setting up libaom3:arm64 (3.8.2-2ubuntu0.1) ...
Setting up libjpeg8:arm64 (8c-2ubuntu11) ...
Setting up ubuntu-fan (0.12.16+24.04.1) ...
Setting up libalgorithm-merge-perl (0.08-5) ...
Setting up libctf0:arm64 (2.42-4ubuntu2.10) ...
Setting up libjpeg8:arm64 (8c-2ubuntu11) ...
Setting up ubuntu-fan (0.12.16+24.04.1) ...
(Reading database ... 75%(Reading database ... 80%Setting up manpages-dev (6.7-2) ...
Setting up lto-disabled-list (47) ...
(Reading database ... 85%Setting up liblerc4:arm64 (4.0.0+ds-4ubuntu2) ...
(Reading database ... 80%Setting up libxpm4:arm64 (1:3.5.17-1ubuntu0.24.04.1) ...
Selecting previously unselected package gcc-13-base:arm64.
Preparing to unpack .../16-gcc-13-base_13.3.0-6ubuntu2~24.04.1_arm64.deb ...
(Reading database ... 90%Unpacking gcc-13-base:arm64 (13.3.0-6ubuntu2~24.04.1) ...
Setting up libfile-fcntllock-perl (0.22-4ubuntu5) ...
Setting up libalgorithm-diff-perl (1.201-1) ...
(Reading database ... 85%Created symlink /etc/systemd/system/multi-user.target.wants/ubuntu-fan.service → /usr/lib/systemd/system/ubuntu-fan.service.
Setting up binutils-common:arm64 (2.42-4ubuntu2.10) ...
(Reading database ... 95%Selecting previously unselected package libisl23:arm64.
Preparing to unpack .../17-libisl23_0.26-3build1.1_arm64.deb ...
Setting up libdeflate0:arm64 (1.19-1build1.1) ...
Unpacking libisl23:arm64 (0.26-3build1.1) ...
(Reading database ... 90%[22:02:35] [bifrost] fetching bifrost + rig.sh @ a2738919ce03 ...
Created symlink /etc/systemd/system/multi-user.target.wants/ubuntu-fan.service → /usr/lib/systemd/system/ubuntu-fan.service.
Setting up linux-libc-dev:arm64 (6.8.0-136.136) ...
(Reading database ... 100%(Reading database ... 74109 files and directories currently installed.)
Preparing to unpack .../libc6_2.39-0ubuntu8.8_arm64.deb ...
Setting up libctf-nobfd0:arm64 (2.42-4ubuntu2.10) ...
 done
Generation complete.
Setting up dnsmasq-base (2.90-2ubuntu0.4) ...
(Reading database ... 95%Setting up python3-wheel (0.42.0-2) ...
Selecting previously unselected package libmpc3:arm64.
Preparing to unpack .../18-libmpc3_1.3.1-1build1.1_arm64.deb ...
Unpacking libmpc3:arm64 (1.3.1-1build1.1) ...
Setting up libgomp1:arm64 (14.2.0-4ubuntu2~24.04.1) ...
Setting up bzip2 (1.0.8-5.1build0.1) ...
(Reading database ... 100%(Reading database ... 74109 files and directories currently installed.)
Preparing to unpack .../libc6_2.39-0ubuntu8.8_arm64.deb ...
Setting up locales (2.39-0ubuntu8.8) ...
Selecting previously unselected package cpp-13-aarch64-linux-gnu.
Preparing to unpack .../19-cpp-13-aarch64-linux-gnu_13.3.0-6ubuntu2~24.04.1_arm64.deb ...
Unpacking libc6:arm64 (2.39-0ubuntu8.8) over (2.39-0ubuntu8.7) ...
Unpacking cpp-13-aarch64-linux-gnu (13.3.0-6ubuntu2~24.04.1) ...
Setting up libjbig0:arm64 (2.1-6.1ubuntu2) ...
Setting up libsframe1:arm64 (2.42-4ubuntu2.10) ...
Setting up libfakeroot:arm64 (1.33-1) ...
Setting up runc (1.3.4-0ubuntu1~24.04.1) ...
Unpacking libc6:arm64 (2.39-0ubuntu8.8) over (2.39-0ubuntu8.7) ...
Setting up dns-root-data (2024071801~ubuntu0.24.04.1) ...
Setting up fakeroot (1.33-1) ...
Setting up cpp-13-aarch64-linux-gnu (13.3.0-6ubuntu2~24.04.1) ...
Setting up fontconfig-config (2.15.0-1.1ubuntu2) ...
update-alternatives: using /usr/bin/fakeroot-sysv to provide /usr/bin/fakeroot (fakeroot) in auto mode
Setting up rpcsvc-proto (1.4.2-0ubuntu7) ...
Setting up gcc-13-base:arm64 (13.3.0-6ubuntu2~24.04.1) ...
Setting up make (4.3-4.1build2) ...
Setting up fonts-dejavu-mono (2.37-8) ...
Setting up cpp-13-aarch64-linux-gnu (13.3.0-6ubuntu2~24.04.1) ...
Setting up libc6:arm64 (2.39-0ubuntu8.8) ...
Setting up fontconfig-config (2.15.0-1.1ubuntu2) ...
Setting up libmpc3:arm64 (1.3.1-1build1.1) ...
Setting up libatomic1:arm64 (14.2.0-4ubuntu2~24.04.1) ...
Setting up fonts-dejavu-core (2.37-8) ...
Setting up python3-pip (24.0+dfsg-1ubuntu1.3) ...
Setting up docker.io (29.1.3-0ubuntu3~24.04.2) ...
Setting up libc6:arm64 (2.39-0ubuntu8.8) ...
Setting up docker.io (29.1.3-0ubuntu3~24.04.2) ...
info: Selecting GID from range 100 to 999 ...
info: Adding group `docker' (GID 112) ...
Generating locales (this might take a while)...
  en_US.UTF-8...info: Selecting GID from range 100 to 999 ...
info: Adding group `docker' (GID 112) ...
Created symlink /etc/systemd/system/multi-user.target.wants/docker.service → /usr/lib/systemd/system/docker.service.
Selecting previously unselected package cpp-13.
Preparing to unpack .../20-cpp-13_13.3.0-6ubuntu2~24.04.1_arm64.deb ...
(Reading database ... (Reading database ... 5%(Reading database ... 10%(Reading database ... 15%(Reading database ... 20%(Reading database ... 25%(Reading database ... 30%(Reading database ... 35%(Reading database ... 40%(Reading database ... 45%(Reading database ... 50%(Reading database ... 55%Unpacking cpp-13 (13.3.0-6ubuntu2~24.04.1) ...
(Reading database ... 60%(Reading database ... 65%(Reading database ... 70%(Reading database ... 75%Created symlink /etc/systemd/system/multi-user.target.wants/docker.service → /usr/lib/systemd/system/docker.service.
Selecting previously unselected package cpp-aarch64-linux-gnu.
Preparing to unpack .../21-cpp-aarch64-linux-gnu_4%3a13.2.0-7ubuntu1_arm64.deb ...
Unpacking cpp-aarch64-linux-gnu (4:13.2.0-7ubuntu1) ...
Created symlink /etc/systemd/system/sockets.target.wants/docker.socket → /usr/lib/systemd/system/docker.socket.
(Reading database ... (Reading database ... 5%(Reading database ... 10%(Reading database ... 15%(Reading database ... 20%(Reading database ... 25%(Reading database ... 30%(Reading database ... 35%(Reading database ... 40%(Reading database ... 45%(Reading database ... 50%(Reading database ... 55%(Reading database ... 60%(Reading database ... 65%(Reading database ... 70%(Reading database ... 80%(Reading database ... 85%(Reading database ... 90%(Reading database ... 95%(Reading database ... 100%(Reading database ... 74109 files and directories currently installed.)
Preparing to unpack .../libc-bin_2.39-0ubuntu8.8_arm64.deb ...
Unpacking libc-bin (2.39-0ubuntu8.8) over (2.39-0ubuntu8.7) ...
Selecting previously unselected package cpp.
Preparing to unpack .../22-cpp_4%3a13.2.0-7ubuntu1_arm64.deb ...
Unpacking cpp (4:13.2.0-7ubuntu1) ...
Created symlink /etc/systemd/system/sockets.target.wants/docker.socket → /usr/lib/systemd/system/docker.socket.
(Reading database ... 75%(Reading database ... 80%(Reading database ... 85%(Reading database ... 90%(Reading database ... 95%(Reading database ... 100%(Reading database ... 74109 files and directories currently installed.)
Preparing to unpack .../libc-bin_2.39-0ubuntu8.8_arm64.deb ...
Unpacking libc-bin (2.39-0ubuntu8.8) over (2.39-0ubuntu8.7) ...
Setting up libc-bin (2.39-0ubuntu8.8) ...
Selecting previously unselected package libcc1-0:arm64.
Preparing to unpack .../23-libcc1-0_14.2.0-4ubuntu2~24.04.1_arm64.deb ...
Unpacking libcc1-0:arm64 (14.2.0-4ubuntu2~24.04.1) ...
Setting up libc-bin (2.39-0ubuntu8.8) ...
Selecting previously unselected package libgomp1:arm64.
Preparing to unpack .../24-libgomp1_14.2.0-4ubuntu2~24.04.1_arm64.deb ...
Unpacking libgomp1:arm64 (14.2.0-4ubuntu2~24.04.1) ...
Selecting previously unselected package pigz.
(Reading database ... (Reading database ... 5%(Reading database ... 10%(Reading database ... 15%(Reading database ... 20%(Reading database ... 25%(Reading database ... 30%(Reading database ... 35%(Reading database ... 40%(Reading database ... 45%(Reading database ... 50%(Reading database ... 55%(Reading database ... 60%(Reading database ... 65%(Reading database ... 70%Selecting previously unselected package pigz.
(Reading database ... (Reading database ... 75%(Reading database ... 80%(Reading database ... 85%(Reading database ... 90%(Reading database ... 95%(Reading database ... 5%(Reading database ... 10%(Reading database ... 15%(Reading database ... 20%(Reading database ... 25%(Reading database ... 30%(Reading database ... 35%(Reading database ... 40%(Reading database ... 45%(Reading database ... 50%(Reading database ... 55%(Reading database ... 100%(Reading database ... 74109 files and directories currently installed.)
(Reading database ... 60%(Reading database ... 65%(Reading database ... 70%(Reading database ... 75%(Reading database ... 80%(Reading database ... 85%Selecting previously unselected package libitm1:arm64.
Preparing to unpack .../25-libitm1_14.2.0-4ubuntu2~24.04.1_arm64.deb ...
Unpacking libitm1:arm64 (14.2.0-4ubuntu2~24.04.1) ...
(Reading database ... 90%(Reading database ... 95%(Reading database ... 100%(Reading database ... 74109 files and directories currently installed.)
Preparing to unpack .../00-pigz_2.8-1_arm64.deb ...
Unpacking pigz (2.8-1) ...
Preparing to unpack .../00-pigz_2.8-1_arm64.deb ...
Unpacking pigz (2.8-1) ...
Preparing to unpack .../01-locales_2.39-0ubuntu8.8_all.deb ...
Preparing to unpack .../01-locales_2.39-0ubuntu8.8_all.deb ...
Unpacking locales (2.39-0ubuntu8.8) over (2.39-0ubuntu8.7) ...
Selecting previously unselected package libatomic1:arm64.
Preparing to unpack .../26-libatomic1_14.2.0-4ubuntu2~24.04.1_arm64.deb ...
Unpacking locales (2.39-0ubuntu8.8) over (2.39-0ubuntu8.7) ...
Unpacking libatomic1:arm64 (14.2.0-4ubuntu2~24.04.1) ...
Selecting previously unselected package libasan8:arm64.
Preparing to unpack .../27-libasan8_14.2.0-4ubuntu2~24.04.1_arm64.deb ...
Unpacking libasan8:arm64 (14.2.0-4ubuntu2~24.04.1) ...
[22:02:36] [bifrost] fetched 4 file(s) in 1s
[22:02:36] [bifrost] qualify: performed by the engine (published as rig.box_qualify in the snapshot)
[22:02:36] [bifrost] running bifrost (latency + RPS + memory) - detached on box; pulling each suite as it completes
Selecting previously unselected package binutils-common:arm64.
Preparing to unpack .../02-binutils-common_2.42-4ubuntu2.10_arm64.deb ...
Unpacking binutils-common:arm64 (2.42-4ubuntu2.10) ...
Selecting previously unselected package binutils-common:arm64.
Selecting previously unselected package liblsan0:arm64.
Preparing to unpack .../02-binutils-common_2.42-4ubuntu2.10_arm64.deb ...
Unpacking binutils-common:arm64 (2.42-4ubuntu2.10) ...
Preparing to unpack .../28-liblsan0_14.2.0-4ubuntu2~24.04.1_arm64.deb ...
Unpacking liblsan0:arm64 (14.2.0-4ubuntu2~24.04.1) ...
Selecting previously unselected package libsframe1:arm64.
Preparing to unpack .../03-libsframe1_2.42-4ubuntu2.10_arm64.deb ...
Unpacking libsframe1:arm64 (2.42-4ubuntu2.10) ...
sudo: a terminal is required to read the password; either use the -S option to read from standard input or configure an askpass helper
sudo: a password is required
Selecting previously unselected package libbinutils:arm64.
Preparing to unpack .../04-libbinutils_2.42-4ubuntu2.10_arm64.deb ...
Selecting previously unselected package libtsan2:arm64.
Selecting previously unselected package libsframe1:arm64.
Unpacking libbinutils:arm64 (2.42-4ubuntu2.10) ...
Preparing to unpack .../29-libtsan2_14.2.0-4ubuntu2~24.04.1_arm64.deb ...
Preparing to unpack .../03-libsframe1_2.42-4ubuntu2.10_arm64.deb ...
sudo: a terminal is required to read the password; either use the -S option to read from standard input or configure an askpass helper
sudo: a password is required
Unpacking libtsan2:arm64 (14.2.0-4ubuntu2~24.04.1) ...
Unpacking libsframe1:arm64 (2.42-4ubuntu2.10) ...
sudo: a terminal is required to read the password; either use the -S option to read from standard input or configure an askpass helper
sudo: a password is required
Setting up cpp-aarch64-linux-gnu (4:13.2.0-7ubuntu1) ...
Setting up libgprofng0:arm64 (2.42-4ubuntu2.10) ...
Selecting previously unselected package libctf-nobfd0:arm64.
Preparing to unpack .../05-libctf-nobfd0_2.42-4ubuntu2.10_arm64.deb ...
Selecting previously unselected package libbinutils:arm64.
Unpacking libctf-nobfd0:arm64 (2.42-4ubuntu2.10) ...
Setting up libjs-sphinxdoc (7.2.6-6) ...
Preparing to unpack .../04-libbinutils_2.42-4ubuntu2.10_arm64.deb ...
Unpacking libbinutils:arm64 (2.42-4ubuntu2.10) ...
Setting up libgcc-13-dev:arm64 (13.3.0-6ubuntu2~24.04.1) ...
Setting up cpp-aarch64-linux-gnu (4:13.2.0-7ubuntu1) ...
Setting up libtiff6:arm64 (4.5.1+git230720-4ubuntu2.5) ...
Selecting previously unselected package libctf0:arm64.
Selecting previously unselected package libubsan1:arm64.
Preparing to unpack .../06-libctf0_2.42-4ubuntu2.10_arm64.deb ...
Unpacking libctf0:arm64 (2.42-4ubuntu2.10) ...
Selecting previously unselected package libgprofng0:arm64.
Preparing to unpack .../07-libgprofng0_2.42-4ubuntu2.10_arm64.deb ...
Unpacking libgprofng0:arm64 (2.42-4ubuntu2.10) ...
Setting up libc6-dev:arm64 (2.39-0ubuntu8.8) ...
Setting up libstdc++-13-dev:arm64 (13.3.0-6ubuntu2~24.04.1) ...
Selecting previously unselected package libctf-nobfd0:arm64.
Preparing to unpack .../05-libctf-nobfd0_2.42-4ubuntu2.10_arm64.deb ...
Unpacking libctf-nobfd0:arm64 (2.42-4ubuntu2.10) ...
Preparing to unpack .../30-libubsan1_14.2.0-4ubuntu2~24.04.1_arm64.deb ...
Unpacking libubsan1:arm64 (14.2.0-4ubuntu2~24.04.1) ...
Selecting previously unselected package libhwasan0:arm64.
Preparing to unpack .../31-libhwasan0_14.2.0-4ubuntu2~24.04.1_arm64.deb ...
Setting up libgprofng0:arm64 (2.42-4ubuntu2.10) ...
Setting up libjs-sphinxdoc (7.2.6-6) ...
Setting up libgcc-13-dev:arm64 (13.3.0-6ubuntu2~24.04.1) ...
Setting up libtiff6:arm64 (4.5.1+git230720-4ubuntu2.5) ...
Setting up libc6-dev:arm64 (2.39-0ubuntu8.8) ...
Setting up libstdc++-13-dev:arm64 (13.3.0-6ubuntu2~24.04.1) ...
Setting up cpp-13 (13.3.0-6ubuntu2~24.04.1) ...
Unpacking libhwasan0:arm64 (14.2.0-4ubuntu2~24.04.1) ...
Selecting previously unselected package binutils-aarch64-linux-gnu.
Setting up binutils-aarch64-linux-gnu (2.42-4ubuntu2.10) ...
Selecting previously unselected package libctf0:arm64.
Preparing to unpack .../08-binutils-aarch64-linux-gnu_2.42-4ubuntu2.10_arm64.deb ...
Unpacking binutils-aarch64-linux-gnu (2.42-4ubuntu2.10) ...
Preparing to unpack .../06-libctf0_2.42-4ubuntu2.10_arm64.deb ...
Unpacking libctf0:arm64 (2.42-4ubuntu2.10) ...
Setting up binutils (2.42-4ubuntu2.10) ...
[22:02:36] [apisix] fetching apisix + rig.sh @ a2738919ce03 ...
Setting up cpp-13 (13.3.0-6ubuntu2~24.04.1) ...
Setting up gcc-13-aarch64-linux-gnu (13.3.0-6ubuntu2~24.04.1) ...
Setting up libjpeg-turbo8:arm64 (2.1.5-2ubuntu2) ...
Setting up bridge-utils (1.7.1-1ubuntu2) ...
Selecting previously unselected package libgcc-13-dev:arm64.
Setting up dpkg-dev (1.22.6ubuntu6.6) ...
Preparing to unpack .../32-libgcc-13-dev_13.3.0-6ubuntu2~24.04.1_arm64.deb ...
Unpacking libgcc-13-dev:arm64 (13.3.0-6ubuntu2~24.04.1) ...
Selecting previously unselected package libgprofng0:arm64.
Setting up libexpat1-dev:arm64 (2.6.1-2ubuntu0.4) ...
Preparing to unpack .../07-libgprofng0_2.42-4ubuntu2.10_arm64.deb ...
Unpacking libgprofng0:arm64 (2.42-4ubuntu2.10) ...
Setting up gcc-13 (13.3.0-6ubuntu2~24.04.1) ...
Setting up zlib1g-dev:arm64 (1:1.3.dfsg-3.1ubuntu2.1) ...
Setting up libdpkg-perl (1.22.6ubuntu6.6) ...
Setting up binutils-aarch64-linux-gnu (2.42-4ubuntu2.10) ...
Setting up libwebp7:arm64 (1.3.2-0.4build3) ...
Selecting previously unselected package binutils-aarch64-linux-gnu.
Selecting previously unselected package binutils.
Selecting previously unselected package gcc-13-aarch64-linux-gnu.
Setting up cpp (4:13.2.0-7ubuntu1) ...
Setting up libubsan1:arm64 (14.2.0-4ubuntu2~24.04.1) ...
Preparing to unpack .../08-binutils-aarch64-linux-gnu_2.42-4ubuntu2.10_arm64.deb ...
[22:02:36] [aisix] run-all.sh finished non-zero (exit=127) - a suite crashed or exited non-zero; results may be incomplete
Preparing to unpack .../09-binutils_2.42-4ubuntu2.10_arm64.deb ...
Unpacking binutils (2.42-4ubuntu2.10) ...
Preparing to unpack .../33-gcc-13-aarch64-linux-gnu_13.3.0-6ubuntu2~24.04.1_arm64.deb ...
Unpacking binutils-aarch64-linux-gnu (2.42-4ubuntu2.10) ...
Unpacking gcc-13-aarch64-linux-gnu (13.3.0-6ubuntu2~24.04.1) ...
Setting up libhwasan0:arm64 (14.2.0-4ubuntu2~24.04.1) ...
Setting up pigz (2.8-1) ...
Setting up libcrypt-dev:arm64 (1:4.4.36-4build1) ...
Setting up g++-13-aarch64-linux-gnu (13.3.0-6ubuntu2~24.04.1) ...
Selecting previously unselected package bridge-utils.
Setting up libasan8:arm64 (14.2.0-4ubuntu2~24.04.1) ...
Preparing to unpack .../10-bridge-utils_1.7.1-1ubuntu2_arm64.deb ...
Unpacking bridge-utils (1.7.1-1ubuntu2) ...
Setting up libtsan2:arm64 (14.2.0-4ubuntu2~24.04.1) ...
Setting up gcc-aarch64-linux-gnu (4:13.2.0-7ubuntu1) ...
Setting up binutils (2.42-4ubuntu2.10) ...
Setting up libjs-jquery (3.6.1+dfsg+~3.5.14-1) ...
Setting up g++-13 (13.3.0-6ubuntu2~24.04.1) ...
Setting up gcc-13-aarch64-linux-gnu (13.3.0-6ubuntu2~24.04.1) ...
Setting up libbinutils:arm64 (2.42-4ubuntu2.10) ...
Selecting previously unselected package libc-dev-bin.
Setting up libisl23:arm64 (0.26-3build1.1) ...
Setting up dpkg-dev (1.22.6ubuntu6.6) ...
Setting up libpython3.12-dev:arm64 (3.12.3-1ubuntu0.15) ...
Preparing to unpack .../11-libc-dev-bin_2.39-0ubuntu8.8_arm64.deb ...
Unpacking libc-dev-bin (2.39-0ubuntu8.8) ...
Setting up libc-dev-bin (2.39-0ubuntu8.8) ...
 done
Generation complete.
Setting up gcc (4:13.2.0-7ubuntu1) ...
Setting up containerd (2.2.1-0ubuntu1~24.04.3) ...
Setting up libexpat1-dev:arm64 (2.6.1-2ubuntu0.4) ...
Selecting previously unselected package linux-libc-dev:arm64.
Setting up gcc-13 (13.3.0-6ubuntu2~24.04.1) ...
Preparing to unpack .../12-linux-libc-dev_6.8.0-136.136_arm64.deb ...
Unpacking linux-libc-dev:arm64 (6.8.0-136.136) ...
Setting up python3-wheel (0.42.0-2) ...
Setting up python3.12-dev (3.12.3-1ubuntu0.15) ...
Setting up zlib1g-dev:arm64 (1:1.3.dfsg-3.1ubuntu2.1) ...
Selecting previously unselected package binutils.
Preparing to unpack .../09-binutils_2.42-4ubuntu2.10_arm64.deb ...
Setting up cpp (4:13.2.0-7ubuntu1) ...
Unpacking binutils (2.42-4ubuntu2.10) ...
Setting up g++-aarch64-linux-gnu (4:13.2.0-7ubuntu1) ...
Setting up libpython3-dev:arm64 (3.12.3-0ubuntu2.1) ...
Setting up g++-13-aarch64-linux-gnu (13.3.0-6ubuntu2~24.04.1) ...
Setting up gcc-aarch64-linux-gnu (4:13.2.0-7ubuntu1) ...
Setting up python3-dev (3.12.3-0ubuntu2.1) ...
Setting up g++-13 (13.3.0-6ubuntu2~24.04.1) ...
Selecting previously unselected package bridge-utils.
Setting up g++ (4:13.2.0-7ubuntu1) ...
Preparing to unpack .../10-bridge-utils_1.7.1-1ubuntu2_arm64.deb ...
Setting up libpython3.12-dev:arm64 (3.12.3-1ubuntu0.15) ...
Unpacking bridge-utils (1.7.1-1ubuntu2) ...
update-alternatives: using /usr/bin/g++ to provide /usr/bin/c++ (c++) in auto mode
Setting up gcc (4:13.2.0-7ubuntu1) ...
Setting up build-essential (12.10ubuntu1) ...
Created symlink /etc/systemd/system/multi-user.target.wants/containerd.service → /usr/lib/systemd/system/containerd.service.
Setting up libheif-plugin-aomdec:arm64 (1.17.6-1ubuntu4.6) ...
Selecting previously unselected package libcrypt-dev:arm64.
Setting up python3.12-dev (3.12.3-1ubuntu0.15) ...
Preparing to unpack .../13-libcrypt-dev_1%3a4.4.36-4build1_arm64.deb ...
Selecting previously unselected package libc-dev-bin.
Preparing to unpack .../11-libc-dev-bin_2.39-0ubuntu8.8_arm64.deb ...
Unpacking libcrypt-dev:arm64 (1:4.4.36-4build1) ...
Setting up g++-aarch64-linux-gnu (4:13.2.0-7ubuntu1) ...
Setting up libheif1:arm64 (1.17.6-1ubuntu4.6) ...
Unpacking libc-dev-bin (2.39-0ubuntu8.8) ...
Setting up libpython3-dev:arm64 (3.12.3-0ubuntu2.1) ...
Setting up libheif-plugin-aomenc:arm64 (1.17.6-1ubuntu4.6) ...
Setting up python3-dev (3.12.3-0ubuntu2.1) ...
Setting up libjbig0:arm64 (2.1-6.1ubuntu2) ...
Setting up g++ (4:13.2.0-7ubuntu1) ...
Selecting previously unselected package rpcsvc-proto.
Processing triggers for libc-bin (2.39-0ubuntu8.8) ...
Preparing to unpack .../14-rpcsvc-proto_1.4.2-0ubuntu7_arm64.deb ...
Selecting previously unselected package linux-libc-dev:arm64.
Unpacking rpcsvc-proto (1.4.2-0ubuntu7) ...
update-alternatives: using /usr/bin/g++ to provide /usr/bin/c++ (c++) in auto mode
Setting up libsframe1:arm64 (2.42-4ubuntu2.10) ...
Preparing to unpack .../12-linux-libc-dev_6.8.0-136.136_arm64.deb ...
Setting up build-essential (12.10ubuntu1) ...
Unpacking linux-libc-dev:arm64 (6.8.0-136.136) ...
Setting up libfakeroot:arm64 (1.33-1) ...
Processing triggers for man-db (2.12.0-4build2) ...
Setting up libheif-plugin-aomdec:arm64 (1.17.6-1ubuntu4.6) ...
Setting up libheif1:arm64 (1.17.6-1ubuntu4.6) ...
Setting up libheif-plugin-aomenc:arm64 (1.17.6-1ubuntu4.6) ...
Selecting previously unselected package libc6-dev:arm64.
Preparing to unpack .../15-libc6-dev_2.39-0ubuntu8.8_arm64.deb ...
Unpacking libc6-dev:arm64 (2.39-0ubuntu8.8) ...
Setting up runc (1.3.4-0ubuntu1~24.04.1) ...
Processing triggers for libc-bin (2.39-0ubuntu8.8) ...
Processing triggers for man-db (2.12.0-4build2) ...
Setting up dns-root-data (2024071801~ubuntu0.24.04.1) ...
Setting up fakeroot (1.33-1) ...
update-alternatives: using /usr/bin/fakeroot-sysv to provide /usr/bin/fakeroot (fakeroot) in auto mode
Selecting previously unselected package gcc-13.
Setting up rpcsvc-proto (1.4.2-0ubuntu7) ...
Preparing to unpack .../34-gcc-13_13.3.0-6ubuntu2~24.04.1_arm64.deb ...
Unpacking gcc-13 (13.3.0-6ubuntu2~24.04.1) ...
Selecting previously unselected package gcc-13-base:arm64.
Setting up gcc-13-base:arm64 (13.3.0-6ubuntu2~24.04.1) ...
Preparing to unpack .../16-gcc-13-base_13.3.0-6ubuntu2~24.04.1_arm64.deb ...
Unpacking gcc-13-base:arm64 (13.3.0-6ubuntu2~24.04.1) ...
Setting up make (4.3-4.1build2) ...
Selecting previously unselected package gcc-aarch64-linux-gnu.
Selecting previously unselected package libcrypt-dev:arm64.
Preparing to unpack .../35-gcc-aarch64-linux-gnu_4%3a13.2.0-7ubuntu1_arm64.deb ...
Preparing to unpack .../13-libcrypt-dev_1%3a4.4.36-4build1_arm64.deb ...
Setting up fonts-dejavu-mono (2.37-8) ...
Unpacking gcc-aarch64-linux-gnu (4:13.2.0-7ubuntu1) ...
Selecting previously unselected package libisl23:arm64.
Preparing to unpack .../17-libisl23_0.26-3build1.1_arm64.deb ...
Unpacking libisl23:arm64 (0.26-3build1.1) ...
Unpacking libcrypt-dev:arm64 (1:4.4.36-4build1) ...
Selecting previously unselected package gcc.
Preparing to unpack .../36-gcc_4%3a13.2.0-7ubuntu1_arm64.deb ...
Setting up libmpc3:arm64 (1.3.1-1build1.1) ...
Unpacking gcc (4:13.2.0-7ubuntu1) ...
Setting up libatomic1:arm64 (14.2.0-4ubuntu2~24.04.1) ...
Selecting previously unselected package libmpc3:arm64.
Preparing to unpack .../18-libmpc3_1.3.1-1build1.1_arm64.deb ...
Selecting previously unselected package rpcsvc-proto.
Unpacking libmpc3:arm64 (1.3.1-1build1.1) ...
Selecting previously unselected package libstdc++-13-dev:arm64.
Preparing to unpack .../14-rpcsvc-proto_1.4.2-0ubuntu7_arm64.deb ...
Preparing to unpack .../37-libstdc++-13-dev_13.3.0-6ubuntu2~24.04.1_arm64.deb ...
Unpacking libstdc++-13-dev:arm64 (13.3.0-6ubuntu2~24.04.1) ...
Unpacking rpcsvc-proto (1.4.2-0ubuntu7) ...
Setting up fonts-dejavu-core (2.37-8) ...
Selecting previously unselected package cpp-13-aarch64-linux-gnu.
Setting up linux-tools-common (6.8.0-136.136) ...
Preparing to unpack .../19-cpp-13-aarch64-linux-gnu_13.3.0-6ubuntu2~24.04.1_arm64.deb ...
Unpacking cpp-13-aarch64-linux-gnu (13.3.0-6ubuntu2~24.04.1) ...
Setting up libalgorithm-diff-xs-perl:arm64 (0.04-8build3) ...
Setting up libcc1-0:arm64 (14.2.0-4ubuntu2~24.04.1) ...
Selecting previously unselected package libc6-dev:arm64.
Setting up liblsan0:arm64 (14.2.0-4ubuntu2~24.04.1) ...
Preparing to unpack .../15-libc6-dev_2.39-0ubuntu8.8_arm64.deb ...
Unpacking libc6-dev:arm64 (2.39-0ubuntu8.8) ...
Setting up libitm1:arm64 (14.2.0-4ubuntu2~24.04.1) ...
Setting up libjs-underscore (1.13.4~dfsg+~1.11.4-3) ...
Setting up libalgorithm-merge-perl (0.08-5) ...
Setting up python3-pip (24.0+dfsg-1ubuntu1.3) ...
Setting up libctf0:arm64 (2.42-4ubuntu2.10) ...
Setting up libjpeg8:arm64 (8c-2ubuntu11) ...
Setting up ubuntu-fan (0.12.16+24.04.1) ...
Selecting previously unselected package gcc-13-base:arm64.
Preparing to unpack .../16-gcc-13-base_13.3.0-6ubuntu2~24.04.1_arm64.deb ...
Unpacking gcc-13-base:arm64 (13.3.0-6ubuntu2~24.04.1) ...
Selecting previously unselected package g++-13-aarch64-linux-gnu.
Preparing to unpack .../38-g++-13-aarch64-linux-gnu_13.3.0-6ubuntu2~24.04.1_arm64.deb ...
Unpacking g++-13-aarch64-linux-gnu (13.3.0-6ubuntu2~24.04.1) ...
Selecting previously unselected package cpp-13.
Preparing to unpack .../20-cpp-13_13.3.0-6ubuntu2~24.04.1_arm64.deb ...
Unpacking cpp-13 (13.3.0-6ubuntu2~24.04.1) ...
Selecting previously unselected package libisl23:arm64.
Created symlink /etc/systemd/system/multi-user.target.wants/ubuntu-fan.service → /usr/lib/systemd/system/ubuntu-fan.service.
Preparing to unpack .../17-libisl23_0.26-3build1.1_arm64.deb ...
Unpacking libisl23:arm64 (0.26-3build1.1) ...
Selecting previously unselected package cpp-aarch64-linux-gnu.
Preparing to unpack .../21-cpp-aarch64-linux-gnu_4%3a13.2.0-7ubuntu1_arm64.deb ...
Unpacking cpp-aarch64-linux-gnu (4:13.2.0-7ubuntu1) ...
Selecting previously unselected package cpp.
Preparing to unpack .../22-cpp_4%3a13.2.0-7ubuntu1_arm64.deb ...
Unpacking cpp (4:13.2.0-7ubuntu1) ...
Selecting previously unselected package libmpc3:arm64.
Preparing to unpack .../18-libmpc3_1.3.1-1build1.1_arm64.deb ...
Unpacking libmpc3:arm64 (1.3.1-1build1.1) ...
Selecting previously unselected package libcc1-0:arm64.
Preparing to unpack .../23-libcc1-0_14.2.0-4ubuntu2~24.04.1_arm64.deb ...
Unpacking libcc1-0:arm64 (14.2.0-4ubuntu2~24.04.1) ...
[22:02:37] [aisix] final pull pass for aisix results
Selecting previously unselected package cpp-13-aarch64-linux-gnu.
Preparing to unpack .../19-cpp-13-aarch64-linux-gnu_13.3.0-6ubuntu2~24.04.1_arm64.deb ...
Unpacking cpp-13-aarch64-linux-gnu (13.3.0-6ubuntu2~24.04.1) ...
Selecting previously unselected package libgomp1:arm64.
Preparing to unpack .../24-libgomp1_14.2.0-4ubuntu2~24.04.1_arm64.deb ...
Unpacking libgomp1:arm64 (14.2.0-4ubuntu2~24.04.1) ...
Selecting previously unselected package libitm1:arm64.
Preparing to unpack .../25-libitm1_14.2.0-4ubuntu2~24.04.1_arm64.deb ...
Unpacking libitm1:arm64 (14.2.0-4ubuntu2~24.04.1) ...
Selecting previously unselected package g++-13.
Preparing to unpack .../39-g++-13_13.3.0-6ubuntu2~24.04.1_arm64.deb ...
Unpacking g++-13 (13.3.0-6ubuntu2~24.04.1) ...
Selecting previously unselected package libatomic1:arm64.
Preparing to unpack .../26-libatomic1_14.2.0-4ubuntu2~24.04.1_arm64.deb ...
Selecting previously unselected package g++-aarch64-linux-gnu.
Unpacking libatomic1:arm64 (14.2.0-4ubuntu2~24.04.1) ...
Preparing to unpack .../40-g++-aarch64-linux-gnu_4%3a13.2.0-7ubuntu1_arm64.deb ...
Unpacking g++-aarch64-linux-gnu (4:13.2.0-7ubuntu1) ...
Selecting previously unselected package libasan8:arm64.
Selecting previously unselected package g++.
Preparing to unpack .../27-libasan8_14.2.0-4ubuntu2~24.04.1_arm64.deb ...
Unpacking libasan8:arm64 (14.2.0-4ubuntu2~24.04.1) ...
Preparing to unpack .../41-g++_4%3a13.2.0-7ubuntu1_arm64.deb ...
Unpacking g++ (4:13.2.0-7ubuntu1) ...
Selecting previously unselected package make.
Selecting previously unselected package cpp-13.
Preparing to unpack .../42-make_4.3-4.1build2_arm64.deb ...
Preparing to unpack .../20-cpp-13_13.3.0-6ubuntu2~24.04.1_arm64.deb ...
Unpacking make (4.3-4.1build2) ...
Unpacking cpp-13 (13.3.0-6ubuntu2~24.04.1) ...
Setting up cpp-13-aarch64-linux-gnu (13.3.0-6ubuntu2~24.04.1) ...
Selecting previously unselected package libdpkg-perl.
Setting up fontconfig-config (2.15.0-1.1ubuntu2) ...
Selecting previously unselected package cpp-aarch64-linux-gnu.
Preparing to unpack .../43-libdpkg-perl_1.22.6ubuntu6.6_all.deb ...
Unpacking libdpkg-perl (1.22.6ubuntu6.6) ...
Preparing to unpack .../21-cpp-aarch64-linux-gnu_4%3a13.2.0-7ubuntu1_arm64.deb ...
Selecting previously unselected package liblsan0:arm64.
Unpacking cpp-aarch64-linux-gnu (4:13.2.0-7ubuntu1) ...
Preparing to unpack .../28-liblsan0_14.2.0-4ubuntu2~24.04.1_arm64.deb ...
Unpacking liblsan0:arm64 (14.2.0-4ubuntu2~24.04.1) ...
Selecting previously unselected package bzip2.
Selecting previously unselected package cpp.
Preparing to unpack .../44-bzip2_1.0.8-5.1build0.1_arm64.deb ...
Unpacking bzip2 (1.0.8-5.1build0.1) ...
Selecting previously unselected package libtsan2:arm64.
Preparing to unpack .../22-cpp_4%3a13.2.0-7ubuntu1_arm64.deb ...
Preparing to unpack .../29-libtsan2_14.2.0-4ubuntu2~24.04.1_arm64.deb ...
Unpacking libtsan2:arm64 (14.2.0-4ubuntu2~24.04.1) ...
Unpacking cpp (4:13.2.0-7ubuntu1) ...
Selecting previously unselected package lto-disabled-list.
Preparing to unpack .../45-lto-disabled-list_47_all.deb ...
Unpacking lto-disabled-list (47) ...
[22:02:37] [apisix] fetched 5 file(s) in 1s
[22:02:37] [apisix] qualify: performed by the engine (published as rig.box_qualify in the snapshot)
[22:02:37] [apisix] running apisix (latency + RPS + memory) - detached on box; pulling each suite as it completes
Selecting previously unselected package libcc1-0:arm64.
Selecting previously unselected package dpkg-dev.
Preparing to unpack .../23-libcc1-0_14.2.0-4ubuntu2~24.04.1_arm64.deb ...
Preparing to unpack .../46-dpkg-dev_1.22.6ubuntu6.6_all.deb ...
Unpacking libcc1-0:arm64 (14.2.0-4ubuntu2~24.04.1) ...
Unpacking dpkg-dev (1.22.6ubuntu6.6) ...
Setting up docker.io (29.1.3-0ubuntu3~24.04.2) ...
Selecting previously unselected package libubsan1:arm64.
Preparing to unpack .../30-libubsan1_14.2.0-4ubuntu2~24.04.1_arm64.deb ...
Unpacking libubsan1:arm64 (14.2.0-4ubuntu2~24.04.1) ...
Selecting previously unselected package libgomp1:arm64.
Preparing to unpack .../24-libgomp1_14.2.0-4ubuntu2~24.04.1_arm64.deb ...
Unpacking libgomp1:arm64 (14.2.0-4ubuntu2~24.04.1) ...
Selecting previously unselected package libhwasan0:arm64.
Preparing to unpack .../31-libhwasan0_14.2.0-4ubuntu2~24.04.1_arm64.deb ...
Unpacking libhwasan0:arm64 (14.2.0-4ubuntu2~24.04.1) ...
Selecting previously unselected package libitm1:arm64.
Selecting previously unselected package build-essential.
Preparing to unpack .../25-libitm1_14.2.0-4ubuntu2~24.04.1_arm64.deb ...
info: Selecting GID from range 100 to 999 ...
Preparing to unpack .../47-build-essential_12.10ubuntu1_arm64.deb ...
info: Adding group `docker' (GID 112) ...
Unpacking libitm1:arm64 (14.2.0-4ubuntu2~24.04.1) ...
Unpacking build-essential (12.10ubuntu1) ...
Selecting previously unselected package libgcc-13-dev:arm64.
Preparing to unpack .../32-libgcc-13-dev_13.3.0-6ubuntu2~24.04.1_arm64.deb ...
Unpacking libgcc-13-dev:arm64 (13.3.0-6ubuntu2~24.04.1) ...
Selecting previously unselected package runc.
Preparing to unpack .../48-runc_1.3.4-0ubuntu1~24.04.1_arm64.deb ...
Unpacking runc (1.3.4-0ubuntu1~24.04.1) ...
Selecting previously unselected package libatomic1:arm64.
Preparing to unpack .../26-libatomic1_14.2.0-4ubuntu2~24.04.1_arm64.deb ...
Unpacking libatomic1:arm64 (14.2.0-4ubuntu2~24.04.1) ...
Selecting previously unselected package gcc-13-aarch64-linux-gnu.
Preparing to unpack .../33-gcc-13-aarch64-linux-gnu_13.3.0-6ubuntu2~24.04.1_arm64.deb ...
Unpacking gcc-13-aarch64-linux-gnu (13.3.0-6ubuntu2~24.04.1) ...
Selecting previously unselected package libasan8:arm64.
Preparing to unpack .../27-libasan8_14.2.0-4ubuntu2~24.04.1_arm64.deb ...
Unpacking libasan8:arm64 (14.2.0-4ubuntu2~24.04.1) ...
Created symlink /etc/systemd/system/multi-user.target.wants/docker.service → /usr/lib/systemd/system/docker.service.
Selecting previously unselected package liblsan0:arm64.
Preparing to unpack .../28-liblsan0_14.2.0-4ubuntu2~24.04.1_arm64.deb ...
Unpacking liblsan0:arm64 (14.2.0-4ubuntu2~24.04.1) ...
Created symlink /etc/systemd/system/sockets.target.wants/docker.socket → /usr/lib/systemd/system/docker.socket.
Selecting previously unselected package containerd.
Preparing to unpack .../49-containerd_2.2.1-0ubuntu1~24.04.3_arm64.deb ...
Unpacking containerd (2.2.1-0ubuntu1~24.04.3) ...
Selecting previously unselected package libtsan2:arm64.
Preparing to unpack .../29-libtsan2_14.2.0-4ubuntu2~24.04.1_arm64.deb ...
Unpacking libtsan2:arm64 (14.2.0-4ubuntu2~24.04.1) ...
Selecting previously unselected package libubsan1:arm64.
Preparing to unpack .../30-libubsan1_14.2.0-4ubuntu2~24.04.1_arm64.deb ...
Unpacking libubsan1:arm64 (14.2.0-4ubuntu2~24.04.1) ...
Selecting previously unselected package gcc-13.
Preparing to unpack .../34-gcc-13_13.3.0-6ubuntu2~24.04.1_arm64.deb ...
Unpacking gcc-13 (13.3.0-6ubuntu2~24.04.1) ...
Setting up libjpeg-turbo8:arm64 (2.1.5-2ubuntu2) ...
Selecting previously unselected package gcc-aarch64-linux-gnu.
Preparing to unpack .../35-gcc-aarch64-linux-gnu_4%3a13.2.0-7ubuntu1_arm64.deb ...
Setting up bridge-utils (1.7.1-1ubuntu2) ...
Unpacking gcc-aarch64-linux-gnu (4:13.2.0-7ubuntu1) ...
Selecting previously unselected package libhwasan0:arm64.
Preparing to unpack .../31-libhwasan0_14.2.0-4ubuntu2~24.04.1_arm64.deb ...
Unpacking libhwasan0:arm64 (14.2.0-4ubuntu2~24.04.1) ...
Selecting previously unselected package gcc.
Preparing to unpack .../36-gcc_4%3a13.2.0-7ubuntu1_arm64.deb ...
Unpacking gcc (4:13.2.0-7ubuntu1) ...
Selecting previously unselected package libstdc++-13-dev:arm64.
Preparing to unpack .../37-libstdc++-13-dev_13.3.0-6ubuntu2~24.04.1_arm64.deb ...
Unpacking libstdc++-13-dev:arm64 (13.3.0-6ubuntu2~24.04.1) ...
Selecting previously unselected package libgcc-13-dev:arm64.
Setting up libdpkg-perl (1.22.6ubuntu6.6) ...
Preparing to unpack .../32-libgcc-13-dev_13.3.0-6ubuntu2~24.04.1_arm64.deb ...
Unpacking libgcc-13-dev:arm64 (13.3.0-6ubuntu2~24.04.1) ...
Setting up libwebp7:arm64 (1.3.2-0.4build3) ...
Setting up libubsan1:arm64 (14.2.0-4ubuntu2~24.04.1) ...
Setting up libhwasan0:arm64 (14.2.0-4ubuntu2~24.04.1) ...
Setting up pigz (2.8-1) ...
Setting up libcrypt-dev:arm64 (1:4.4.36-4build1) ...
Setting up libasan8:arm64 (14.2.0-4ubuntu2~24.04.1) ...
Setting up libtsan2:arm64 (14.2.0-4ubuntu2~24.04.1) ...
Setting up libjs-jquery (3.6.1+dfsg+~3.5.14-1) ...
Setting up libbinutils:arm64 (2.42-4ubuntu2.10) ...
Selecting previously unselected package gcc-13-aarch64-linux-gnu.
Preparing to unpack .../33-gcc-13-aarch64-linux-gnu_13.3.0-6ubuntu2~24.04.1_arm64.deb ...
Unpacking gcc-13-aarch64-linux-gnu (13.3.0-6ubuntu2~24.04.1) ...
Selecting previously unselected package g++-13-aarch64-linux-gnu.
Preparing to unpack .../38-g++-13-aarch64-linux-gnu_13.3.0-6ubuntu2~24.04.1_arm64.deb ...
Unpacking g++-13-aarch64-linux-gnu (13.3.0-6ubuntu2~24.04.1) ...
Setting up libisl23:arm64 (0.26-3build1.1) ...
Setting up libc-dev-bin (2.39-0ubuntu8.8) ...
Setting up containerd (2.2.1-0ubuntu1~24.04.3) ...
Setting up cpp-aarch64-linux-gnu (4:13.2.0-7ubuntu1) ...
Setting up libgprofng0:arm64 (2.42-4ubuntu2.10) ...
Setting up libjs-sphinxdoc (7.2.6-6) ...
Setting up libgcc-13-dev:arm64 (13.3.0-6ubuntu2~24.04.1) ...
Setting up libtiff6:arm64 (4.5.1+git230720-4ubuntu2.5) ...
Setting up libc6-dev:arm64 (2.39-0ubuntu8.8) ...
Setting up libstdc++-13-dev:arm64 (13.3.0-6ubuntu2~24.04.1) ...
Setting up cpp-13 (13.3.0-6ubuntu2~24.04.1) ...
Setting up binutils-aarch64-linux-gnu (2.42-4ubuntu2.10) ...
Selecting previously unselected package g++-13.
Preparing to unpack .../39-g++-13_13.3.0-6ubuntu2~24.04.1_arm64.deb ...
Unpacking g++-13 (13.3.0-6ubuntu2~24.04.1) ...
Setting up binutils (2.42-4ubuntu2.10) ...
Created symlink /etc/systemd/system/multi-user.target.wants/containerd.service → /usr/lib/systemd/system/containerd.service.
Setting up gcc-13-aarch64-linux-gnu (13.3.0-6ubuntu2~24.04.1) ...
Setting up dpkg-dev (1.22.6ubuntu6.6) ...
Selecting previously unselected package g++-aarch64-linux-gnu.
Setting up libexpat1-dev:arm64 (2.6.1-2ubuntu0.4) ...
Preparing to unpack .../40-g++-aarch64-linux-gnu_4%3a13.2.0-7ubuntu1_arm64.deb ...
Unpacking g++-aarch64-linux-gnu (4:13.2.0-7ubuntu1) ...
Setting up gcc-13 (13.3.0-6ubuntu2~24.04.1) ...
Setting up zlib1g-dev:arm64 (1:1.3.dfsg-3.1ubuntu2.1) ...
Selecting previously unselected package gcc-13.
Selecting previously unselected package g++.
Preparing to unpack .../41-g++_4%3a13.2.0-7ubuntu1_arm64.deb ...
Preparing to unpack .../34-gcc-13_13.3.0-6ubuntu2~24.04.1_arm64.deb ...
Unpacking g++ (4:13.2.0-7ubuntu1) ...
Unpacking gcc-13 (13.3.0-6ubuntu2~24.04.1) ...
Selecting previously unselected package dns-root-data.
Preparing to unpack .../50-dns-root-data_2024071801~ubuntu0.24.04.1_all.deb ...
Selecting previously unselected package make.
Unpacking dns-root-data (2024071801~ubuntu0.24.04.1) ...
Setting up cpp (4:13.2.0-7ubuntu1) ...
Selecting previously unselected package gcc-aarch64-linux-gnu.
Preparing to unpack .../42-make_4.3-4.1build2_arm64.deb ...
Preparing to unpack .../35-gcc-aarch64-linux-gnu_4%3a13.2.0-7ubuntu1_arm64.deb ...
Unpacking make (4.3-4.1build2) ...
Unpacking gcc-aarch64-linux-gnu (4:13.2.0-7ubuntu1) ...
Setting up g++-13-aarch64-linux-gnu (13.3.0-6ubuntu2~24.04.1) ...
Setting up gcc-aarch64-linux-gnu (4:13.2.0-7ubuntu1) ...
Selecting previously unselected package gcc.
Setting up g++-13 (13.3.0-6ubuntu2~24.04.1) ...
Selecting previously unselected package libdpkg-perl.
Selecting previously unselected package dnsmasq-base.
Preparing to unpack .../36-gcc_4%3a13.2.0-7ubuntu1_arm64.deb ...
Preparing to unpack .../43-libdpkg-perl_1.22.6ubuntu6.6_all.deb ...
Unpacking libdpkg-perl (1.22.6ubuntu6.6) ...
Unpacking gcc (4:13.2.0-7ubuntu1) ...
Setting up libpython3.12-dev:arm64 (3.12.3-1ubuntu0.15) ...
Preparing to unpack .../51-dnsmasq-base_2.90-2ubuntu0.4_arm64.deb ...
Unpacking dnsmasq-base (2.90-2ubuntu0.4) ...
Setting up gcc (4:13.2.0-7ubuntu1) ...
Selecting previously unselected package libstdc++-13-dev:arm64.
Preparing to unpack .../37-libstdc++-13-dev_13.3.0-6ubuntu2~24.04.1_arm64.deb ...
Setting up python3.12-dev (3.12.3-1ubuntu0.15) ...
Unpacking libstdc++-13-dev:arm64 (13.3.0-6ubuntu2~24.04.1) ...
Setting up g++-aarch64-linux-gnu (4:13.2.0-7ubuntu1) ...
Selecting previously unselected package bzip2.
Setting up libpython3-dev:arm64 (3.12.3-0ubuntu2.1) ...
Preparing to unpack .../44-bzip2_1.0.8-5.1build0.1_arm64.deb ...
Unpacking bzip2 (1.0.8-5.1build0.1) ...
Setting up python3-dev (3.12.3-0ubuntu2.1) ...
Setting up g++ (4:13.2.0-7ubuntu1) ...
Selecting previously unselected package docker.io.
Preparing to unpack .../52-docker.io_29.1.3-0ubuntu3~24.04.2_arm64.deb ...
update-alternatives: using /usr/bin/g++ to provide /usr/bin/c++ (c++) in auto mode
Unpacking docker.io (29.1.3-0ubuntu3~24.04.2) ...
Setting up build-essential (12.10ubuntu1) ...
Selecting previously unselected package lto-disabled-list.
Setting up libheif-plugin-aomdec:arm64 (1.17.6-1ubuntu4.6) ...
Preparing to unpack .../45-lto-disabled-list_47_all.deb ...
Unpacking lto-disabled-list (47) ...
Setting up libheif1:arm64 (1.17.6-1ubuntu4.6) ...
Setting up libheif-plugin-aomenc:arm64 (1.17.6-1ubuntu4.6) ...
Processing triggers for libc-bin (2.39-0ubuntu8.8) ...
Selecting previously unselected package dpkg-dev.
Preparing to unpack .../46-dpkg-dev_1.22.6ubuntu6.6_all.deb ...
Unpacking dpkg-dev (1.22.6ubuntu6.6) ...
Processing triggers for man-db (2.12.0-4build2) ...
Selecting previously unselected package build-essential.
Setting up linux-tools-common (6.8.0-136.136) ...
Preparing to unpack .../47-build-essential_12.10ubuntu1_arm64.deb ...
Unpacking build-essential (12.10ubuntu1) ...
Selecting previously unselected package runc.
Preparing to unpack .../48-runc_1.3.4-0ubuntu1~24.04.1_arm64.deb ...
Unpacking runc (1.3.4-0ubuntu1~24.04.1) ...
Selecting previously unselected package g++-13-aarch64-linux-gnu.
Preparing to unpack .../38-g++-13-aarch64-linux-gnu_13.3.0-6ubuntu2~24.04.1_arm64.deb ...
Unpacking g++-13-aarch64-linux-gnu (13.3.0-6ubuntu2~24.04.1) ...
Setting up libalgorithm-diff-xs-perl:arm64 (0.04-8build3) ...
Setting up libcc1-0:arm64 (14.2.0-4ubuntu2~24.04.1) ...
Setting up liblsan0:arm64 (14.2.0-4ubuntu2~24.04.1) ...
Setting up libitm1:arm64 (14.2.0-4ubuntu2~24.04.1) ...
Setting up libjs-underscore (1.13.4~dfsg+~1.11.4-3) ...
Setting up libalgorithm-merge-perl (0.08-5) ...
Setting up libctf0:arm64 (2.42-4ubuntu2.10) ...
Setting up libjpeg8:arm64 (8c-2ubuntu11) ...
Setting up ubuntu-fan (0.12.16+24.04.1) ...
Selecting previously unselected package g++-13.
Preparing to unpack .../39-g++-13_13.3.0-6ubuntu2~24.04.1_arm64.deb ...
Unpacking g++-13 (13.3.0-6ubuntu2~24.04.1) ...
Selecting previously unselected package containerd.
Selecting previously unselected package g++-aarch64-linux-gnu.
Preparing to unpack .../49-containerd_2.2.1-0ubuntu1~24.04.3_arm64.deb ...
Unpacking containerd (2.2.1-0ubuntu1~24.04.3) ...
Preparing to unpack .../40-g++-aarch64-linux-gnu_4%3a13.2.0-7ubuntu1_arm64.deb ...
Unpacking g++-aarch64-linux-gnu (4:13.2.0-7ubuntu1) ...
Selecting previously unselected package g++.
Preparing to unpack .../41-g++_4%3a13.2.0-7ubuntu1_arm64.deb ...
Unpacking g++ (4:13.2.0-7ubuntu1) ...
Selecting previously unselected package make.
Created symlink /etc/systemd/system/multi-user.target.wants/ubuntu-fan.service → /usr/lib/systemd/system/ubuntu-fan.service.
Preparing to unpack .../42-make_4.3-4.1build2_arm64.deb ...
Unpacking make (4.3-4.1build2) ...
Selecting previously unselected package libdpkg-perl.
Preparing to unpack .../43-libdpkg-perl_1.22.6ubuntu6.6_all.deb ...
Unpacking libdpkg-perl (1.22.6ubuntu6.6) ...
Selecting previously unselected package bzip2.
Preparing to unpack .../44-bzip2_1.0.8-5.1build0.1_arm64.deb ...
Unpacking bzip2 (1.0.8-5.1build0.1) ...
Selecting previously unselected package lto-disabled-list.
Preparing to unpack .../45-lto-disabled-list_47_all.deb ...
Unpacking lto-disabled-list (47) ...
Selecting previously unselected package dpkg-dev.
Preparing to unpack .../46-dpkg-dev_1.22.6ubuntu6.6_all.deb ...
Unpacking dpkg-dev (1.22.6ubuntu6.6) ...
Setting up cpp-13-aarch64-linux-gnu (13.3.0-6ubuntu2~24.04.1) ...
Setting up fontconfig-config (2.15.0-1.1ubuntu2) ...
Selecting previously unselected package build-essential.
Preparing to unpack .../47-build-essential_12.10ubuntu1_arm64.deb ...
Unpacking build-essential (12.10ubuntu1) ...
Selecting previously unselected package runc.
Preparing to unpack .../48-runc_1.3.4-0ubuntu1~24.04.1_arm64.deb ...
Unpacking runc (1.3.4-0ubuntu1~24.04.1) ...
Selecting previously unselected package dns-root-data.
Setting up docker.io (29.1.3-0ubuntu3~24.04.2) ...
Preparing to unpack .../50-dns-root-data_2024071801~ubuntu0.24.04.1_all.deb ...
Unpacking dns-root-data (2024071801~ubuntu0.24.04.1) ...
Selecting previously unselected package dnsmasq-base.
Preparing to unpack .../51-dnsmasq-base_2.90-2ubuntu0.4_arm64.deb ...
Unpacking dnsmasq-base (2.90-2ubuntu0.4) ...
Selecting previously unselected package docker.io.
Preparing to unpack .../52-docker.io_29.1.3-0ubuntu3~24.04.2_arm64.deb ...
Unpacking docker.io (29.1.3-0ubuntu3~24.04.2) ...
Selecting previously unselected package containerd.
info: Selecting GID from range 100 to 999 ...
Preparing to unpack .../49-containerd_2.2.1-0ubuntu1~24.04.3_arm64.deb ...
info: Adding group `docker' (GID 112) ...
Unpacking containerd (2.2.1-0ubuntu1~24.04.3) ...
[22:02:40] [aisix] no NEW snapshot artifact on the box for aisix (1 already on disk)
[22:02:40] [aisix] NO FRESH SNAPSHOT for aisix - this run measured nothing, so it publishes nothing and the board keeps whatever it already had
[22:02:40] [aisix] INCOMPLETE (the run crashed, measured nothing, or failed to pull; this gateway did NOT refresh - re-run it)
Created symlink /etc/systemd/system/multi-user.target.wants/docker.service → /usr/lib/systemd/system/docker.service.
sudo: a terminal is required to read the password; either use the -S option to read from standard input or configure an askpass helper
sudo: a password is required
sudo: a terminal is required to read the password; either use the -S option to read from standard input or configure an askpass helper
sudo: a password is required
sudo: a terminal is required to read the password; either use the -S option to read from standard input or configure an askpass helper
sudo: a password is required
Created symlink /etc/systemd/system/sockets.target.wants/docker.socket → /usr/lib/systemd/system/docker.socket.
Selecting previously unselected package libfakeroot:arm64.
[22:02:40] [gomodel] fetching gomodel + rig.sh @ a2738919ce03 ...
Preparing to unpack .../53-libfakeroot_1.33-1_arm64.deb ...
Unpacking libfakeroot:arm64 (1.33-1) ...
Selecting previously unselected package fakeroot.
Preparing to unpack .../54-fakeroot_1.33-1_arm64.deb ...
Unpacking fakeroot (1.33-1) ...
Selecting previously unselected package dns-root-data.
Preparing to unpack .../50-dns-root-data_2024071801~ubuntu0.24.04.1_all.deb ...
Unpacking dns-root-data (2024071801~ubuntu0.24.04.1) ...
Selecting previously unselected package fonts-dejavu-mono.
Preparing to unpack .../55-fonts-dejavu-mono_2.37-8_all.deb ...
Unpacking fonts-dejavu-mono (2.37-8) ...
Selecting previously unselected package dnsmasq-base.
Preparing to unpack .../51-dnsmasq-base_2.90-2ubuntu0.4_arm64.deb ...
Unpacking dnsmasq-base (2.90-2ubuntu0.4) ...
Selecting previously unselected package fonts-dejavu-core.
Preparing to unpack .../56-fonts-dejavu-core_2.37-8_all.deb ...
Unpacking fonts-dejavu-core (2.37-8) ...
Selecting previously unselected package docker.io.
Preparing to unpack .../52-docker.io_29.1.3-0ubuntu3~24.04.2_arm64.deb ...
Unpacking docker.io (29.1.3-0ubuntu3~24.04.2) ...
Selecting previously unselected package fontconfig-config.
Preparing to unpack .../57-fontconfig-config_2.15.0-1.1ubuntu2_arm64.deb ...
Selecting previously unselected package libfakeroot:arm64.
Preparing to unpack .../53-libfakeroot_1.33-1_arm64.deb ...
Unpacking libfakeroot:arm64 (1.33-1) ...
Selecting previously unselected package fakeroot.
Preparing to unpack .../54-fakeroot_1.33-1_arm64.deb ...
Unpacking fakeroot (1.33-1) ...
Selecting previously unselected package fonts-dejavu-mono.
Preparing to unpack .../55-fonts-dejavu-mono_2.37-8_all.deb ...
Unpacking fonts-dejavu-mono (2.37-8) ...
Processing triggers for dbus (1.14.10-4ubuntu4.1) ...
Unpacking fontconfig-config (2.15.0-1.1ubuntu2) ...
Selecting previously unselected package javascript-common.
Preparing to unpack .../58-javascript-common_11+nmu1_all.deb ...
Unpacking javascript-common (11+nmu1) ...
Selecting previously unselected package fonts-dejavu-core.
Preparing to unpack .../56-fonts-dejavu-core_2.37-8_all.deb ...
Unpacking fonts-dejavu-core (2.37-8) ...
Processing triggers for sgml-base (1.31) ...
Setting up libfontconfig1:arm64 (2.15.0-1.1ubuntu2) ...
Setting up libgd3:arm64 (2.3.3-9ubuntu5) ...
Setting up libc-devtools (2.39-0ubuntu8.8) ...
Setting up cpp-aarch64-linux-gnu (4:13.2.0-7ubuntu1) ...
Setting up libgprofng0:arm64 (2.42-4ubuntu2.10) ...
Processing triggers for libc-bin (2.39-0ubuntu8.8) ...
Selecting previously unselected package libalgorithm-diff-perl.
Selecting previously unselected package fontconfig-config.
Setting up libjs-sphinxdoc (7.2.6-6) ...
Preparing to unpack .../57-fontconfig-config_2.15.0-1.1ubuntu2_arm64.deb ...
Preparing to unpack .../59-libalgorithm-diff-perl_1.201-1_all.deb ...
Unpacking libalgorithm-diff-perl (1.201-1) ...
Processing triggers for dbus (1.14.10-4ubuntu4.1) ...
Setting up libgcc-13-dev:arm64 (13.3.0-6ubuntu2~24.04.1) ...
Setting up libtiff6:arm64 (4.5.1+git230720-4ubuntu2.5) ...
Selecting previously unselected package libalgorithm-diff-xs-perl:arm64.
Preparing to unpack .../60-libalgorithm-diff-xs-perl_0.04-8build3_arm64.deb ...
Setting up libc6-dev:arm64 (2.39-0ubuntu8.8) ...
Unpacking libalgorithm-diff-xs-perl:arm64 (0.04-8build3) ...
Processing triggers for sgml-base (1.31) ...
Setting up libstdc++-13-dev:arm64 (13.3.0-6ubuntu2~24.04.1) ...
Setting up cpp-13 (13.3.0-6ubuntu2~24.04.1) ...
Setting up libfontconfig1:arm64 (2.15.0-1.1ubuntu2) ...
Selecting previously unselected package libalgorithm-merge-perl.
Preparing to unpack .../61-libalgorithm-merge-perl_0.08-5_all.deb ...
Setting up binutils-aarch64-linux-gnu (2.42-4ubuntu2.10) ...
Unpacking libalgorithm-merge-perl (0.08-5) ...
Setting up libgd3:arm64 (2.3.3-9ubuntu5) ...
Setting up binutils (2.42-4ubuntu2.10) ...
Setting up libc-devtools (2.39-0ubuntu8.8) ...
Selecting previously unselected package libaom3:arm64.
Unpacking fontconfig-config (2.15.0-1.1ubuntu2) ...
Setting up gcc-13-aarch64-linux-gnu (13.3.0-6ubuntu2~24.04.1) ...
Preparing to unpack .../62-libaom3_3.8.2-2ubuntu0.1_arm64.deb ...
Unpacking libaom3:arm64 (3.8.2-2ubuntu0.1) ...
Processing triggers for libc-bin (2.39-0ubuntu8.8) ...
Setting up dpkg-dev (1.22.6ubuntu6.6) ...
Setting up libexpat1-dev:arm64 (2.6.1-2ubuntu0.4) ...
Selecting previously unselected package javascript-common.
Preparing to unpack .../58-javascript-common_11+nmu1_all.deb ...
Setting up gcc-13 (13.3.0-6ubuntu2~24.04.1) ...
Unpacking javascript-common (11+nmu1) ...
Selecting previously unselected package libfontconfig1:arm64.
Preparing to unpack .../63-libfontconfig1_2.15.0-1.1ubuntu2_arm64.deb ...
Unpacking libfontconfig1:arm64 (2.15.0-1.1ubuntu2) ...
Setting up zlib1g-dev:arm64 (1:1.3.dfsg-3.1ubuntu2.1) ...
Selecting previously unselected package libalgorithm-diff-perl.
Preparing to unpack .../59-libalgorithm-diff-perl_1.201-1_all.deb ...
Unpacking libalgorithm-diff-perl (1.201-1) ...
Setting up cpp (4:13.2.0-7ubuntu1) ...
Selecting previously unselected package libsharpyuv0:arm64.
Preparing to unpack .../64-libsharpyuv0_1.3.2-0.4build3_arm64.deb ...
Unpacking libsharpyuv0:arm64 (1.3.2-0.4build3) ...
Selecting previously unselected package libalgorithm-diff-xs-perl:arm64.
Setting up g++-13-aarch64-linux-gnu (13.3.0-6ubuntu2~24.04.1) ...
Preparing to unpack .../60-libalgorithm-diff-xs-perl_0.04-8build3_arm64.deb ...
Unpacking libalgorithm-diff-xs-perl:arm64 (0.04-8build3) ...
Setting up gcc-aarch64-linux-gnu (4:13.2.0-7ubuntu1) ...
Selecting previously unselected package libheif-plugin-aomdec:arm64.
Preparing to unpack .../65-libheif-plugin-aomdec_1.17.6-1ubuntu4.6_arm64.deb ...
Unpacking libheif-plugin-aomdec:arm64 (1.17.6-1ubuntu4.6) ...
Selecting previously unselected package libalgorithm-merge-perl.
Preparing to unpack .../61-libalgorithm-merge-perl_0.08-5_all.deb ...
Unpacking libalgorithm-merge-perl (0.08-5) ...
Setting up g++-13 (13.3.0-6ubuntu2~24.04.1) ...
Selecting previously unselected package libheif1:arm64.
Preparing to unpack .../66-libheif1_1.17.6-1ubuntu4.6_arm64.deb ...
Unpacking libheif1:arm64 (1.17.6-1ubuntu4.6) ...
Selecting previously unselected package libaom3:arm64.
Preparing to unpack .../62-libaom3_3.8.2-2ubuntu0.1_arm64.deb ...
Unpacking libaom3:arm64 (3.8.2-2ubuntu0.1) ...
Selecting previously unselected package libjpeg-turbo8:arm64.
Preparing to unpack .../67-libjpeg-turbo8_2.1.5-2ubuntu2_arm64.deb ...
Unpacking libjpeg-turbo8:arm64 (2.1.5-2ubuntu2) ...
Selecting previously unselected package libfakeroot:arm64.
Preparing to unpack .../53-libfakeroot_1.33-1_arm64.deb ...
Unpacking libfakeroot:arm64 (1.33-1) ...
Selecting previously unselected package libjpeg8:arm64.
Selecting previously unselected package libfontconfig1:arm64.
Preparing to unpack .../68-libjpeg8_8c-2ubuntu11_arm64.deb ...
Preparing to unpack .../63-libfontconfig1_2.15.0-1.1ubuntu2_arm64.deb ...
Unpacking libjpeg8:arm64 (8c-2ubuntu11) ...
Unpacking libfontconfig1:arm64 (2.15.0-1.1ubuntu2) ...
Selecting previously unselected package libdeflate0:arm64.
Selecting previously unselected package fakeroot.
Selecting previously unselected package libsharpyuv0:arm64.
Setting up libpython3.12-dev:arm64 (3.12.3-1ubuntu0.15) ...
Preparing to unpack .../69-libdeflate0_1.19-1build1.1_arm64.deb ...
Preparing to unpack .../54-fakeroot_1.33-1_arm64.deb ...
Unpacking libdeflate0:arm64 (1.19-1build1.1) ...
Preparing to unpack .../64-libsharpyuv0_1.3.2-0.4build3_arm64.deb ...
Unpacking libsharpyuv0:arm64 (1.3.2-0.4build3) ...
Unpacking fakeroot (1.33-1) ...
Selecting previously unselected package libheif-plugin-aomdec:arm64.
Preparing to unpack .../65-libheif-plugin-aomdec_1.17.6-1ubuntu4.6_arm64.deb ...
Unpacking libheif-plugin-aomdec:arm64 (1.17.6-1ubuntu4.6) ...
Selecting previously unselected package libjbig0:arm64.
Preparing to unpack .../70-libjbig0_2.1-6.1ubuntu2_arm64.deb ...
Unpacking libjbig0:arm64 (2.1-6.1ubuntu2) ...
Selecting previously unselected package fonts-dejavu-mono.
Preparing to unpack .../55-fonts-dejavu-mono_2.37-8_all.deb ...
Unpacking fonts-dejavu-mono (2.37-8) ...
Selecting previously unselected package liblerc4:arm64.
Preparing to unpack .../71-liblerc4_4.0.0+ds-4ubuntu2_arm64.deb ...
Unpacking liblerc4:arm64 (4.0.0+ds-4ubuntu2) ...
Setting up gcc (4:13.2.0-7ubuntu1) ...
Setting up python3.12-dev (3.12.3-1ubuntu0.15) ...
Selecting previously unselected package libheif1:arm64.
Preparing to unpack .../66-libheif1_1.17.6-1ubuntu4.6_arm64.deb ...
Unpacking libheif1:arm64 (1.17.6-1ubuntu4.6) ...
Setting up g++-aarch64-linux-gnu (4:13.2.0-7ubuntu1) ...
Selecting previously unselected package libwebp7:arm64.
Setting up libpython3-dev:arm64 (3.12.3-0ubuntu2.1) ...
Preparing to unpack .../72-libwebp7_1.3.2-0.4build3_arm64.deb ...
Unpacking libwebp7:arm64 (1.3.2-0.4build3) ...
Selecting previously unselected package libjpeg-turbo8:arm64.
Setting up python3-dev (3.12.3-0ubuntu2.1) ...
Preparing to unpack .../67-libjpeg-turbo8_2.1.5-2ubuntu2_arm64.deb ...
Setting up g++ (4:13.2.0-7ubuntu1) ...
Unpacking libjpeg-turbo8:arm64 (2.1.5-2ubuntu2) ...
Selecting previously unselected package fonts-dejavu-core.
update-alternatives: using /usr/bin/g++ to provide /usr/bin/c++ (c++) in auto mode
Preparing to unpack .../56-fonts-dejavu-core_2.37-8_all.deb ...
Setting up build-essential (12.10ubuntu1) ...
Selecting previously unselected package libtiff6:arm64.
Setting up libheif-plugin-aomdec:arm64 (1.17.6-1ubuntu4.6) ...
Selecting previously unselected package libjpeg8:arm64.
Preparing to unpack .../73-libtiff6_4.5.1+git230720-4ubuntu2.5_arm64.deb ...
Unpacking fonts-dejavu-core (2.37-8) ...
Unpacking libtiff6:arm64 (4.5.1+git230720-4ubuntu2.5) ...
Preparing to unpack .../68-libjpeg8_8c-2ubuntu11_arm64.deb ...
Setting up libheif1:arm64 (1.17.6-1ubuntu4.6) ...
Unpacking libjpeg8:arm64 (8c-2ubuntu11) ...
Setting up libheif-plugin-aomenc:arm64 (1.17.6-1ubuntu4.6) ...
Processing triggers for libc-bin (2.39-0ubuntu8.8) ...
Selecting previously unselected package libxpm4:arm64.
Selecting previously unselected package libdeflate0:arm64.
Preparing to unpack .../74-libxpm4_1%3a3.5.17-1ubuntu0.24.04.1_arm64.deb ...
Preparing to unpack .../69-libdeflate0_1.19-1build1.1_arm64.deb ...
Unpacking libxpm4:arm64 (1:3.5.17-1ubuntu0.24.04.1) ...
Unpacking libdeflate0:arm64 (1.19-1build1.1) ...
Processing triggers for man-db (2.12.0-4build2) ...
Selecting previously unselected package fontconfig-config.
Selecting previously unselected package libjbig0:arm64.
Selecting previously unselected package libgd3:arm64.
Preparing to unpack .../57-fontconfig-config_2.15.0-1.1ubuntu2_arm64.deb ...
Preparing to unpack .../70-libjbig0_2.1-6.1ubuntu2_arm64.deb ...
Preparing to unpack .../75-libgd3_2.3.3-9ubuntu5_arm64.deb ...
Unpacking libjbig0:arm64 (2.1-6.1ubuntu2) ...
Unpacking libgd3:arm64 (2.3.3-9ubuntu5) ...
Selecting previously unselected package liblerc4:arm64.
Selecting previously unselected package libc-devtools.
Preparing to unpack .../71-liblerc4_4.0.0+ds-4ubuntu2_arm64.deb ...
Preparing to unpack .../76-libc-devtools_2.39-0ubuntu8.8_arm64.deb ...
Unpacking liblerc4:arm64 (4.0.0+ds-4ubuntu2) ...
Unpacking libc-devtools (2.39-0ubuntu8.8) ...
Selecting previously unselected package libexpat1-dev:arm64.
Selecting previously unselected package libwebp7:arm64.
Preparing to unpack .../77-libexpat1-dev_2.6.1-2ubuntu0.4_arm64.deb ...
Preparing to unpack .../72-libwebp7_1.3.2-0.4build3_arm64.deb ...
Unpacking libexpat1-dev:arm64 (2.6.1-2ubuntu0.4) ...
Unpacking libwebp7:arm64 (1.3.2-0.4build3) ...
[22:02:41] [gomodel] fetched 4 file(s) in 1s
[22:02:41] [gomodel] qualify: performed by the engine (published as rig.box_qualify in the snapshot)
[22:02:41] [gomodel] running gomodel (latency + RPS + memory) - detached on box; pulling each suite as it completes
Selecting previously unselected package libfile-fcntllock-perl.
Selecting previously unselected package libtiff6:arm64.
Preparing to unpack .../78-libfile-fcntllock-perl_0.22-4ubuntu5_arm64.deb ...
Unpacking libfile-fcntllock-perl (0.22-4ubuntu5) ...
Preparing to unpack .../73-libtiff6_4.5.1+git230720-4ubuntu2.5_arm64.deb ...
Unpacking libtiff6:arm64 (4.5.1+git230720-4ubuntu2.5) ...
Unpacking fontconfig-config (2.15.0-1.1ubuntu2) ...
Selecting previously unselected package libheif-plugin-aomenc:arm64.
Preparing to unpack .../79-libheif-plugin-aomenc_1.17.6-1ubuntu4.6_arm64.deb ...
Unpacking libheif-plugin-aomenc:arm64 (1.17.6-1ubuntu4.6) ...
Selecting previously unselected package libxpm4:arm64.
Preparing to unpack .../74-libxpm4_1%3a3.5.17-1ubuntu0.24.04.1_arm64.deb ...
Unpacking libxpm4:arm64 (1:3.5.17-1ubuntu0.24.04.1) ...
Selecting previously unselected package libjs-jquery.
Preparing to unpack .../80-libjs-jquery_3.6.1+dfsg+~3.5.14-1_all.deb ...
Selecting previously unselected package libgd3:arm64.
Unpacking libjs-jquery (3.6.1+dfsg+~3.5.14-1) ...
Selecting previously unselected package javascript-common.
Preparing to unpack .../75-libgd3_2.3.3-9ubuntu5_arm64.deb ...
Unpacking libgd3:arm64 (2.3.3-9ubuntu5) ...
Preparing to unpack .../58-javascript-common_11+nmu1_all.deb ...
Unpacking javascript-common (11+nmu1) ...
Selecting previously unselected package libjs-underscore.
Selecting previously unselected package libc-devtools.
Preparing to unpack .../81-libjs-underscore_1.13.4~dfsg+~1.11.4-3_all.deb ...
Preparing to unpack .../76-libc-devtools_2.39-0ubuntu8.8_arm64.deb ...
Unpacking libc-devtools (2.39-0ubuntu8.8) ...
Unpacking libjs-underscore (1.13.4~dfsg+~1.11.4-3) ...
Selecting previously unselected package libalgorithm-diff-perl.
Selecting previously unselected package libexpat1-dev:arm64.
Preparing to unpack .../59-libalgorithm-diff-perl_1.201-1_all.deb ...
Preparing to unpack .../77-libexpat1-dev_2.6.1-2ubuntu0.4_arm64.deb ...
Unpacking libalgorithm-diff-perl (1.201-1) ...
Unpacking libexpat1-dev:arm64 (2.6.1-2ubuntu0.4) ...
Selecting previously unselected package libjs-sphinxdoc.
Preparing to unpack .../82-libjs-sphinxdoc_7.2.6-6_all.deb ...
Unpacking libjs-sphinxdoc (7.2.6-6) ...
Selecting previously unselected package libfile-fcntllock-perl.
Preparing to unpack .../78-libfile-fcntllock-perl_0.22-4ubuntu5_arm64.deb ...
Unpacking libfile-fcntllock-perl (0.22-4ubuntu5) ...
Selecting previously unselected package zlib1g-dev:arm64.
Selecting previously unselected package libalgorithm-diff-xs-perl:arm64.
Preparing to unpack .../83-zlib1g-dev_1%3a1.3.dfsg-3.1ubuntu2.1_arm64.deb ...
Preparing to unpack .../60-libalgorithm-diff-xs-perl_0.04-8build3_arm64.deb ...
Unpacking zlib1g-dev:arm64 (1:1.3.dfsg-3.1ubuntu2.1) ...
Unpacking libalgorithm-diff-xs-perl:arm64 (0.04-8build3) ...
Selecting previously unselected package libheif-plugin-aomenc:arm64.
Preparing to unpack .../79-libheif-plugin-aomenc_1.17.6-1ubuntu4.6_arm64.deb ...
Unpacking libheif-plugin-aomenc:arm64 (1.17.6-1ubuntu4.6) ...
Selecting previously unselected package libpython3.12-dev:arm64.
Preparing to unpack .../84-libpython3.12-dev_3.12.3-1ubuntu0.15_arm64.deb ...
Unpacking libpython3.12-dev:arm64 (3.12.3-1ubuntu0.15) ...
Selecting previously unselected package libalgorithm-merge-perl.
Preparing to unpack .../61-libalgorithm-merge-perl_0.08-5_all.deb ...
Unpacking libalgorithm-merge-perl (0.08-5) ...
Selecting previously unselected package libjs-jquery.
Preparing to unpack .../80-libjs-jquery_3.6.1+dfsg+~3.5.14-1_all.deb ...
Unpacking libjs-jquery (3.6.1+dfsg+~3.5.14-1) ...
Selecting previously unselected package libjs-underscore.
Preparing to unpack .../81-libjs-underscore_1.13.4~dfsg+~1.11.4-3_all.deb ...
Selecting previously unselected package libaom3:arm64.
Preparing to unpack .../62-libaom3_3.8.2-2ubuntu0.1_arm64.deb ...
Unpacking libjs-underscore (1.13.4~dfsg+~1.11.4-3) ...
Unpacking libaom3:arm64 (3.8.2-2ubuntu0.1) ...
Selecting previously unselected package libjs-sphinxdoc.
Preparing to unpack .../82-libjs-sphinxdoc_7.2.6-6_all.deb ...
Unpacking libjs-sphinxdoc (7.2.6-6) ...
Selecting previously unselected package zlib1g-dev:arm64.
Preparing to unpack .../83-zlib1g-dev_1%3a1.3.dfsg-3.1ubuntu2.1_arm64.deb ...
Unpacking zlib1g-dev:arm64 (1:1.3.dfsg-3.1ubuntu2.1) ...
Selecting previously unselected package libfontconfig1:arm64.
Preparing to unpack .../63-libfontconfig1_2.15.0-1.1ubuntu2_arm64.deb ...
Unpacking libfontconfig1:arm64 (2.15.0-1.1ubuntu2) ...
Selecting previously unselected package libpython3.12-dev:arm64.
Selecting previously unselected package libpython3-dev:arm64.
Preparing to unpack .../84-libpython3.12-dev_3.12.3-1ubuntu0.15_arm64.deb ...
Processing triggers for dbus (1.14.10-4ubuntu4.1) ...
Unpacking libpython3.12-dev:arm64 (3.12.3-1ubuntu0.15) ...
Preparing to unpack .../85-libpython3-dev_3.12.3-0ubuntu2.1_arm64.deb ...
Unpacking libpython3-dev:arm64 (3.12.3-0ubuntu2.1) ...
Selecting previously unselected package libsharpyuv0:arm64.
Processing triggers for sgml-base (1.31) ...
Preparing to unpack .../64-libsharpyuv0_1.3.2-0.4build3_arm64.deb ...
Unpacking libsharpyuv0:arm64 (1.3.2-0.4build3) ...
Preparing to unpack .../86-linux-tools-common_6.8.0-136.136_all.deb ...
Unpacking linux-tools-common (6.8.0-136.136) over (6.8.0-134.134) ...
Selecting previously unselected package libheif-plugin-aomdec:arm64.
Setting up libfontconfig1:arm64 (2.15.0-1.1ubuntu2) ...
Preparing to unpack .../65-libheif-plugin-aomdec_1.17.6-1ubuntu4.6_arm64.deb ...
Unpacking libheif-plugin-aomdec:arm64 (1.17.6-1ubuntu4.6) ...
Setting up libgd3:arm64 (2.3.3-9ubuntu5) ...
Selecting previously unselected package manpages-dev.
Preparing to unpack .../87-manpages-dev_6.7-2_all.deb ...
Unpacking manpages-dev (6.7-2) ...
Setting up libc-devtools (2.39-0ubuntu8.8) ...
Processing triggers for libc-bin (2.39-0ubuntu8.8) ...
Selecting previously unselected package libheif1:arm64.
Preparing to unpack .../66-libheif1_1.17.6-1ubuntu4.6_arm64.deb ...
Unpacking libheif1:arm64 (1.17.6-1ubuntu4.6) ...
Selecting previously unselected package libpython3-dev:arm64.
Selecting previously unselected package libjpeg-turbo8:arm64.
Preparing to unpack .../85-libpython3-dev_3.12.3-0ubuntu2.1_arm64.deb ...
Unpacking libpython3-dev:arm64 (3.12.3-0ubuntu2.1) ...
Preparing to unpack .../67-libjpeg-turbo8_2.1.5-2ubuntu2_arm64.deb ...
Unpacking libjpeg-turbo8:arm64 (2.1.5-2ubuntu2) ...
Preparing to unpack .../86-linux-tools-common_6.8.0-136.136_all.deb ...
Unpacking linux-tools-common (6.8.0-136.136) over (6.8.0-134.134) ...
Selecting previously unselected package libjpeg8:arm64.
Preparing to unpack .../68-libjpeg8_8c-2ubuntu11_arm64.deb ...
Unpacking libjpeg8:arm64 (8c-2ubuntu11) ...
Selecting previously unselected package manpages-dev.
Preparing to unpack .../87-manpages-dev_6.7-2_all.deb ...
Unpacking manpages-dev (6.7-2) ...
Selecting previously unselected package python3.12-dev.
Preparing to unpack .../88-python3.12-dev_3.12.3-1ubuntu0.15_arm64.deb ...
Unpacking python3.12-dev (3.12.3-1ubuntu0.15) ...
Selecting previously unselected package libdeflate0:arm64.
Preparing to unpack .../69-libdeflate0_1.19-1build1.1_arm64.deb ...
Unpacking libdeflate0:arm64 (1.19-1build1.1) ...
Selecting previously unselected package python3-dev.
Preparing to unpack .../89-python3-dev_3.12.3-0ubuntu2.1_arm64.deb ...
Unpacking python3-dev (3.12.3-0ubuntu2.1) ...
Selecting previously unselected package libjbig0:arm64.
Selecting previously unselected package python3-wheel.
Preparing to unpack .../90-python3-wheel_0.42.0-2_all.deb ...
Preparing to unpack .../70-libjbig0_2.1-6.1ubuntu2_arm64.deb ...
Unpacking libjbig0:arm64 (2.1-6.1ubuntu2) ...
Unpacking python3-wheel (0.42.0-2) ...
Selecting previously unselected package python3-pip.
Preparing to unpack .../91-python3-pip_24.0+dfsg-1ubuntu1.3_all.deb ...
Selecting previously unselected package liblerc4:arm64.
Preparing to unpack .../71-liblerc4_4.0.0+ds-4ubuntu2_arm64.deb ...
Unpacking liblerc4:arm64 (4.0.0+ds-4ubuntu2) ...
Unpacking python3-pip (24.0+dfsg-1ubuntu1.3) ...
Selecting previously unselected package python3.12-dev.
Selecting previously unselected package libwebp7:arm64.
Preparing to unpack .../88-python3.12-dev_3.12.3-1ubuntu0.15_arm64.deb ...
Preparing to unpack .../72-libwebp7_1.3.2-0.4build3_arm64.deb ...
Unpacking python3.12-dev (3.12.3-1ubuntu0.15) ...
Unpacking libwebp7:arm64 (1.3.2-0.4build3) ...
Selecting previously unselected package python3-dev.
Preparing to unpack .../89-python3-dev_3.12.3-0ubuntu2.1_arm64.deb ...
Unpacking python3-dev (3.12.3-0ubuntu2.1) ...
Selecting previously unselected package libtiff6:arm64.
Preparing to unpack .../73-libtiff6_4.5.1+git230720-4ubuntu2.5_arm64.deb ...
Unpacking libtiff6:arm64 (4.5.1+git230720-4ubuntu2.5) ...
Selecting previously unselected package ubuntu-fan.
Preparing to unpack .../92-ubuntu-fan_0.12.16+24.04.1_all.deb ...
Unpacking ubuntu-fan (0.12.16+24.04.1) ...
Selecting previously unselected package python3-wheel.
Preparing to unpack .../90-python3-wheel_0.42.0-2_all.deb ...
Unpacking python3-wheel (0.42.0-2) ...
Selecting previously unselected package libxpm4:arm64.
Preparing to unpack .../74-libxpm4_1%3a3.5.17-1ubuntu0.24.04.1_arm64.deb ...
Unpacking libxpm4:arm64 (1:3.5.17-1ubuntu0.24.04.1) ...
Setting up javascript-common (11+nmu1) ...
Selecting previously unselected package python3-pip.
Preparing to unpack .../91-python3-pip_24.0+dfsg-1ubuntu1.3_all.deb ...
Unpacking python3-pip (24.0+dfsg-1ubuntu1.3) ...
Selecting previously unselected package libgd3:arm64.
Preparing to unpack .../75-libgd3_2.3.3-9ubuntu5_arm64.deb ...
Unpacking libgd3:arm64 (2.3.3-9ubuntu5) ...
Setting up libsharpyuv0:arm64 (1.3.2-0.4build3) ...
Setting up libaom3:arm64 (3.8.2-2ubuntu0.1) ...
Setting up manpages-dev (6.7-2) ...
Selecting previously unselected package libc-devtools.
sudo: a terminal is required to read the password; either use the -S option to read from standard input or configure an askpass helper
sudo: a password is required
Setting up lto-disabled-list (47) ...
Preparing to unpack .../76-libc-devtools_2.39-0ubuntu8.8_arm64.deb ...
Unpacking libc-devtools (2.39-0ubuntu8.8) ...
Setting up liblerc4:arm64 (4.0.0+ds-4ubuntu2) ...
sudo: a terminal is required to read the password; either use the -S option to read from standard input or configure an askpass helper
sudo: a password is required
sudo: a terminal is required to read the password; either use the -S option to read from standard input or configure an askpass helper
sudo: a password is required
Setting up libxpm4:arm64 (1:3.5.17-1ubuntu0.24.04.1) ...
Setting up libfile-fcntllock-perl (0.22-4ubuntu5) ...
Selecting previously unselected package libexpat1-dev:arm64.
Preparing to unpack .../77-libexpat1-dev_2.6.1-2ubuntu0.4_arm64.deb ...
Selecting previously unselected package ubuntu-fan.
Unpacking libexpat1-dev:arm64 (2.6.1-2ubuntu0.4) ...
Preparing to unpack .../92-ubuntu-fan_0.12.16+24.04.1_all.deb ...
Setting up libalgorithm-diff-perl (1.201-1) ...
Unpacking ubuntu-fan (0.12.16+24.04.1) ...
Setting up binutils-common:arm64 (2.42-4ubuntu2.10) ...
Setting up libdeflate0:arm64 (1.19-1build1.1) ...
Selecting previously unselected package libfile-fcntllock-perl.
Preparing to unpack .../78-libfile-fcntllock-perl_0.22-4ubuntu5_arm64.deb ...
Setting up linux-libc-dev:arm64 (6.8.0-136.136) ...
Unpacking libfile-fcntllock-perl (0.22-4ubuntu5) ...
Setting up javascript-common (11+nmu1) ...
Setting up libctf-nobfd0:arm64 (2.42-4ubuntu2.10) ...
Setting up dnsmasq-base (2.90-2ubuntu0.4) ...
Selecting previously unselected package libheif-plugin-aomenc:arm64.
Preparing to unpack .../79-libheif-plugin-aomenc_1.17.6-1ubuntu4.6_arm64.deb ...
Setting up libsharpyuv0:arm64 (1.3.2-0.4build3) ...
Unpacking libheif-plugin-aomenc:arm64 (1.17.6-1ubuntu4.6) ...
Setting up libaom3:arm64 (3.8.2-2ubuntu0.1) ...
[22:02:42] [busbar] fetching busbar + rig.sh @ a2738919ce03 ...
Setting up manpages-dev (6.7-2) ...
Setting up lto-disabled-list (47) ...
Setting up liblerc4:arm64 (4.0.0+ds-4ubuntu2) ...
Setting up libxpm4:arm64 (1:3.5.17-1ubuntu0.24.04.1) ...
Setting up libfile-fcntllock-perl (0.22-4ubuntu5) ...
Setting up libgomp1:arm64 (14.2.0-4ubuntu2~24.04.1) ...
Setting up bzip2 (1.0.8-5.1build0.1) ...
Setting up locales (2.39-0ubuntu8.8) ...
Selecting previously unselected package libjs-jquery.
Preparing to unpack .../80-libjs-jquery_3.6.1+dfsg+~3.5.14-1_all.deb ...
Unpacking libjs-jquery (3.6.1+dfsg+~3.5.14-1) ...
Setting up libalgorithm-diff-perl (1.201-1) ...
Selecting previously unselected package libjs-underscore.
Preparing to unpack .../81-libjs-underscore_1.13.4~dfsg+~1.11.4-3_all.deb ...
Setting up binutils-common:arm64 (2.42-4ubuntu2.10) ...
Unpacking libjs-underscore (1.13.4~dfsg+~1.11.4-3) ...
Setting up libdeflate0:arm64 (1.19-1build1.1) ...
Setting up linux-libc-dev:arm64 (6.8.0-136.136) ...
Setting up libctf-nobfd0:arm64 (2.42-4ubuntu2.10) ...
Selecting previously unselected package libjs-sphinxdoc.
Preparing to unpack .../82-libjs-sphinxdoc_7.2.6-6_all.deb ...
Setting up dnsmasq-base (2.90-2ubuntu0.4) ...

Running kernel seems to be up-to-date.

Restarting services...
Unpacking libjs-sphinxdoc (7.2.6-6) ...
Selecting previously unselected package zlib1g-dev:arm64.
Preparing to unpack .../83-zlib1g-dev_1%3a1.3.dfsg-3.1ubuntu2.1_arm64.deb ...
Setting up libgomp1:arm64 (14.2.0-4ubuntu2~24.04.1) ...
Unpacking zlib1g-dev:arm64 (1:1.3.dfsg-3.1ubuntu2.1) ...
Setting up bzip2 (1.0.8-5.1build0.1) ...
Setting up locales (2.39-0ubuntu8.8) ...
Selecting previously unselected package libpython3.12-dev:arm64.
Preparing to unpack .../84-libpython3.12-dev_3.12.3-1ubuntu0.15_arm64.deb ...
Unpacking libpython3.12-dev:arm64 (3.12.3-1ubuntu0.15) ...

Running kernel seems to be up-to-date.

Restarting services...
 systemctl restart acpid.service chrony.service cron.service irqbalance.service multipathd.service packagekit.service polkit.service rsyslog.service ssh.service systemd-journald.service systemd-networkd.service systemd-resolved.service systemd-udevd.service udisks2.service
 systemctl restart acpid.service chrony.service cron.service irqbalance.service multipathd.service packagekit.service polkit.service rsyslog.service ssh.service systemd-journald.service systemd-networkd.service systemd-resolved.service systemd-udevd.service udisks2.service
Selecting previously unselected package libpython3-dev:arm64.
Preparing to unpack .../85-libpython3-dev_3.12.3-0ubuntu2.1_arm64.deb ...
Unpacking libpython3-dev:arm64 (3.12.3-0ubuntu2.1) ...
Generating locales (this might take a while)...
  en_US.UTF-8...Preparing to unpack .../86-linux-tools-common_6.8.0-136.136_all.deb ...
Unpacking linux-tools-common (6.8.0-136.136) over (6.8.0-134.134) ...
Selecting previously unselected package manpages-dev.
Preparing to unpack .../87-manpages-dev_6.7-2_all.deb ...
Unpacking manpages-dev (6.7-2) ...
Generating locales (this might take a while)...
  en_US.UTF-8...
Service restarts being deferred:
 systemctl restart ModemManager.service
 /etc/needrestart/restart.d/dbus.service
 systemctl restart getty@tty1.service
 systemctl restart networkd-dispatcher.service
 systemctl restart serial-getty@ttyS0.service
 systemctl restart systemd-logind.service
 systemctl restart unattended-upgrades.service

No containers need to be restarted.

User sessions running outdated binaries:
 ubuntu @ session #3: sshd[1437,1521]
 ubuntu @ user manager service: systemd[1283]

No VM guests are running outdated hypervisor (qemu) binaries on this host.
Selecting previously unselected package python3.12-dev.
Preparing to unpack .../88-python3.12-dev_3.12.3-1ubuntu0.15_arm64.deb ...
Unpacking python3.12-dev (3.12.3-1ubuntu0.15) ...

Service restarts being deferred:
 systemctl restart ModemManager.service
 /etc/needrestart/restart.d/dbus.service
 systemctl restart getty@tty1.service
 systemctl restart networkd-dispatcher.service
 systemctl restart serial-getty@ttyS0.service
 systemctl restart systemd-logind.service
 systemctl restart unattended-upgrades.service

No containers need to be restarted.

User sessions running outdated binaries:
 ubuntu @ session #3: sshd[1387,1492]
 ubuntu @ user manager service: systemd[1116]

No VM guests are running outdated hypervisor (qemu) binaries on this host.
Selecting previously unselected package python3-dev.
Preparing to unpack .../89-python3-dev_3.12.3-0ubuntu2.1_arm64.deb ...
Unpacking python3-dev (3.12.3-0ubuntu2.1) ...
Selecting previously unselected package python3-wheel.
Preparing to unpack .../90-python3-wheel_0.42.0-2_all.deb ...
Unpacking python3-wheel (0.42.0-2) ...
Selecting previously unselected package python3-pip.
Preparing to unpack .../91-python3-pip_24.0+dfsg-1ubuntu1.3_all.deb ...
Unpacking python3-pip (24.0+dfsg-1ubuntu1.3) ...
Selecting previously unselected package ubuntu-fan.
Preparing to unpack .../92-ubuntu-fan_0.12.16+24.04.1_all.deb ...
Unpacking ubuntu-fan (0.12.16+24.04.1) ...
Setting up javascript-common (11+nmu1) ...
Setting up libsharpyuv0:arm64 (1.3.2-0.4build3) ...
Setting up libaom3:arm64 (3.8.2-2ubuntu0.1) ...
Setting up manpages-dev (6.7-2) ...
Setting up lto-disabled-list (47) ...
Setting up liblerc4:arm64 (4.0.0+ds-4ubuntu2) ...
Setting up libxpm4:arm64 (1:3.5.17-1ubuntu0.24.04.1) ...
Setting up libfile-fcntllock-perl (0.22-4ubuntu5) ...
Setting up libalgorithm-diff-perl (1.201-1) ...
Setting up binutils-common:arm64 (2.42-4ubuntu2.10) ...
Setting up libdeflate0:arm64 (1.19-1build1.1) ...
Setting up linux-libc-dev:arm64 (6.8.0-136.136) ...
Setting up libctf-nobfd0:arm64 (2.42-4ubuntu2.10) ...
Setting up dnsmasq-base (2.90-2ubuntu0.4) ...
Setting up libgomp1:arm64 (14.2.0-4ubuntu2~24.04.1) ...
[22:02:44] [busbar] fetched 6 file(s) in 2s
[22:02:44] [busbar] qualify: performed by the engine (published as rig.box_qualify in the snapshot)
Setting up bzip2 (1.0.8-5.1build0.1) ...
[22:02:44] [busbar] running busbar (latency + RPS + memory) - detached on box; pulling each suite as it completes
Setting up locales (2.39-0ubuntu8.8) ...
sudo: a terminal is required to read the password; either use the -S option to read from standard input or configure an askpass helper
sudo: a password is required
sudo: a terminal is required to read the password; either use the -S option to read from standard input or configure an askpass helper
sudo: a password is required
sudo: a terminal is required to read the password; either use the -S option to read from standard input or configure an askpass helper
sudo: a password is required
Processing triggers for dbus (1.14.10-4ubuntu4.1) ...
Processing triggers for sgml-base (1.31) ...
Setting up libfontconfig1:arm64 (2.15.0-1.1ubuntu2) ...
Setting up libgd3:arm64 (2.3.3-9ubuntu5) ...
Setting up libc-devtools (2.39-0ubuntu8.8) ...
Processing triggers for libc-bin (2.39-0ubuntu8.8) ...
 done
Generation complete.
Setting up python3-wheel (0.42.0-2) ...
[22:02:44] [helicone] fetching helicone + rig.sh @ a2738919ce03 ...
Setting up libjbig0:arm64 (2.1-6.1ubuntu2) ...
Setting up libsframe1:arm64 (2.42-4ubuntu2.10) ...
 done
Generation complete.
Setting up libfakeroot:arm64 (1.33-1) ...
Generating locales (this might take a while)...
Setting up python3-wheel (0.42.0-2) ...
Setting up runc (1.3.4-0ubuntu1~24.04.1) ...
  en_US.UTF-8...Setting up dns-root-data (2024071801~ubuntu0.24.04.1) ...
Setting up fakeroot (1.33-1) ...
update-alternatives: using /usr/bin/fakeroot-sysv to provide /usr/bin/fakeroot (fakeroot) in auto mode
Setting up rpcsvc-proto (1.4.2-0ubuntu7) ...
Setting up gcc-13-base:arm64 (13.3.0-6ubuntu2~24.04.1) ...
Setting up make (4.3-4.1build2) ...
Setting up fonts-dejavu-mono (2.37-8) ...
Setting up libjbig0:arm64 (2.1-6.1ubuntu2) ...
Setting up libmpc3:arm64 (1.3.1-1build1.1) ...
Setting up libsframe1:arm64 (2.42-4ubuntu2.10) ...
Setting up libatomic1:arm64 (14.2.0-4ubuntu2~24.04.1) ...
Setting up libfakeroot:arm64 (1.33-1) ...
Setting up fonts-dejavu-core (2.37-8) ...
Setting up runc (1.3.4-0ubuntu1~24.04.1) ...
Setting up dns-root-data (2024071801~ubuntu0.24.04.1) ...

Running kernel seems to be up-to-date.

Restarting services...
Setting up fakeroot (1.33-1) ...
update-alternatives: using /usr/bin/fakeroot-sysv to provide /usr/bin/fakeroot (fakeroot) in auto mode
Setting up rpcsvc-proto (1.4.2-0ubuntu7) ...
Setting up gcc-13-base:arm64 (13.3.0-6ubuntu2~24.04.1) ...
Setting up python3-pip (24.0+dfsg-1ubuntu1.3) ...
Setting up make (4.3-4.1build2) ...
Setting up fonts-dejavu-mono (2.37-8) ...
Setting up libmpc3:arm64 (1.3.1-1build1.1) ...
Setting up libatomic1:arm64 (14.2.0-4ubuntu2~24.04.1) ...
Setting up fonts-dejavu-core (2.37-8) ...
 systemctl restart acpid.service chrony.service cron.service irqbalance.service multipathd.service packagekit.service polkit.service rsyslog.service ssh.service systemd-journald.service systemd-networkd.service systemd-resolved.service systemd-udevd.service udisks2.service
Setting up python3-pip (24.0+dfsg-1ubuntu1.3) ...

Service restarts being deferred:
 systemctl restart ModemManager.service
 /etc/needrestart/restart.d/dbus.service
 systemctl restart getty@tty1.service
 systemctl restart networkd-dispatcher.service
 systemctl restart serial-getty@ttyS0.service
 systemctl restart systemd-logind.service
 systemctl restart unattended-upgrades.service

No containers need to be restarted.

User sessions running outdated binaries:
 ubuntu @ session #3: sshd[1439,1523]
 ubuntu @ user manager service: systemd[1309]

No VM guests are running outdated hypervisor (qemu) binaries on this host.
 done
Generation complete.
Setting up python3-wheel (0.42.0-2) ...
[22:02:45] [helicone] fetched 6 file(s) in 1s
[22:02:45] [helicone] qualify: performed by the engine (published as rig.box_qualify in the snapshot)
[22:02:45] [helicone] running helicone (latency + RPS + memory) - detached on box; pulling each suite as it completes
Setting up libjbig0:arm64 (2.1-6.1ubuntu2) ...
Setting up libsframe1:arm64 (2.42-4ubuntu2.10) ...
Setting up libjpeg-turbo8:arm64 (2.1.5-2ubuntu2) ...
Setting up libfakeroot:arm64 (1.33-1) ...
Setting up bridge-utils (1.7.1-1ubuntu2) ...
Setting up runc (1.3.4-0ubuntu1~24.04.1) ...
Setting up dns-root-data (2024071801~ubuntu0.24.04.1) ...
Setting up fakeroot (1.33-1) ...
update-alternatives: using /usr/bin/fakeroot-sysv to provide /usr/bin/fakeroot (fakeroot) in auto mode
Setting up libdpkg-perl (1.22.6ubuntu6.6) ...
Setting up rpcsvc-proto (1.4.2-0ubuntu7) ...
Setting up libwebp7:arm64 (1.3.2-0.4build3) ...
Setting up gcc-13-base:arm64 (13.3.0-6ubuntu2~24.04.1) ...
Setting up libubsan1:arm64 (14.2.0-4ubuntu2~24.04.1) ...
Setting up make (4.3-4.1build2) ...
Setting up libhwasan0:arm64 (14.2.0-4ubuntu2~24.04.1) ...
Setting up fonts-dejavu-mono (2.37-8) ...
Setting up pigz (2.8-1) ...
Setting up libcrypt-dev:arm64 (1:4.4.36-4build1) ...
Setting up libjpeg-turbo8:arm64 (2.1.5-2ubuntu2) ...
Setting up libmpc3:arm64 (1.3.1-1build1.1) ...
Setting up libasan8:arm64 (14.2.0-4ubuntu2~24.04.1) ...
Setting up bridge-utils (1.7.1-1ubuntu2) ...
Setting up libatomic1:arm64 (14.2.0-4ubuntu2~24.04.1) ...
Setting up libtsan2:arm64 (14.2.0-4ubuntu2~24.04.1) ...
Setting up fonts-dejavu-core (2.37-8) ...
Setting up libjs-jquery (3.6.1+dfsg+~3.5.14-1) ...
Setting up libbinutils:arm64 (2.42-4ubuntu2.10) ...
Setting up libisl23:arm64 (0.26-3build1.1) ...
Setting up libc-dev-bin (2.39-0ubuntu8.8) ...
Setting up libdpkg-perl (1.22.6ubuntu6.6) ...
Setting up containerd (2.2.1-0ubuntu1~24.04.3) ...
Setting up python3-pip (24.0+dfsg-1ubuntu1.3) ...
Setting up libwebp7:arm64 (1.3.2-0.4build3) ...
Setting up libubsan1:arm64 (14.2.0-4ubuntu2~24.04.1) ...
Setting up libhwasan0:arm64 (14.2.0-4ubuntu2~24.04.1) ...
Setting up pigz (2.8-1) ...
Setting up libcrypt-dev:arm64 (1:4.4.36-4build1) ...
Setting up libasan8:arm64 (14.2.0-4ubuntu2~24.04.1) ...
Setting up libtsan2:arm64 (14.2.0-4ubuntu2~24.04.1) ...
Setting up libjs-jquery (3.6.1+dfsg+~3.5.14-1) ...
Setting up libbinutils:arm64 (2.42-4ubuntu2.10) ...
Created symlink /etc/systemd/system/multi-user.target.wants/containerd.service → /usr/lib/systemd/system/containerd.service.
Setting up libisl23:arm64 (0.26-3build1.1) ...
Setting up libc-dev-bin (2.39-0ubuntu8.8) ...
Setting up containerd (2.2.1-0ubuntu1~24.04.3) ...

Running kernel seems to be up-to-date.

Restarting services...
Created symlink /etc/systemd/system/multi-user.target.wants/containerd.service → /usr/lib/systemd/system/containerd.service.
 systemctl restart acpid.service chrony.service cron.service irqbalance.service multipathd.service packagekit.service polkit.service rsyslog.service ssh.service systemd-journald.service systemd-networkd.service systemd-resolved.service systemd-udevd.service udisks2.service
Setting up linux-tools-common (6.8.0-136.136) ...
Setting up libalgorithm-diff-xs-perl:arm64 (0.04-8build3) ...
Setting up libcc1-0:arm64 (14.2.0-4ubuntu2~24.04.1) ...
Setting up liblsan0:arm64 (14.2.0-4ubuntu2~24.04.1) ...
Setting up libitm1:arm64 (14.2.0-4ubuntu2~24.04.1) ...
Setting up libjs-underscore (1.13.4~dfsg+~1.11.4-3) ...
Setting up libalgorithm-merge-perl (0.08-5) ...
Setting up libctf0:arm64 (2.42-4ubuntu2.10) ...
Setting up libjpeg8:arm64 (8c-2ubuntu11) ...
Setting up ubuntu-fan (0.12.16+24.04.1) ...
Setting up linux-tools-common (6.8.0-136.136) ...
Setting up libalgorithm-diff-xs-perl:arm64 (0.04-8build3) ...
Setting up libcc1-0:arm64 (14.2.0-4ubuntu2~24.04.1) ...
Setting up liblsan0:arm64 (14.2.0-4ubuntu2~24.04.1) ...
Setting up libitm1:arm64 (14.2.0-4ubuntu2~24.04.1) ...
Setting up libjs-underscore (1.13.4~dfsg+~1.11.4-3) ...
Setting up libalgorithm-merge-perl (0.08-5) ...
Setting up libctf0:arm64 (2.42-4ubuntu2.10) ...
Setting up libjpeg8:arm64 (8c-2ubuntu11) ...
Setting up ubuntu-fan (0.12.16+24.04.1) ...
Created symlink /etc/systemd/system/multi-user.target.wants/ubuntu-fan.service → /usr/lib/systemd/system/ubuntu-fan.service.

Service restarts being deferred:
 systemctl restart ModemManager.service
 /etc/needrestart/restart.d/dbus.service
 systemctl restart getty@tty1.service
 systemctl restart networkd-dispatcher.service
 systemctl restart serial-getty@ttyS0.service
 systemctl restart systemd-logind.service
 systemctl restart unattended-upgrades.service

No containers need to be restarted.

User sessions running outdated binaries:
 ubuntu @ session #3: sshd[1441,1522]
 ubuntu @ user manager service: systemd[1332]

No VM guests are running outdated hypervisor (qemu) binaries on this host.
Created symlink /etc/systemd/system/multi-user.target.wants/ubuntu-fan.service → /usr/lib/systemd/system/ubuntu-fan.service.
Setting up cpp-13-aarch64-linux-gnu (13.3.0-6ubuntu2~24.04.1) ...
Setting up fontconfig-config (2.15.0-1.1ubuntu2) ...
Setting up libjpeg-turbo8:arm64 (2.1.5-2ubuntu2) ...
Setting up bridge-utils (1.7.1-1ubuntu2) ...
Setting up cpp-13-aarch64-linux-gnu (13.3.0-6ubuntu2~24.04.1) ...
Setting up fontconfig-config (2.15.0-1.1ubuntu2) ...
Setting up docker.io (29.1.3-0ubuntu3~24.04.2) ...
Setting up libdpkg-perl (1.22.6ubuntu6.6) ...
Setting up libwebp7:arm64 (1.3.2-0.4build3) ...
Setting up libubsan1:arm64 (14.2.0-4ubuntu2~24.04.1) ...
Setting up libhwasan0:arm64 (14.2.0-4ubuntu2~24.04.1) ...
Setting up pigz (2.8-1) ...
info: Selecting GID from range 100 to 999 ...
info: Adding group `docker' (GID 112) ...
Setting up libcrypt-dev:arm64 (1:4.4.36-4build1) ...
Setting up docker.io (29.1.3-0ubuntu3~24.04.2) ...
Setting up libasan8:arm64 (14.2.0-4ubuntu2~24.04.1) ...
Setting up libtsan2:arm64 (14.2.0-4ubuntu2~24.04.1) ...
Setting up libjs-jquery (3.6.1+dfsg+~3.5.14-1) ...
Setting up libbinutils:arm64 (2.42-4ubuntu2.10) ...
Setting up libisl23:arm64 (0.26-3build1.1) ...
Setting up libc-dev-bin (2.39-0ubuntu8.8) ...
Setting up containerd (2.2.1-0ubuntu1~24.04.3) ...
Created symlink /etc/systemd/system/multi-user.target.wants/docker.service → /usr/lib/systemd/system/docker.service.
info: Selecting GID from range 100 to 999 ...
info: Adding group `docker' (GID 112) ...
Created symlink /etc/systemd/system/sockets.target.wants/docker.socket → /usr/lib/systemd/system/docker.socket.
Created symlink /etc/systemd/system/multi-user.target.wants/containerd.service → /usr/lib/systemd/system/containerd.service.
Created symlink /etc/systemd/system/multi-user.target.wants/docker.service → /usr/lib/systemd/system/docker.service.
Created symlink /etc/systemd/system/sockets.target.wants/docker.socket → /usr/lib/systemd/system/docker.socket.
Setting up linux-tools-common (6.8.0-136.136) ...
Setting up libalgorithm-diff-xs-perl:arm64 (0.04-8build3) ...
Setting up libcc1-0:arm64 (14.2.0-4ubuntu2~24.04.1) ...
Setting up liblsan0:arm64 (14.2.0-4ubuntu2~24.04.1) ...
Setting up libitm1:arm64 (14.2.0-4ubuntu2~24.04.1) ...
Setting up libjs-underscore (1.13.4~dfsg+~1.11.4-3) ...
Setting up libalgorithm-merge-perl (0.08-5) ...
Setting up libctf0:arm64 (2.42-4ubuntu2.10) ...
Setting up libjpeg8:arm64 (8c-2ubuntu11) ...
Setting up ubuntu-fan (0.12.16+24.04.1) ...
Setting up cpp-aarch64-linux-gnu (4:13.2.0-7ubuntu1) ...
Setting up libgprofng0:arm64 (2.42-4ubuntu2.10) ...
Setting up libjs-sphinxdoc (7.2.6-6) ...
Setting up libgcc-13-dev:arm64 (13.3.0-6ubuntu2~24.04.1) ...
Setting up libtiff6:arm64 (4.5.1+git230720-4ubuntu2.5) ...
Setting up cpp-aarch64-linux-gnu (4:13.2.0-7ubuntu1) ...
Setting up libc6-dev:arm64 (2.39-0ubuntu8.8) ...
Setting up libgprofng0:arm64 (2.42-4ubuntu2.10) ...
Setting up libstdc++-13-dev:arm64 (13.3.0-6ubuntu2~24.04.1) ...
Setting up libjs-sphinxdoc (7.2.6-6) ...
Setting up cpp-13 (13.3.0-6ubuntu2~24.04.1) ...
Setting up libgcc-13-dev:arm64 (13.3.0-6ubuntu2~24.04.1) ...
Created symlink /etc/systemd/system/multi-user.target.wants/ubuntu-fan.service → /usr/lib/systemd/system/ubuntu-fan.service.
Setting up binutils-aarch64-linux-gnu (2.42-4ubuntu2.10) ...
Setting up libtiff6:arm64 (4.5.1+git230720-4ubuntu2.5) ...
Setting up binutils (2.42-4ubuntu2.10) ...
Setting up libc6-dev:arm64 (2.39-0ubuntu8.8) ...
Setting up gcc-13-aarch64-linux-gnu (13.3.0-6ubuntu2~24.04.1) ...
Setting up libstdc++-13-dev:arm64 (13.3.0-6ubuntu2~24.04.1) ...
Setting up dpkg-dev (1.22.6ubuntu6.6) ...
Setting up cpp-13 (13.3.0-6ubuntu2~24.04.1) ...
Setting up libexpat1-dev:arm64 (2.6.1-2ubuntu0.4) ...
Setting up binutils-aarch64-linux-gnu (2.42-4ubuntu2.10) ...
Setting up gcc-13 (13.3.0-6ubuntu2~24.04.1) ...
Setting up binutils (2.42-4ubuntu2.10) ...
Setting up gcc-13-aarch64-linux-gnu (13.3.0-6ubuntu2~24.04.1) ...
Setting up dpkg-dev (1.22.6ubuntu6.6) ...
Setting up zlib1g-dev:arm64 (1:1.3.dfsg-3.1ubuntu2.1) ...
Setting up libexpat1-dev:arm64 (2.6.1-2ubuntu0.4) ...
Setting up gcc-13 (13.3.0-6ubuntu2~24.04.1) ...
Setting up cpp (4:13.2.0-7ubuntu1) ...
Setting up g++-13-aarch64-linux-gnu (13.3.0-6ubuntu2~24.04.1) ...
Setting up gcc-aarch64-linux-gnu (4:13.2.0-7ubuntu1) ...
Setting up zlib1g-dev:arm64 (1:1.3.dfsg-3.1ubuntu2.1) ...
Setting up g++-13 (13.3.0-6ubuntu2~24.04.1) ...
Setting up libpython3.12-dev:arm64 (3.12.3-1ubuntu0.15) ...
Setting up cpp (4:13.2.0-7ubuntu1) ...
Setting up gcc (4:13.2.0-7ubuntu1) ...
Setting up g++-13-aarch64-linux-gnu (13.3.0-6ubuntu2~24.04.1) ...
Setting up gcc-aarch64-linux-gnu (4:13.2.0-7ubuntu1) ...
Setting up python3.12-dev (3.12.3-1ubuntu0.15) ...
Setting up g++-13 (13.3.0-6ubuntu2~24.04.1) ...
Setting up g++-aarch64-linux-gnu (4:13.2.0-7ubuntu1) ...
Setting up libpython3.12-dev:arm64 (3.12.3-1ubuntu0.15) ...
Setting up libpython3-dev:arm64 (3.12.3-0ubuntu2.1) ...
Setting up cpp-13-aarch64-linux-gnu (13.3.0-6ubuntu2~24.04.1) ...
Setting up gcc (4:13.2.0-7ubuntu1) ...
Setting up python3-dev (3.12.3-0ubuntu2.1) ...
Setting up fontconfig-config (2.15.0-1.1ubuntu2) ...
Setting up g++ (4:13.2.0-7ubuntu1) ...
Setting up python3.12-dev (3.12.3-1ubuntu0.15) ...
update-alternatives: using /usr/bin/g++ to provide /usr/bin/c++ (c++) in auto mode
Setting up build-essential (12.10ubuntu1) ...
Setting up g++-aarch64-linux-gnu (4:13.2.0-7ubuntu1) ...
Setting up libheif-plugin-aomdec:arm64 (1.17.6-1ubuntu4.6) ...
Setting up libpython3-dev:arm64 (3.12.3-0ubuntu2.1) ...
Setting up libheif1:arm64 (1.17.6-1ubuntu4.6) ...
Setting up python3-dev (3.12.3-0ubuntu2.1) ...
Setting up libheif-plugin-aomenc:arm64 (1.17.6-1ubuntu4.6) ...
Setting up g++ (4:13.2.0-7ubuntu1) ...
update-alternatives: using /usr/bin/g++ to provide /usr/bin/c++ (c++) in auto mode
Processing triggers for libc-bin (2.39-0ubuntu8.8) ...
Setting up build-essential (12.10ubuntu1) ...
Setting up libheif-plugin-aomdec:arm64 (1.17.6-1ubuntu4.6) ...
Processing triggers for man-db (2.12.0-4build2) ...
Setting up libheif1:arm64 (1.17.6-1ubuntu4.6) ...
Setting up libheif-plugin-aomenc:arm64 (1.17.6-1ubuntu4.6) ...
Setting up docker.io (29.1.3-0ubuntu3~24.04.2) ...
Processing triggers for libc-bin (2.39-0ubuntu8.8) ...
Processing triggers for man-db (2.12.0-4build2) ...
info: Selecting GID from range 100 to 999 ...
info: Adding group `docker' (GID 112) ...
Created symlink /etc/systemd/system/multi-user.target.wants/docker.service → /usr/lib/systemd/system/docker.service.
Created symlink /etc/systemd/system/sockets.target.wants/docker.socket → /usr/lib/systemd/system/docker.socket.
Setting up cpp-aarch64-linux-gnu (4:13.2.0-7ubuntu1) ...
Setting up libgprofng0:arm64 (2.42-4ubuntu2.10) ...
Setting up libjs-sphinxdoc (7.2.6-6) ...
Setting up libgcc-13-dev:arm64 (13.3.0-6ubuntu2~24.04.1) ...
Setting up libtiff6:arm64 (4.5.1+git230720-4ubuntu2.5) ...
Setting up libc6-dev:arm64 (2.39-0ubuntu8.8) ...
Setting up libstdc++-13-dev:arm64 (13.3.0-6ubuntu2~24.04.1) ...
Setting up cpp-13 (13.3.0-6ubuntu2~24.04.1) ...
Setting up binutils-aarch64-linux-gnu (2.42-4ubuntu2.10) ...
Setting up binutils (2.42-4ubuntu2.10) ...
Setting up gcc-13-aarch64-linux-gnu (13.3.0-6ubuntu2~24.04.1) ...
Setting up dpkg-dev (1.22.6ubuntu6.6) ...
Setting up libexpat1-dev:arm64 (2.6.1-2ubuntu0.4) ...
Setting up gcc-13 (13.3.0-6ubuntu2~24.04.1) ...
Setting up zlib1g-dev:arm64 (1:1.3.dfsg-3.1ubuntu2.1) ...
Setting up cpp (4:13.2.0-7ubuntu1) ...
Setting up g++-13-aarch64-linux-gnu (13.3.0-6ubuntu2~24.04.1) ...
Setting up gcc-aarch64-linux-gnu (4:13.2.0-7ubuntu1) ...
Setting up g++-13 (13.3.0-6ubuntu2~24.04.1) ...
Setting up libpython3.12-dev:arm64 (3.12.3-1ubuntu0.15) ...
Setting up gcc (4:13.2.0-7ubuntu1) ...
Setting up python3.12-dev (3.12.3-1ubuntu0.15) ...
Setting up g++-aarch64-linux-gnu (4:13.2.0-7ubuntu1) ...
Setting up libpython3-dev:arm64 (3.12.3-0ubuntu2.1) ...
Setting up python3-dev (3.12.3-0ubuntu2.1) ...
Setting up g++ (4:13.2.0-7ubuntu1) ...
update-alternatives: using /usr/bin/g++ to provide /usr/bin/c++ (c++) in auto mode
Setting up build-essential (12.10ubuntu1) ...
[22:02:50] [helicone] run-all.sh finished non-zero (exit=127) - a suite crashed or exited non-zero; results may be incomplete
Setting up libheif-plugin-aomdec:arm64 (1.17.6-1ubuntu4.6) ...
Setting up libheif1:arm64 (1.17.6-1ubuntu4.6) ...
Setting up libheif-plugin-aomenc:arm64 (1.17.6-1ubuntu4.6) ...
Processing triggers for libc-bin (2.39-0ubuntu8.8) ...
Processing triggers for man-db (2.12.0-4build2) ...
[22:02:51] [helicone] final pull pass for helicone results
Processing triggers for dbus (1.14.10-4ubuntu4.1) ...
Processing triggers for sgml-base (1.31) ...
Setting up libfontconfig1:arm64 (2.15.0-1.1ubuntu2) ...
Setting up libgd3:arm64 (2.3.3-9ubuntu5) ...
Setting up libc-devtools (2.39-0ubuntu8.8) ...
Processing triggers for libc-bin (2.39-0ubuntu8.8) ...
Processing triggers for dbus (1.14.10-4ubuntu4.1) ...
Processing triggers for sgml-base (1.31) ...
Setting up libfontconfig1:arm64 (2.15.0-1.1ubuntu2) ...
Setting up libgd3:arm64 (2.3.3-9ubuntu5) ...
Setting up libc-devtools (2.39-0ubuntu8.8) ...
Processing triggers for libc-bin (2.39-0ubuntu8.8) ...
Processing triggers for dbus (1.14.10-4ubuntu4.1) ...
Processing triggers for sgml-base (1.31) ...
Setting up libfontconfig1:arm64 (2.15.0-1.1ubuntu2) ...
Setting up libgd3:arm64 (2.3.3-9ubuntu5) ...
Setting up libc-devtools (2.39-0ubuntu8.8) ...
Processing triggers for libc-bin (2.39-0ubuntu8.8) ...
[22:02:53] [helicone] no NEW snapshot artifact on the box for helicone (2 already on disk)
[22:02:53] [helicone] NO FRESH SNAPSHOT for helicone - this run measured nothing, so it publishes nothing and the board keeps whatever it already had
[22:02:53] [helicone] INCOMPLETE (the run crashed, measured nothing, or failed to pull; this gateway did NOT refresh - re-run it)

Running kernel seems to be up-to-date.

Restarting services...
 systemctl restart acpid.service chrony.service cron.service irqbalance.service multipathd.service packagekit.service polkit.service rsyslog.service ssh.service systemd-journald.service systemd-networkd.service systemd-resolved.service systemd-udevd.service udisks2.service
sudo: a terminal is required to read the password; either use the -S option to read from standard input or configure an askpass helper
sudo: a password is required
sudo: a terminal is required to read the password; either use the -S option to read from standard input or configure an askpass helper
sudo: a password is required
sudo: a terminal is required to read the password; either use the -S option to read from standard input or configure an askpass helper
sudo: a password is required

Running kernel seems to be up-to-date.

Restarting services...
 systemctl restart acpid.service chrony.service cron.service irqbalance.service multipathd.service packagekit.service polkit.service rsyslog.service ssh.service systemd-journald.service systemd-networkd.service systemd-resolved.service systemd-udevd.service udisks2.service
[22:02:54] [litellm-python] fetching litellm-python + rig.sh @ a2738919ce03 ...
sudo: a terminal is required to read the password; either use the -S option to read from standard input or configure an askpass helper
sudo: a password is required
sudo: a terminal is required to read the password; either use the -S option to read from standard input or configure an askpass helper
sudo: a password is required
sudo: a terminal is required to read the password; either use the -S option to read from standard input or configure an askpass helper
sudo: a password is required

Service restarts being deferred:
 systemctl restart ModemManager.service
 /etc/needrestart/restart.d/dbus.service
 systemctl restart getty@tty1.service
 systemctl restart networkd-dispatcher.service
 systemctl restart serial-getty@ttyS0.service
 systemctl restart systemd-logind.service
 systemctl restart unattended-upgrades.service

No containers need to be restarted.

User sessions running outdated binaries:
 ubuntu @ session #3: sshd[1397,1493]
 ubuntu @ user manager service: systemd[1179]

No VM guests are running outdated hypervisor (qemu) binaries on this host.
[22:02:54] [kong] fetching kong + rig.sh @ a2738919ce03 ...

Service restarts being deferred:
 systemctl restart ModemManager.service
 /etc/needrestart/restart.d/dbus.service
 systemctl restart getty@tty1.service
 systemctl restart networkd-dispatcher.service
 systemctl restart serial-getty@ttyS0.service
 systemctl restart systemd-logind.service
 systemctl restart unattended-upgrades.service

No containers need to be restarted.

User sessions running outdated binaries:
 ubuntu @ session #3: sshd[1439,1523]
 ubuntu @ user manager service: systemd[1300]

No VM guests are running outdated hypervisor (qemu) binaries on this host.

Running kernel seems to be up-to-date.

Restarting services...
 systemctl restart acpid.service chrony.service cron.service irqbalance.service multipathd.service packagekit.service polkit.service rsyslog.service ssh.service systemd-journald.service systemd-networkd.service systemd-resolved.service systemd-udevd.service udisks2.service
[22:02:55] [litellm-python] fetched 4 file(s) in 1s
[22:02:55] [litellm-python] qualify: performed by the engine (published as rig.box_qualify in the snapshot)
[22:02:55] [litellm-python] running litellm-python (latency + RPS + memory) - detached on box; pulling each suite as it completes
[22:02:55] [kong] fetched 6 file(s) in 1s
[22:02:55] [kong] qualify: performed by the engine (published as rig.box_qualify in the snapshot)
[22:02:55] [kong] running kong (latency + RPS + memory) - detached on box; pulling each suite as it completes
sudo: a terminal is required to read the password; either use the -S option to read from standard input or configure an askpass helper
sudo: a password is required

Service restarts being deferred:
 systemctl restart ModemManager.service
 /etc/needrestart/restart.d/dbus.service
 systemctl restart getty@tty1.service
 systemctl restart networkd-dispatcher.service
 systemctl restart serial-getty@ttyS0.service
 systemctl restart systemd-logind.service
 systemctl restart unattended-upgrades.service

No containers need to be restarted.

User sessions running outdated binaries:
 ubuntu @ session #3: sshd[1425,1509]
 ubuntu @ user manager service: systemd[1285]

No VM guests are running outdated hypervisor (qemu) binaries on this host.
sudo: a terminal is required to read the password; either use the -S option to read from standard input or configure an askpass helper
sudo: a password is required
sudo: a terminal is required to read the password; either use the -S option to read from standard input or configure an askpass helper
sudo: a password is required
[22:02:56] [one-api] fetching one-api + rig.sh @ a2738919ce03 ...
[22:02:57] [one-api] fetched 5 file(s) in 1s
[22:02:57] [one-api] qualify: performed by the engine (published as rig.box_qualify in the snapshot)
[22:02:57] [one-api] running one-api (latency + RPS + memory) - detached on box; pulling each suite as it completes
sudo: a terminal is required to read the password; either use the -S option to read from standard input or configure an askpass helper
sudo: a password is required
sudo: a terminal is required to read the password; either use the -S option to read from standard input or configure an askpass helper
sudo: a password is required
sudo: a terminal is required to read the password; either use the -S option to read from standard input or configure an askpass helper
sudo: a password is required
[22:02:57] [litellm-rust] fetching litellm-rust + rig.sh @ a2738919ce03 ...
[22:02:59] [litellm-rust] fetched 7 file(s) in 2s
[22:02:59] [litellm-rust] qualify: performed by the engine (published as rig.box_qualify in the snapshot)
[22:02:59] [litellm-rust] running litellm-rust (latency + RPS + memory) - detached on box; pulling each suite as it completes
[22:03:03] [litellm-rust] run-all.sh finished non-zero (exit=127) - a suite crashed or exited non-zero; results may be incomplete
sudo: a terminal is required to read the password; either use the -S option to read from standard input or configure an askpass helper
sudo: a password is required
sudo: a terminal is required to read the password; either use the -S option to read from standard input or configure an askpass helper
sudo: a password is required
sudo: a terminal is required to read the password; either use the -S option to read from standard input or configure an askpass helper
sudo: a password is required
sudo: a terminal is required to read the password; either use the -S option to read from standard input or configure an askpass helper
sudo: a password is required
[22:03:04] [litellm-rust] final pull pass for litellm-rust results
sudo: a terminal is required to read the password; either use the -S option to read from standard input or configure an askpass helper
sudo: a password is required
sudo: a terminal is required to read the password; either use the -S option to read from standard input or configure an askpass helper
sudo: a password is required
[22:03:04] [tensorzero] fetching tensorzero + rig.sh @ a2738919ce03 ...
[22:03:05] [portkey] fetching portkey + rig.sh @ a2738919ce03 ...
sudo: a terminal is required to read the password; either use the -S option to read from standard input or configure an askpass helper
sudo: a password is required
sudo: a terminal is required to read the password; either use the -S option to read from standard input or configure an askpass helper
sudo: a password is required
sudo: a terminal is required to read the password; either use the -S option to read from standard input or configure an askpass helper
sudo: a password is required
[22:03:06] [tensorzero] fetched 5 file(s) in 2s
[22:03:06] [tensorzero] qualify: performed by the engine (published as rig.box_qualify in the snapshot)
[22:03:06] [tensorzero] running tensorzero (latency + RPS + memory) - detached on box; pulling each suite as it completes
[22:03:06] [portkey] fetched 4 file(s) in 1s
[22:03:06] [portkey] qualify: performed by the engine (published as rig.box_qualify in the snapshot)
[22:03:06] [portkey] running portkey (latency + RPS + memory) - detached on box; pulling each suite as it completes
[22:03:06] [plano] fetching plano + rig.sh @ a2738919ce03 ...
[22:03:07] [litellm-rust] no NEW snapshot artifact on the box for litellm-rust (4 already on disk)
[22:03:07] [litellm-rust] NO FRESH SNAPSHOT for litellm-rust - this run measured nothing, so it publishes nothing and the board keeps whatever it already had
[22:03:07] [litellm-rust] INCOMPLETE (the run crashed, measured nothing, or failed to pull; this gateway did NOT refresh - re-run it)
[22:03:07] [plano] fetched 4 file(s) in 1s
[22:03:07] [plano] qualify: performed by the engine (published as rig.box_qualify in the snapshot)
[22:03:07] [plano] running plano (latency + RPS + memory) - detached on box; pulling each suite as it completes
[22:06:13] all boxes done (14 job(s) reported an issue - check results/fanout-*.log)
[22:06:13] NO GATEWAY MEASURED ANYTHING THIS RUN - not appending history, not regenerating charts, not pushing.
[22:06:13]   The board keeps exactly what it had. Re-run the gateways above; their fanout logs say why each failed.
